recipe_code_main,l1_rar
RAORM48440,-0.03603020386002975
RB0158,0.04225354970521278
RB0273,-0.01495613613893676
RB0298,0.009735438945756458
RB0457,0.011712397377502404
RB0457-SP-1,-0.09599762480004992
RB0457-SP-2,0.0026082223965513407
RB0487,-0.009089446440675442
RB0487-SP-1,-0.028502095091698876
RB0487-SP-2,-0.06055974885017945
RB0542,0.0028590913550166075
RB0542-SP-1,-0.019623517980106975
RB0542-SP-2,0.0017980711383589476
RB0915,-0.03718805394610203
RB151229,0.04435313510947014
RB151229-SP-1,-0.05034735540901947
RB151229-SP-2,0.3003929433706245
RB151229-SP-3,-0.15220491230322986
RB151229-SP-4,0.02484813211298631
RB151289,-0.001890541978875504
RB151597,0.018531284315697505
RB151597-SP-1,0.0019235446770113906
RB151661,-0.02117933948063
RB151661-SP-1,-0.030986976993604087
RB151861,0.007301473303136907
RB151869,-0.014138561856820164
RB151870,0.01224990858869579
RB151870-SP-1,0.0797091999646129
RB151870-SP-2,-0.0507149737615612
RB151870-SP-3,0.013701889542927947
RB151872,-0.020695078783864562
RB151877,-0.011112590115257559
RB151938,-0.003217281179907827
RB151970,-0.005204037232030001
RB151971,0.014477434939033751
RB151999,-0.013875969834486024
RB152035,0.007119389018577449
RB152035-SP-1,0.012267094415534974
RB152188,0.025211117987768983
RB152188-SP-1,0.0347327843604206
RB152188-SP-2,-0.0030778777222632003
RB152228,-0.011245611413909229
RB152228-SP-1,0.022777282026659185
RB152228-SP-2,0.004706531652546531
RB152236,-0.005358672211767446
RB152236-SP-1,0.020937908863452037
RB152236-SP-2,0.21894851335468601
RB152237,-0.042343093773539064
RB152237-SP-1,0.015739986311141596
RB152253,0.0037259523156718544
RB152253-SP-1,0.024092713271636645
RB152253-SP-2,-0.0026199239108720684
RB152594,0.012917529520805715
RB152734,0.011155755985996718
RB152734-SP-1,0.04628973396553682
RB152734-SP-2,-0.12522826567931777
RB152752,0.020861648923292897
RB152752-SP-1,0.05046704595240459
RB152752-SP-2,-1
RB153323,0.01185303166547369
RB153356,0.005105169782230856
RB153356-SP-1,-0.03191237526934454
RB153383,0.0030884478643919966
RB153383-SP-1,0.009922373181336486
RB153383-SP-2,-0.02075548976418584
RB153420,0.004111348291549577
RB153444,0.004313840554138304
RB153444-SP-1,0.017931251063685094
RB153444-SP-2,-0.046682793181790694
RB153448,0.0162949589146415
RB153448-SP-1,-0.01936025667855723
RB153448-SP-2,0.1902510596674274
RB153453,-0.009256793696611698
RB153453-SP-1,0.01086166066724159
RB153453-SP-2,-0.0911270077903168
RB153465,0.018489599555047365
RB153465-SP-1,0.03987941553262209
RB153465-SP-2,0.07840413658779588
RB153471,-0.008751458240317533
RB153471-SP-1,0.019159091982243526
RB153471-SP-2,0.07922703270207543
RB153471-SP-3,-0.005878153333673364
RB153471-SP-4,0.2186856607702552
RB153601,-0.001076066814730492
RB153601-SP-1,-0.0042259275697918985
RB153864,0.047010992861591605
RB154002,0.0308231348573762
RB154087,-0.02225211705361263
RB154087-SP-1,0.003209263346556801
RB154087-SP-2,0.013824115382664592
RB154087-SP-3,0.16208740419027667
RB154087-SP-4,0.08767500758568847
RB154106,-0.02149664455518474
RB154177,0.007957071614089983
RB154177-SP-1,0.0015088357056511903
RB154177-SP-2,0.012067581573309116
RB154378,0.006867419875550507
RB154378-SP-1,0.0031229017568943362
RB154378-SP-2,-0.002057510551498387
RB154378-SP-3,0.07034707494617676
RB154378-SP-4,0.09794370662980056
RB154456,0.013332980395480032
RB154794,0.019606564606222232
RB154845,0.01667286442203797
RB154874,-0.010913222607705775
RB154968,0.0019485175333200377
RB154969,-0.002406084701777833
RB154969-SP-1,0.03116205900622404
RB154969-SP-2,0.08424155588977911
RB155000,0.013199107961383572
RB155023,0.002223176649452485
RB155096,-0.027793584107149605
RB155096-SP-1,-0.07345312434563045
RB155096-SP-2,0.04294636704687482
RB155146,0.000006839771987898757
RB155274,0.03752230023650438
RB155283,0.03654865450469669
RB155299,0.013877278454469621
RB155309,0.05828626560881878
RB155310,0.024903088849351107
RB155351,0.06801680994786485
RB155653,0.018812865083493557
RB155666,-0.010923201552496709
RB155673,-0.012540339929597244
RB155673-SP-1,-0.02872973108591892
RB155967,0.021826451924542134
RB155967-SP-1,-0.16159555218487143
RB155967-SP-2,-0.056141253038008654
RB155967-SP-3,0.010270506524061362
RB156124,0.003965532223278334
RB156124-SP-1,-0.07110785604768055
RB156124-SP-2,0.04622034880501569
RB156404,0.06138918985390651
RB156414,-0.012595374483193589
RB156414-SP-1,-0.027421512286890937
RB156414-SP-2,-0.28938634168317645
RB156521,0.0020597860859279393
RB156521-SP-1,-0.02791777622681124
RB156521-SP-2,0.008249743018556188
RB156523,0.009910320191463873
RB156523-SP-1,0.008430582961602928
RB156523-SP-2,-0.028646656071369514
RB156529,-0.00531875301919682
RB156555,0.02905838207077549
RB156555-DP-1,-0.0720479795554465
RB156555-SP-7,0.19917757232743738
RB156555-SP-8,-0.11441083342420721
RB156624,0.04347932009613298
RB156626,-0.004224458554927812
RB156626-DP-1,-0.38167625639539793
RB156626-DP-4,-0.264344580806366
RB156626-SP-2,-0.2125796917073538
RB156626-SP-3,-0.13946780368825507
RB156846,0.0036952977774924456
RB156846-SP-1,0.0019141724925599846
RB156846-SP-2,-0.01917531020311425
RB157389,0.025601273406945513
RB157390,0.02432588015109971
RB157480,0.021959664304374682
RB157480-SP-1,0.018124600348743414
RB157573,0.01939232906929833
RB157573-SP-1,0.07381449689574504
RB157573-SP-2,0.008367031227302979
RB157581,0.03868041475757522
RB157581-SP-1,0.05665464870567494
RB157692,-0.017917704036352955
RB157763,0.006148025842871219
RB157763-DP-3,-0.7431416189548021
RB157763-SP-1,-0.4005865956819914
RB157763-SP-2,0.4645862557811542
RB158083,0.10394768338601779
RB158083-DP-3,-0.3600309591368175
RB158083-SP-1,0.05439257286461596
RB158083-SP-2,-0.025893654744078454
RB158368,0.06488509556087219
RB158430,0.01697142541138752
RB158430-SP-1,0.021370892090934346
RB158430-SP-2,-0.009650413079774878
RB158433,0.0164825534353088
RB158433-SP-1,0.012346738874480456
RB158433-SP-2,-0.013354181445645485
RB158433-SP-3,0.00043787345500279073
RB158495,-0.05109176388168557
RB158834,-0.030209378099201323
RB159028,-0.00772616926870795
RB160477,0.002632631571316324
RB160600,0.033390036116052624
RB161208,-0.0021882552023057
RB161319,0.03899258154111118
RB161319-SP-1,-0.02556255204524205
RB161319-SP-2,0.0319267691588212
RB162184,-0.012248272230255375
RB162334,0.003375699474841287
RB24134,0.0006331976082303292
RB24134-SP-1,-0.03910560585478162
RB24134-SP-2,-0.09675824653365095
RB24223,0.006843050057211197
RB24223-SP-1,0.03053784269960169
RB24223-SP-2,0.06822513784483486
RB24928,0.009735196995609874
RB24928-SP-1,0.034244657778646825
RB24969,-0.003862075968673717
RB24969-SP-1,0.03604278552695983
RB25914,0.01676514832678766
RB25918,0.01501761529742529
RB26312,0.025070700217986852
RB27618,-0.01112787531851478
RB27774,0.05909143482882251
RB28134,0.02134374223742541
RB28134-SP-1,0.06257990675053704
RB28134-SP-2,0.03325039929666351
RB28149,-0.02078309271713985
RB28294,-0.02214337703219338
RB28552,-0.036570180833206734
RB28552-SP-1,-0.04470698092051073
RB28552-SP-2,-0.06832010972921598
RB28557,0.0008304774738727705
RB28557-SP-1,0.0026617886336823826
RB28557-SP-2,-0.014372070076481891
RB28607,0.0013602074662431018
RB29690,-0.01823476407158331
RB30931,-0.011225050849732576
RB30932,-0.005702572959248031
RB30932-SP-1,0.02541864987566922
RB30932-SP-2,-0.12622066382789876
RB30932-SP-3,-0.14864149133603366
RB30932-SP-4,-0.13023681297422562
RB31098,0.00941606050506949
RB31258,0.01918723873129391
RB31446,0.02335067498132748
RB31446-SP-1,0.05295909651373143
RB31446-SP-2,-0.133665984747106
RB32485,-0.020475905939719152
RB32486,-0.027128496092898358
RB32723,0.0029238183455084776
RB32723-SP-1,-0.00972993806021083
RB32723-SP-2,0.13526106710820818
RB32723-SP-3,-0.4048744701662863
RB32755,0.004509735390785918
RB32755-SP-1,0.010738850845152692
RB32755-SP-2,-0.011700869053783203
RB33640,0.01905356122048918
RB33640-SP-1,-0.004065628444713254
RB33640-SP-2,0.18464422379878842
RB34061,0.053674512648361095
RB34368,-0.00005835474967486043
RB34368-SP-1,0.049330197861816805
RB34368-SP-2,-0.4334163289294185
RB35315,0.02111640172094731
RB36118,-0.0023004015137152445
RB36127,-0.004322005298199927
RB36135,0.01937475216269391
RB37193,-0.011757326353656117
RB37368,-0.01999421794467593
RB37762,-0.005171974569139426
RB37946,-0.02049227719215896
RB37948,-0.02224393886574072
RB37948-SP-1,0.01598445627367906
RB37948-SP-2,0.01891311816491381
RB37951,-0.0026617133833493067
RB37952,0.019886186727056554
RB37952-SP-1,0.013219391386546375
RB37952-SP-2,-0.05954563346631647
RB37960,-0.005704828431825626
RB37960-SP-1,0.013416708164946334
RB37960-SP-2,-0.00772430748000863
RB38061,0.0021664563788246216
RB38061-SP-1,-0.00643767551463037
RB38061-SP-2,-0.025462457791862847
RB39502,0.002825624791371162
RB39636,0.010588511176146786
RB41692,-0.007156276408203599
RB41694,0.020222161311256093
RB41710,-0.02508040549008339
RB41881,0.012533555626025317
RB41884,0.027610258760395245
RB42051,0.03704933892230988
RB42052,0.054343867111939614
RB42125,-0.015294604895439212
RB43361,0.023869068496741752
RB43361-SP-1,-0.026042057123760065
RB43368,0.030979266799355365
RB43797,0.0015755877633933935
RB44034,-0.0028074738612993144
RB44434,0.055488775174440175
RB44434-SP-1,0.12402361619300173
RB44434-SP-2,0.17202961033500985
RB44451,-0.01771472094288229
RB44747,0.02057026151038266
RB44767,-0.004311745370888076
RB44771,-0.010132360657125528
RB45053,0.06285244332867856
RB45056,0.06044290485957071
RB45377,-0.014065900261262088
RB46111,0.0018715526652373082
RB46122,0.011367577902766657
RB46123,0.03746669290462523
RB46300,0.018533330620210453
RB46305,0.09315438722976643
RB46371,-0.0020700602320785633
RB46804,-0.006174360888213659
RB47805,-0.015439225569074067
RB47805-SP-1,-0.0243040212900687
RB48436,-0.005685296913691018
RB48436-SP-1,-0.012423822923395167
RB48470,0.04187926060417646
RB48470-SP-1,0.004195130075610676
RB48476,0.06742875210642296
RB48476-SP-1,-0.06999194045723
RB48476-SP-2,-0.20788421170185578
RB48802,-0.009916158554800547
RB48802-SP-1,-0.0163783702666932
RB48903,0.011043142472885403
RB49203,-0.01604309313847374
RB49203-SP-1,0.030223412484516876
RB49204,-0.004290353821634341
RB49204-SP-1,0.06406081445674427
RB49204-SP-2,0.05032949671452469
RB49205,-0.0002441849995042933
RB49205-SP-1,0.026248184951408682
RB49375,-0.008738661466496156
RB49444,0.013078362309483893
RB49525,-0.022669461031663896
RB49525-SP-1,-0.004948522277492651
RB49525-SP-2,0.06694937039717774
RB49572,-0.0005131264930402502
RB50161,0.02661794463876821
RB51141,-0.02737650170038397
RB51141-SP-1,-0.05300988514938587
RB51141-SP-2,-0.23064599026745658
RB51141-SP-3,-0.6200064591178158
RB51141-SP-4,0.04203062948812786
RB51197,-0.00047808977159879973
RB51197-SP-1,-0.01451641767845624
RB51198,0.022307169598037913
RB51198-SP-1,-0.018521655000723558
RB51201,0.0027846691414341596
RB51201-SP-1,0.09521904935361913
RB51201-SP-3,-0.08072989839459033
RB51201-SP-4,0.06292746950400652
RB51201-SP-5,0.1687664405323146
RB51221,0.019438216751987758
RB51222,-0.008440520309769495
RB51222-SP-1,0.09987351528721944
RB51222-SP-2,0.25292700755193565
RB51222-SP-3,0.46225208375575066
RB51222-SP-4,0.0507287881400762
RB51444,-0.012477149328173565
RB51444-SP-1,-0.15109730226558094
RB51444-SP-2,0.19467606011914107
RB51444-SP-3,-0.020294901080478822
RB51444-SP-4,0.05715349218619936
RB51445,-0.02057816376840027
RB51445-SP-1,0.07299520545399685
RB51445-SP-2,-0.10545861981305216
RB51445-SP-3,0.08068960032856554
RB51445-SP-4,0.024429168137418467
RB51459,-0.009257625973905559
RB51459-SP-1,0.4237642282791534
RB51459-SP-2,-0.2401049567008472
RB51459-SP-3,0.2359850165781603
RB51459-SP-4,0.08733469014754736
RB51491,-0.002516200641910493
RB51491-SP-1,-0.009618154424698822
RB51491-SP-2,-0.28258124571809173
RB51491-SP-3,0.23012261659031386
RB51491-SP-4,0.11111570058724474
RB51600,-0.013400062208638985
RB51885,-0.008441156997601174
RB51885-DP-1,0.036560466950477544
RB52504,-0.003872682018532414
RB52504-SP-1,-0.06428913243308476
RB52873,0.01009527253584519
RB52887,0.008070978767906745
RB52887-SP-1,-0.01620910256219099
RB53367,-0.011496859349230393
RB53597,-0.0032077890421328137
RB53669,0.050888704902745774
RB53725,-0.003601568824921464
RB53736,-0.008652700097962818
RB53831,-0.002818725671689837
RB53831-SP-1,0.0050240227254585434
RB54090,-0.009452803951856437
RB54090-SP-1,0.005477481181039856
RB54438,-0.027245509564388648
RB54438-SP-1,-0.0012277594045531082
RB54603,-0.05547619076251875
RB55262,0.008741987529669704
RB55262-SP-1,0.0016950169442173646
RBP154872,-0.007903067242225115
RBP154873,0.013466185280001541
RBP155095,-0.009230314115922122
RBP155271,-0.009967716714141428
RBP155818,-0.014990596770383946
RBP156195,0.032761362502569336
RBP156195-SP-1,0.0007186846504949607
RBP156195-SP-2,-0.03313122022780057
RBP156195-SP-3,0.07314693541224404
RBP156374,-0.0187026861014693
RBP156405,0.01784533986373593
RBP156405-SP-1,-0.13334312606637222
RBP156405-SP-2,-0.01890777645415609
RBP156406,0.013013909384322897
RBP156407,0.010274451458615497
RBP156681,0.026175354036862775
RBP156681-SP-1,0.041932854726762336
RBP157242,-0.010376016300037483
RBP157242-SP-1,0.02272247448615472
RBP157242-SP-2,-0.16205440045296948
RBP158382,-0.0006520679175441302
RBP158382-SP-1,-0.05337597029647989
RBP158382-SP-2,-0.031040418095830358
RBP158968,-0.0015563964197584657
RBP158968-SP-1,-0.000004609101727504061
RBP158968-SP-2,0.012758477040986316
RBP161639,0.0050875818794402505
RBP161639-SP-1,-0.0014141322228164999
RBP161639-SP-2,-0.010817091803049461
RBP161671,0.0023115502797075305
RBP161671-SP-1,0.056831775555594044
RBP161671-SP-2,0.1396987125999143
RBP31052,0.019854823734807292
RBP41472,-0.009456463617284694
RBP41696,-0.0194517527057132
RBP50436,-0.005250663411997092
RBP50583,-0.045324370033185124
RBS153944,-0.03789602499753597
RBS155397,0.08551385437981707
RBS155568,-0.10977425085614834
RBS155823,0.0447673120636074
RBS157077,0.029562979192135685
RBS159024,-0.014510094508519589
RBS159874,0.06642533693798747
RBS159949,0.020126928004512656
RC0212,0.0005371778322698084
RC0215,-0.03998084208985664
RC0215-SP-1,-0.044836281801798106
RC0215-SP-2,-0.0648606531946343
RC0281,0.013902576829545543
RC0281-SP-1,0.013579971893544984
RC0281-SP-2,-0.06351475335907808
RC0296,0.007844216088461975
RC0340,0.019595265460194966
RC0384,0.023232321219662788
RC0418,0.01175725484011192
RC0535,0.007887714115774047
RC0540,-0.006365082146222556
RC151067,0.050018719889667995
RC151314,0.044200540877468164
RC151623,0.008271387597576396
RC151744,-0.004682576630263058
RC151744-SP-1,0.14083065331475386
RC151782,-0.0035728522851571354
RC151782-SP-1,-0.005302370918368271
RC151800,0.010053114100072369
RC151917,0.027137832666537687
RC151917-SP-1,0.012644498395783632
RC151917-SP-2,-0.018565826864079038
RC151921,-0.00346428048611791
RC151963,0.02279801546224758
RC151963-SP-1,-0.055824493358954674
RC151963-SP-2,0.28354898611004753
RC152191,-0.05288361817957521
RC152191-SP-1,-0.025257662212154974
RC152191-SP-2,-0.11174356797952711
RC152275,0.005640773547634037
RC152289,0.007720421995844884
RC152289-SP-1,-0.2948493970000907
RC152610,-0.021474825403361653
RC152756,0.006372488851382085
RC152781,-0.030964440526385917
RC152954,0.03463021027659274
RC152954-SP-1,-0.04871245854612416
RC153107,0.02305267534952593
RC153107-SP-1,0.05392483829035699
RC153235,0.008744182813388957
RC153286,-0.005318553521566294
RC153286-SP-1,0.028041678999039865
RC153286-SP-2,-0.048539644863708764
RC153354,-0.00030325595986235854
RC153354-SP-1,0.025717188983413353
RC153354-SP-2,-0.13956509647369264
RC153382,0.03139456686980591
RC153485,0.011028260476367624
RC153485-SP-1,-0.001629069915914827
RC153485-SP-2,0.059967303022762763
RC153558,0.011869482751218463
RC153656,0.011944181503233287
RC153856,0.013438335906921894
RC153856-SP-1,-0.005507273258247181
RC153856-SP-2,-0.03687723083823713
RC153857,0.03666106765238708
RC153857-SP-1,0.054578658676204705
RC153857-SP-2,-0.006210561394084602
RC153904,-0.0007093455676273619
RC153904-SP-1,0.03698087076750034
RC153904-SP-2,-0.018622343433656097
RC153967,-0.012251385131492931
RC154010,0.00317954332626158
RC154150,0.006122256064326148
RC154150-SP-1,-0.025638500077890924
RC154150-SP-2,0.005833182977672546
RC154150-SP-3,0.25295415232773344
RC154243,-0.01524489178936661
RC154243-SP-1,0.0022160966860589326
RC154243-SP-2,0.04868975277791132
RC154245,0.0026219164241245707
RC154245-SP-1,-0.007686900650714645
RC154245-SP-2,-0.0566642652888496
RC154268,-0.009396996786522727
RC154268-SP-1,-0.008587203148300415
RC154268-SP-2,0.006800806925487679
RC154268-SP-3,0.10296627863519925
RC154272,0.007983128173515208
RC154272-SP-1,-0.018794747585367366
RC154272-SP-2,0.062300557098336595
RC154277,0.013070595356147185
RC154279,0.0036198706846879425
RC154281,0.03006380937824149
RC154292,0.00010569345317823498
RC154292-SP-1,-0.01586044534543629
RC154292-SP-2,-0.02264244908406743
RC154293,0.003288235197519862
RC154293-SP-1,-0.042561054222741146
RC154293-SP-2,0.02352201627543149
RC154339,0.0060902342986632885
RC154340,0.021855907808557395
RC154365,-0.00950881734938791
RC154371,0.018355477632244988
RC154371-SP-1,0.011151029891128372
RC154371-SP-2,0.21055447793841386
RC154382,0.013646607999039828
RC154382-SP-1,0.007946525811793892
RC154382-SP-2,0.05619249337559151
RC154478,0.024380731920467413
RC154480,-0.011294246298073962
RC154480-SP-1,-0.02706549956791182
RC154480-SP-2,0.10595323841174809
RC154480-SP-3,0.0011584677649463249
RC154518,0.026666879026353785
RC154542,0.01914156511274623
RC154542-SP-1,-0.03845036513996081
RC154542-SP-2,0.2626397752024079
RC155015,0.01075524948325679
RC155015-SP-1,-0.008579034469505364
RC155015-SP-2,-0.10149679936992329
RC155050,0.0014103359292325646
RC155117,0.041779460918212497
RC155224,0.014383924947011906
RC155224-SP-1,-0.011691288084093587
RC155224-SP-2,0.06037519470606956
RC155224-SP-3,0.013656598010168608
RC155347,0.019095569832761505
RC155350,-0.007839586643913599
RC155350-SP-1,0.022580558644981652
RC155350-SP-2,0.16068457031366723
RC155446,0.014544372521131166
RC155897,-0.021701385973685205
RC155897-SP-1,-0.01834720143810098
RC155925,0.009593869353718976
RC155925-SP-1,-0.012048119881029717
RC155925-SP-2,-0.04882938750617327
RC155931,0.014471470323338176
RC155931-SP-1,-0.1546754914266324
RC155931-SP-2,0.13290468240975106
RC155931-SP-3,0.006188590896169188
RC155933,0.03371046086652463
RC155957,0.030223972844629632
RC155957-SP-1,0.07556437773453273
RC155957-SP-2,0.03448849857991099
RC155992,0.01567615337745032
RC155992-SP-1,-0.006980399324675979
RC155992-SP-2,-0.0671329898792059
RC156024,-0.01601261216293992
RC156024-SP-1,-0.018678185212719245
RC156031,0.002638436353226359
RC156031-SP-1,-0.029516089082696206
RC156031-SP-2,0.1902510596674274
RC156122,0.0030641414446221926
RC156122-SP-1,-0.03100676325146856
RC156122-SP-2,0.18160813948737586
RC156127,-0.018140578925577078
RC156158,-0.004334549887226702
RC156158-SP-1,0.028917606068827206
RC156158-SP-2,-0.04578550057448694
RC156160,0.019448385411267033
RC156247,0.03244038260823001
RC156388,0.005723934188061053
RC156708,0.000991376648162401
RC156708-SP-1,-0.00833101781200607
RC156766,0.023436349305338222
RC156767,0.01681328283671779
RC156767-SP-1,-0.33693609608508523
RC156769,0.011981574151181729
RC156769-SP-1,-0.01228532888842837
RC156769-SP-2,-0.009861791710160994
RC156782,-0.025978900601531407
RC156857,0.026829643657840574
RC156874,0.02024402717682494
RC156874-SP-1,-0.011128598791479316
RC156874-SP-2,0.09223359144935728
RC156887,0.02141705760643431
RC156887-SP-1,0.02654175160996708
RC156887-SP-2,0.04546670640693451
RC156930,0.03157643900723506
RC156930-SP-1,0.005981599673774207
RC156930-SP-2,0.026875462324547073
RC157235,0.005074293116243744
RC157236,-0.01813135679877631
RC157236-SP-1,0.022422326972354245
RC157239,0.022338392706839683
RC157239-SP-1,0.07374909289320497
RC157239-SP-2,0.04457167497476222
RC157338,0.00752353570412212
RC157342,-0.013193951525094061
RC157343,0.017117409522533045
RC157345,0.016204578552910798
RC157378,0.0068101291556448285
RC157417,0.02205372607794054
RC157515,-0.07058902242533771
RC157515-SP-1,0.18546211315796368
RC157529,0.023357545911492528
RC157574,-0.0005592042807629483
RC157574-SP-1,-0.01782867590944892
RC157574-SP-2,-0.08495778263546172
RC157574-SP-3,0.08679245138888181
RC157575,0.008613963131344216
RC157575-SP-1,0.0015355128484457747
RC157575-SP-2,-0.07746027935450095
RC157575-SP-3,0.06335622172625044
RC158168,0.004965194329948686
RC158168-SP-2,0.07432218718782013
RC158220,-0.008520422436738118
RC158220-SP-1,-0.0044817820472081715
RC158220-SP-2,-0.15547809980186855
RC158348,0.013412008614198445
RC158362,0.004712711681984061
RC158363,0.00886680195316547
RC158385,0.00009895156655881365
RC158385-SP-1,-0.16315797448085279
RC158437,0.032153343214250674
RC158437-SP-1,-0.041980436500012486
RC158437-SP-2,0.10920985530715233
RC158692,-0.007166777153475357
RC158782,0.00461116294481867
RC159414,-0.026244925245172412
RC159564,0.04063092067280771
RC159565,0.0020135292641585423
RC159970,0.017739184832092025
RC160140,-0.010405529457295004
RC160140-SP-1,0.09391866777395408
RC160157,-0.001250642551809844
RC160203,0.07386572102466826
RC160244,0.01561723565656914
RC160252,0.009590740744091164
RC161210,0.019371465996332216
RC161210-SP-1,0.03150245397452278
RC161210-SP-2,0.006201138906310355
RC161326,0.020237660008888714
RC161329,-0.000756872468183234
RC161329-SP-1,-0.05240309211014882
RC161329-SP-3,-0.0619263666355202
RC161335,0.010247237331785009
RC161336,-0.0075481524357235985
RC161336-SP-1,0.02556435127758583
RC161336-SP-2,-0.044380923904049574
RC161739,0.005791720442476667
RC161739-SP-1,-0.06768701200229321
RC161739-SP-2,0.08303761316893365
RC161740,0.05048329002715346
RC162084,0.01005642580665378
RC162084-SP-1,-0.028726142140724775
RC162084-SP-2,0.13437643484306983
RC162085,0.02357502939224676
RC162085-SP-1,-0.012504948775088232
RC162085-SP-2,-0.03809938375119615
RC162085-SP-3,0.07475161163607424
RC162086,0.0010144908947971043
RC23710,0.0059911192709283245
RC25180,0.07281941364569589
RC25950,-0.021861950940535557
RC25953,0.04835680093216821
RC25953-SP-1,0.18266789467825162
RC26095,-0.01165370816463318
RC26356,-0.03711263389988961
RC26358,-0.023690525570952192
RC27282,-0.00873758282815218
RC28383,0.040603715248948014
RC28632,0.06272584524079128
RC28680,-0.01047224811860259
RC31444,-0.02356248525867699
RC33045,0.02144207534260123
RC33045-SP-1,0.051416184847884905
RC33085,-0.005009062370758377
RC33367,-0.035623948016711315
RC33367-SP-1,0.1253973151012966
RC33367-SP-2,-0.02142795091445604
RC33966,0.04002705243485294
RC33966-SP-1,-0.036296216818639704
RC34025,-0.0032060089367730304
RC36134,-0.019024806739997513
RC36171,0.019811118330267385
RC36171-SP-1,-0.000161598518150452
RC36171-SP-2,0.028603762921750597
RC37028,-0.0038122236571359602
RC37048,0.0675778248318537
RC37048-SP-1,-0.05322412717916725
RC37054,0.01778941546988655
RC37060,0.004108399931128215
RC37156,0.0433062714343142
RC37156-SP-1,0.21631375366671102
RC37760,-0.0047174408720701555
RC38296,-0.01826479101747558
RC39265,0.02948791959231123
RC39284,0.0612483115714646
RC39284-SP-1,-0.17415747708033646
RC39492,0.004980009843183586
RC39492-SP-1,-0.0918713393747227
RC39492-SP-2,-0.006307468038414976
RC40440,0.011769076956210212
RC40440-SP-1,-0.00018066491176194077
RC40440-SP-2,0.07150601600454043
RC40440-SP-3,-0.05890119838152086
RC40968,-0.009114407059887752
RC41435,-0.003922833348251165
RC41664,0.004117290924210204
RC41713,0.005048167036926232
RC42115,0.021543155448497275
RC42785,0.05043596362468916
RC42785-SP-1,-0.5189292216435131
RC43108,-0.016365854398491253
RC43136,0.02562158370352452
RC43366,0.014863682976157477
RC43378,-0.02733987873937682
RC44449,0.03562411550908884
RC44466,0.020893127265372513
RC44472,0.011423772939306964
RC44661,-0.002553385462218394
RC44664,0.005165140624271425
RC44720,0.028875897685253227
RC44984,-0.028659801645553262
RC44987,-0.010097381808521377
RC45054,0.00199663861487398
RC46370,-0.06351969670315682
RC46803,0.04453623179618171
RC47158,0.04297920743872363
RC47844,-0.02898086279360046
RC47844-SP-1,-0.030395535048022948
RC47846,0.013234512020851907
RC47846-SP-1,0.020136852060097965
RC48181,0.0012731512087567065
RC48181-SP-2,0.1775661048102961
RC48438,-0.018429668619559525
RC48438-SP-1,-0.04088050420739753
RC48464,0.0008880608280550373
RC48464-SP-1,0.06891012096469362
RC48538,0.030159302458083292
RC48553,-0.0036590111542429415
RC48553-SP-1,0.15968573101863415
RC48924,0.0004493452188978342
RC49146,0.020675904983802784
RC49146-SP-2,-0.049956700677839194
RC49167,0.03144218434026014
RC49167-SP-1,0.18595147690409775
RC49383,0.01662512517242809
RC49416,0.023103335677509218
RC49434,0.02708456726777131
RC49434-SP-1,-0.016301437060648016
RC49445,0.01900461244417362
RC49445-DP-1,0.0478930138280802
RC49446,0.02041151856721246
RC49446-SP-1,0.0074416393310445805
RC49451,-0.012467721134840293
RC49451-DP-1,-0.15742529186954246
RC50138,0.055251578404088786
RC50183,0.02868509801028374
RC50446,0.003971514155135303
RC50505,-0.019695483538867076
RC50932,0.00538227301736427
RC51108,0.004644259223555158
RC51194,0.007748476031568252
RC51194-SP-1,-0.018516528683487743
RC51194-SP-2,-0.20169714461678312
RC51200,-0.043896087813953155
RC51200-SP-1,-0.14647602590959485
RC51460,0.011504468298722426
RC51561,-0.01039739067629275
RC51561-SP-1,-0.005633155986001337
RC51649,-0.010330724562273463
RC52270,0.007350260381528306
RC52270-SP-1,0.08552530136373337
RC52271,-0.014163612644273571
RC52271-SP-1,-0.04022865987516189
RC52575,-0.0020268441689165195
RC52575-SP-1,-0.08680285678967958
RC52585,-0.05523290869755648
RC52585-SP-1,-0.004819912183957165
RC52745,-0.018092091639299812
RC52877,0.016018207475653412
RC52879,0.01172956006226622
RC52879-DP-1,0.07265391376661068
RC53028,-0.015389548252231933
RC53411,0.0032669272184226994
RC53411-SP-1,-0.01238452049165406
RC53666,0.02633466092305814
RC53727,0.02024396054906208
RC53727-SP-1,-0.011528372335378956
RC53864,0.049751273423943365
RC53864-SP-1,-0.026720080923574585
RC53873,-0.03491746978505539
RC54128,-0.011162190677953543
RC54217,-0.01803455617264771
RC54217-SP-1,-0.01702560238177675
RC54217-SP-2,-0.01945013776376281
RC54397,-0.026611238896049993
RC54397-SP-1,-0.043364875871651276
RC54429,0.006895631373680766
RC54429-SP-1,0.09002807301103699
RC54568,0.006017757498062215
RC54810,0.0025718409439512424
RD153338,-0.015514107623113671
RD153499,-0.02018586614963891
RD154134,0.0116077282366287
RD158370,0.0832726553234917
RD159195,-0.025679053366350568
RD29695,-0.0005617914814030067
RD36175,0.008357590027781248
RD44772,0.05448434579674033
RD45052,-0.005470521318396537
RD45068,-0.028511278360497827
RE0499,-0.022617926939184962
RE0499-AP-1,-0.01801916225271849
RE0499-AP-2,-0.007294052350855895
RF0358,-0.004015054561303022
RF0462,-0.011523585927231017
RF0593,-0.02242870035909128
RF0593-DP-1,0.10542397753898136
RF151643,0.05284020992249472
RF151643-DP-1,0.044958762008262765
RF151779,0.0026866852431057797
RF151937,-0.026754505721824806
RF151937-DP-1,-0.084415772163563
RF152127,-0.019154435718885643
RF152166,0.01718136924049274
RF152211,0.007783820446220169
RF152211-DP-1,0.02221647589336362
RF152556,0.0004148719624947894
RF152556-DP-1,0.015450214446641297
RF152645,0.0316840412004884
RF153042,0.044651034830584635
RF153512,0.021950932972141013
RF153512-SP-1,-0.011474876563938419
RF153769,0.01803506122194043
RF153769-DP-1,0.23200227773330306
RF154356,0.03328296074053849
RF154356-DP-1,0.0864452079083673
RF154374,0.02029326959300426
RF154374-DP-2,-0.07771837266334047
RF154375,0.036888986986268524
RF154383,0.016342600385132355
RF154383-DP-1,0.047481495467195156
RF154630,0.011612432457640764
RF155069,-0.02553147470025907
RF155100,0.015920507127451966
RF155100-DP-1,0.1029602575484152
RF155293,-0.0024322342139276865
RF155293-DP-1,0.030209087965661574
RF155294,0.010465712982006492
RF155349,0.00321796443960487
RF155349-SP-1,-0.02977164381518671
RF155352,0.021874125945390954
RF155581,-0.002024180576565948
RF155581-DP-1,0.13083295374031323
RF155603,0.033463357599985644
RF155603-DP-1,0.17563619494418958
RF155669,0.008838438360577294
RF155670,0.01718434707133265
RF155670-DP-1,-0.01858598300474079
RF155873,0.007745257992646248
RF155873-DP-1,0.0828662124201307
RF155887,0.04452357474349378
RF156093,-0.005572748131565941
RF156093-DP-1,0.05884547859864675
RF156103,-0.003051995897329851
RF156103-DP-1,-0.07935732910819981
RF156488,0.015367154590041343
RF156488-DP-1,-0.11133630734825783
RF156627,0.0017410845796832497
RF156627-DP-1,0.024383280416599318
RF156736,0.011439599043881588
RF156736-DP-1,0.0373396986949861
RF156739,0.007462432386294404
RF156739-DP-1,0.01369108394870544
RF157449,0.043979771552202784
RF157449-DP-1,-0.14733999873502523
RF158165,-0.023042961326397493
RF158627,0.007636183106620509
RF158631,0.01992854385967968
RF158762,-0.05073461621577324
RF158763,0.005692822817197074
RF158908,-0.006164048804919053
RF158908-SP-1,-0.052125482033614445
RF159166,-0.013342821146143158
RF159167,-0.004861925843998027
RF159171,-0.023612328259451587
RF159186,0.012399239501461823
RF159282,0.02082035559263451
RF159282-DP-1,-0.013263031431580252
RF159285,0.003362759609154109
RF159285-DP-1,0.031121828866955692
RF159286,-0.0004419242424391623
RF159961,0.027975648646277662
RF160591,0.0023038941286952497
RF160591-DP-1,0.007865480805360647
RF160602,0.0796184907976547
RF161541,-0.010788487750020503
RF161641,-0.012722244133641092
RF162076,0.03829889916624407
RF162076-DP-1,-0.2878145205404039
RF162198,0.00825128783562068
RF162198-DP-1,0.018337794749782477
RF24913,0.01209597562484288
RF25272,-0.015391547322211818
RF25272-DP-1,0.05522301638845195
RF25273,-0.0059001084784883195
RF25273-DP-1,0.10762759767252361
RF25919,0.022595580708483
RF26311,0.03969605746986549
RF26345,0.01629251088219652
RF26348,0.011074213200898075
RF27614,0.035139109207224184
RF29261,-0.022538325044239138
RF32038,-0.060701806049476725
RF32038-SP-1,-0.09541177539192924
RF33942,-0.01588398715995809
RF33942-DP-1,0.11011038021025721
RF34865,-0.01684634166955512
RF35038,-0.006499596732767676
RF35038-SP-1,-0.04546692454983037
RF35139,0.011984738227983849
RF36761,0.024176880107056542
RF36761-DP-2,0.2784724430750123
RF38055,0.005265592612156311
RF39094,0.026870674396682892
RF40386,0.02991749077109329
RF41826,-0.023333657879494596
RF43260,-0.03436556455369377
RF43260-SP-1,-0.041454645700487736
RF43260-SP-2,-0.023872347422123186
RF43777,-0.03240439654932337
RF43795,-0.01716686200006967
RF43801,0.02672805545228152
RF43824,0.051601917919244844
RF43824-DP-1,-0.15148184098492967
RF44347,-0.005400567031059844
RF44450,0.0452522488154703
RF44450-DP-1,-0.135433799098983
RF44480,-0.021974945771101706
RF44643,-0.004859508260843026
RF44643-SP-2,-0.012209942934060192
RF46058,0.067202361438367
RF46058-DP-1,-0.09150858478974333
RF46394,0.004266985550864799
RF46398,0.013917200435763943
RF46398-DP-1,0.024082408078681006
RF47806,-0.03196684803088001
RF47806-SP-1,-0.041674267744922444
RF47807,-0.031248524363280072
RF48182,-0.02604236120123693
RF48386,0.03576027915112423
RF48468,0.0038341150316865136
RF48468-DP-1,-0.020715253983142556
RF48473,-0.0027080677505001427
RF48474,0.0059999075558192505
RF48474-SP-1,0.04238145729141163
RF48732,-0.005188145583578829
RF48732-DP-1,-0.01033710278684008
RF48803,-0.02710655239181703
RF48803-DP-1,-0.1933748960476629
RF49147,0.005926970117017039
RF49147-DP-1,0.01249359226310598
RF49176,-0.01594250032889888
RF49176-DP-1,0.04208896594016842
RF49214,-0.04397252815486963
RF49214-DP-1,-0.14009554714159522
RF49384,-0.02773561510141076
RF49435,-0.037850974336254506
RF49435-SP-1,0.03898444245477117
RF49573,-0.05564685292217675
RF49573-DP-1,0.03174151932401359
RF49573-DP-2,0.059964110111456526
RF50162,-0.02088036612704436
RF50185,0.01000201150196589
RF50186,0.0035389324493948493
RF50186-DP-1,0.03888690726791766
RF50186-SP-2,-0.043242018009345906
RF50419,-0.006299618641926297
RF50419-DP-1,0.010220946583832324
RF50934,-0.027914160306059532
RF51192,-0.011574325463150292
RF51192-SP-1,-0.07795681519992259
RF51195,0.011084225736496256
RF51195-DP-1,0.02843624416881685
RF51492,-0.010328992272985893
RF51566,-0.020130736759491286
RF52151,-0.009982263040478445
RF52878,0.007231533578727634
RF52878-SP-1,-0.04776184974721143
RF53656,-0.006097157102774808
RF54130,0.011246647626931505
RF54130-SP-1,-0.02063126097020762
RF54225,0.022670728327877532
RF54225-SP-1,-0.07150747666958956
RF54400,-0.04106486533151532
RF54400-DP-1,-0.01741738584261776
RMOD-1001-0456-07-101-48257,0.04479404853217006
RMOD-1001-0456-07-101-53417,-0.005377146735957017
RMOD-1001-0456-07-103-48366,0.04358697324161365
RMOD-1001-0456-07-106-53485,0.010475563191661763
RMOD-1001-0456-07-158-48346,-0.12578503121632323
RMOD-1001-2246-02-101-50245,0.01806359264154489
RMOD-1001-2246-02-101-52682,-0.10883903491230285
RMOD-1001-2246-02-103-50369,0.040491851791378375
RMOD-1001-2246-02-103-52801,0.03471232956850612
RMOD-1001-2246-02-106-50349,0.004959661745350674
RMOD-1001-2246-02-106-52758,-0.013761950821548186
RMOD-1001-2607-09-117-47564,-0.05283153148354114
RMOD-1001-2607-09-117-49596,-0.04895835048267205
RMOD-1001-2607-09-117-51942,0.04202224968960455
RMOD-1001-2607-09-117-54250,-0.03087799376728073
RMOD-1001-3197-07-106-53972,0.018547785838542774
RMOD-1001-3218-02-101-47873,0.024249956121470184
RMOD-1001-3218-02-101-51273,0.003773176438704118
RMOD-1001-3218-02-103-47951,-0.01662091934399379
RMOD-1001-3218-02-103-51355,0.020255823768037695
RMOD-1001-3218-02-106-47929,-0.03413916290043406
RMOD-1001-3218-02-106-51334,0.04788147209331295
RMOD-1001-3761-07-101-46159,0.004104428994562426
RMOD-1001-3761-07-106-46259,-0.07000690498515127
RMOD-1001-3771-02-101-46495,0.013607501598496885
RMOD-1001-3771-02-101-48562,0.011229013864672455
RMOD-1001-3771-02-101-50525,0.00019916247464846215
RMOD-1001-3771-02-106-50644,-0.021688439506026058
RMOD-1001-3771-02-108-46621,-0.08974678731891217
RMOD-1001-3771-02-108-48636,0.07361377131804336
RMOD-1001-3771-02-108-50688,-0.038120506586020064
RMOD-1001-4008-07-101-47227,-0.011165827607272805
RMOD-1001-4008-07-103-47344,0.004164654025727854
RMOD-1001-4008-07-106-47300,0.10003301136419562
RMOD-1001-4020-02-101-51602,0.028326062507642247
RMOD-1001-4020-02-103-51715,-0.027799358221829773
RMOD-1001-4020-02-158-51655,-0.04186879584660341
RMOD-1001-5708-02-101-48927,0.017750394007469694
RMOD-1001-5708-02-101-50941,0.009071141854621212
RMOD-1001-5708-02-101-53029,-0.04640706194135302
RMOD-1001-5708-02-103-49012,0.058798718477877765
RMOD-1001-5708-02-103-51024,0.032962611763819094
RMOD-1001-5708-02-106-48989,0.012448496458597136
RMOD-1001-5708-02-106-50997,0.009182218169941025
RMOD-1001-5708-02-106-53112,-0.03775584546106081
RMOD-1001-5867-02-101-46882,0.009623880426965492
RMOD-1001-5867-02-158-47006,-0.02145111181553827
RMOD-1001-6574-07-101-49213,0.034216881608228
RMOD-1001-6574-07-106-49333,-0.060949924388270516
RMOD-1001-6819-07-101-54608,0.0059318675909689755
RMOD-1001-6819-07-158-54790,-0.0017038523998909039
RMOD-1001-9477-02-101-49907,-0.10353149895633618
RMOD-1001-9477-02-101-52276,-0.0053343468838995545
RMOD-1001-9477-02-103-49996,0.014206476594281314
RMOD-1001-9477-02-103-52432,-0.18755903743305236
RMOD-1001-9477-02-106-49977,-0.0638687361055974
RMOD-1001-9477-02-106-52408,-0.04053160593460581
RMOD-1002-0158-01-103-47565,0.039244929446222265
RMOD-1002-0158-01-103-49597,0.033901988072113864
RMOD-1002-0158-01-103-53418,0.022833823032281098
RMOD-1002-0158-01-106-49648,0.017279258349207183
RMOD-1002-0158-01-106-53486,-0.09291462006196483
RMOD-1002-0158-01-108-49685,0.009804076204289691
RMOD-1002-0158-01-158-47597,0.14881979665583045
RMOD-1002-0158-100-101-47670,0.2962163743994368
RMOD-1002-0487-01-103-46160,0.036168741278571837
RMOD-1002-0487-01-103-47874,-0.009274059630934195
RMOD-1002-0487-01-103-48258,-0.023670561810329782
RMOD-1002-0487-01-103-50247,-0.010560857349639297
RMOD-1002-0487-01-103-52684,0.0024893891323145567
RMOD-1002-0487-01-106-46260,-0.008280237471863017
RMOD-1002-0487-01-106-47930,-0.041454697188111345
RMOD-1002-0487-01-106-48347,0.0059349916098256905
RMOD-1002-0487-01-106-52759,0.022772670624244817
RMOD-1002-0487-01-108-46280,-0.017598556278248356
RMOD-1002-0487-01-108-47953,-0.1398284525076966
RMOD-1002-0487-01-108-48368,0.027855294924950202
RMOD-1002-0487-01-108-50370,-0.08991398751208413
RMOD-1002-0487-01-108-52802,0.07661269216442568
RMOD-1002-0487-01-158-50351,0.021171827255870967
RMOD-1002-2188-01-103-46496,0.0034156926709065782
RMOD-1002-2188-01-103-49215,0.013077313451146377
RMOD-1002-2188-01-103-51274,0.044447664119841024
RMOD-1002-2188-01-103-53870,0.03691728026696306
RMOD-1002-2188-01-106-51335,0.03482845446448213
RMOD-1002-2188-01-106-53973,0.017409211993882456
RMOD-1002-2188-01-158-46589,0.07656987932376835
RMOD-1002-2188-01-158-49334,-0.0664443302500124
RMOD-1002-2188-100-101-46622,-0.00510943576860301
RMOD-1002-2188-100-101-49352,0.04277694407877042
RMOD-1002-2188-100-101-51356,0.010688876652715784
RMOD-1002-2253-01-103-48563,0.019630891392859784
RMOD-1002-2253-01-103-50526,0.043876119652933365
RMOD-1002-2253-01-145-48618,-0.016051171165363143
RMOD-1002-2253-01-145-50648,-0.03776188150846016
RMOD-1002-2734-01-103-47228,0.029401188263603828
RMOD-1002-2734-01-103-49908,0.038343519833076156
RMOD-1002-2734-01-103-52277,0.011542609254584946
RMOD-1002-2734-01-103-54609,0.01991683091543006
RMOD-1002-2734-01-106-47301,-0.02801198471616395
RMOD-1002-2734-01-106-49978,-0.08368910172804389
RMOD-1002-2734-01-106-52409,-0.04523369866843263
RMOD-1002-2734-01-106-54791,-0.13701164350515072
RMOD-1002-2734-01-108-49997,0.06604313995745259
RMOD-1002-2734-01-108-52433,0.05820606919332638
RMOD-1002-4134-01-103-51603,-0.027980574881624087
RMOD-1002-4134-01-106-51656,0.03176558685677322
RMOD-1002-4134-01-107-51716,-0.045188111769649875
RMOD-1002-4223-01-103-51944,-0.03867028218883006
RMOD-1002-4223-01-103-54251,0.007762814129324669
RMOD-1002-4223-01-106-52043,0.07364108054756824
RMOD-1002-4223-01-106-54333,-0.04187126440007771
RMOD-1002-4223-100-101-52062,0.11996225224119561
RMOD-1002-6414-01-103-46883,0.0348398883803156
RMOD-1002-6414-01-103-48928,-0.03998508334435147
RMOD-1002-6414-01-103-50943,-0.08081294578468512
RMOD-1002-6414-01-103-53030,-0.03546278402292835
RMOD-1002-6414-01-106-47007,-0.11829915020094794
RMOD-1002-6414-01-106-48990,0.019433905773487803
RMOD-1002-6414-01-106-50999,-0.009267848644851195
RMOD-1002-6414-01-106-53113,-0.01806043837399418
RMOD-1003-0281-17-118-46161,-0.02671582022802288
RMOD-1003-0281-17-118-50248,0.08019712521043942
RMOD-1003-0281-17-118-52278,0.06551522960804035
RMOD-1003-0281-17-118-54610,-0.0010020865113172794
RMOD-1003-0281-17-145-46261,0.024165678523679457
RMOD-1003-0281-17-147-50371,0.13798818655762868
RMOD-1003-0281-17-154-50352,-0.03059883570003963
RMOD-1003-0281-17-154-52411,-0.005090092657880074
RMOD-1003-0281-17-154-54793,-0.06909862521619159
RMOD-1003-0281-17-162-46217,0.047271051050216784
RMOD-1003-0281-17-162-50314,0.007524393209583868
RMOD-1003-0281-17-162-52384,0.09220207871244557
RMOD-1003-0281-17-162-54712,0.18835195100553825
RMOD-1003-1963-17-118-48929,-0.019179026711230174
RMOD-1003-1963-17-118-50945,-0.02157722300656928
RMOD-1003-1963-17-118-53031,0.13078525399463925
RMOD-1003-1963-17-154-48991,0.058810592963947084
RMOD-1003-1963-17-154-51001,-0.0035452069791283014
RMOD-1003-1963-17-154-53114,0.07495521106762193
RMOD-1003-1963-17-162-49060,-0.05062676702975455
RMOD-1003-1963-17-162-51064,-0.07677754920993318
RMOD-1003-1963-17-162-53173,0.3826668354083318
RMOD-1003-2084-17-118-47566,0.03544328198931468
RMOD-1003-2084-17-118-49598,-0.022625695529725154
RMOD-1003-2084-17-118-51604,0.025227681125631563
RMOD-1003-2084-17-118-53871,-0.029049454483892956
RMOD-1003-2084-17-154-49651,0.02484261785743902
RMOD-1003-2084-17-154-51657,-0.020710406098786716
RMOD-1003-2084-17-162-47694,0.042249047604084655
RMOD-1003-2084-17-162-49647,0.05759649490419361
RMOD-1003-2084-17-162-51687,-0.03113189652295767
RMOD-1003-2084-17-162-53991,0.21398921352589895
RMOD-1003-3235-19-117-47229,-0.039595426933090816
RMOD-1003-3235-19-162-47318,-0.13980926604505095
RMOD-1003-4025-17-118-48259,-0.021015350578958092
RMOD-1003-4025-17-145-48348,0.021286782663245685
RMOD-1003-4025-17-162-48314,0.12066983569532974
RMOD-1003-4279-100-117-46988,-0.07259579682350459
RMOD-1003-4279-17-162-46924,-0.03406536213559208
RMOD-1003-4279-18-117-47037,-0.008910882965448064
RMOD-1003-4279-18-117-47875,-0.010736194784842779
RMOD-1003-4279-18-117-49909,-0.004283313462245308
RMOD-1003-4279-18-117-51947,-0.019750639181106644
RMOD-1003-4279-18-117-54252,-0.016032035578383952
RMOD-1003-4279-18-154-49979,-0.031959789292574814
RMOD-1003-4279-18-154-52044,-0.04159132677595956
RMOD-1003-4279-18-154-54338,-0.022266004424777663
RMOD-1003-4279-18-162-48002,0.06592612188944069
RMOD-1003-4279-18-162-50026,-0.014395624180626898
RMOD-1003-4279-18-162-52019,-0.03144063379184414
RMOD-1003-6122-18-110-51357,-0.04171015772102871
RMOD-1003-6122-18-110-52804,-0.1010375534845136
RMOD-1003-6122-18-117-51275,-0.017055078666472823
RMOD-1003-6122-18-117-52685,-0.012898619915496234
RMOD-1003-6122-18-162-51375,-0.006222120777205742
RMOD-1003-6122-18-162-52812,0.09223169214485383
RMOD-1003-8220-18-117-46497,-0.015558554583930961
RMOD-1003-8220-18-117-48564,-0.017624537623724512
RMOD-1003-8220-18-117-50527,-0.021300437299039854
RMOD-1003-8220-18-117-53419,-0.005049084653185876
RMOD-1003-8220-18-154-48619,-0.012069379484946685
RMOD-1003-8220-18-154-50657,-0.06048358040156965
RMOD-1003-8220-18-154-53487,-0.03284716654997588
RMOD-1003-8220-18-162-46570,0.07928236431847946
RMOD-1003-8220-18-162-48687,-0.08397723539757329
RMOD-1003-8220-18-162-50645,-0.0910531053048671
RMOD-1003-8692-18-117-49216,-0.007087345625626185
RMOD-1003-8692-18-154-49335,0.0421959377286345
RMOD-1003-8692-18-162-49306,0.16539008903261654
RMOD-1004-0274-00-108-53503,0.06005458237178596
RMOD-1004-0274-00-117-47348,-0.016085229341837315
RMOD-1004-0274-00-117-49353,0.15793647268561406
RMOD-1004-0274-00-117-53420,0.06538196858882883
RMOD-1004-0274-00-119-47230,0.031358852078801513
RMOD-1004-0274-00-119-49217,-0.03197756867005519
RMOD-1004-0472-00-117-51276,-0.051434093494072686
RMOD-1004-0472-00-117-53872,0.1353445195628178
RMOD-1004-0472-00-147-51359,-0.06983301698986333
RMOD-1004-1691-00-108-49686,0.017912062760069736
RMOD-1004-1691-00-119-49599,-0.0020883230469165293
RMOD-1004-1793-00-117-47876,0.10228467786539719
RMOD-1004-1793-00-117-52686,0.09731375485498917
RMOD-1004-1793-00-126-47956,0.00713305470646497
RMOD-1004-1793-00-127-52807,-0.23730365559456645
RMOD-1004-2698-00-147-50946,-0.011011501063020401
RMOD-1004-3357-00-117-48637,-0.243822188511727
RMOD-1004-3357-00-119-48565,-0.09195200815826743
RMOD-1004-5353-00-108-50528,-0.03902700160213379
RMOD-1004-5436-00-119-53032,0.05774523450279134
RMOD-1004-5436-00-127-46289,-0.1332889090609337
RMOD-1004-5436-00-127-53132,0.02857680569892862
RMOD-1004-5436-00-19-46163,0.033168713276599204
RMOD-1004-5895-00-117-49910,0.07039673574752503
RMOD-1004-5902-00-108-52434,-0.0015554656616140194
RMOD-1004-5902-00-108-54702,-0.056217071357333226
RMOD-1004-5902-00-117-52279,-0.039156844016933534
RMOD-1004-5902-00-117-54611,-0.017444807885151126
RMOD-1004-5902-00-119-46498,0.04005618154343771
RMOD-1004-5902-00-119-48260,-0.024432847827524307
RMOD-1004-5902-00-119-50249,0.11135960363043473
RMOD-1004-6023-00-108-47671,-0.007319757763259105
RMOD-1004-6023-00-119-47567,-0.20364929525334863
RMOD-1004-7399-00-108-54381,0.06864937362212631
RMOD-1004-7399-00-119-54253,0.01370624989261815
RMOD-1004-8233-00-108-51717,-0.1094164817481651
RMOD-1004-8233-00-147-51605,0.03302808218605491
RMOD-1004-8514-00-101-46886,0.10752247153964944
RMOD-1004-8766-00-117-52063,-0.05538724549677676
RMOD-1004-8766-00-119-51948,0.07657953592360611
RMOD-1004-8821-00-117-48930,0.07689065544496065
RMOD-1005-0014-08-101-47231,-0.013439283374594213
RMOD-1005-0014-08-106-47303,0.016312114091711072
RMOD-1005-0014-100-108-47349,-0.08605491652232145
RMOD-1005-0186-04-101-51718,-0.02813951955452365
RMOD-1005-0186-04-101-54254,0.023611634225428224
RMOD-1005-0186-04-106-51658,-0.009508488877003951
RMOD-1005-0186-04-106-54341,-0.011437382554528086
RMOD-1005-0186-04-107-51606,-0.04839552514772505
RMOD-1005-0186-04-107-54372,-0.1047240135791423
RMOD-1005-0273-01-103-48931,-0.044494977083924914
RMOD-1005-0273-01-106-48993,-0.020144014169584556
RMOD-1005-0406-100-130-47877,-0.00789320855962361
RMOD-1005-0934-01-102-49600,0.00842437574919841
RMOD-1005-0934-01-103-49687,-0.017014891170779034
RMOD-1005-0934-01-158-49654,-0.03136934741231534
RMOD-1005-1968-04-103-51949,-0.010485764732378722
RMOD-1005-1968-04-106-52045,0.06242104199200127
RMOD-1005-1999-01-103-49218,-0.05531771276645714
RMOD-1005-1999-01-106-49336,-0.016311370373479517
RMOD-1005-1999-100-101-49355,-0.2850873116025192
RMOD-1005-2031-09-117-46499,0.0020009191224226175
RMOD-1005-3694-02-101-46887,-0.08461843271612068
RMOD-1005-3694-02-103-46961,-0.02511792635276744
RMOD-1005-3694-02-106-47008,0.03524481647627087
RMOD-1005-4634-04-101-50948,0.0026089532657880277
RMOD-1005-4634-04-101-52435,-0.03296427635604915
RMOD-1005-4634-04-106-51004,-0.06853511685256519
RMOD-1005-4634-04-106-52413,0.0060560920113232886
RMOD-1005-4634-04-106-53974,0.09116300831430513
RMOD-1005-4634-04-108-51025,-0.022335996288678883
RMOD-1005-4634-04-108-52280,0.08052260940725109
RMOD-1005-4634-04-108-53874,0.05178117424304207
RMOD-1005-4726-00-117-47568,0.0056819721228724696
RMOD-1005-5000-01-103-49911,-0.000348241182318465
RMOD-1005-5000-01-103-53421,0.0032643440483812736
RMOD-1005-5000-01-106-49980,0.05638231054381304
RMOD-1005-5000-01-106-53488,-0.06662859534510857
RMOD-1005-5015-04-101-52687,-0.024671802141608246
RMOD-1005-5015-04-101-54612,0.013369754869458905
RMOD-1005-5015-04-106-52760,-0.06171311289499859
RMOD-1005-5015-04-106-54794,-0.10117409040295289
RMOD-1005-5131-09-117-46164,-0.013215161732454073
RMOD-1005-5292-08-101-48261,-0.031314426277213814
RMOD-1005-5292-08-103-48369,0.015391913955323577
RMOD-1005-5292-08-158-48349,-0.07997052973835372
RMOD-1005-5446-04-103-50251,-0.03891941177599845
RMOD-1005-5446-04-158-50353,-0.010824963195731119
RMOD-1005-5894-01-102-50689,-0.05391431026983351
RMOD-1005-5894-01-103-50529,-0.06390846026327623
RMOD-1005-5894-01-106-50664,0.004501793890680839
RMOD-1005-6031-04-101-53033,0.01191804222451931
RMOD-1005-6031-04-106-53115,-0.033521112630694794
RMOD-1005-6769-00-130-48638,0.3448448165499438
RMOD-1005-6769-17-118-48566,-0.016727165210181916
RMOD-1005-9565-04-101-51277,-0.04787363771704112
RMOD-1005-9565-04-106-51336,-0.024829866491842822
RMOD-1006-0273-01-103-51278,0.03593349312189842
RMOD-1006-0273-01-103-53422,-0.077783948289467
RMOD-1006-0273-01-106-51338,-0.027947699541361448
RMOD-1006-0273-01-106-53489,-0.03940552464786773
RMOD-1006-0457-01-103-48567,-0.020536025578212547
RMOD-1006-0457-01-106-48620,0.06719193208049012
RMOD-1006-0542-01-103-53875,-0.06457564857689146
RMOD-1006-0542-01-106-53975,0.08471956572068073
RMOD-1006-1289-01-103-50252,0.06964667400244307
RMOD-1006-1289-01-106-50354,0.037132368393913096
RMOD-1006-1869-01-103-50949,0.016643651597707754
RMOD-1006-1870-01-103-47570,-0.04265205550033113
RMOD-1006-1870-01-106-47599,0.10900322551082997
RMOD-1006-1870-01-106-47672,0.010088103886661148
RMOD-1006-2184-01-103-46500,0.0426333301260271
RMOD-1006-2184-01-106-46590,-0.0681644823340265
RMOD-1006-2184-100-101-46623,-0.17095612533701632
RMOD-1006-4845-01-103-48932,-0.027272447095618157
RMOD-1006-4845-01-107-49013,0.006928134026238153
RMOD-1006-4845-01-158-48994,0.034547228878228475
RMOD-1006-4969-01-102-49601,0.002026384808546444
RMOD-1006-4969-01-106-49657,0.06423826408795152
RMOD-1006-5000-01-103-51950,-0.03051956468120709
RMOD-1006-5000-01-106-52046,0.07909205082114656
RMOD-1006-5096-01-103-49219,-0.01769019691980178
RMOD-1006-5096-01-106-49337,0.00885453403300196
RMOD-1006-5146-01-103-49912,-0.00424769460852914
RMOD-1006-5146-01-106-49981,0.015423951328880303
RMOD-1006-5189-01-103-51607,-0.030864210655229374
RMOD-1006-5189-01-106-51661,0.017255824610362236
RMOD-1006-5283-01-103-46165,0.06890464125052564
RMOD-1006-5894-01-103-53034,0.05929037071305521
RMOD-1006-5894-01-106-53116,-0.06314862584296987
RMOD-1006-5967-01-103-54255,0.0214445545568267
RMOD-1006-5967-01-106-54342,-0.016875490135653815
RMOD-1006-5967-01-108-54374,-0.05187838314437987
RMOD-1006-6124-01-103-47232,0.020576544249854223
RMOD-1006-6124-01-106-47304,0.03130770239901737
RMOD-1006-6195-01-103-54613,-0.013719664845736723
RMOD-1006-6195-01-145-54795,0.04765685943265496
RMOD-1006-6523-01-103-47878,-0.005364317042082178
RMOD-1006-6523-01-106-47931,-0.026025960898761746
RMOD-1006-6523-01-107-47959,0.05920772819279607
RMOD-1006-6846-01-103-50530,0.013755225671335136
RMOD-1006-6846-01-103-52688,0.05803091320247633
RMOD-1006-6846-01-106-50671,-0.016998529943775265
RMOD-1006-6846-01-106-52761,-0.023722888376705997
RMOD-1006-6846-01-108-50690,-0.03279276005127929
RMOD-1006-7390-01-103-52281,-0.02842573734374032
RMOD-1006-7390-01-106-52414,0.022046086349613914
RMOD-1006-7390-01-107-52436,0.1866240815717095
RMOD-1006-7952-01-103-48262,0.004500009988928078
RMOD-1006-7952-01-106-48350,0.05788563159605564
RMOD-1006-7952-01-108-48370,-0.027089189389996604
RMOD-1006-8495-01-103-46888,-0.10017877623919069
RMOD-1006-8495-01-106-47010,-0.061887375144631496
RMOD-1007-0212-17-118-51279,0.0056614161874242175
RMOD-1007-0212-17-119-51362,-0.11804064484050669
RMOD-1007-0212-17-162-51376,0.19297537312816715
RMOD-1007-0340-17-118-48568,0.01978072514523066
RMOD-1007-0340-17-162-48688,0.1398964462181549
RMOD-1007-0384-17-118-49913,-0.013886712501716802
RMOD-1007-0384-17-162-50055,0.07998773735891329
RMOD-1007-1435-18-117-46166,-0.0287660652702606
RMOD-1007-1435-18-162-46218,0.11871372562413796
RMOD-1007-1564-46-117-47571,-0.06630703394876891
RMOD-1007-1564-46-158-47601,0.044551866085455805
RMOD-1007-1623-19-117-48933,0.023468461196197055
RMOD-1007-1623-19-162-49061,0.10624982977702002
RMOD-1007-2097-46-117-47879,-0.00788295919664872
RMOD-1007-2097-46-162-48003,0.22831096652444516
RMOD-1007-2275-17-118-47386,0.005703329581101979
RMOD-1007-2275-17-119-51608,-0.0056836729681745135
RMOD-1007-2275-17-154-51681,0.053496168525145604
RMOD-1007-2275-17-162-51689,0.19590670564042556
RMOD-1007-2275-18-162-47327,0.24947691057865207
RMOD-1007-2756-18-117-49220,-0.006020977817680517
RMOD-1007-2756-18-162-49307,0.07329087440752735
RMOD-1007-4268-18-117-53423,-0.008177510271815458
RMOD-1007-4268-18-145-53490,0.006610799747236662
RMOD-1007-4268-18-162-53560,-0.017180547022983883
RMOD-1007-4268-19-117-50950,0.0070758996750674985
RMOD-1007-4268-19-145-51007,-0.04287037849658404
RMOD-1007-4268-19-147-51026,-0.06343118669372272
RMOD-1007-4268-19-162-51065,-0.10003164935838937
RMOD-1007-4480-17-118-51951,0.12417464470797746
RMOD-1007-4480-17-118-54256,-0.06185600674610092
RMOD-1007-4480-17-162-52020,0.09877985229379793
RMOD-1007-4480-17-162-54383,-0.1226531615513079
RMOD-1007-4720-19-117-46501,-0.03248524304436651
RMOD-1007-4720-19-154-46592,0.029040599283124857
RMOD-1007-4720-19-162-46571,-0.03950779360372447
RMOD-1007-5117-19-117-46890,0.007612709369842596
RMOD-1007-5117-19-154-47012,-0.022824228452301365
RMOD-1007-5117-19-162-46925,-0.018121100256724754
RMOD-1007-6158-34-117-50254,-0.03480169187311233
RMOD-1007-6158-34-119-50372,0.057479788884196914
RMOD-1007-6158-34-145-50355,-0.012364586846513093
RMOD-1007-6158-34-162-50315,-0.018006992703245905
RMOD-1007-6416-17-118-53876,0.0015481838215938293
RMOD-1007-6416-17-162-53992,0.10943364212106621
RMOD-1007-6766-17-118-48263,0.05386680256670662
RMOD-1007-6766-17-162-48316,0.030805313492239916
RMOD-1007-6874-17-118-52689,0.008744673084363441
RMOD-1007-6874-17-162-52813,0.1532586376713878
RMOD-1007-7338-18-117-50531,0.004517339914271501
RMOD-1007-7338-18-162-50646,-0.017049774272039353
RMOD-1007-7345-18-117-53035,0.02456472217443917
RMOD-1007-7345-18-145-53117,0.01743728904982489
RMOD-1007-7345-18-162-53174,0.005386872429621992
RMOD-1007-7378-18-117-54614,0.029534823688463607
RMOD-1007-7378-18-162-54703,0.012842636097274429
RMOD-1007-8348-17-118-49602,0.0502995981685721
RMOD-1007-8348-17-162-49649,0.002386466060162684
RMOD-1007-8782-19-117-52282,-0.02736795527398106
RMOD-1007-8782-19-154-52415,0.022967908955642713
RMOD-1007-8782-19-162-52385,0.10564714196538527
RMOD-1008-0004-00-117-49914,-0.018406099492316197
RMOD-1008-0004-00-119-54387,-0.002023220910291723
RMOD-1008-0004-00-127-49998,0.05887333067215428
RMOD-1008-0004-00-127-52064,0.1112430907874078
RMOD-1008-0004-00-127-54257,0.0059935566617543845
RMOD-1008-0004-00-135-51952,-0.08886561546436023
RMOD-1008-0622-00-127-50532,0.043773062854648215
RMOD-1008-2713-00-117-46290,-0.22796663448019727
RMOD-1008-2713-00-119-46167,0.033790406759881986
RMOD-1008-2883-00-117-47351,0.09093170850359344
RMOD-1008-2883-00-117-51609,0.12716427211566494
RMOD-1008-2883-00-119-47234,0.005069834355285963
RMOD-1008-2883-00-119-49603,0.09510749147554809
RMOD-1008-2883-00-154-49688,0.04933637256823209
RMOD-1008-2883-00-154-51719,0.07690017347396738
RMOD-1008-3862-00-117-46624,-0.028572679008549984
RMOD-1008-3862-00-119-46519,-0.17659909355812164
RMOD-1008-3862-00-119-48569,0.053230117464196036
RMOD-1008-3862-00-119-50959,0.12299959190379739
RMOD-1008-3862-00-154-48639,-0.13852044557148346
RMOD-1008-3862-00-154-51027,0.03467752159171944
RMOD-1008-5054-00-101-47880,0.049929634355622365
RMOD-1008-5054-00-101-53877,0.1148565657001992
RMOD-1008-5054-00-107-47960,0.051316968474480085
RMOD-1008-5054-00-107-53993,-0.06571879038257011
RMOD-1008-5242-00-117-53424,0.11946292685685234
RMOD-1008-6866-00-119-48264,-0.06468304351649745
RMOD-1008-7339-00-119-49221,-0.11660815393086188
RMOD-1008-7418-00-108-52809,-0.07735474368276707
RMOD-1008-7418-00-117-52690,0.0471776834939277
RMOD-1008-8514-00-101-51280,0.17492228146381272
RMOD-1008-8514-00-101-53036,0.13275711699046333
RMOD-1008-8514-00-107-51363,0.02175244320140779
RMOD-1008-8514-00-107-53161,-0.08716616728012982
RMOD-1008-9462-00-127-47573,0.09331700274855015
RMOD-1008-9465-00-117-50255,-0.08181741860705594
RMOD-1008-9465-00-127-50373,0.015619903194002083
RMOD-1008-9465-00-127-52437,0.39271435208900285
RMOD-1008-9465-00-135-52338,-0.04745513508878241
RMOD-1008-9465-00-135-54615,0.2895519375545159
RMOD-1008-9468-00-119-46893,-0.07474484445418661
RMOD-1008-9468-00-119-48935,-0.01681411097465002
RMOD-1008-9468-00-127-46963,0.10160946916188585
RMOD-1008-9468-00-127-49015,0.08518323983502851
RMOD-1009-0037-33-119-46520,-0.010237919755114233
RMOD-1009-0073-00-108-50533,-0.04123805307116535
RMOD-1009-0183-00-135-53425,0.01170245467406783
RMOD-1009-0491-00-117-50960,0.23150048942256873
RMOD-1009-0622-00-127-47235,-0.007192049484426755
RMOD-1009-0622-00-127-48570,0.07399986169163753
RMOD-1009-0622-00-135-52691,-0.04043137090291471
RMOD-1009-0914-00-119-50256,0.07723133471438781
RMOD-1009-0914-00-145-52284,-0.14891856724742059
RMOD-1009-1633-00-127-54616,0.020849857722113008
RMOD-1009-1793-00-117-49605,0.1386647310869591
RMOD-1009-1793-00-127-49689,-0.11920930057559564
RMOD-1009-2076-100-106-53037,0.11627906976744184
RMOD-1009-2076-100-135-53269,-0.10023309307865036
RMOD-1009-2283-00-117-46965,-0.007663186787792653
RMOD-1009-2283-00-119-46895,0.03769122618998777
RMOD-1009-5114-00-117-47574,0.06264388471759874
RMOD-1009-5171-00-117-48936,-0.15895979649331382
RMOD-1009-5483-00-117-47961,0.07195287134567674
RMOD-1009-5483-00-119-47881,0.06126122787598254
RMOD-1009-5892--00-119-48265,0.12246692801903292
RMOD-1009-5892-00-117-46291,-0.14820867182610753
RMOD-1009-5892-00-119-46168,0.006432880441351596
RMOD-1009-7339-00-147-51282,-0.06745189597671197
RMOD-1009-7339-00-147-54259,0.0044368546728599245
RMOD-1009-7391-00-117-51720,-0.10120219533969843
RMOD-1009-7391-00-117-53878,0.03022284799435737
RMOD-1009-7391-00-135-51610,-0.015551085973375733
RMOD-1009-8232-00-108-52065,0.30965441044278386
RMOD-1009-8232-00-119-51953,-0.18647368707620648
RMOD-1009-8514-00-101-49222,0.12466540923857217
RMOD-1009-8514-00-107-49356,0.17309772888515074
RMOD-1009-9462-00-127-49915,0.008455473785018208
RMOD-1010-0373-03-101-48938,-0.002028192818817054
RMOD-1010-0373-03-101-51954,-0.01261103333001845
RMOD-1010-0373-03-106-48995,0.024156052452234622
RMOD-1010-0373-03-106-52047,-0.036413983784541526
RMOD-1010-0449-03-101-46522,-0.00879786717430242
RMOD-1010-0449-03-101-48571,-0.02410820341284292
RMOD-1010-0449-03-158-46593,0.012479405813983213
RMOD-1010-0449-03-158-48621,0.0011111661933391748
RMOD-1010-0625-03-101-54260,0.03152851858192984
RMOD-1010-0625-03-106-51339,0.017756874703883874
RMOD-1010-0625-03-106-54346,0.03919711087567257
RMOD-1010-0625-03-108-51283,0.03249825216146163
RMOD-1010-1015-04-101-49916,0.0073786576433023665
RMOD-1010-1015-04-106-49983,-0.09291514322923944
RMOD-1010-1988-03-101-49223,-0.08989429803186255
RMOD-1010-1988-03-101-52692,0.0445549777965466
RMOD-1010-1988-03-158-49338,-0.017907652563686316
RMOD-1010-1988-03-158-52762,-0.03572572297355059
RMOD-1010-2075-03-101-47576,-0.0049735942668590605
RMOD-1010-2075-03-101-49606,-0.0333126519954684
RMOD-1010-2075-03-101-51611,-0.023886750279153657
RMOD-1010-2075-03-101-53879,-0.03797573666569254
RMOD-1010-2075-03-106-47602,0.07113136481167914
RMOD-1010-2075-03-106-49660,-0.08598223545630601
RMOD-1010-2075-03-106-51685,0.04074053042642767
RMOD-1010-2075-03-106-53976,-0.062051094898153414
RMOD-1010-6432-03-101-48266,0.010737658050984145
RMOD-1010-6432-03-101-50257,0.06114864944308995
RMOD-1010-6432-03-101-52285,0.05090606525670638
RMOD-1010-6432-03-106-50356,0.03504905229686561
RMOD-1010-6432-03-106-52416,-0.14551975138715134
RMOD-1010-6432-03-107-48371,0.016776273986377488
RMOD-1010-6432-03-107-50375,0.06844424841379348
RMOD-1010-6432-03-107-52438,-0.21407935886954388
RMOD-1010-6432-03-158-48351,-0.11720373298350018
RMOD-1010-6491-03-101-46900,-0.044846766054710385
RMOD-1010-6491-03-101-50534,0.06323800014594383
RMOD-1010-6491-03-101-53038,0.023061255484455145
RMOD-1010-6491-03-106-47016,0.001813658893214054
RMOD-1010-6491-03-106-50672,-0.16223861919382343
RMOD-1010-6491-03-106-53118,0.07147371530269875
RMOD-1010-6491-03-107-46966,-0.06957152204781303
RMOD-1010-6491-03-107-50691,0.012572362475921972
RMOD-1010-6491-03-107-53176,-0.09507176409119533
RMOD-1010-7470-03-101-54617,-0.07117606723508252
RMOD-1010-7470-03-145-54796,-0.053243180518694255
RMOD-1010-8572-03-101-47236,-0.031963903440106356
RMOD-1010-8572-03-106-47291,0.034054046882137534
RMOD-1010-8572-03-107-47352,0.005311697588830988
RMOD-1010-8828-03-101-46169,-0.057122463310321114
RMOD-1010-8828-03-101-47882,0.018175157116302687
RMOD-1010-8828-03-101-50961,0.02527264967431897
RMOD-1010-8828-03-101-53426,0.013502642494799266
RMOD-1010-8828-03-145-53491,-0.05175059530047743
RMOD-1010-8828-03-158-46262,-0.03238322564939333
RMOD-1010-8828-03-158-47932,-0.051589617794355225
RMOD-1010-8828-03-158-51008,-0.08470715621457281
RMOD-1011-0395-100-127-48572,-0.010435280520922574
RMOD-1011-0395-100-127-50535,0.12387293078563588
RMOD-1011-0506-100-127-47237,-0.02794375038065533
RMOD-1011-0506-100-127-51284,-0.030454632870831277
RMOD-1011-0591-26-127-52286,-0.009659356741538727
RMOD-1011-1541-100-152-46170,-0.20764985206979558
RMOD-1011-1541-100-152-49224,0.08232125706288973
RMOD-1011-1541-39-127-46281,-0.12738488699921224
RMOD-1011-1541-39-127-49357,-0.0139635896590663
RMOD-1011-1641-100-152-46903,-0.16856496020925726
RMOD-1011-1641-100-152-48947,-0.11757542075359995
RMOD-1011-1779-26-152-47883,0.027267885114356183
RMOD-1011-4356-100-126-53427,0.13700122779390367
RMOD-1011-4356-26-127-48372,-0.07270448920298334
RMOD-1011-4356-26-152-48267,0.06787263087316942
RMOD-1011-5670-26-152-50258,-0.003312250944001782
RMOD-1011-6627-100-126-47673,-0.06577944334362773
RMOD-1011-6627-100-126-49690,-0.005296194981089131
RMOD-1011-6627-100-126-53880,0.10868729560672086
RMOD-1011-6627-26-127-47579,-0.03307929343213567
RMOD-1011-6627-26-127-49607,-0.07159496485017014
RMOD-1011-6627-26-127-51722,-0.11395475011340273
RMOD-1011-6627-26-152-51612,-0.06611780884324703
RMOD-1011-8242-00-126-46524,0.010840438044075196
RMOD-1011-8242-100-127-46625,-0.08862308920105699
RMOD-1011-8242-27-126-52066,-0.09328058924028448
RMOD-1011-8242-27-152-51955,-0.022256247734085743
RMOD-1011-8290-100-127-49917,0.060862340933030445
RMOD-1011-8290-100-127-54261,0.05673042716065235
RMOD-1011-8291-100-127-52693,-0.07610308698756107
RMOD-1011-8387-100-126-54618,0.01464026142463748
RMOD-1011-8387-26-127-50962,-0.07580999942637079
RMOD-1011-8387-26-152-51028,0.007162281479633048
RMOD-1011-9285-100-126-53039,0.1079453105896846
RMOD-1012-0045-01-103-53881,0.03505742414623669
RMOD-1012-0045-01-106-53977,-0.03947291496690686
RMOD-1012-0293-02-101-48573,-0.027746815027431704
RMOD-1012-0293-02-103-48640,-0.08952840712863985
RMOD-1012-0293-02-106-48622,-0.004670339492529374
RMOD-1012-0600-01-103-50536,0.01956570723704365
RMOD-1012-0600-01-106-50673,-0.031848794135142966
RMOD-1012-1289-01-103-47580,-0.09101115300955664
RMOD-1012-1289-01-106-47604,0.0031903279429652542
RMOD-1012-1968-02-101-49918,-0.03585506404112404
RMOD-1012-1968-02-103-49999,-0.011684928653449389
RMOD-1012-1968-02-106-49984,0.018907323743276416
RMOD-1012-2486-01-103-50260,0.03550799117579251
RMOD-1012-2486-01-106-50357,0.001754603851846559
RMOD-1012-3035-02-101-46525,-0.0079731446509691
RMOD-1012-3035-02-103-46626,-0.10622843799483561
RMOD-1012-3035-02-106-46594,-0.14074095901348305
RMOD-1012-5015-04-101-48268,-0.008349234598260868
RMOD-1012-5015-04-106-48352,-0.002279915377741859
RMOD-1012-5096-01-103-47238,-0.00695958943422581
RMOD-1012-5096-01-106-47299,-0.11572408468121287
RMOD-1012-5146-01-103-47884,-0.06190487958193858
RMOD-1012-5146-01-106-47933,0.06361713881674036
RMOD-1012-6031-04-103-49608,0.003714736929977258
RMOD-1012-6031-04-106-49662,-0.04696406300463707
RMOD-1012-6195-04-101-49016,-0.09977563139969836
RMOD-1012-6195-04-145-48997,0.0528824335818201
RMOD-1012-6195-05-104-48948,-0.09131945745324155
RMOD-1012-6195-05-104-51285,-0.0305121766515718
RMOD-1012-6195-05-145-51340,-0.04012047692208254
RMOD-1012-6374-05-103-54262,-0.008458998896005765
RMOD-1012-6374-05-106-54349,-0.05903727665480418
RMOD-1012-6406-05-103-46171,-0.03754333191716952
RMOD-1012-6406-05-106-46263,-0.06093416308028954
RMOD-1012-6406-05-107-46282,-0.08784432873588943
RMOD-1012-6407-05-101-46906,-0.028648537419594167
RMOD-1012-6407-05-103-46968,0.004934613472156624
RMOD-1012-6407-05-106-47018,0.03587507824597136
RMOD-1012-6681-05-103-49226,0.0179828884265254
RMOD-1012-6681-05-103-51956,0.0605009750050689
RMOD-1012-6681-05-106-49339,0.0024943979301004227
RMOD-1012-6681-05-106-52048,0.08558775495626048
RMOD-1012-7242-05-103-52287,-0.14432468039008384
RMOD-1012-7242-05-145-52417,-0.024019499922011356
RMOD-1012-7952-01-103-54619,-0.02674418059392758
RMOD-1012-7952-01-106-54682,0.04923893902246679
RMOD-1012-7960-01-102-52811,0.028655353057192245
RMOD-1012-7960-01-103-52694,-0.02737883250484585
RMOD-1012-7960-01-106-52763,-0.014131220998833016
RMOD-1012-8061-01-103-50963,-0.0113720287411202
RMOD-1012-8061-01-103-53040,0.021048328766617885
RMOD-1012-8061-01-106-51012,-0.017918863365649074
RMOD-1012-8061-01-106-53119,0.028616713882630984
RMOD-1012-8968-05-103-51613,-0.0073922952591256585
RMOD-1012-8968-05-145-51688,-0.01869907998488196
RMOD-1012-9564-04-103-53428,0.009220818597225788
RMOD-1012-9564-04-106-53492,-0.029556856220418037
RMOD-1013-0157-18-117-49919,0.01140493141602028
RMOD-1013-0157-18-162-50056,0.1525032630723837
RMOD-1013-0273-01-103-49227,-0.009949421222001376
RMOD-1013-0273-01-106-49340,-0.10493200264757663
RMOD-1013-0293-01-102-50537,-0.07387831966489644
RMOD-1013-0293-01-103-50692,0.050082715945121814
RMOD-1013-0293-01-106-50674,0.01300657566604313
RMOD-1013-0298-01-103-53882,0.027917554659277144
RMOD-1013-0298-01-106-53978,-0.008282146392654677
RMOD-1013-0934-01-102-47593,0.0440587733668083
RMOD-1013-0934-01-103-47674,0.016405660399597677
RMOD-1013-0934-01-103-52288,-0.07858960226748635
RMOD-1013-0934-01-106-52418,0.006275601800751263
RMOD-1013-0934-01-158-47605,0.048820253399610936
RMOD-1013-0934-02-101-46175,-0.006099660922182171
RMOD-1013-0934-02-158-46264,-0.012895218650601392
RMOD-1013-1289-01-103-48949,-0.024754772886528165
RMOD-1013-1289-01-106-48998,-0.0650570404639238
RMOD-1013-1970-01-103-53041,0.037888856353696765
RMOD-1013-1970-01-106-53120,-0.1018290073287369
RMOD-1013-2248-01-102-50262,-0.005251479914495927
RMOD-1013-2248-01-103-50379,-0.062041171027965025
RMOD-1013-2248-01-106-50358,-0.02521077699157548
RMOD-1013-2248-02-101-46528,-0.03748923703879259
RMOD-1013-2248-02-103-46627,0.06198299678511976
RMOD-1013-2248-02-158-46596,0.043798721795421436
RMOD-1013-2594-01-103-48574,0.06503532523934119
RMOD-1013-2752-01-103-49609,0.005684769563229386
RMOD-1013-2752-01-106-49665,0.032001482713932994
RMOD-1013-2752-01-108-49691,0.06661249282226378
RMOD-1013-3202-01-102-48269,0.005233741876403686
RMOD-1013-3202-01-103-48373,-0.006598283306647024
RMOD-1013-3202-01-106-48353,-0.027290972164075056
RMOD-1013-3281-00-117-46909,-0.01936534221984254
RMOD-1013-3281-100-130-46969,0.001279190158263388
RMOD-1013-4245-19-117-52695,0.005546387755699822
RMOD-1013-4245-19-162-52815,-0.09538993160987685
RMOD-1013-4401-10-117-47239,0.02675529808809185
RMOD-1013-4478-17-118-51286,-0.00770238968610637
RMOD-1013-4835-01-103-51957,0.0002881041756181979
RMOD-1013-4835-01-106-52049,0.027138257592469017
RMOD-1013-4835-01-108-52077,0.029429773801737724
RMOD-1013-4957-01-102-47885,-0.02760330675693501
RMOD-1013-4957-01-103-47963,0.03687630218534088
RMOD-1013-4957-01-106-47934,-0.015010916800232033
RMOD-1013-5146-01-103-51614,0.014020656831463585
RMOD-1013-5146-01-106-51690,-0.028559674856767026
RMOD-1013-6124-01-103-53429,0.07473247794480797
RMOD-1013-6124-01-106-53493,-0.021525716702982756
RMOD-1013-7529-17-118-54263,0.04372664018887962
RMOD-1013-7529-17-145-54352,-0.008027135624923631
RMOD-1013-7529-17-162-54377,0.08564502556513842
RMOD-1013-8243-01-103-50965,0.005057554114169305
RMOD-1013-8243-01-103-54620,0.001163142014332763
RMOD-1013-8243-01-106-54684,-0.035692619675438686
RMOD-1014-0273-01-103-46529,0.03148281894572369
RMOD-1014-0273-01-106-46599,-0.045724205525144335
RMOD-1014-0298-01-103-47598,0.04790472256426903
RMOD-1014-0298-01-103-49610,0.01516254367459502
RMOD-1014-0298-01-103-51615,0.03094803710455385
RMOD-1014-0298-01-106-47607,0.09619585255683383
RMOD-1014-0298-01-106-49667,0.04370506526040274
RMOD-1014-0298-01-106-51695,-0.004550255473547371
RMOD-1014-1872-01-103-46910,0.009758617620929666
RMOD-1014-1872-01-103-48950,0.052627493755654564
RMOD-1014-1872-01-103-50966,0.03867273296284046
RMOD-1014-1872-01-106-47019,0.014657276524976393
RMOD-1014-1872-01-106-49001,-0.03710767279391636
RMOD-1014-1872-01-106-51013,0.02705035180417248
RMOD-1014-1971-01-103-52289,-0.024161357150280338
RMOD-1014-1971-01-106-52420,-0.014292789292444485
RMOD-1014-1999-01-103-46176,-0.10744907666516013
RMOD-1014-2752-01-103-47886,0.0003947176528460439
RMOD-1014-2752-01-103-51958,0.028646278993678997
RMOD-1014-2752-01-103-54264,0.02351229128718013
RMOD-1014-2752-01-106-47935,-0.01705882936082448
RMOD-1014-2752-01-106-52050,0.13202972797934542
RMOD-1014-2752-01-106-54355,0.036046500940208226
RMOD-1014-2752-01-108-52068,0.11254645737289537
RMOD-1014-2752-01-108-54379,0.06048060837298097
RMOD-1014-3202-01-103-49920,0.034665735806419073
RMOD-1014-3202-01-106-49985,-0.047442011436834686
RMOD-1014-4874-01-103-48270,-0.01645107393285039
RMOD-1014-4874-01-103-50538,0.03920513052140007
RMOD-1014-4874-01-103-53042,0.02253557764130454
RMOD-1014-4874-01-106-48354,-0.09315912351413125
RMOD-1014-4874-01-106-50676,0.06356690954161048
RMOD-1014-4874-01-106-53122,0.049851538875130164
RMOD-1014-4957-01-102-50263,-0.0023003832384747014
RMOD-1014-4957-01-103-50380,-0.0518567207123799
RMOD-1014-4957-01-106-50359,0.12001324579430506
RMOD-1014-5096-01-103-52696,-0.06516577850730476
RMOD-1014-5096-01-106-52764,0.059856748631654355
RMOD-1014-5146-01-103-54621,0.009385402081371508
RMOD-1014-5146-01-106-54685,-0.027791954584319933
RMOD-1014-5189-01-103-53883,0.011105505403452787
RMOD-1014-5189-01-106-53980,0.0308400740077599
RMOD-1014-5967-01-103-48575,0.03252694855343474
RMOD-1014-5967-01-106-48623,0.038785383783263905
RMOD-1014-5967-01-108-48641,0.051554798165470705
RMOD-1014-6521-01-103-47240,0.021267835969003057
RMOD-1014-6521-01-103-49228,-0.023388739921042956
RMOD-1014-6521-01-103-51287,0.01781381795760395
RMOD-1014-6521-01-103-53430,-0.0172021857910436
RMOD-1014-6521-01-106-47302,-0.0012090949003422669
RMOD-1014-6521-01-107-47353,-0.04802847981301728
RMOD-1014-6521-01-107-49358,-0.10321410656383179
RMOD-1014-6521-01-107-51364,-0.04482532959256158
RMOD-1014-6521-01-107-53561,-0.0920242971866243
RMOD-1014-6521-01-158-49341,-0.04842735584946278
RMOD-1014-6521-01-158-51341,-0.01626321597952063
RMOD-1014-6521-01-158-53494,-0.12340381518372223
RMOD-1015-0296-17-118-52697,-0.009004071961125737
RMOD-1015-0296-17-154-52765,-0.029969761790391902
RMOD-1015-0296-17-162-52817,-0.21758903411189923
RMOD-1015-0418-17-118-47603,-0.002447446274488785
RMOD-1015-0418-17-118-49921,-0.04494609535970395
RMOD-1015-0418-17-154-49986,-0.031592835016452936
RMOD-1015-0418-17-162-47695,0.11646317953930119
RMOD-1015-0418-17-162-50057,-0.05026730884116115
RMOD-1015-0503-17-118-51959,0.017034498219721694
RMOD-1015-0503-17-118-54265,0.0013127821914844517
RMOD-1015-0503-17-162-52021,0.025671225463153924
RMOD-1015-0503-17-162-54388,0.07585770687678872
RMOD-1015-1479-17-119-52290,-0.06121977979135107
RMOD-1015-1479-17-162-52387,0.01575582531292019
RMOD-1015-1963-17-118-46912,0.013111506221467284
RMOD-1015-1963-17-162-46927,0.3099113740481685
RMOD-1015-2085-19-117-48576,0.014646644741983517
RMOD-1015-2085-19-145-48624,-0.027427820959899152
RMOD-1015-2085-19-154-48642,-0.0056578534635194355
RMOD-1015-2085-19-162-48689,0.1490584454860493
RMOD-1015-3857-17-118-49229,0.057789308538031436
RMOD-1015-3857-17-162-49321,-0.08667032183561052
RMOD-1015-4277-17-118-46530,0.09369329973252838
RMOD-1015-4277-17-118-48271,-0.02742417894395177
RMOD-1015-4277-17-118-50266,0.02428469440969283
RMOD-1015-4277-17-154-48356,0.015210958055967394
RMOD-1015-4277-17-154-50360,0.027744041995723334
RMOD-1015-4277-17-162-46746,-0.0842212786483264
RMOD-1015-4277-17-162-48317,-0.04199378794275921
RMOD-1015-4277-17-162-50316,-0.045712616890915436
RMOD-1015-4340-17-118-51616,0.014320768149262975
RMOD-1015-4340-17-118-53884,0.004394742461306889
RMOD-1015-4340-17-162-51691,-0.01625544947922608
RMOD-1015-4340-17-162-53994,0.051094088431863804
RMOD-1015-4371-17-118-50967,0.006884476080731838
RMOD-1015-4371-17-118-54622,0.025546331205746453
RMOD-1015-4371-17-162-51066,0.24616277753651294
RMOD-1015-4371-17-162-54704,-0.024127318678819898
RMOD-1015-4478-17-118-53431,0.024854151325836016
RMOD-1015-4478-17-162-53504,0.07077099956864874
RMOD-1015-5897-17-118-47887,-0.012060085442043289
RMOD-1015-5897-17-162-48004,0.111050055007192
RMOD-1015-5992-17-118-49611,0.01816398382878459
RMOD-1015-5992-17-162-49650,-0.11479576420213766
RMOD-1015-6158-19-117-47241,-0.012160633391734677
RMOD-1015-6158-19-145-47305,-0.011103236087038226
RMOD-1015-6158-19-162-47328,0.11752568122680174
RMOD-1015-6769-17-118-46177,-0.05966154243764088
RMOD-1015-6769-17-118-50539,-0.01879539346887471
RMOD-1015-6769-17-118-53043,0.0021696651004139422
RMOD-1015-6769-17-162-46219,-0.12856730130984062
RMOD-1015-6769-17-162-50647,0.020125506602112653
RMOD-1015-6769-17-162-53162,-0.1634550376013092
RMOD-1015-7529-17-118-48951,0.06592993352932885
RMOD-1015-7529-17-118-51288,-0.010737569218752019
RMOD-1015-7529-17-154-49018,0.026690333104424813
RMOD-1015-7529-17-154-51343,-0.03323570405433751
RMOD-1015-7529-17-158-49002,0.0045701384430876235
RMOD-1015-7529-17-162-49063,0.17122595071519342
RMOD-1015-7529-17-162-51378,0.09613834223145412
RMOD-1016-0004-00-127-47242,-0.2148563144071185
RMOD-1016-0037-00-119-50968,-0.08231110321751167
RMOD-1016-0037-00-127-53505,0.13452125856032082
RMOD-1016-0037-00-135-53432,0.07473153477486649
RMOD-1016-0183-00-117-50268,0.2593746026380592
RMOD-1016-0407-00-135-51617,-0.11083031214745231
RMOD-1016-0409-00-119-48275,-0.09097173629570932
RMOD-1016-0409-00-127-48376,0.04586249207208759
RMOD-1016-0472-00-117-46292,0.0724437461436569
RMOD-1016-0472-00-119-46178,0.005563218384038171
RMOD-1016-0491-00-117-49612,0.19957426370479014
RMOD-1016-0499-00-108-52069,0.07366686804181621
RMOD-1016-0499-00-119-48577,0.07755514972838728
RMOD-1016-0499-00-119-51960,-0.3738935910331457
RMOD-1016-0993-00-117-53044,-0.04597512182165986
RMOD-1016-1633-00-127-48952,0.07168499527545635
RMOD-1016-5114-00-108-54392,-0.005741308579398474
RMOD-1016-5114-00-117-51289,0.02277351725771437
RMOD-1016-5114-00-117-54266,0.04817262243004028
RMOD-1016-5242-00-119-46531,-0.16535495007921508
RMOD-1016-5242-100-161-46628,0.05027837724659845
RMOD-1016-5692-00-117-49922,0.006573960627062281
RMOD-1016-5892-00-119-50542,-0.00958050695916779
RMOD-1016-5892-00-119-52698,0.052497257190641466
RMOD-1016-6023-00-108-54705,-0.013226736488832103
RMOD-1016-6023-00-119-54623,0.07952592608503561
RMOD-1016-6607-00-108-52439,0.021199140886849932
RMOD-1016-6607-00-117-52291,0.48363518342293066
RMOD-1016-6852-00-117-47606,0.05157982825966201
RMOD-1016-6897-00-117-46970,0.0383354210854312
RMOD-1016-6897-00-117-53885,0.0875951595693567
RMOD-1016-6897-00-119-46916,-0.012095907700790942
RMOD-1016-8232-00-119-47888,0.08490897846083723
RMOD-1016-9474-00-117-49230,-0.010005891435924341
RMOD-1017-0931-15-148-49231,0.05248890688568175
RMOD-1017-0931-15-148-49323,0.22433952102285848
RMOD-1017-0931-15-148-49359,-0.03902661285348852
RMOD-1017-0932-15-148-53045,0.04287993959917791
RMOD-1017-0932-15-148-53163,-0.015592883423982351
RMOD-1017-0932-15-148-53184,0.011508926066769343
RMOD-1017-0932-15-163-53177,0.22174484248934845
RMOD-1017-1067-17-162-47609,0.15933569210017828
RMOD-1017-1314-17-162-47243,0.13846322476239536
RMOD-1017-1445-15-148-54624,0.07035496044183831
RMOD-1017-1445-15-148-54706,-0.006446818695544199
RMOD-1017-1445-15-14854717,0.13290398372425627
RMOD-1017-1445-15-163-54713,0.014997583315759622
RMOD-1017-1877-15-148-47889,0.04525173035328467
RMOD-1017-1877-15-148-47966,-0.09398522894037686
RMOD-1017-1877-15-148-48005,0.028411977833431523
RMOD-1017-1877-15-148-50543,0.060765026689553636
RMOD-1017-1877-15-148-50649,0.12409614963858884
RMOD-1017-1877-15-148-50693,0.018800470302960948
RMOD-1017-1877-15-163-50662,0.0052364344415885
RMOD-1017-1937-100-126-46536,-0.008404755398150998
RMOD-1017-1938-15-148-48953,0.042136032168205384
RMOD-1017-1938-15-148-49019,0.05201931921782377
RMOD-1017-1938-15-148-49064,0.006800576120112867
RMOD-1017-2518-15-148-51290,0.07050827950561711
RMOD-1017-2518-15-148-51365,-0.22502455332251747
RMOD-1017-2518-15-148-51380,0.025242570159696776
RMOD-1017-2518-15-148-53886,0.03572361561480908
RMOD-1017-2518-15-148-53932,0.012960087051971936
RMOD-1017-2518-15-148-53995,-0.14847032509361313
RMOD-1017-2518-15-163-51397,-0.05703062351086807
RMOD-1017-2518-15-163-53926,0.4383576681121433
RMOD-1017-2645-100-126-46179,-0.08555478775124292
RMOD-1017-2645-100-126-48277,0.046962707345734156
RMOD-1017-2954-17-162-46918,0.10068480086510179
RMOD-1017-3323-15-148-52699,0.06804916895079138
RMOD-1017-3323-15-148-52814,0.19469202941359343
RMOD-1017-3323-15-148-52818,0.24433865902759333
RMOD-1017-3323-15-163-52827,0.14024149141495967
RMOD-1017-3471-15-148-48578,0.023077668332007528
RMOD-1017-3471-15-148-48643,-0.14052834940906433
RMOD-1017-3471-15-148-48690,0.12229089749398514
RMOD-1017-3471-15-148-49923,0.07497171845904749
RMOD-1017-3471-15-148-50000,0.013113027824011692
RMOD-1017-3471-15-148-50058,0.17514447210670747
RMOD-1017-3471-15-148-53433,0.0782547461336065
RMOD-1017-3471-15-148-53506,-0.10750643947886462
RMOD-1017-3471-15-148-53567,0.10680852625469583
RMOD-1017-3471-15-163-50072,0.019864094423211798
RMOD-1017-3471-15-163-53562,0.06240843981578292
RMOD-1017-4106-15-148-50269,0.13359723004745971
RMOD-1017-4106-15-148-50318,-0.3996281557489395
RMOD-1017-4106-15-148-50382,0.005789944694613247
RMOD-1017-4106-15-148-52292,0.12961431106279253
RMOD-1017-4106-15-148-52388,0.9837497883380075
RMOD-1017-4106-15-148-52440,0.32176195292518806
RMOD-1017-4106-15-148-54267,0.06809303603434147
RMOD-1017-4106-15-148-54385,0.2531168202157703
RMOD-1017-4106-15-148-54393,0.05287371737024027
RMOD-1017-4106-15-163-50412,-0.13977261902527505
RMOD-1017-4106-15-163-52397,-0.355106685512506
RMOD-1017-4106-15-163-54380,0.4271576195839357
RMOD-1017-5914-15-148-51961,0.10647617033334456
RMOD-1017-5914-15-148-52022,0.09429762234425265
RMOD-1017-5914-15-148-52070,0.43196494464817925
RMOD-1017-5914-15-163-52033,0.36909870642228215
RMOD-1017-5918-15-148-50969,0.08055748995144985
RMOD-1017-5918-15-148-51029,-0.16413841629967385
RMOD-1017-5918-15-148-51067,0.06289446609203453
RMOD-1017-5918-15-163-51078,0.13173378923207113
RMOD-1017-7618-15-148-49613,0.09978718770189321
RMOD-1017-7618-15-148-49652,0.06344521073453713
RMOD-1017-7618-15-148-49692,0.1773637824015235
RMOD-1017-7618-15-163-49669,-0.024191360337378898
RMOD-1017-9502-15-148-51618,0.124553350717306
RMOD-1017-9502-15-148-51692,0.052083637671994865
RMOD-1017-9502-15-148-51725,0.17546394009111976
RMOD-1017-9502-15-163-51787,0.21664733118735935
RMOD-1018-0083-00-117-47244,0.08008895241509739
RMOD-1018-0083-00-117-50544,0.10954998160193141
RMOD-1018-0083-00-117-52700,-0.10682832231103612
RMOD-1018-0407-00-118-49232,0.06798798252171045
RMOD-1018-0407-00-135-54268,-0.036035330888439576
RMOD-1018-0407-44-117-46294,-0.08748980634959214
RMOD-1018-0407-44-118-46181,-0.14261097826391522
RMOD-1018-0940-00-101-47610,-0.0031517318491313118
RMOD-1018-1072-00-117-49614,-0.017971471153418683
RMOD-1018-1072-00-117-53046,0.1981616573205216
RMOD-1018-1263-00-117-51291,0.07197862081279549
RMOD-1018-2262-00-117-50270,0.03068612173619978
RMOD-1018-4700-00-08-48579,-0.03235314393185218
RMOD-1018-5362-00-117-48957,0.03562112463950773
RMOD-1018-6161-00-117-46537,0.1309059449032186
RMOD-1018-6607-00-108-50001,0.01357519693695064
RMOD-1018-6607-00-117-49924,-0.08648512422798171
RMOD-1018-6852-00-117-51962,-0.03200309966606962
RMOD-1018-6852-00-117-53434,0.0074854891428326464
RMOD-1018-6866-00-119-50970,0.17904093931325438
RMOD-1018-7383-00-117-48279,0.07817184666851351
RMOD-1018-7391-00-117-46971,0.06759995267540364
RMOD-1018-7391-00-119-46921,0.0033211922219613665
RMOD-1018-8753-00-117-54625,0.15489599604557247
RMOD-1018-8753-00-147-51619,0.029843828043485177
RMOD-1018-9462-00-127-52293,0.03590018229977243
RMOD-1018-9465-00-117-47890,-0.2773728794288587
RMOD-1018-9465-00-127-47969,0.14313146233958496
RMOD-1018-9468-00-117-53887,0.029411279949999036
RMOD-1018-9468-00-135-53996,0.12412754995354325
RMOD-1019-0836-09-117-47253,-0.03345089596858586
RMOD-1019-0838-100-130-47611,0.03703671787380425
RMOD-1019-4137-09-117-46539,0.017969799161758893
RMOD-1019-4137-09-145-46601,0.050018897409859875
RMOD-1019-4142-02-101-48958,-0.006840206255273484
RMOD-1019-4142-02-103-49020,-0.03765037010591887
RMOD-1019-4142-02-106-49003,0.06460119598982761
RMOD-1019-4935-00-107-48644,0.046433848596179494
RMOD-1019-4935-00-107-50694,0.0394249892596259
RMOD-1019-4935-00-107-52816,-0.01164802085253247
RMOD-1019-4935-100-130-46182,-0.06823537294023374
RMOD-1019-4935-100-130-48580,0.03993059371947649
RMOD-1019-4935-100-130-50545,0.04285568431680464
RMOD-1019-4935-100-130-52701,0.06331682956877849
RMOD-1019-4935-30-106-46265,-0.04127522685526408
RMOD-1019-4935-30-107-46283,-0.03750707376485829
RMOD-1019-5020-100-130-49233,0.014354523340381897
RMOD-1019-5020-100-130-51620,0.06911076195390908
RMOD-1019-5020-100-130-53888,0.039410617199404196
RMOD-1019-5365-00-117-47891,0.08646023155679283
RMOD-1019-5365-00-117-51366,-0.11796102898664684
RMOD-1019-5365-100-130-51292,-0.043940365930075886
RMOD-1019-5365-100-130-53435,0.050859021385356584
RMOD-1019-5431-10-117-46923,0.04199057646956872
RMOD-1019-5431-10-117-49615,-0.03635984942402426
RMOD-1019-5431-10-154-49671,0.018713161134876533
RMOD-1019-5528-02-101-49925,0.0033399129771007896
RMOD-1019-5528-02-101-54269,-0.004119137821987584
RMOD-1019-5528-02-103-50006,-0.03535767772141263
RMOD-1019-5528-02-106-49987,0.02168032729354752
RMOD-1019-5528-02-106-54356,0.003764116579779486
RMOD-1019-7177-02-101-50971,-0.025355688385602648
RMOD-1019-7177-02-101-53047,-0.01472105660115497
RMOD-1019-7177-02-103-51030,-0.011392591762330317
RMOD-1019-7177-02-103-53178,-0.03753809251699636
RMOD-1019-7177-02-106-51014,-0.036452014221357576
RMOD-1019-7177-02-106-53123,-0.09515325057268953
RMOD-1019-7566-02-101-48281,-0.0780675580889233
RMOD-1019-7566-02-101-50272,-0.0013288731300301615
RMOD-1019-7566-02-101-52294,0.09331161012662914
RMOD-1019-7566-02-101-54626,0.006996157921101975
RMOD-1019-7566-02-103-48377,0.03192633121415045
RMOD-1019-7566-02-106-50361,-0.00118709389663596
RMOD-1019-7566-02-106-52421,0.1732809392163941
RMOD-1019-7566-02-106-54686,0.01701592819411446
RMOD-1019-7566-02-158-48357,-0.04150718108015039
RMOD-1019-7762-00-117-51963,-0.11988110394454354
RMOD-1020-1643-100-126-51621,0.1903015692444645
RMOD-1020-1937-100-126-51964,0.12042696920115836
RMOD-1020-2045-46-162-46541,-0.010810442230822281
RMOD-1020-4374-100-126-47612,0.18763030156542437
RMOD-1020-4374-100-126-49616,0.09649335823229221
RMOD-1020-5139-100-126-47892,0.005139225159932925
RMOD-1020-5139-100-126-51293,-0.014652461048849541
RMOD-1020-5953-19-162-47254,0.021429944156668768
RMOD-1020-5953-19-162-48581,0.21858081525329487
RMOD-1020-5953-19-162-50546,0.0330587997480285
RMOD-1020-5953-19-162-54270,0.21063000266340293
RMOD-1020-6311-100-126-46926,0.10295093062500138
RMOD-1020-6311-100-126-49234,0.0019390897362692172
RMOD-1020-6311-100-126-52295,0.04511908051046554
RMOD-1020-6356-17-162-46183,0.07825667333807518
RMOD-1020-7449-100-126-52702,-0.11647206003680322
RMOD-1020-8383-17-162-50972,-0.33279486880339504
RMOD-1020-8632-17-162-53436,-0.08021345479217912
RMOD-1021-1446-01-103-51294,0.027564795860990587
RMOD-1021-1446-01-103-53444,0.01432845991502174
RMOD-1021-1446-01-106-51344,0.03721076692611458
RMOD-1021-3448-01-103-46928,-0.014146544057214716
RMOD-1021-3448-01-103-48959,0.002074938479531774
RMOD-1021-3448-01-103-50973,-0.02259537109571308
RMOD-1021-3448-01-103-53048,-0.03921780667070973
RMOD-1021-3448-01-106-47024,0.032898408683200264
RMOD-1021-3448-01-106-49004,0.006641481168504049
RMOD-1021-3448-01-106-51015,-0.023044812540454873
RMOD-1021-3448-01-106-53124,0.001136691757646524
RMOD-1021-3453-01-103-46184,0.08276630883475056
RMOD-1021-3453-01-103-47893,0.014461943025377177
RMOD-1021-3453-01-103-48284,-0.015724839101805443
RMOD-1021-3453-01-103-50273,-0.028070154015460758
RMOD-1021-3453-01-103-52296,-0.0848976249564466
RMOD-1021-3453-01-106-46266,0.03316156106891199
RMOD-1021-3453-01-106-47936,-0.006052837497791175
RMOD-1021-3453-01-106-48358,-0.09334387446358938
RMOD-1021-3453-01-106-50362,-0.008088178893130071
RMOD-1021-3453-01-106-52423,0.10910384781416571
RMOD-1021-4177-01-103-49235,0.002569468500733807
RMOD-1021-4177-01-103-51622,0.03348707414882712
RMOD-1021-4177-01-103-53889,0.08348498336902566
RMOD-1021-4177-01-106-49343,0.0673813097200695
RMOD-1021-4177-01-106-51697,-0.012149423752596755
RMOD-1021-4177-01-106-53981,0.14079103964264283
RMOD-1021-4928-01-103-47256,0.06087800098433749
RMOD-1021-4928-01-103-49926,0.052639100544883854
RMOD-1021-4928-01-103-51965,0.034269238998690055
RMOD-1021-4928-01-103-54271,0.08869527630408447
RMOD-1021-4928-01-106-47306,0.031471321228887295
RMOD-1021-4928-01-106-49988,-0.1967422572963008
RMOD-1021-4928-01-106-54359,-0.22528306404073017
RMOD-1021-4928-01-107-47354,-0.010094926659332315
RMOD-1021-4928-01-107-50014,0.06618175271704341
RMOD-1021-4928-01-107-52071,0.04344457052044515
RMOD-1021-4928-01-158-52052,0.14271734726245766
RMOD-1021-7573-01-103-50547,0.004730392505102987
RMOD-1021-7573-01-106-50677,-0.04387303144424615
RMOD-1021-7581-01-103-47613,0.032270520341047604
RMOD-1021-7581-01-103-49617,-0.0702858534571531
RMOD-1021-7581-01-103-54627,0.07364498224660343
RMOD-1021-7581-01-106-47659,-0.029318249684483932
RMOD-1021-7581-01-106-49673,0.10216984332334134
RMOD-1021-7581-01-106-54690,0.03528501370853254
RMOD-1021-9028-01-103-46543,0.06920743630659532
RMOD-1021-9028-01-103-52703,-0.015891999350699293
RMOD-1021-9028-01-10348582,0.04307866038814234
RMOD-1021-9028-01-106-52766,0.007206425565308594
RMOD-1021-9028-01-158-46604,-0.021690268382093092
RMOD-1022-0185-100-126-53890,0.10115796779485953
RMOD-1022-0358-26-152-49927,-0.09140995134019858
RMOD-1022-0445-100-127-52704,0.03023470044000387
RMOD-1022-0462-26-152-52297,0.027534798146625628
RMOD-1022-2163-27-126-50695,-0.055867113276129365
RMOD-1022-2163-27-152-50548,-0.06734628128374986
RMOD-1022-2166-100-152-46629,-0.08771016023232858
RMOD-1022-2166-100-152-48681,0.05187869456867178
RMOD-1022-2166-39-127-46544,0.1126269194264895
RMOD-1022-2166-39-127-48583,-0.026177890577988805
RMOD-1022-3860-27-152-53049,-0.01908704059535582
RMOD-1022-5086-27-126-51368,-0.0893345393643965
RMOD-1022-5086-27-126-54272,-0.08817398734573612
RMOD-1022-5086-27-152-51295,-0.041511850602807265
RMOD-1022-5352-26-152-49618,0.027448145767109855
RMOD-1022-5352-39-126-47614,0.002088024619623985
RMOD-1022-6061-27-126-53445,0.02167481570906271
RMOD-1022-6088-27-152-51966,-0.04404971883367359
RMOD-1022-6089-100-127-47258,0.04069945131369179
RMOD-1022-7334-100-127-47894,-0.025159081000538652
RMOD-1022-7334-100-127-51623,0.044747584358145964
RMOD-1022-7335-100-127-49021,-0.12976489728488594
RMOD-1022-7335-27-126-48960,-0.1789459988437493
RMOD-1022-8505-100-127-49360,0.04493001805846042
RMOD-1022-8505-27-152-49236,-0.019869458215396096
RMOD-1022-8763-26-152-50274,-0.04306209710397846
RMOD-1022-9166-100-152-46929,0.07796463349552218
RMOD-1022-9166-39-127-46973,-0.05348210281026211
RMOD-1022-9167-39-126-50974,-0.009097688836449347
RMOD-1022-9167-39-127-51031,-0.03920193497816171
RMOD-1022-9171-26-127-48378,-0.09393544658599817
RMOD-1022-9171-26-152-48286,0.005206984687923688
RMOD-1022-9186-39-127-46185,0.010296584984833101
RMOD-1022-9286-100-126-54746,0.02717131052587818
RMOD-1023-0535-17-118-48961,-0.048041022952704515
RMOD-1023-1740-17-119-52298,0.034163219768091224
RMOD-1023-1740-17-162-53364,0.11901489126971532
RMOD-1023-1800-18-110-51032,-0.005058286835517345
RMOD-1023-1800-18-117-50975,0.005268891826983646
RMOD-1023-1800-18-117-54273,-0.025191353767682334
RMOD-1023-1800-18-162-51068,0.011977573128821861
RMOD-1023-1800-18-162-54394,0.0046764644915866516
RMOD-1023-2085-19-117-50550,-0.0027942116709070985
RMOD-1023-2085-19-147-50696,-0.05336398762999639
RMOD-1023-2085-19-154-50678,-0.026888025207964517
RMOD-1023-2085-19-162-50650,0.009202824787143626
RMOD-1023-2086-19-117-46186,0.036836919940831825
RMOD-1023-2086-19-162-46220,0.13744186501698574
RMOD-1023-4245-19-117-47616,-0.037403547862223885
RMOD-1023-4245-19-162-47696,0.12389476194323046
RMOD-1023-4339-18-117-53446,-0.005301737466611001
RMOD-1023-4339-18-145-53495,0.022122740264728158
RMOD-1023-4339-18-162-53563,0.07319773068064084
RMOD-1023-4365-18-117-47259,0.017947534051390823
RMOD-1023-4365-18-162-47329,-0.0543257667302941
RMOD-1023-4518-17-118-48288,-0.02096402859772284
RMOD-1023-5347-19-117-50275,0.010557463344188278
RMOD-1023-5347-19-117-52705,0.020786626218534776
RMOD-1023-5347-19-154-50364,-0.06655980788008042
RMOD-1023-5347-19-154-52767,-0.015406083282398675
RMOD-1023-5347-19-162-50320,-0.09108503588271177
RMOD-1023-5347-19-162-52819,-0.058378395272538186
RMOD-1023-5897-17-118-51624,-0.002815955432449724
RMOD-1023-5897-17-162-51693,0.13311904321394952
RMOD-1023-5950-17-118-53050,-0.03891154830024335
RMOD-1023-5950-17-145-53125,-0.0591051286370351
RMOD-1023-5950-17-162-53179,-0.05164804069183937
RMOD-1023-5992-17-118-47895,-0.04506934838143151
RMOD-1023-5992-17-162-48006,0.0598401584121282
RMOD-1023-6160-17-118-49237,0.01875329119476854
RMOD-1023-6160-17-145-49344,-0.007463622800235492
RMOD-1023-6160-17-154-49361,-0.1590286310953778
RMOD-1023-6160-17-162-49308,0.0031268728570397197
RMOD-1023-6171-17-118-48584,-0.05290085633188635
RMOD-1023-6171-17-118-53892,-0.043906591219062596
RMOD-1023-6171-17-162-48692,-0.004712271962475478
RMOD-1023-6171-17-162-53997,0.012577540602444426
RMOD-1023-6247-19-117-51296,0.01964016140378133
RMOD-1023-6247-19-162-51381,-0.06065688938267855
RMOD-1023-6388-19-117-51976,-0.0009538419297060452
RMOD-1023-6388-19-162-52023,0.12154410016002082
RMOD-1023-7235-17-118-46545,-0.017110193841783583
RMOD-1023-7235-17-162-46572,0.12900912549197097
RMOD-1023-7342-18-117-54747,-0.027619124316964894
RMOD-1023-7342-18-162-54707,0.10979660118623658
RMOD-1023-7343-18-117-49928,0.01681724572727239
RMOD-1023-7343-18-162-50059,0.00943264858521009
RMOD-1023-7417-19-117-49619,-0.012100744288278453
RMOD-1023-7417-19-162-49653,0.1942277803939636
RMOD-1023-9492-18-117-46931,0.0008066985498207391
RMOD-1023-9492-18-158-47025,-0.028125102405645586
RMOD-1023-9492-18-162-46989,0.1170143685890137
RMOD-1024-0262-07-106-49345,0.017496690029311868
RMOD-1024-0262-08-101-49238,-0.01761157500010868
RMOD-1024-0293-01-103-52706,0.07384777451595559
RMOD-1024-0293-01-106-52768,0.017411519827447153
RMOD-1024-2248-01-103-52299,-0.046966640408785176
RMOD-1024-2248-01-106-52424,0.013451485554611065
RMOD-1024-3223-08-103-53893,-0.023895137601181116
RMOD-1024-3223-08-106-53982,-0.1773273169440569
RMOD-1024-3225-01-103-51625,0.042018894550479136
RMOD-1024-3225-01-108-51729,-0.008089563242175357
RMOD-1024-4477-09-117-47896,-0.04205140784364325
RMOD-1024-4477-09-145-47937,-0.06464641411495808
RMOD-1024-4781-01-103-53447,-0.002169531058805685
RMOD-1024-4781-01-106-53496,-0.07347987228604458
RMOD-1024-4782-02-101-54748,-0.008701942891248926
RMOD-1024-4782-02-106-54694,-0.03198922391183179
RMOD-1024-4835-02-101-46547,0.026022326134607088
RMOD-1024-4835-02-103-46630,0.026353794933854147
RMOD-1024-4835-02-158-46637,-0.08393655460331895
RMOD-1024-4973-02-101-49929,-0.06881201054165387
RMOD-1024-4973-02-106-49989,-0.04465962093018894
RMOD-1024-5653-01-103-51297,-0.012181384887954394
RMOD-1024-5653-01-106-51345,0.0006618195789120929
RMOD-1024-5968-02-101-48962,-0.021369611188446158
RMOD-1024-5968-02-101-53051,-0.029263208038918354
RMOD-1024-5968-02-103-49022,-0.023906534455592987
RMOD-1024-5968-02-145-49006,-0.012862818362152861
RMOD-1024-5968-02-145-53127,-0.015060877691227215
RMOD-1024-6002-09-117-48290,-0.03189339666020308
RMOD-1024-6577--07-101-50276,0.003227804662064626
RMOD-1024-6577-07-103-50383,0.19910612093326074
RMOD-1024-6577-07-106-50365,-0.05287771164956767
RMOD-1024-6846-01-106-48625,-0.057098747199443745
RMOD-1024-6846-01-108-48585,-0.025492327873140153
RMOD-1024-7094-02-101-46933,0.02513492946631013
RMOD-1024-7094-02-101-49620,-0.0007004087827846561
RMOD-1024-7094-02-106-49675,0.08134331858476629
RMOD-1024-7094-02-158-47026,-0.026972246225215324
RMOD-1024-7100-07-101-46188,0.019133825237755753
RMOD-1024-7100-07-158-46268,-0.004019616794242897
RMOD-1024-7951-01-103-50976,0.05788774518335038
RMOD-1024-7951-01-106-51016,0.043765309652980866
RMOD-1024-8552-01-106-50679,-0.1147373422479695
RMOD-1024-8552-02-103-50551,-0.0720414924731233
RMOD-1024-8557-01-103-47617,-0.0020862755576892544
RMOD-1024-8557-01-103-51978,-0.027815709591114346
RMOD-1024-8557-01-103-54274,-0.018410547576196867
RMOD-1024-8557-01-106-52053,-0.046794340012755176
RMOD-1024-8557-01-106-54362,-0.14562684051368568
RMOD-1024-8557-01-158-47660,-0.053647880339178666
RMOD-1024-8607-01-103-47412,-0.028640684446383458
RMOD-1024-8607-01-104-47261,0.05399590103200724
RMOD-1024-8607-01-106-47307,-0.08643842866534779
RMOD-1025-0932-15-148-51626,0.06851292750780669
RMOD-1025-0932-15-148-51694,-0.2663401228681518
RMOD-1025-0932-15-148-51731,-0.16960918362744526
RMOD-1025-0932-15-148-54708,0.2748084820251171
RMOD-1025-0932-15-148-54718,0.01425184012401326
RMOD-1025-0932-15-148-54749,0.09705145547896943
RMOD-1025-0932-15-163-51788,0.09790686558872119
RMOD-1025-0932-15-163-54714,0.15680100538640573
RMOD-1025-1877-15-148-49239,0.03462170680958265
RMOD-1025-1877-15-148-52707,-0.015194575204215521
RMOD-1025-1877-15-148-52820,-0.05163606544146748
RMOD-1025-1877-15-148-52830,0.026068151027423436
RMOD-1025-1877-15-163-52828,0.18203729511751
RMOD-1025-2518-15-148-49930,0.008549501012374838
RMOD-1025-2518-15-148-50016,0.11001149290029355
RMOD-1025-2518-15-148-50061,0.08979372210568015
RMOD-1025-2518-15-163-50073,0.11939936435555554
RMOD-1025-2918-15-148-52390,0.22388812149466686
RMOD-1025-3471-15-148-51298,0.0846814068426911
RMOD-1025-3471-15-148-51369,-0.1862274985621576
RMOD-1025-3471-15-148-51382,-0.03079666534714698
RMOD-1025-3471-15-163-51398,0.09368445167742312
RMOD-1025-3567-15-148-54357,0.10720736927272667
RMOD-1025-3597-15-148-54275,0.06662427125926884
RMOD-1025-3597-15-148-54386,0.15022481225868267
RMOD-1025-3597-15-163-54382,-0.035214377705164
RMOD-1025-4456-15-148-48586,0.009939394486501829
RMOD-1025-4456-15-148-48682,-0.016465186399600817
RMOD-1025-4456-15-148-48693,0.012797268890787361
RMOD-1025-4968-15-148-51980,0.01482226232305095
RMOD-1025-4968-15-148-52024,0.06020525595834325
RMOD-1025-4968-15-148-52072,0.3453888759639767
RMOD-1025-4968-15-163-52034,0.2079300298188489
RMOD-1025-5666-15-148-53052,0.11489516260307697
RMOD-1025-5666-15-148-53164,0.03911882552116608
RMOD-1025-5666-15-148-53185,0.08708453489471024
RMOD-1025-5666-15-163-53180,0.26962236442166754
RMOD-1025-5918-15-148-46940,0.010713437938521864
RMOD-1025-5918-15-148-46974,-0.04017778635730662
RMOD-1025-5918-15-148-46990,-0.06386652097932088
RMOD-1025-5918-15-148-48293,0.07933296140314106
RMOD-1025-5918-15-148-48319,-0.06215270963691544
RMOD-1025-5918-15-148-48379,0.1378553120028867
RMOD-1025-5918-15-148-49621,0.04986565259669895
RMOD-1025-5918-15-148-49655,0.03521961469123047
RMOD-1025-5918-15-148-49693,-0.04374188196656037
RMOD-1025-5918-15-148-52300,0.11143228029167207
RMOD-1025-5918-15-148-52441,0.25822977211968556
RMOD-1025-5918-15-163-49672,0.02133331454830456
RMOD-1025-5918-15-163-52398,-0.09304194918270825
RMOD-1025-6118-15-148-50977,0.034956005521404654
RMOD-1025-6118-15-148-51033,-0.23543621442872853
RMOD-1025-6118-15-148-51069,0.11223083766227626
RMOD-1025-6118-15-163-51079,-0.09320421306590143
RMOD-1025-6127-15-148-46189,0.0395043545633218
RMOD-1025-6127-15-148-46221,-0.05150449822380576
RMOD-1025-6127-15-148-46284,-0.020602297412314563
RMOD-1025-6127-15-148-53894,0.06080744684490336
RMOD-1025-6127-15-148-53917,0.031933552728525605
RMOD-1025-6127-15-148-53933,0.11934591976707942
RMOD-1025-6127-15-163-53928,0.07778615543484113
RMOD-1025-6312-15-148-47262,0.12489486327304888
RMOD-1025-6312-15-148-47330,-0.004329383921967023
RMOD-1025-6312-15-148-47388,-0.021394841245989893
RMOD-1025-7692-15-148-48963,0.012001495521689387
RMOD-1025-7692-15-148-49023,-0.0570555667218009
RMOD-1025-7692-15-148-49066,-0.04087602276922997
RMOD-1025-7692-15-148-49309,0.04969769498204446
RMOD-1025-7692-15-148-49362,-0.05753214470311707
RMOD-1025-7762-15-148-50552,0.07260861958592835
RMOD-1025-7762-15-148-50651,-0.049044597269862655
RMOD-1025-7762-15-148-50697,0.1364930595951117
RMOD-1025-7762-15-148-53448,0.1255227487626187
RMOD-1025-7762-15-148-53507,0.016513124806663226
RMOD-1025-7762-15-148-53568,0.08376663603547518
RMOD-1025-7762-15-163-50665,0.28349479750242756
RMOD-1025-7762-15-163-53564,0.07112387677241383
RMOD-1025-8368-15-148-46549,0.06644090244493794
RMOD-1025-8368-15-148-46573,-0.09380944965966065
RMOD-1025-8834-15-148-47618,0.015963758812331363
RMOD-1025-8834-15-148-47675,0.10385758922665311
RMOD-1025-8834-15-148-47697,0.14533204064721494
RMOD-1025-8834-15-148-50278,0.07001274993193496
RMOD-1025-8834-15-148-50321,-0.016379314587198324
RMOD-1025-8834-15-148-50384,-0.10486727251012906
RMOD-1025-8834-15-163-50413,0.012638462403689266
RMOD-1026-1210-17-118-54276,-0.03910827200533207
RMOD-1026-1210-17-162-54358,-0.00593474000966876
RMOD-1026-1739-17-118-47897,-0.01796250882190753
RMOD-1026-1739-17-118-49931,-0.05277027771458642
RMOD-1026-1739-17-118-53053,0.05171026833856662
RMOD-1026-1739-17-162-48007,0.1875817028856559
RMOD-1026-1739-17-162-50062,0.02586897362778373
RMOD-1026-1739-17-162-53165,-0.246241907614279
RMOD-1026-2610-17-118-47263,0.05245374992962959
RMOD-1026-2610-17-118-51627,-0.00014863306820378508
RMOD-1026-2610-17-162-47332,0.005855108351085381
RMOD-1026-2610-17-162-51696,0.13795768314422774
RMOD-1026-3045-17-118-47619,0.037121795923239054
RMOD-1026-3045-17-118-49622,-0.0437451335810396
RMOD-1026-3045-17-118-51981,-0.018235672109705336
RMOD-1026-3045-17-162-47698,0.029741943554017825
RMOD-1026-3045-17-162-49656,0.09761090403297201
RMOD-1026-3045-17-162-52025,0.31091685397208635
RMOD-1026-3107-17-118-46943,0.010057155166418363
RMOD-1026-3107-17-118-49240,0.016514997528437103
RMOD-1026-3107-17-118-52708,0.021057630081972256
RMOD-1026-3107-17-162-46991,-0.1638524801221236
RMOD-1026-3107-17-162-49312,-0.13645575651680153
RMOD-1026-3107-17-162-52821,-0.14662963520518468
RMOD-1026-3625-19-117-46551,-0.017499938570802342
RMOD-1026-3625-19-117-50279,-0.04895027027673682
RMOD-1026-3625-19-118-52301,-0.046237224010959754
RMOD-1026-3625-19-118-54001,-0.05885355510696577
RMOD-1026-3625-19-154-52425,-0.061882781565701706
RMOD-1026-3625-19-162-46574,0.14582784672267302
RMOD-1026-3625-19-162-50322,0.20647258136315783
RMOD-1026-3625-19-162-52391,0.00746323746311961
RMOD-1026-3625-19-162-54002,0.14802288536824926
RMOD-1026-4542-17-118-48296,0.12468337621846293
RMOD-1026-4542-17-118-51299,-0.03333546749763139
RMOD-1026-4542-17-118-53449,-0.1600794188672061
RMOD-1026-4542-17-154-48359,-0.08640507489472604
RMOD-1026-4542-17-154-51346,0.06448438889000818
RMOD-1026-4542-17-154-53497,-0.05224337725838435
RMOD-1026-4542-17-162-48321,0.30771418058945343
RMOD-1026-4542-17-162-51384,0.059769027658574725
RMOD-1026-5688-17-118-48587,-0.056086200135423536
RMOD-1026-5688-17-154-48626,-0.0655880911886415
RMOD-1026-5688-17-162-48694,0.11659983600153923
RMOD-1026-6887-18-110-51034,0.012720288807327007
RMOD-1026-6887-18-117-46191,-0.018961094391750866
RMOD-1026-6887-18-117-48964,0.006823071741439701
RMOD-1026-6887-18-117-50978,0.014905826232063157
RMOD-1026-6887-18-117-54750,0.016710993580936417
RMOD-1026-6887-18-162-46222,-0.06413916957509835
RMOD-1026-6887-18-162-49067,0.1377716875448276
RMOD-1026-6887-18-162-51070,0.06507405651176978
RMOD-1026-6887-18-162-54711,-0.008611603032462112
RMOD-1026-8168-17-118-50553,0.025736118051020718
RMOD-1026-8168-17-147-50698,0.0006601819152642907
RMOD-1026-8168-17-162-50652,0.10570708982006449
RMOD-1027-3409-24-117-53054,-0.0607385336842704
RMOD-1027-3409-46-117-48965,-0.05416314267064348
RMOD-1027-3409-46-117-50979,-0.022660169014083853
RMOD-1027-3409-46-154-51017,-0.015533509225349795
RMOD-1027-3409-46-154-53128,-0.055596305510877464
RMOD-1027-3764-24-162-51700,0.2261415891471319
RMOD-1027-3764-46-117-51628,0.026796840518778176
RMOD-1027-3966-03-101-50554,0.029875239746905757
RMOD-1027-3966-03-158-50680,-0.035340375877123464
RMOD-1027-4528-24-145-46269,0.0819538924569172
RMOD-1027-4528-46-118-46192,-0.10952281916017736
RMOD-1027-4561-24-117-54751,0.026354962874941767
RMOD-1027-4561-24-145-47661,-0.017773032132691546
RMOD-1027-4561-46-110-50385,-0.14939835841868054
RMOD-1027-4561-46-110-52333,-0.18688284555537304
RMOD-1027-4561-46-117-47620,-0.024883756078897923
RMOD-1027-4561-46-117-50280,0.019624773500421355
RMOD-1027-6153-03-101-46552,0.035133469234594816
RMOD-1027-6153-03-101-53895,-0.042645897044070624
RMOD-1027-6153-03-106-46638,-0.0832214040794722
RMOD-1027-6153-03-106-53983,-0.15193887917007798
RMOD-1027-6617-03-101-46949,-0.0046622904846190805
RMOD-1027-6617-03-106-47028,0.027444705276076675
RMOD-1027-7095-03-101-51300,-0.006856682052533869
RMOD-1027-7095-03-101-54277,-0.06456853415083719
RMOD-1027-7095-03-106-51347,0.14521530698924323
RMOD-1027-7095-03-106-54364,0.12853684769194196
RMOD-1027-7095-03-107-51370,-0.04041310096499484
RMOD-1027-7641-03-101-49241,-0.027230544665303724
RMOD-1027-7641-03-106-49346,0.008043469318626872
RMOD-1027-7642-03-101-47266,-0.06880400593733493
RMOD-1027-7642-03-101-51982,0.02302295225514972
RMOD-1027-7642-03-106-47308,-0.05886404600264794
RMOD-1027-7642-03-106-52054,-0.05113944326485431
RMOD-1027-7675-03-101-47898,-0.031692117944971177
RMOD-1027-7675-03-101-49932,-0.013859004688317467
RMOD-1027-7675-03-101-53450,0.09502076105218271
RMOD-1027-7675-03-106-49990,0.018328656613485927
RMOD-1027-7675-03-106-53498,-0.0001421147586501137
RMOD-1027-7675-03-107-47971,0.06045588837013627
RMOD-1027-7675-03-107-50017,-0.08449330457679272
RMOD-1027-7675-03-158-47938,0.0253448764401627
RMOD-1027-7695-03-101-48588,-0.02420391383295384
RMOD-1027-7695-03-106-48627,-0.03277856644756871
RMOD-1027-7818-03-06-49677,-0.11876947404906968
RMOD-1027-7818-03-101-48298,0.0011337649101281766
RMOD-1027-7818-03-101-49623,-0.032689146819236625
RMOD-1027-7818-03-101-52709,0.12043597085596636
RMOD-1027-7818-03-106-48360,0.06302279829421331
RMOD-1027-7818-03-106-52769,-0.12458419269784349
RMOD-1028-2336-27-126-50387,-0.11252643314553301
RMOD-1028-2336-27-126-52442,-0.11758589513352913
RMOD-1028-2336-27-152-50283,-0.027409837935770676
RMOD-1028-2336-27-152-52334,-0.06595841514180112
RMOD-1028-2943-100-127-46194,0.027768483243462372
RMOD-1028-2943-100-127-49243,-0.04587034717300531
RMOD-1028-3023-100-127-51371,-0.021071545735639297
RMOD-1028-3023-27-152-51301,-0.04982424862104351
RMOD-1028-3769-100-126-53451,-0.14078460691141326
RMOD-1028-3769-26-127-49933,-0.051629794050402134
RMOD-1028-4012-100-127-46554,0.03518755494389314
RMOD-1028-4630-100-152-48966,-0.09992348579289934
RMOD-1028-4630-39-127-49024,-0.07284002729550598
RMOD-1028-4632-100-127-47267,-0.009326000419424885
RMOD-1028-5100-26-152-47899,-0.00954656262426401
RMOD-1028-5100-26-152-49624,-0.03719283520812522
RMOD-1028-5100-26-152-51983,-0.02564855595163973
RMOD-1028-5120-100-127-46952,0.030211089508574318
RMOD-1028-5144-100-127-48683,0.07945230660903091
RMOD-1028-5144-100-127-50699,-0.043583074416842726
RMOD-1028-5144-27-126-52831,-0.13099538018560097
RMOD-1028-5144-27-152-48589,0.03799796942246214
RMOD-1028-5144-27-152-50557,0.03991358199470296
RMOD-1028-5144-27-152-52710,-0.09123859883197949
RMOD-1028-5603-26-152-48303,-0.03696971432642204
RMOD-1028-6736-100-126-53896,0.006838063989934584
RMOD-1028-6736-26-127-47685,-0.08273017156364793
RMOD-1028-6736-26-152-47621,0.00959385787335676
RMOD-1028-6739-100-126-54752,0.02034761806873253
RMOD-1028-6739-26-127-51629,-0.09281265866286481
RMOD-1028-8563-27-152-54278,0.13809338798683024
RMOD-1028-9972-100-127-50980,0.007773077726753508
RMOD-1028-9972-100-127-53055,0.3108556316045459
RMOD-1028-9972-27-145-53129,0.03641379844137793
RMOD-1029-1744-17-162-54753,0.22907310481629284
RMOD-1029-2127-100-126-50558,-0.051939123255971165
RMOD-1029-2127-100-126-51985,0.060148335424942356
RMOD-1029-2127-100-126-53452,-0.01021069348954573
RMOD-1029-2211-100-126-50981,0.03812550678041604
RMOD-1029-2211-100-126-52336,-0.012811114179656524
RMOD-1029-2211-100-126-53897,0.11677558283836653
RMOD-1029-4375-100-126-47900,0.06778243545581786
RMOD-1029-4375-100-126-49245,-0.014201456237161514
RMOD-1029-5272-100-126-46957,0.014052166725796233
RMOD-1029-5272-100-126-48305,0.008261822032005206
RMOD-1029-5272-100-126-49625,-0.012728516647254828
RMOD-1029-5272-100-126-51302,-0.016909002497736192
RMOD-1029-5272-100-126-52712,0.06640601796708889
RMOD-1029-5272-100-126-54279,0.12414968311239849
RMOD-1029-5294-100-126-50286,0.04857639108128109
RMOD-1029-5294-100-126-51630,0.01409051619403101
RMOD-1029-5294-100-126-53056,0.048223546816551055
RMOD-1029-5669-100-126-47268,0.10215182828364777
RMOD-1029-5669-100-126-48590,0.025607668889576107
RMOD-1029-5669-100-126-49934,0.07493895194669897
RMOD-1029-5919-100-126-46555,-0.018261182103053053
RMOD-1029-6348-100-126-46195,0.06440058683753835
RMOD-1029-6348-100-126-47622,-0.03192767305092847
RMOD-1029-6348-100-126-48967,-0.04078407376088655
RMOD-1030-0477-01-103-50559,0.016331401668778778
RMOD-1030-2334-01-103-48306,-0.03803130704446722
RMOD-1030-2334-01-106-48361,-0.041159572410989664
RMOD-1030-3157-02-101-46959,-0.04020283499344213
RMOD-1030-3157-02-106-47029,-0.13755955858659863
RMOD-1030-3205-00-117-54721,-0.018900713572401973
RMOD-1030-3205-07-101-54754,0.008505318430196418
RMOD-1030-3372-02-101-48591,-0.028376173277891104
RMOD-1030-3372-02-101-51303,0.03707320161495731
RMOD-1030-3372-02-101-54280,0.03147627440006584
RMOD-1030-3372-02-106-51348,0.012130643437993305
RMOD-1030-3372-02-106-54366,0.059747543079045506
RMOD-1030-3444-01-103-47901,-0.0034896976267679847
RMOD-1030-3444-01-103-51631,-0.020720405277268705
RMOD-1030-3444-01-103-53898,0.0013799091474806513
RMOD-1030-3444-01-106-47939,-0.052406731453039423
RMOD-1030-3444-01-106-51698,-0.009681744608206033
RMOD-1030-3444-01-106-53984,0.019378112316754903
RMOD-1030-3934-02-101-47623,-0.016470170439499943
RMOD-1030-3934-02-101-50982,-0.03600266485194814
RMOD-1030-3934-02-101-53453,0.003696727163514435
RMOD-1030-3934-02-103-47686,-0.04964363240463543
RMOD-1030-3934-02-106-47662,0.02224920322159951
RMOD-1030-3934-02-106-51018,0.09355367752420585
RMOD-1030-3934-02-106-53499,-0.11758709769683529
RMOD-1030-4767-01-103-51988,0.0535591241603639
RMOD-1030-4767-01-106-52055,0.09028617491298085
RMOD-1030-4771-01-103-46556,0.0010128880555513309
RMOD-1030-4794-01-106-46270,-0.01657777842765895
RMOD-1030-4794-01-108-46196,0.039668531376606087
RMOD-1030-5576-02-103-47270,-0.06535519634043885
RMOD-1030-5576-02-106-47309,0.025545112937518377
RMOD-1030-6135-01-103-49626,0.004263770598328387
RMOD-1030-6135-01-103-49935,0.06430021911958206
RMOD-1030-6135-01-106-49679,-0.039727524601230635
RMOD-1030-6135-01-106-49991,-0.023556183996095714
RMOD-1030-7075-02-101-50289,-0.05741805068623407
RMOD-1030-7075-02-101-53057,0.012759321873371254
RMOD-1030-7075-02-103-53181,0.11368114264302887
RMOD-1030-7695-02-106-48628,-0.010895643593840432
RMOD-1031-1664-18-117-46557,-0.014017183333751682
RMOD-1031-1664-18-162-46575,-0.03760533101084018
RMOD-1031-1921-17-118-47624,0.012819375247029807
RMOD-1031-1921-17-118-50560,-0.07285752742926499
RMOD-1031-1921-17-118-53454,-0.07332086461850906
RMOD-1031-1921-17-154-53500,-0.17799658255727802
RMOD-1031-1921-17-162-47699,0.2336628740124418
RMOD-1031-1921-17-162-50653,0.1166067107334885
RMOD-1031-1921-17-162-53565,0.165241284605268
RMOD-1031-2781-17-118-51632,-0.04496803488373913
RMOD-1031-2781-17-154-51705,-0.0064015770228483815
RMOD-1031-2781-17-162-51701,0.07341982711362505
RMOD-1031-3378-17-118-46197,-0.04018126612904438
RMOD-1031-3382-00-117-54722,0.16231391944819884
RMOD-1031-3382-100-130-54755,0.013391071846103886
RMOD-1031-3710-18-117-46962,-0.01939925907299478
RMOD-1031-3710-18-162-46992,0.1110047919394217
RMOD-1031-4010-18-117-47902,-0.004440355372532734
RMOD-1031-4010-18-117-51304,0.00789172301232055
RMOD-1031-4010-18-117-53899,0.010586184774537877
RMOD-1031-4010-18-145-47940,-0.012644796379978951
RMOD-1031-4010-18-145-53985,-0.03455356719006197
RMOD-1031-4010-18-162-48008,0.07936995846169581
RMOD-1031-4010-18-162-51386,-0.22676598914130308
RMOD-1031-4010-18-162-53929,-0.04395737985768167
RMOD-1031-5050-19-117-47271,0.017366484165277418
RMOD-1031-5050-19-162-47333,0.2524279362539319
RMOD-1031-5925-18-117-50294,-0.015095820160498263
RMOD-1031-5925-18-117-54281,-0.015639907061253178
RMOD-1031-5925-18-145-50366,0.08798303958550058
RMOD-1031-5925-18-145-54368,0.10381823792854572
RMOD-1031-5925-18-162-50324,-0.0343073505541619
RMOD-1031-5931-18-110-51035,-0.1690922355763672
RMOD-1031-5931-18-117-48592,-0.003732405754527157
RMOD-1031-5931-18-117-50987,0.0036243279077052826
RMOD-1031-5931-18-117-53058,-0.03639199940323434
RMOD-1031-5931-18-154-48629,-0.03156362302121707
RMOD-1031-5931-18-154-51019,0.07334543194880006
RMOD-1031-5931-18-154-53130,0.08385824932384023
RMOD-1031-5931-18-162-48696,0.19283091400726948
RMOD-1031-5931-18-162-51071,-0.0016372792674634873
RMOD-1031-5931-18-162-53182,0.3654007649973656
RMOD-1031-5933-18-117-48307,0.008663679416761383
RMOD-1031-5933-18-117-51990,-0.05567121748542592
RMOD-1031-5933-18-154-52056,0.02136441357603669
RMOD-1031-5933-18-162-48322,-0.006058524801224374
RMOD-1031-5933-18-162-52026,0.3091253782369847
RMOD-1031-6134-17-118-49627,0.026674652311724056
RMOD-1031-6134-17-118-49936,0.011737351063560997
RMOD-1031-6134-17-162-49658,0.09071614242741988
RMOD-1031-6134-17-162-50063,-0.09543085432101095
RMOD-1032-0274-00-117-51305,0.10941055971802172
RMOD-1032-0991-00-101-52443,0.23529287890438955
RMOD-1032-0991-00-135-52337,-0.06987562181949414
RMOD-1032-1551-00-119-47625,0.1917587464694186
RMOD-1032-1551-00-119-51633,-0.042013059162589905
RMOD-1032-1551-00-127-47687,-0.10853440410256299
RMOD-1032-1551-00-127-51732,-0.10678277604916053
RMOD-1032-1689-00-117-49937,0.05219943955026807
RMOD-1032-2461-00-117-47358,-0.13624994234681476
RMOD-1032-2461-00-119-47272,0.0496060189210461
RMOD-1032-3613-00-108-53059,0.03534558093537976
RMOD-1032-4298-00-108-54723,0.06193111846876742
RMOD-1032-4298-00-117-54756,0.009894639872630728
RMOD-1032-4458-00-117-53900,0.14982753348067934
RMOD-1032-4479-00-117-50561,-0.14296258495041647
RMOD-1032-4543-00-101-50989,0.02543794183554926
RMOD-1032-4543-00-108-46631,-0.007300376515278262
RMOD-1032-4543-00-119-46559,0.17403765016047634
RMOD-1032-5056-00-117-53455,0.03525591711636111
RMOD-1032-5056-00-127-53508,0.10555710791898254
RMOD-1032-5460-00-119-48593,-0.016724391713186848
RMOD-1032-5460-00-135-54283,0.04296069271164349
RMOD-1032-6351-00-117-51993,0.18288050148729074
RMOD-1032-6351-100-161-52073,0.026830623262931175
RMOD-1032-6571-00-101-48308,0.060352290461719305
RMOD-1032-6571-00-101-50302,0.023613624349620554
RMOD-1032-6571-00-101-52713,-0.10174912643172296
RMOD-1032-6571-00-107-48381,0.06757178306794143
RMOD-1032-6571-00-107-52832,0.1266092430437793
RMOD-1032-7863-100-145-46198,0.036851811732466766
RMOD-1032-9386-00-107-49374,0.045859481535286406
RMOD-1032-9386-00-117-49246,-0.08862076414527076
RMOD-1032-9964-00-101-49628,-0.084046712047532
RMOD-1032-9964-00-103-49694,0.16605445003521946
RMOD-1032-9965-00-101-46964,0.11348885125559227
RMOD-1032-9965-00-101-48968,-0.07802825877259079
RMOD-1032-9965-00-103-46976,0.08320400115382864
RMOD-1032-9965-00-103-49025,0.11466689921494266
RMOD-1032-9966-00-119-47903,0.08426718083080442
RMOD-1033-1137-09-117-46967,0.02878436018896835
RMOD-1033-1639-05-101-53930,-0.09189148716555118
RMOD-1033-1639-05-103-51634,-0.005323732334756692
RMOD-1033-1639-05-103-53901,-0.05043243753972915
RMOD-1033-1639-05-106-51709,0.0213935919456667
RMOD-1033-1639-05-106-53986,-0.041808340933430554
RMOD-1033-1671-05-103-50307,0.04626021606195896
RMOD-1033-1671-05-103-52339,0.039448059055233964
RMOD-1033-1671-05-103-54757,-0.03458833431715436
RMOD-1033-1671-05-106-52428,0.16822008287106294
RMOD-1033-1671-05-106-54695,0.004758428626691291
RMOD-1033-4734-00-117-47360,0.11903644377268341
RMOD-1033-4734-100-130-47274,0.05622672039535215
RMOD-1033-4734-100-130-49247,0.0010769019929253165
RMOD-1033-4845-01-103-53456,0.0728598780295493
RMOD-1033-4845-01-158-53501,0.04159030293371058
RMOD-1033-4873-05-103-51306,0.05822310467051728
RMOD-1033-4873-05-106-51349,-0.08737888260995019
RMOD-1033-4941-08-101-53060,0.026237229160623432
RMOD-1033-5095-05-103-50991,0.009792646072649625
RMOD-1033-5095-05-106-51020,-0.03488808495295759
RMOD-1033-5271-05-103-46560,-0.10922756958215851
RMOD-1033-5271-05-106-46639,0.11150001242197205
RMOD-1033-5818-05-101-46285,-0.11605380800269316
RMOD-1033-5818-05-103-46199,-0.03750585022596942
RMOD-1033-6405-05-103-48311,0.0153986746693342
RMOD-1033-6405-05-103-52714,0.08099549696259989
RMOD-1033-6405-05-106-48362,0.05554999245537351
RMOD-1033-6405-05-106-52770,0.03396477127294362
RMOD-1033-6405-05-107-48309,-0.14892081600631712
RMOD-1033-6405-05-107-52833,-0.06020900559867248
RMOD-1033-6610-08-101-47904,-0.018688900498986416
RMOD-1033-6610-08-103-47975,-0.0013653596643743438
RMOD-1033-6610-08-106-47941,-0.04291475993156946
RMOD-1033-7242-05-103-47626,-0.05712014188013048
RMOD-1033-7242-05-103-49629,-0.03647348111912008
RMOD-1033-7242-05-145-47663,-0.023157564299936317
RMOD-1033-7242-05-145-49680,-0.030051443703106084
RMOD-1033-7582-00-107-48684,0.017947867574690246
RMOD-1033-7582-100-130-48594,0.04373934796487333
RMOD-1033-7583-08-101-48969,0.0028433663394344943
RMOD-1033-7583-08-101-49938,-0.006440347921730538
RMOD-1033-7583-08-106-49007,-0.03207853432678387
RMOD-1033-7583-08-107-49027,-0.0197401702492912
RMOD-1033-7583-08-107-50019,-0.03573209587691184
RMOD-1033-8382-05-103-51997,-0.06402735649254099
RMOD-1033-8382-05-145-52057,-0.051444259954805616
RMOD-1033-8515-08-101-50700,-0.000022843522274662575
RMOD-1033-8515-08-103-50562,0.004960293003263283
RMOD-1033-8968-05-103-54284,0.022741829071204256
RMOD-1033-8968-05-145-54371,0.010310000508142236
RMOD-1034-0055-100-130-53457,-0.049765933187309486
RMOD-1034-0068-09-117-48595,-0.02585428145799662
RMOD-1034-0068-09-145-48630,0.17779658058192616
RMOD-1034-0607-02-101-49939,0.0045276189085172724
RMOD-1034-0607-02-101-54286,-0.0028544276474099517
RMOD-1034-0607-02-103-46200,0.002706696673272946
RMOD-1034-0607-02-103-50020,-0.06942752655263718
RMOD-1034-0607-02-106-46272,0.08597065770588697
RMOD-1034-0607-02-106-49992,0.09223613019174448
RMOD-1034-0607-02-106-54373,-0.05488400506964741
RMOD-1034-0778-00-117-49630,0.028301673808002192
RMOD-1034-2330-02-101-49251,0.016663607829644933
RMOD-1034-2330-02-103-49363,0.018491515404025938
RMOD-1034-2330-02-106-49347,0.04749801915736129
RMOD-1034-3816-09-117-51307,-0.04548195391186771
RMOD-1034-3816-09-118-47275,-0.03888668685726249
RMOD-1034-4967-09-117-47627,-0.019796796451975407
RMOD-1034-4967-09-117-50311,0.03110134062662273
RMOD-1034-4967-09-117-52340,0.055353310041447834
RMOD-1034-4967-09-117-54758,-0.009566695489590327
RMOD-1034-5528-02-101-47905,0.07420641478386547
RMOD-1034-5528-02-101-52000,0.0022357311310097217
RMOD-1034-5528-02-106-47944,-0.016020796328971687
RMOD-1034-5528-02-106-52058,0.023750330898590244
RMOD-1034-5663-09-117-50563,0.0010199675016502319
RMOD-1034-5945-03-101-53902,0.0380561151865384
RMOD-1034-7177-02-101-48313,-0.08827818875708204
RMOD-1034-7177-02-103-46562,-0.019621950426205625
RMOD-1034-7177-02-103-48310,-0.00632916055713606
RMOD-1034-7177-02-106-48363,0.0733404621986331
RMOD-1034-7177-02-158-46640,-0.03101278826824161
RMOD-1034-8686-09-117-46972,-0.03814826018107442
RMOD-1034-8686-09-117-48970,-0.0380270907267416
RMOD-1034-8686-09-117-50992,0.027786642539532336
RMOD-1034-8686-09-117-53061,-0.0132177579875008
RMOD-1034-9685-09-117-51635,-0.021256097524802176
RMOD-1034-9959-02-101-52715,-0.00474264417549819
RMOD-1034-9959-02-106-52771,0.04438182886849473
RMOD-1035-0540-17-118-53458,-0.000877002271317151
RMOD-1035-0596-03-101-52341,-0.06582505777971015
RMOD-1035-0596-03-106-52429,-0.016461513154163443
RMOD-1035-1637-03-101-49631,-0.08657183120940559
RMOD-1035-1637-03-106-49681,0.07560107436116792
RMOD-1035-3485-18-117-49940,0.0006817107195027372
RMOD-1035-3540-46-117-46201,-0.008933221134808211
RMOD-1035-3540-46-162-46223,0.2210068262287146
RMOD-1035-3856-18-117-53062,0.0016635332883867537
RMOD-1035-3904-17-118-54759,-0.018776866695113803
RMOD-1035-3904-17-145-54696,0.00407549377774985
RMOD-1035-3904-17-162-54715,0.08359602319206783
RMOD-1035-3953-27-152-46975,0.039776564451954766
RMOD-1035-3967-17-118-52002,0.017880901955418915
RMOD-1035-4243-17-118-51636,-0.01942206798568047
RMOD-1035-4268-19-117-48971,0.012353536580270053
RMOD-1035-4268-19-162-49068,-0.060508052621555564
RMOD-1035-4293-17-118-49255,0.033516143161837375
RMOD-1035-4293-17-118-51308,-0.0006830250388808468
RMOD-1035-4293-17-118-54289,-0.024938135876143686
RMOD-1035-4293-17-119-47276,0.006818721210115841
RMOD-1035-4480-17-118-47908,0.008075891005167035
RMOD-1035-4775-03-101-48315,-0.051668828324587635
RMOD-1035-4775-03-101-50995,-0.05958795702743569
RMOD-1035-4775-03-101-53904,-0.03638674662617991
RMOD-1035-4775-03-106-48364,-0.09074295043240033
RMOD-1035-4775-03-106-51021,-0.03296195635852994
RMOD-1035-4775-03-106-53987,-0.07161485261486256
RMOD-1035-5069-26-152-46563,-0.0027667643645640227
RMOD-1035-5224-18-110-50701,-0.036558731420818225
RMOD-1035-5224-18-117-48596,-0.019976606819343545
RMOD-1035-5224-18-117-50564,-0.03863535623757741
RMOD-1035-5224-18-145-48631,0.018517163684417248
RMOD-1035-5224-18-145-50682,-0.03495353601338058
RMOD-1035-5224-18-154-48685,-0.00009479243222265676
RMOD-1035-6031-04-103-47628,0.010346258937776742
RMOD-1035-6031-04-158-47664,-0.03197949219463703
RMOD-1035-8782-19-117-50313,-0.06524798079134753
RMOD-1035-9970-19-117-52716,0.020540029762386114
RMOD-1035-9970-19-145-52772,0.01784926967732936
RMOD-1036-3625-19-117-47909,-0.06785813018326892
RMOD-1036-3691-03-101-49256,-0.03180187410517121
RMOD-1036-3691-03-106-49348,-0.12358660909793195
RMOD-1036-5115-100-127-51309,0.0316081852417891
RMOD-1036-5115-27-152-53459,-0.09653969376522842
RMOD-1036-5120-100-127-50565,-0.04280560811516676
RMOD-1036-5350-17-118-52717,0.04228316479246752
RMOD-1036-5519-100-127-46632,0.1333214965056322
RMOD-1036-5519-27-152-46564,0.05567098266643522
RMOD-1036-5581-26-127-53063,-0.039265590325873734
RMOD-1036-5603-100-126-54761,0.14231043871716476
RMOD-1036-5603-26-152-50317,-0.015247358316684556
RMOD-1036-5603-26-152-52342,0.013704050099049514
RMOD-1036-5945-03-101-47277,0.06823457124207821
RMOD-1036-5945-03-101-49941,-0.03867028210549239
RMOD-1036-5945-03-106-47312,0.007093624966489687
RMOD-1036-6736-26-127-51036,-0.09024166076309537
RMOD-1036-6736-26-152-50998,0.058019705429133595
RMOD-1036-6782-04-101-48597,-0.012902388756059757
RMOD-1036-6782-04-106-48632,0.04182401447977124
RMOD-1036-6857-04-101-48318,0.19664134346261486
RMOD-1036-8362-04-101-46202,-0.04173721298105837
RMOD-1036-8362-04-106-46273,0.038045742433652885
RMOD-1036-8363-04-101-48972,0.01636976555049574
RMOD-1036-8363-04-106-49008,0.01359988882009322
RMOD-1036-8437-04-101-47630,-0.05154955573753717
RMOD-1036-8437-04-101-49632,-0.020694406364340834
RMOD-1036-8437-04-101-51637,0.04193691853917492
RMOD-1036-8437-04-101-53905,0.02327761589822397
RMOD-1036-8437-04-106-47665,0.05469570201139362
RMOD-1036-8437-04-106-49682,0.06335405241498004
RMOD-1036-8437-04-106-51711,-0.03647993492000723
RMOD-1036-9637-27-152-52005,0.059803027745596316
RMOD-1036-9637-27-152-54290,-0.023493002270595365
RMOD-1036-9972-27-126-46977,-0.08998976717115459
RMOD-1036-9972-27-145-47030,-0.060376551112439225
RMOD-1037-0068-09-117-51310,-0.02159369885050122
RMOD-1037-0778-00-117-52007,-0.07651977974882795
RMOD-1037-0778-100-130-54291,0.07748141413903387
RMOD-1037-2933-09-117-50319,-0.045660549411067675
RMOD-1037-3046-09-117-48973,0.0022163525825826813
RMOD-1037-4137-09-117-49257,0.0176879463068198
RMOD-1037-4137-09-154-49349,-0.007157870864030191
RMOD-1037-4361-10-117-54762,0.028608069117964652
RMOD-1037-4714-10-117-48320,-0.047848391340799656
RMOD-1037-4714-10-117-51638,-0.00010109319153506213
RMOD-1037-4714-10-117-53906,-0.06897770245050394
RMOD-1037-4855-09-117-50566,0.051527102271863745
RMOD-1037-4855-09-117-52718,-0.08163755665276451
RMOD-1037-4981-00-117-46293,0.17793333394571476
RMOD-1037-4981-100-130-46203,-0.028432407302395046
RMOD-1037-5740-09-117-47632,-0.016488587152497347
RMOD-1037-5740-09-117-49633,-0.01084518193958861
RMOD-1037-5740-09-117-52343,-0.03408970942917888
RMOD-1037-7120-02-101-49942,-0.030196291020606947
RMOD-1037-7120-02-103-50021,0.04326968728315572
RMOD-1037-7120-02-106-49993,0.028076808236227047
RMOD-1037-7567-10-117-51000,-0.0068454885221672646
RMOD-1037-7567-10-117-53064,0.038887923368147614
RMOD-1037-7989-02-101-47278,0.06709077058074442
RMOD-1037-7989-02-106-47313,0.03676046380440656
RMOD-1037-8441-09-117-53460,0.001188871512695755
RMOD-1037-9080-02-103-46980,-0.003812084357301515
RMOD-1037-9080-02-158-47031,0.131632767333969
RMOD-1037-9685-09-117-47910,-0.06852224408696284
RMOD-1037-9685-09-145-47945,0.06107434854528737
RMOD-1037-9959-02-101-46566,0.039313027146863355
RMOD-1037-9959-02-101-48598,-0.02809750599395089
RMOD-1037-9959-02-106-46642,0.06952423208656522
RMOD-1037-9959-02-106-48633,-0.07586705410635275
RMOD-1038-0142-00-119-52344,0.2967061307075878
RMOD-1038-0142-00-127-52444,0.0630406241071979
RMOD-1038-1446-01-103-48974,-0.010219126940599232
RMOD-1038-2755-01-103-46567,0.04422380596523179
RMOD-1038-2755-01-103-52010,-0.04080145887775288
RMOD-1038-2755-01-106-46643,0.05880023111703836
RMOD-1038-2755-01-106-52059,-0.01035231408461501
RMOD-1038-3420-01-103-46982,0.026963706579133495
RMOD-1038-3420-01-103-49260,0.0559776388375659
RMOD-1038-3420-01-103-51311,0.03693036727490684
RMOD-1038-3420-01-103-54292,0.011416034583869639
RMOD-1038-3420-01-106-47032,-0.0010311992912344081
RMOD-1038-3420-01-106-49350,0.002956606753970359
RMOD-1038-3420-01-106-51350,0.017545540557555084
RMOD-1038-3420-01-106-54375,0.019879837667049705
RMOD-1038-3420-01-107-49364,0.011552861769756673
RMOD-1038-3465-01-103-47911,0.012856301582750751
RMOD-1038-3465-01-103-48323,0.02088418010506543
RMOD-1038-3465-01-103-51002,-0.014305602326888711
RMOD-1038-3465-01-106-47946,-0.01821059430355243
RMOD-1038-3465-01-106-51022,0.015087624759547724
RMOD-1038-3601-01-103-54763,-0.007450765916233726
RMOD-1038-3601-01-106-54697,0.02995797330761185
RMOD-1038-4177-01-103-47279,0.002143447662991127
RMOD-1038-4177-01-106-47314,-0.06594783842500562
RMOD-1038-4368-100-101-50323,0.019271644836375
RMOD-1038-4368-100-101-53065,0.007360712374209655
RMOD-1038-4969-01-103-49943,0.010171011161598464
RMOD-1038-4969-01-103-52719,0.060578934792947736
RMOD-1038-5315-01-103-53461,0.053885326532453925
RMOD-1038-7480-01-103-46204,0.031164125922991115
RMOD-1038-7480-01-103-48599,-0.06775030037587504
RMOD-1038-7480-01-106-46274,0.07571135635304072
RMOD-1038-9028-01-103-50567,0.015036884278000207
RMOD-1038-9569-00-119-49634,-0.09208832195478489
RMOD-1038-9569-00-119-51639,0.22611651611109074
RMOD-1038-9569-00-127-49695,0.006199350395188041
RMOD-1038-9569-00-127-51733,0.329594970049244
RMOD-1038-9569-00-127-53907,0.0023478868097830397
RMOD-1038-9577-00-119-47634,0.07855742629546625
RMOD-1041-2189-17-162-47638,0.12445343360331207
RMOD-1042-5023-100-148-46568,-0.09513876259688792
RMOD-1042-5023-100-148-49944,0.00974740607136182
RMOD-1042-5023-35-115-46576,0.06514352457370376
RMOD-1042-5023-35-148-46633,0.10147306747377871
RMOD-1042-5023-35-148-50064,0.0816606237976889
RMOD-1042-5023-35-163-50024,-0.12530826784250748
RMOD-1042-5274-100-148-48600,0.09918198706610815
RMOD-1042-5274-100-148-51312,-0.32691899737155095
RMOD-1042-5274-100-148-52720,-0.41253703239664763
RMOD-1042-5274-100-148-54293,0.2503832044797041
RMOD-1042-5274-35-148-48697,0.08970929287701424
RMOD-1042-5274-35-148-51388,0.08097136823558393
RMOD-1042-5274-35-148-52822,0.0032614798840688852
RMOD-1042-5274-35-148-54384,0.12220314562180201
RMOD-1042-5274-35-163-48686,0.07186620808537914
RMOD-1042-5274-35-163-51372,0.1459122304529028
RMOD-1042-5274-35-163-52834,-0.036351895156380265
RMOD-1042-5274-35-163-54360,0.12510455938279752
RMOD-1042-5299-100-148-47912,-0.2133188651786927
RMOD-1042-5299-100-148-50568,-0.20013767163053875
RMOD-1042-5299-100-148-52012,0.1289641902489631
RMOD-1042-5299-35-115-48009,0.028246931820610888
RMOD-1042-5299-35-148-47978,0.06020115473558629
RMOD-1042-5299-35-148-50654,-0.13618462437582834
RMOD-1042-5299-35-148-52027,0.0934139302418795
RMOD-1042-5299-35-163-50702,0.13130238003165284
RMOD-1042-5299-35-163-52074,0.1796856792384105
RMOD-1042-5351-100-148-54764,0.29360549282371307
RMOD-1042-5351-35-148-54716,0.299438964476916
RMOD-1042-5351-35-163-54724,0.24042708237436594
RMOD-1042-6404-100-148-48325,0.13985221126856318
RMOD-1042-6404-100-148-49635,0.19683296408156914
RMOD-1042-6404-100-148-51003,-0.1964370224476799
RMOD-1042-6404-100-148-52346,-0.3623111115504475
RMOD-1042-6404-35-115-48324,-0.06396154196278792
RMOD-1042-6404-35-148-48312,-0.07533849977833229
RMOD-1042-6404-35-148-49659,0.0947528267804838
RMOD-1042-6404-35-148-51072,-0.23231352811232564
RMOD-1042-6404-35-148-52392,0.41440000479853256
RMOD-1042-6404-35-163-49696,-0.024960930885733257
RMOD-1042-6404-35-163-51037,-0.06282828703189192
RMOD-1042-6404-35-163-52382,-0.1285664684861687
RMOD-1042-6624-00-148-46205,-0.21955160274856278
RMOD-1042-6624-100-148-47640,-0.18881201042436646
RMOD-1042-6624-35-115-46224,0.07640833159512472
RMOD-1042-6624-35-115-47700,0.061955470576910976
RMOD-1042-6624-35-148-46286,0.04013231080807622
RMOD-1042-6624-35-148-47688,-0.07957373786171773
RMOD-1042-6626-100-148-53066,0.3246330503358885
RMOD-1042-6626-35-148-53183,-0.05662402436831515
RMOD-1042-6626-48-163-53166,-0.019581037367621623
RMOD-1042-7763-100-148-50326,-0.06297935767271456
RMOD-1042-7763-100-148-51640,0.16195258808773372
RMOD-1042-7763-100-148-53462,-0.15548707123692795
RMOD-1042-7763-35-148-50325,-0.12117311531929731
RMOD-1042-7763-35-148-51702,0.06296817282823386
RMOD-1042-7763-35-148-53566,-0.005039095127802873
RMOD-1042-7763-35-163-50388,-0.1069348995188647
RMOD-1042-7763-35-163-51735,0.026703058809943947
RMOD-1042-7763-35-163-53551,0.25004789011705264
RMOD-1042-8083-100-148-46983,-0.3610323149538024
RMOD-1042-8083-100-148-48975,-0.08790014227861953
RMOD-1042-8083-100-148-53908,0.17166911796068884
RMOD-1042-8083-35-115-46993,0.09440585658466372
RMOD-1042-8083-35-148-46978,0.3861344150110526
RMOD-1042-8083-35-148-49069,-0.31806964234494595
RMOD-1042-8083-35-148-53931,0.2354041327391152
RMOD-1042-8083-35-163-49028,0.29493657412543284
RMOD-1042-8083-35-163-53918,0.03300181554528736
RMOD-1042-9690-100-148-47280,-0.02418339933442215
RMOD-1042-9690-100-148-49263,-0.10745566874626689
RMOD-1042-9690-35-148-47362,0.14966093912752942
RMOD-1042-9690-35-148-49313,0.011615083792540393
RMOD-1042-9690-35-15-47334,0.06269914046356995
RMOD-1042-9690-35-163-49365,0.15195469471595757
RMOD-1043-3366-17-162-48601,0.004134695588816406
RMOD-1043-3366-17-162-50329,-0.1885407728876305
RMOD-1043-3366-17-162-52348,-0.27786308504257395
RMOD-1043-3824-100-126-47582,0.19449397488882125
RMOD-1043-3824-100-126-49265,-0.07266574293981842
RMOD-1043-3824-100-126-51005,-0.11317828517044981
RMOD-1043-3824-100-126-54765,0.13566706389594962
RMOD-1043-4061-17-162-52721,-0.12657089898426477
RMOD-1043-4061-17-162-54294,0.2013145241645362
RMOD-1043-4449-17-162-47913,0.04983654498301493
RMOD-1043-4449-17-162-49636,0.15935980695567875
RMOD-1043-4450-100-126-47281,0.16979628963887694
RMOD-1043-4450-100-126-48976,-0.009517349482298099
RMOD-1043-4450-100-126-50569,-0.05603028158885992
RMOD-1043-4450-100-126-52014,0.17373475398895133
RMOD-1043-4450-100-126-53909,-0.012035689486807777
RMOD-1043-7156-17-162-46533,0.20981213106640606
RMOD-1043-7156-17-162-51641,0.13533512931275582
RMOD-1043-7156-17-162-53463,0.06396783581084442
RMOD-1043-8910-100-126-53067,0.21389157711584783
RMOD-1044-3942-100-126-46535,0.017986205671195465
RMOD-1044-3942-100-126-52722,0.0315415479366159
RMOD-1044-3942-100-126-54295,0.06242269313815152
RMOD-1044-6345-100-126-49266,-0.015447121151925258
RMOD-1044-9094-100-126-50570,0.09735580148837997
RMOD-1044-9265-17-162-48602,-0.1883035135388399
RMOD-1044-9284-17-162-49945,-0.042516474328655796
RMOD-1045-0140-19-162-50595,-0.08740069379017268
RMOD-1045-0203-17-162-53910,0.07469490387925726
RMOD-1045-0244-17-162-53068,0.07023982193843259
RMOD-1045-0602-100-126-53464,0.11992657845065935
RMOD-1045-3801-100-126-48605,0.16932769577403062
RMOD-1045-4374-100-126-46209,-0.1242191156768534
RMOD-1045-4466-17-162-47282,0.03558842961309039
RMOD-1045-4472-17-162-48327,-0.08024591459661468
RMOD-1045-4987-17-162-49946,-0.050592408150227586
RMOD-1045-6394-100-126-52350,0.08188404340863298
RMOD-1045-6394-100-126-52723,-0.10712428739418878
RMOD-1045-7048-17-162-51313,-0.1516623360426388
RMOD-1045-7614-100-126-47914,0.09967567414202883
RMOD-1045-7618-15-148-47583,-0.09874607693965975
RMOD-1045-7618-15-148-47689,-0.061438799220219664
RMOD-1045-7618-15-148-47701,0.17022154447873583
RMOD-1047-0333-03-101-47584,0.029239168658258707
RMOD-1047-0333-03-101-51314,-0.14529018273632832
RMOD-1047-0333-03-101-52351,-0.0303446234786775
RMOD-1047-0333-03-106-51351,0.06885530312261001
RMOD-1047-0333-03-158-47666,-0.0322909759280694
RMOD-1047-1327-03-101-46896,0.01892196537277635
RMOD-1047-1327-03-101-47915,0.006329836580204251
RMOD-1047-1327-03-101-49947,-0.01891397707813436
RMOD-1047-1327-03-101-53465,0.03540477798901098
RMOD-1047-1327-03-101-54766,0.01205461023258958
RMOD-1047-1327-03-106-46955,0.04960054490499677
RMOD-1047-1327-03-106-47947,-0.013330906793321051
RMOD-1047-1327-03-106-49994,-0.07038943810558607
RMOD-1047-1327-03-106-54699,0.0034073556277032235
RMOD-1047-2013--03-101-50332,0.0563977051339255
RMOD-1047-2013-03-101-46210,-0.018886464852495677
RMOD-1047-2013-03-101-48329,0.009805929337311614
RMOD-1047-2013-03-101-49637,-0.022997087382321535
RMOD-1047-2013-03-101-51642,-0.07064739087699234
RMOD-1047-2013-03-106-49683,-0.010023976367264043
RMOD-1047-2013-03-106-50367,-0.04327704627643725
RMOD-1047-2013-03-106-51712,-0.03276181184712701
RMOD-1047-2013-03-158-46275,0.01985272239916136
RMOD-1047-2163-03-101-53912,-0.0032680055342523273
RMOD-1047-3013-03-101-48977,0.04733919698947009
RMOD-1047-3013-03-106-49009,-0.0058055083177660505
RMOD-1047-3195-03-101-46538,-0.034828802451359886
RMOD-1047-3195-03-101-50596,-0.08346361565501959
RMOD-1047-3195-03-106-46644,-0.010652621828847741
RMOD-1047-3195-03-106-50683,-0.09743483150215271
RMOD-1047-4710-03-101-47285,-0.010252250698979393
RMOD-1047-4710-03-101-48606,-0.044072936765175985
RMOD-1047-4710-03-101-49267,0.0008255402726109473
RMOD-1047-4710-03-101-51006,-0.03760960215424969
RMOD-1047-4710-03-101-52724,-0.08189602241072458
RMOD-1047-4710-03-101-54296,0.029896820687458803
RMOD-1047-4710-03-106-48634,0.020896648293942555
RMOD-1047-4710-03-106-49351,-0.058261045302523407
RMOD-1047-4710-03-106-52773,-0.012885846878467944
RMOD-1047-4710-03-158-47315,0.001708162083331466
RMOD-1047-9270-03-101-52016,0.03660614481524349
RMOD-1047-9270-03-101-53088,0.02072567709962736
RMOD-1047-9270-03-106-52060,0.010540094588165738
RMOD-1047-9270-03-106-53131,-0.02115336425038583
RMOD-1048-0623-07-101-50597,-0.10274049930671403
RMOD-1048-0623-07-101-52036,0.12397833695248095
RMOD-1048-0623-07-101-53913,-0.05197114838695216
RMOD-1048-0623-07-103-47920,0.027991208276625157
RMOD-1048-0623-07-103-48978,-0.023312416957617876
RMOD-1048-0623-07-103-52075,-0.05323732027390404
RMOD-1048-0623-07-106-47950,0.000022302820100517096
RMOD-1048-0623-07-106-49010,0.0202940623242851
RMOD-1048-0623-07-106-50684,0.08878857982638322
RMOD-1048-0623-07-106-53988,-0.0616290539155141
RMOD-1048-0724-07-101-46634,0.0013321166748450075
RMOD-1048-0724-07-101-49948,0.018175505484566257
RMOD-1048-0724-07-101-51315,-0.00178818634182909
RMOD-1048-0724-07-101-52749,-0.035218094291786906
RMOD-1048-0724-07-101-54767,0.05660585799982365
RMOD-1048-0724-07-103-46542,0.06779191782260519
RMOD-1048-0724-07-103-50025,0.006760617807069602
RMOD-1048-0724-07-158-51353,-0.015964174748526183
RMOD-1048-1200-07-101-54297,0.03789593473509112
RMOD-1048-1200-07-104-49320,-0.03209966387704222
RMOD-1048-1200-07-108-49366,-0.0558057745745032
RMOD-1048-1203-07-104-47586,-0.05798278133944845
RMOD-1048-1203-07-158-47667,-0.08949367045424106
RMOD-1048-2380-07-101-49638,-0.01521825104929686
RMOD-1048-2380-07-108-49697,-0.11613090140769466
RMOD-1048-3357-07-101-47286,-0.01317163761721396
RMOD-1048-3357-07-103-47363,-0.026294683663379725
RMOD-1048-3357-07-158-47316,-0.005012451407095719
RMOD-1048-4866-07-101-48607,-0.047273336694103496
RMOD-1048-4866-07-101-50983,-0.013636651169667724
RMOD-1048-4866-07-103-51038,-0.030811556720493294
RMOD-1048-4867-07-101-46287,-0.04819442088920989
RMOD-1048-4867-07-101-48337,0.013346408767102247
RMOD-1048-4867-07-101-50335,-0.0037271258376700978
RMOD-1048-4867-07-101-52352,0.048268319477929644
RMOD-1048-4867-07-101-53466,0.03660428360877499
RMOD-1048-4867-07-103-46211,0.057285254408689035
RMOD-1048-4867-07-103-52383,0.005940002362019969
RMOD-1048-4867-07-158-46276,-0.0334167610928896
RMOD-1048-8405-07-101-46899,-0.0758584278909713
RMOD-1048-9963-07-101-51736,-0.002686907739617439
RMOD-1048-9963-07-101-53089,0.015798650484793786
RMOD-1048-9963-07-103-51643,0.05809456455331863
RMOD-1048-9963-07-106-51713,0.054483729407830195
RMOD-1049-1098-01-103-46902,0.004739355924148425
RMOD-1049-1098-01-103-49639,0.027596268526772993
RMOD-1049-1098-01-103-53467,0.005121187151627904
RMOD-1049-1098-01-106-46956,0.05558298492526115
RMOD-1049-1098-01-106-49684,-0.021049050263842073
RMOD-1049-1098-01-106-53502,-0.057764976184372596
RMOD-1049-1208-01-103-46548,-0.05876101226188024
RMOD-1049-1208-01-103-54768,0.005849152031667693
RMOD-1049-1208-01-106-54700,0.09663002525821662
RMOD-1049-1258-01-103-54298,0.08317094820459348
RMOD-1049-1258-01-106-54378,-0.10322000860919778
RMOD-1049-1319-01-103-47287,-0.027374063007081784
RMOD-1049-1319-01-103-53090,-0.05823212734134453
RMOD-1049-1319-01-106-47317,0.040802952279239246
RMOD-1049-2723-01-103-46212,-0.01846625697413573
RMOD-1049-2723-01-103-47588,-0.014140942838589576
RMOD-1049-2723-01-103-49949,0.003074730412478077
RMOD-1049-2723-01-103-51316,-0.010012415779366846
RMOD-1049-2723-01-103-52750,-0.01748593247345631
RMOD-1049-2723-01-103-53914,-0.020609764779616846
RMOD-1049-2723-01-106-46278,-0.03561017004356748
RMOD-1049-2723-01-106-47668,-0.028678555076428025
RMOD-1049-2723-01-106-53989,-0.044055870050837664
RMOD-1049-2723-01-145-51354,-0.05821449984694804
RMOD-1049-2723-01-145-52774,-0.02116547030708693
RMOD-1049-3361-01-103-50598,0.017573539965816343
RMOD-1049-3361-01-106-50685,0.005309145825539652
RMOD-1049-3368-01-103-47980,-0.003261780545626869
RMOD-1049-3368-01-108-47921,-0.03637960559392872
RMOD-1049-3368-01-108-50336,-0.007871999174224986
RMOD-1049-3368-01-108-52037,-0.049087248464571576
RMOD-1049-3640-01-103-48339,-0.05279980643142512
RMOD-1049-3640-01-103-48979,-0.031862204792113435
RMOD-1049-3640-01-106-49011,-0.019697558141960392
RMOD-1049-7774-01-103-52399,-0.08612768688118833
RMOD-1049-8149-01-103-48608,-0.031180904832817213
RMOD-1049-8149-01-103-49322,0.021543123876243797
RMOD-1049-8149-01-103-50984,-0.03859004004049649
RMOD-1049-9205-01-103-51644,0.02747960070069655
RMOD-1050-0968-19-117-53915,-0.03531235535813704
RMOD-1050-0968-19-162-53919,-0.011511922905858674
RMOD-1050-1326-34-119-50337,-0.020200544946639698
RMOD-1050-1329-100-119-47690,0.15758529119380627
RMOD-1050-1329-19-117-47590,-0.03382312846237956
RMOD-1050-1329-19-117-48980,0.025694311963769145
RMOD-1050-1329-19-117-51317,-0.017287531072085693
RMOD-1050-1329-19-117-52751,-0.09420536429391413
RMOD-1050-1329-19-117-54299,-0.05240792804124306
RMOD-1050-1329-19-162-47702,0.028995804235227185
RMOD-1050-1329-19-162-49070,-0.035334008326270205
RMOD-1050-1329-19-162-51389,-0.12190058301999995
RMOD-1050-1329-19-162-52823,-0.03267823597178099
RMOD-1050-1329-19-162-54361,-0.07788968583818034
RMOD-1050-1335-19-117-50599,0.008425950609128208
RMOD-1050-1335-19-117-53468,-0.029108897637347364
RMOD-1050-1335-19-162-50655,0.09813951116228403
RMOD-1050-1336-34-117-48609,-0.033443984415187256
RMOD-1050-1336-34-117-49640,-0.01092774298887178
RMOD-1050-1336-34-117-50985,0.012949454324588716
RMOD-1050-1336-34-117-52401,0.0013984226587147042
RMOD-1050-1336-34-117-54770,-0.060279252401201355
RMOD-1050-1336-34-145-48635,-0.07084118822665675
RMOD-1050-1336-34-154-54701,-0.07359616952716375
RMOD-1050-1444-34-117-49969,-0.030630031877589836
RMOD-1050-1444-34-119-47288,-0.12098725896061857
RMOD-1050-1444-34-145-49995,-0.04315130870327255
RMOD-1050-1444-34-162-47335,-0.020849945217197408
RMOD-1050-1444-34-162-50065,-0.04529003406169951
RMOD-1050-3108-19-117-47922,0.008057976311902859
RMOD-1050-3108-19-117-49324,0.01896286826563287
RMOD-1050-3108-19-117-52038,-0.013614514620492457
RMOD-1050-3108-19-117-53091,0.007163134776283497
RMOD-1050-3108-19-162-48010,0.28707711096545596
RMOD-1050-3108-19-162-49314,0.04362678818151999
RMOD-1050-3108-19-162-52028,0.09637506087896242
RMOD-1050-3108-19-162-53167,0.189865836414429
RMOD-1050-4984-19-117-46550,-0.03874948453195848
RMOD-1050-4984-19-162-46577,0.0041341451774628
RMOD-1050-7028-34-117-48340,-0.03295125979592883
RMOD-1050-7028-34-117-51645,0.0493759095923314
RMOD-1050-7028-34-162-48326,0.09233643395420366
RMOD-1050-7028-34-162-51703,0.031026100729315775
RMOD-1050-7760-19-117-46213,0.03275677874836713
RMOD-1050-7760-19-162-46225,-0.18080839388024494
RMOD-1050-8296-19-117-46905,-0.028991051071089347
RMOD-1050-8296-19-162-46998,0.02912222387463781
RMOD-1051-0584-100-127-48610,0.03073544503861192
RMOD-1051-0584-100-127-49325,-0.0838834165157405
RMOD-1051-0584-100-127-51318,0.0006261492732511087
RMOD-1051-0584-100-127-52402,-0.050733866116379644
RMOD-1051-0584-27-152-53469,-0.09891041736581319
RMOD-1051-1445-100-127-48341,-0.05114202433085657
RMOD-1051-1445-100-127-49641,-0.006404861710234133
RMOD-1051-1445-100-127-50338,-0.05107433447571674
RMOD-1051-1445-100-127-52752,0.11777272913155246
RMOD-1051-1445-27-152-52835,-0.3318990941722453
RMOD-1051-2038-28-152-46907,-0.13201879011210116
RMOD-1051-2038-28-152-47923,-0.005278212307635144
RMOD-1051-2038-28-152-49970,-0.04214372845677006
RMOD-1051-2038-28-152-50986,-0.15414402667545868
RMOD-1051-2038-28-152-52039,-0.06552134720580194
RMOD-1051-2038-39-126-54300,-0.02728934616188361
RMOD-1051-3260-100-152-46553,-0.03407960161280765
RMOD-1051-3260-39-127-53950,-0.05431270190785187
RMOD-1051-3260-39-145-46645,-0.06526038315235005
RMOD-1051-4865-100-152-48982,-0.01732639185043061
RMOD-1051-5001-41-127-46230,0.010981560901412557
RMOD-1051-5001-45-127-54771,0.009405810878866161
RMOD-1051-5038-100-152-47691,-0.12453577347571143
RMOD-1051-5038-39-126-47591,-0.046785150136922526
RMOD-1051-7093-27-152-50601,0.1869529628062816
RMOD-1051-7094-27-126-51686,-0.07348906154883106
RMOD-1051-7094-27-126-53092,0.1314226926530968
RMOD-1051-7094-27-152-51646,-0.010399299291190434
RMOD-1051-9261-100-152-47289,0.003483611048894053
RMOD-1052-1199-08-101-46911,-0.037196887478212703
RMOD-1052-1338-08-101-48612,-0.019999155102508714
RMOD-1052-1338-08-101-49328,0.00708634595964619
RMOD-1052-1338-08-101-54772,0.03005014925950622
RMOD-1052-1338-08-103-50988,0.004377265236149341
RMOD-1052-1338-08-103-52040,0.01779847790652722
RMOD-1052-1338-08-103-53470,-0.0010722408178804876
RMOD-1052-1338-08-106-51023,-0.06529275465327311
RMOD-1052-2406-07-101-52753,-0.01672130807452099
RMOD-1052-2406-08-101-46558,-0.08861819169094098
RMOD-1052-2406-08-101-47592,-0.04327108326219087
RMOD-1052-2406-08-101-48983,-0.0483683598787652
RMOD-1052-2406-08-101-51319,-0.08319194839353183
RMOD-1052-2406-08-101-54301,-0.02755690882877293
RMOD-1052-2406-08-106-46646,0.026979023099439337
RMOD-1052-2406-08-106-47669,-0.014841151497370197
RMOD-1052-2406-08-107-46635,-0.016824432928626565
RMOD-1052-2406-08-107-47692,-0.09365047958853867
RMOD-1052-2406-08-107-49031,0.05565655536544711
RMOD-1052-2406-08-107-51374,-0.00969817634017589
RMOD-1052-2406-08-107-52836,0.26631427818553277
RMOD-1052-2654-08-101-47924,0.040663685280256656
RMOD-1052-2654-08-101-49642,-0.06591735737327731
RMOD-1052-2654-08-107-47990,-0.04759214948721957
RMOD-1052-2654-08-107-49698,-0.041392286697721103
RMOD-1052-7088-07-101-51647,-0.033427904767957095
RMOD-1052-7088-08-101-46214,-0.0634891331318731
RMOD-1052-7088-08-101-50339,-0.04065946917248142
RMOD-1052-7088-08-101-53093,0.11789830199073492
RMOD-1052-7088-08-103-46288,-0.04576126628176247
RMOD-1052-7088-08-103-50389,0.0979242833688625
RMOD-1052-7088-08-106-46279,-0.04829135662169326
RMOD-1052-7088-08-106-50368,-0.029416819695992857
RMOD-1052-7092-08-101-48342,0.00009931557118880718
RMOD-1052-7092-08-101-50602,-0.03517635706480826
RMOD-1052-7092-08-101-52404,0.07047694866487175
RMOD-1052-7092-08-101-53951,0.044698043678120136
RMOD-1052-7092-08-106-50687,-0.0027164021565522223
RMOD-1052-7092-08-106-52430,0.22898268960372947
RMOD-1052-7775-08-103-47364,-0.06145475483874763
RMOD-1052-7775-08-107-47290,-0.0627360936178587
RMOD-1052-7775-08-107-49972,0.0038846657081668123
RMOD-1053-0589-00-108-47693,-0.011860042681615113
RMOD-1053-0589-00-119-47595,0.1844621069004222
RMOD-1053-0589-00-119-50604,0.13589459555870165
RMOD-1053-1650-00-108-54725,-0.05231984083595953
RMOD-1053-1650-00-117-54774,-0.04696982307877817
RMOD-1053-1650-00-119-46565,-0.04046693048272376
RMOD-1053-1650-00-119-48343,0.09049490682627903
RMOD-1053-2337-00-119-48984,-0.1099349158465377
RMOD-1053-5627-00-108-52076,0.0673317391268764
RMOD-1053-5627-00-108-53920,-0.05067312022285153
RMOD-1053-5627-00-117-52041,0.1250343291658471
RMOD-1053-5627-00-117-53954,0.011980013727993954
RMOD-1053-5632-00-108-53168,0.12436541948005897
RMOD-1053-5632-00-117-48613,-0.019274130280766744
RMOD-1053-5632-00-117-49330,-0.06521524235027887
RMOD-1053-5632-00-117-50340,-0.02546844960773853
RMOD-1053-5632-00-117-51648,-0.06818814694480513
RMOD-1053-5632-00-117-53094,0.12519287592887918
RMOD-1053-5747-00-117-49643,-0.09933794088974435
RMOD-1053-5747-00-154-49699,-0.008972069426975593
RMOD-1053-5748-00-108-51320,0.012089655674668576
RMOD-1053-5748-00-108-52405,0.06078882282754905
RMOD-1053-5748-00-108-53471,0.03460183845246689
RMOD-1053-7096-00-103-46215,0.09601670023095354
RMOD-1053-7096-00-103-49973,0.03644145409339572
RMOD-1053-9264-00-108-46979,-0.06661634605609357
RMOD-1053-9264-00-108-54363,-0.03432260129958675
RMOD-1053-9264-00-119-46913,-0.09302806077535375
RMOD-1053-9264-00-119-47925,0.12369894935071302
RMOD-1053-9264-00-119-50990,-0.026717407765945778
RMOD-1053-9264-00-119-52754,-0.1636146136513391
RMOD-1053-9264-00-119-54303,-0.12196945479961663
RMOD-1054-2035-01-103-40499,0.012776194195272206
RMOD-1055-3286-117-162-54727,0.07513699298390053
RMOD-1055-3286-17-118-40500,-0.043155010478076794
RMOD-1055-3286-17-162-48330,0.1845996832793495
RMOD-1055-3286-19-162-46226,-0.04409402085694991
RMOD-1055-3286-19-162-46578,0.01686814988320018
RMOD-1055-3286-19-162-47000,-0.03400222416240872
RMOD-1055-3286-19-162-47337,0.03555289129908901
RMOD-1055-3286-19-162-47703,0.10338716599174358
RMOD-1055-3286-19-162-48011,0.19382219101769982
RMOD-1055-3286-19-162-48698,0.25296040589180824
RMOD-1055-3286-19-162-49071,0.0869430187036937
RMOD-1055-3286-19-162-49315,0.015690178404745403
RMOD-1055-3286-19-162-49661,-0.07685256927948314
RMOD-1055-3286-19-162-50066,0.08032973586445391
RMOD-1055-3286-19-162-50327,-0.0028683904150721418
RMOD-1055-3286-19-162-50656,0.011851031522312594
RMOD-1055-3286-19-162-51073,0.007871389457409617
RMOD-1055-3286-19-162-51391,0.10295992621076544
RMOD-1055-3286-19-162-51704,0.012884425909167607
RMOD-1055-3286-19-162-52029,-0.18933180841108133
RMOD-1055-3286-19-162-52393,-0.028357497189427816
RMOD-1055-3286-19-162-52824,0.12673616872028393
RMOD-1055-3286-19-162-53169,0.02622085568581012
RMOD-1055-3286-19-162-53552,0.08067359901113136
RMOD-1055-3286-19-162-53921,0.01801899621337344
RMOD-1055-3286-19-162-54365,0.06876439456544414
RMOD-1056-0215-117-162-54728,0.07778069107429153
RMOD-1056-0215-17-124-40501,0.002982892816039362
RMOD-1056-0215-17-162-46227,-0.15280257147331244
RMOD-1056-0215-17-162-46579,-0.05091617580401486
RMOD-1056-0215-17-162-47001,0.09813952271128423
RMOD-1056-0215-17-162-47338,-0.12843243118522674
RMOD-1056-0215-17-162-47704,0.09370206585540242
RMOD-1056-0215-17-162-48012,-0.11794912627946985
RMOD-1056-0215-17-162-48331,0.13354582216909017
RMOD-1056-0215-17-162-48700,0.03912819443537474
RMOD-1056-0215-17-162-49072,0.13423013022074093
RMOD-1056-0215-17-162-49316,-0.09724587527426021
RMOD-1056-0215-17-162-49663,0.10924392154409435
RMOD-1056-0215-17-162-50067,0.002424676418044447
RMOD-1056-0215-17-162-50328,0.0011524442667556478
RMOD-1056-0215-17-162-50658,0.03724341034205736
RMOD-1056-0215-17-162-51074,0.133749333843733
RMOD-1056-0215-17-162-51392,0.08723187205915295
RMOD-1056-0215-17-162-51706,0.16284188883220674
RMOD-1056-0215-17-162-52030,0.1973287237389032
RMOD-1056-0215-17-162-52394,-0.16079874641423342
RMOD-1056-0215-17-162-52825,0.04673231561550417
RMOD-1056-0215-17-162-53170,0.0017206114826875396
RMOD-1056-0215-17-162-53553,-0.03342255122050275
RMOD-1056-0215-17-162-53922,0.1126442055250092
RMOD-1056-0215-17-162-54367,0.01676120221297306
RMOD-1057-3261-02-101-40502,-0.04055924307954306
RMOD-1058-1597-01-103-40503,-0.040196910034867805
RMOD-1059-5509-02-101-40504,0.011524303709136818
RMOD-1060-2245-00-108-40505,0.17291140681852535
RMOD-1061-2237-01-103-40506,-0.01887662575771276
RMOD-1062-1010-10-117-47390,0.003540977520323896
RMOD-1062-2237-09-117-42153,-0.13029122197382703
RMOD-1063-2556-100-126-40508,0.07709244076435429
RMOD-1064-2759-00-119-47292,0.13615469325218688
RMOD-1064-2759-00-119-51650,0.03396001909521429
RMOD-1064-3558-18-117-46738,-0.01126485268127475
RMOD-1064-4281-19-117-48614,0.03798264395837503
RMOD-1064-4281-19-162-48701,0.032213605782189125
RMOD-1064-4281-19-162-49073,0.018320577099473878
RMOD-1064-4281-19-162-49317,0.006158821445227725
RMOD-1064-4281-19-162-49664,0.0963381181340337
RMOD-1064-4281-19-162-50068,0.18786240378965324
RMOD-1064-4656-00-101-50344,0.02414594050179031
RMOD-1064-8092-27-126-53095,0.05386929625223713
RMOD-1065-0252-17-118-53096,0.03557358745959771
RMOD-1065-0841-09-117-48514,-0.11988290529353784
RMOD-1065-3383-01-103-47293,0.003073350662999186
RMOD-1065-4690-100-130-48615,0.053172800785681096
RMOD-1065-4969-01-103-50346,-0.011160802079458243
RMOD-1065-5404-17-118-51651,0.011895610807923784
RMOD-1065-5404-17-118-52136,0.047060428415458544
RMOD-1065-5404-17-154-51714,-0.091606081913994
RMOD-1065-5404-17-154-52061,0.05994248380060663
RMOD-1065-5404-17-154-52431,0.2883435028245047
RMOD-1065-5404-17-154-52775,-0.05809657417979963
RMOD-1066-0034-03-101-48616,-0.0539666700327357
RMOD-1066-0207-100-130-51652,-0.07016235350908462
RMOD-1066-0915-01-103-46745,0.060217366545153084
RMOD-1066-4371-17-118-47294,0.02366744171541657
RMOD-1066-4371-17-162-47339,-0.11922053088700424
RMOD-1066-4371-17-162-47706,-0.01529928619818266
RMOD-1066-4371-17-162-48013,0.06034020751086455
RMOD-1066-4371-17-162-48332,0.060851697856148856
RMOD-1066-8165-100-126-53097,0.009234708216685483
RMOD-1066-8680-34-117-50347,-0.056886353022139624
RMOD-1066-8680-34-162-50331,0.03337309801463695
RMOD-1066-8680-34-162-50659,0.025399779295011804
RMOD-1066-8680-34-162-51075,0.0914046008708087
RMOD-1066-8680-34-162-51393,0.010710831447938718
RMOD-1067-4284-00-117-37906,-0.10493274774845396
RMOD-1068-4292-17-118-37907,-0.011365489948178431
RMOD-1068-4292-17-11851564,-0.02677707466978585
RMOD-1068-4292-18-117-53013,-0.028326380236399773
RMOD-1068-4292-18-162-46228,-0.0820569806342194
RMOD-1068-4292-18-162-46580,-0.07491316552548155
RMOD-1068-4292-18-162-47002,0.03015176714857315
RMOD-1068-4292-18-162-47340,0.13172129307234903
RMOD-1068-4292-18-162-47708,-0.0270309370591878
RMOD-1068-4292-18-162-48014,0.08416492383425278
RMOD-1068-4292-18-162-48333,-0.04298056774651937
RMOD-1068-4292-18-162-48703,0.18634571676984257
RMOD-1068-4292-18-162-49074,-0.07409826596876856
RMOD-1068-4292-18-162-51707,-0.08205136442945182
RMOD-1068-4292-18-162-53014,0.2510978513616484
RMOD-1068-4292-18-162-53171,0.2526809258515825
RMOD-1068-4292-18-162-53554,0.16883723455217603
RMOD-1068-4292-18-162-53923,-0.23751260825736442
RMOD-1068-4292-18-162-54369,0.02898915651012568
RMOD-1068-4292-18-162-54729,-0.12968921202417716
RMOD-1068-4292-18-16251565,0.19035276851805594
RMOD-1069-0473-00-127-37915,0.06155896070679323
RMOD-1070-5673-01-103-37923,0.09746180487855804
RMOD-1070-5673-01-10352674,0.09608117425592666
RMOD-1071-2191-17-118-37930,0.023962967499565613
RMOD-1071-2191-17-11852676,0.00959460958308278
RMOD-1071-2191-17-162-46229,0.15454154755342087
RMOD-1071-2191-17-162-46581,-0.04276922736029487
RMOD-1071-2191-17-162-47003,0.04989587372990245
RMOD-1071-2191-17-162-47341,0.2686831299784074
RMOD-1071-2191-17-162-47709,-0.03616939143075071
RMOD-1071-2191-17-162-48015,-0.03118965107442795
RMOD-1071-2191-17-162-48335,0.34896474304969893
RMOD-1071-2191-17-162-48704,0.06579302821312294
RMOD-1071-2191-17-162-49076,0.07620643443245201
RMOD-1071-2191-17-162-49319,-0.17769711637787333
RMOD-1071-2191-17-162-49668,-0.23522595187712836
RMOD-1071-2191-17-162-50071,0.12513856332676276
RMOD-1071-2191-17-162-50334,-0.06750385980332096
RMOD-1071-2191-17-162-52677,-0.22641777639885075
RMOD-1071-2191-17-162-53172,0.0828705567134691
RMOD-1071-2191-17-162-53555,0.10565504804537906
RMOD-1071-2191-17-162-53924,0.005391184762037371
RMOD-1071-2191-17-162-54376,-0.08415915531394358
RMOD-1071-2191-17-162-54730,0.09229566692538627
RMOD-1072-1661-01-103-37931,-0.0726423554889386
RMOD-1073-6103-100-126-37932,0.1024432295459552
RMOD-1074-2237-100-127-42154,-0.009744118858937001
RMOD-1074-6020-100-127-47794,0.04790620092147457
RMOD-1074-6020-27-152-37933,-0.06933214206930627
RMOD-1075-6754-03-101-37934,-0.10302679083499111
RMOD-1076-7236-04-101-37935,-0.031190734317483204
RMOD-1080-0138-34-162-50994,0.06459636538911306
RMOD-1080-0386-100-126-50636,-0.07553865520069392
RMOD-1080-2518-15-148-47927,-0.051412443062214375
RMOD-1080-2518-15-148-48001,-0.05365368222004785
RMOD-1080-2518-15-148-48016,-0.138701750456528
RMOD-1080-5054-17-162-46919,-0.18694751959943234
RMOD-1080-5054-17-162-49974,-0.019979080255898674
RMOD-1080-6058-100-126-54304,-0.031656742410711924
RMOD-1080-6122-15-148-47295,0.0035551457599996006
RMOD-1080-6122-15-148-47342,-0.015116878726592176
RMOD-1080-6122-15-148-47389,-0.08090293756629086
RMOD-1080-6398-100-126-54775,-0.06926704531785222
RMOD-1080-6803-17-162-48344,0.0283910027355323
RMOD-1080-6803-17-162-51321,-0.047340159034164664
RMOD-1080-8386-100-126-49644,-0.20865757118547623
RMOD-1080-8386-100-126-52406,0.6674378695568797
RMOD-1081-2504-100-130-46216,0.11741547682143993
RMOD-1081-2504-100-130-47596,0.15169426087832294
RMOD-1081-2504-100-130-48986,-0.018044768711182657
RMOD-1081-2504-100-130-49976,-0.05154998906716024
RMOD-1081-2504-100-130-50348,-0.00039872439784405245
RMOD-1081-2504-100-130-51654,-0.05358842247096118
RMOD-1081-2504-100-130-53098,0.07349348657931642
RMOD-1081-2504-100-130-54776,-0.00611924639271777
RMOD-1081-2505-100-130-47297,-0.029363623859758103
RMOD-1081-2505-100-130-48617,0.09173491361625796
RMOD-1081-2505-100-130-51322,0.09499933297516439
RMOD-1081-2505-100-130-52756,0.01501613368909438
RMOD-1081-2505-100-130-54309,0.07544983391920845
RMOD-1081-2607-02-101-46920,0.025459416490428044
RMOD-1081-2607-02-101-48345,-0.009523518758316918
RMOD-1081-2607-02-101-49645,0.0012672253308163572
RMOD-1081-2607-02-101-50996,0.02820175237117173
RMOD-1081-2607-02-101-52407,0.01229065089110204
RMOD-1081-2607-02-101-53957,0.01655642759713216
RMOD-1081-2607-02-103-46981,0.04259776296565354
RMOD-1081-2607-02-106-53990,-0.08471349118857541
RMOD-1081-2609-100-130-46569,0.05521908769867001
RMOD-1081-2609-100-130-47928,0.02578360196807572
RMOD-1081-2609-100-130-49331,0.12449622872103427
RMOD-1081-2609-100-130-50639,-0.06700137925663885
RMOD-1081-2609-100-130-52042,0.09044825021251679
RMOD-1081-2609-100-130-53472,-0.07421733328741875
RMOD-1084-1826--100-12651438,-0.07685830775969227
RMOD-1084-1826-100-126-47298,0.04689702776133964
RMOD-1084-1826-100-126-52757,-0.0017242014041937148
RMOD-1084-2785-17-162-46922,0.031613157223299826
RMOD-1084-2785-17-162-48988,0.07580499821832531
RMOD-1084-2785-17-162-50641,-0.1514388411488361
RMOD-1085-7844-17-162-53473,0.09520484955805886
RMOD-1085-7846-17-162-54310,0.07992043518259928
RMOD-1085-8438-17-162-53099,0.005579200402834106
RMOD-1085-8438-17-162-54777,0.1353494246421607
RMOD-1085-8538-17-162-53960,0.05072031726105153
RMOD-1086-2125-01-103-54311,0.021811188078386
RMOD-1086-4652-03-101-54778,-0.15951886998481501
RMOD-1086-7803-03-101-53474,-0.07749917389587213
RMOD-1086-7805-01-103-53961,0.0012260790548566103
RMOD-1086-8469-46-117-53100,0.006941763875057516
RMOD-1087-3795-100-126-54312,0.054476254337179286
RMOD-1087-4491-27-126-54779,-0.17977215649122602
RMOD-1087-7807-100-126-53475,0.043307785314399494
RMOD-1087-8182-100-126-53962,0.0748145186888114
RMOD-1087-9435-39-126-53101,0.038905739078923585
RMOD-1088-5694-09-117-53476,-0.02648233054615967
RMOD-1088-7170-03-101-54313,-0.07927096054402782
RMOD-1088-8467-03-101-53963,-0.04179344828266396
RMOD-1088-8470-01-103-54780,-0.002176573953852068
RMOD-1088-8473-100-126-53103,-0.01804891859201574
RMOD-1089-4347-39-126-53964,-0.1014449663334982
RMOD-1089-8466-27-126-53477,-0.12692538027714428
RMOD-1089-8474-39-126-54314,-0.02317301994453591
RMOD-1089-8555-27-126-53104,-0.12240910842525932
RMOD-1089-9435-39-126-54781,-0.009038377639607353
RMOD-1090-2289-17-162-54318,-0.070665378362747
RMOD-1090-2745-17-162-54782,0.0685795814104968
RMOD-1090-6024-19-117-53965,-0.0025380690927165883
RMOD-1090-8924-34-117-53478,-0.03361250204050881
RMOD-1090-8924-34-162-53556,0.07514851906177622
RMOD-1090-9146-19-117-53106,0.02009995250810781
RMOD-1091-8903-01-103-53107,-0.004861127938144083
RMOD-1091-9146-04-101-54783,-0.08300715365403233
RMOD-1091-9375-01-103-53479,0.011085138158835717
RMOD-1091-9444-01-103-53966,-0.013942996224440174
RMOD-1091-9572-100-101-54319,0.06959090399143353
RMOD-1092-9176-100-126-53108,-0.16369854086662916
RMOD-1092-9214-100-127-54785,-0.004065595482215856
RMOD-1092-9384-39-126-54320,-0.1196188186624928
RMOD-1092-9573-100-126-53967,-0.049958036323756616
RMOD-1092-9604-100-127-53480,-0.009452272231286196
RMOD-1093-1973-09-117-53481,-0.12173017798452446
RMOD-1093-3497-24-117-54786,-0.017967516578336618
RMOD-1093-6597-09-117-53109,-0.1140945803435478
RMOD-1093-9447-08-101-53968,-0.025443843579331493
RMOD-1093-9448-07-101-54321,-0.146456301160652
RMOD-1094-3052-46-117-53482,-0.03313795773182049
RMOD-1094-8925-03-101-53969,-0.01476069350800746
RMOD-1094-9383-34-117-54787,0.0004381817832030954
RMOD-1094-9446-04-101-54323,0.0013402444108114864
RMOD-1094-9571-03-101-53111,0.05439682376867494
RMOD-1097-1194-19-117-53483,0.0014208326377325164
RMOD-1097-1194-19-162-53559,-0.015273216092249409
RMOD-1097-1566-39-127-54324,-0.11957748509747657
RMOD-1097-1600-01-103-54788,0.0369144062700657
RMOD-1097-1649-34-117-53970,0.02994087239493104
RMOD-1097-1649-34-162-53925,-0.0764007345056954
RMOD-1098-1192-39-127-53971,-0.05097787360307782
RMOD-1098-1195-100-126-53484,0.052936400183303256
RMOD-1098-1200-17-162-54325,0.05969979461993358
RMOD-1098-1492-39-126-54789,-0.08554545845550732
RMOD-4023-0535-17-162-49065,0.16063997637773042
RP0001,0.031076923568982062
RP0001-SP-1,0.1608260701138431
RP0001-SP-2,0.08222340450713794
RP0014,0.018821917080849015
RP0034,-0.0022975832146131525
RP0045,0.025417977762733024
RP0125,0.020504759128297412
RP0125-SP-1,-0.03059278788412345
RP0293,0.019814754066695306
RP0406,0.006698472388777077
RP0456,0.030277493417807166
RP0456-SP-1,0.05411217664719925
RP0456-SP-4,-0.015155327449912881
RP0934,0.015205342410830713
RP0934-SP-1,0.06184227243937346
RP0934-SP-2,0.01952591042878904
RP151010,-0.002523405898235298
RP151010-SP-1,-0.041507215778448625
RP151479,0.018508194512375065
RP151479-SP-1,0.02876593093039137
RP151479-SP-2,0.16794093182517655
RP151968,0.01048617390678852
RP151968-SP-1,-0.005933525483440616
RP151968-SP-2,-0.03182204226309382
RP151968-SP-3,0.00967596351325728
RP152073,0.016621349560351106
RP152073-SP-1,-0.004120432880039049
RP152073-SP-2,0.052991509762469136
RP152184,0.014972566200640136
RP152184-SP-1,-0.05117533323850054
RP152184-SP-2,-0.036135464949100804
RP152246,0.018914380574146294
RP152248,-0.025157606404300537
RP152248-SP-1,0.007101847324919142
RP152248-SP-2,-0.06822727443892962
RP152607,0.016914564354283845
RP152607-SP-1,-0.0010255536278557242
RP152607-SP-2,0.0036012069637620936
RP152933,0.025704708748624183
RP152933-SP-1,0.010457070952076375
RP153035,0.023114790174438626
RP153035-SP-1,0.050753873516021786
RP153035-SP-2,0.01742713672882812
RP153130,0.03896046635521322
RP153130-SP-1,0.03569209073805091
RP153130-SP-2,0.046720474470162365
RP153157,0.027464160983701635
RP153157-SP-1,-0.037374651342166776
RP153157-SP-2,0.07269367223072765
RP153197,0.0259866696987745
RP153197-SP-1,0.06583743210578907
RP153197-SP-2,-0.4048744701662863
RP153202,0.012793052334536315
RP153205,0.017925784336120465
RP153218,0.002279405440993143
RP153218-SP-1,0.008684304622496253
RP153218-SP-2,-0.08817427648009002
RP153223,0.0023636063567493704
RP153225,-0.012585864109350253
RP153261,0.014481669191670044
RP153261-SP-1,-0.0075298223621851346
RP153281,0.010735311808880654
RP153372,0.03598225977440106
RP153372-SP-1,-0.03479033601679693
RP153372-SP-2,0.019265057540239106
RP153761,0.02555042085762782
RP153771,0.033749143749835175
RP153934,0.01560889366669449
RP153934-SP-1,0.058831493543131996
RP153934-SP-2,-0.01071327796080146
RP154008,0.0252241597813041
RP154020,0.020563284215497246
RP154094,0.033945690467111156
RP154094-SP-1,-0.036711924004230845
RP154094-SP-2,-0.08024391296475597
RP154137,0.018057852273093422
RP154142,0.025576810910286296
RP154284,-0.019912305066582037
RP154284-AP-1,-0.07229075994179912
RP154401,0.04693996672574374
RP154477,-0.02800074225252669
RP154690,0.013738628076484849
RP154726,0.025440070014355554
RP154734,0.014083406491105954
RP154768,0.09441817339870973
RP154835,0.03626700550293016
RP154835-SP-1,0.007734713927916248
RP154835-SP-2,-0.02018713614013623
RP154855,0.042505953679829345
RP154855-SP-1,0.009980063472711631
RP154941,0.01155323106833861
RP154941-SP-1,0.0594071162583949
RP154957,0.017754792735155123
RP154973,0.0008660706781213889
RP154981,-0.019489066715212888
RP155020,0.03563168803264327
RP155020-DP-1,-0.01290391784883027
RP155131,0.03270339329994387
RP155189,0.006986064089809618
RP155189-SP-1,0.057623378871217046
RP155189-SP-2,-0.013641022099214695
RP155308,-0.0037865079927006384
RP155393,0.01420112257687589
RP155393-SP-1,-0.14611958242711587
RP155393-SP-2,-0.15093339798935546
RP155404,0.017012305481263423
RP155404-SP-1,-0.10736009566819171
RP155404-SP-2,0.0655275355446272
RP155431,0.03878676042031781
RP155458,-0.006506120101787305
RP155509,0.022875828837831014
RP155509-SP-1,-0.06642796997251288
RP155708,0.024553448863846805
RP155708-SP-2,-0.05729166491751636
RP155708-SV-3,0.013302898252293582
RP155867,0.016036357690311087
RP155894,-0.033901900083337266
RP155968,-0.019715394726358637
RP155968-SP-1,-0.06092100921824517
RP155968-SP-2,0.02314844399044058
RP155998,0.058786739971477875
RP156001,0.017194588192121385
RP156001-SP-1,-0.016718815128132447
RP156040,0.008778692261336651
RP156040-SP-1,0.06466564130927899
RP156040-SP-2,-0.03751838747549796
RP156416,0.019841798183611425
RP156574,0.024712009761753473
RP156577,0.024142224543702406
RP156597,0.020895226515040388
RP156610,0.02498310059723674
RP156819,0.012696389538775943
RP156819-SP-1,-0.042440817980002654
RP156819-SP-2,-0.09543389343779785
RP157042,0.014144330617106071
RP157042-AP-1,0.03377455142591712
RP157075,0.009423666951260845
RP157075-SP-1,0.013917320730586269
RP157075-SP-2,0.07234283574418954
RP157076,0.004746462448681044
RP157076-SP-1,0.0018660987803036377
RP157076-SP-2,-0.07430611470590265
RP157094,0.06816773790656239
RP157094-SP-1,-0.12833821757627628
RP157094-SP-2,0.19956181990798227
RP157100,0.02214890656433144
RP157100-SP-1,0.021052946539982687
RP157100-SP-2,0.9551435406698565
RP157120,0.004995843268158939
RP157566,0.01586823743929866
RP157566-SP-1,-0.008419816527622359
RP157567,0.0022336122750621357
RP157567-SP-1,-0.0610355442099213
RP157582,0.0034128023215387326
RP157583,0.0017986485613623593
RP157762,0.02448332682556198
RP158243,0.01734214629614028
RP158243-SP-1,0.018712338242021564
RP158243-SP-2,0.1251337469076932
RP158441,0.0025588050728027056
RP158441-SP-1,0.026405405199163123
RP158515,0.01001719798696099
RP158686,0.021470157515130817
RP158686-SP-1,-0.0308137897283135
RP158686-SP-2,-0.009078397271921057
RP158845,-0.03423484248336395
RP159477,0.02084333381858894
RP159477-SP-1,0.033734201665005514
RP159477-SP-2,-0.0743896225039189
RP159941,-0.040348693553724946
RP159944,0.025194030693246328
RP159944-SP-1,0.04219387954296083
RP159944-SP-2,-0.3548270770610398
RP159959,0.027630852482177115
RP159959-SP-1,0.007453850449630428
RP159959-SP-2,-0.023810327722474045
RP160055,0.0246054793556314
RP160262,0.019946251036236262
RP160503,0.004754717897431426
RP160607,0.05359523004357003
RP160607-SP-1,0.029528868903856198
RP160778,0.02603439917549122
RP160836,0.024772427695066712
RP160838,0.0002188236041613667
RP160841,0.016785981773562275
RP161199,-0.01819520656586504
RP161200,0.034692959692619985
RP161200-SP-1,-0.08623472244550934
RP161200-SP-2,0.011023022839082408
RP161203,0.01899068528002812
RP161338,0.003147557861949979
RP161338-SP-1,0.05743633449017538
RP161973,-0.0044970826790821095
RP162189,0.021418057274615432
RP162189-SP-1,0.06534388990670448
RP162309,-0.01459026400267427
RP23759,0.02683931498066583
RP23816,0.01482442341399648
RP23816-SP-1,-0.03177221737166824
RP24935,0.020096752898847603
RP24935-DP-1,-0.04421934693816909
RP24967,0.031102708615316388
RP24967-SP-1,0.009671239844068369
RP25365,0.01689490785429082
RP25365-DP-1,0.058695080149614
RP25528,0.005555553023276705
RP25528-SP-1,-0.01934056753534874
RP25663,0.029886026422973222
RP26002,0.022791265727531984
RP27177,0.030677970240886365
RP27177-SP-1,-0.036815066283234055
RP27775,0.021933813172883676
RP27989,0.006614549521198221
RP28405,0.011288102903594055
RP28745,0.028979622912158165
RP28745-SP-1,-0.011897172805845457
RP28745-SP-2,0.03724791174936026
RP28745-SP-3,-0.03766250310811736
RP29080,0.007875089249892886
RP29678,0.05400412629008988
RP29678-SP-1,-0.004246144046659794
RP29685,0.05081238561941004
RP29685-SP-1,-0.022315507191843498
RP29963,0.048787663522449565
RP29963-SP-1,-0.041176761377876736
RP30068,0.047222304008036176
RP30068-SP-1,-0.008939608692476675
RP30623,0.017968547424477288
RP30623-SP-1,-0.029253704304098127
RP30623-SP-2,0.10648960068984037
RP30724,0.0031885619875251514
RP30724-SP-1,-0.049315017904600134
RP32330,0.028747728067946676
RP32330-SP-1,0.008638987676944376
RP32330-SP-2,-1
RP32380,0.026375939003510984
RP32380-SP-1,0.03342453197547046
RP32406,-0.007652068429224279
RP32406-SP-1,0.046649135767919736
RP32654,-0.04627929417953136
RP32654-SP-1,0.028359302899211958
RP33046,0.013307609290581945
RP33382,-0.014653889401894382
RP33382-AP-1,-0.17982350588407237
RP33382-DP-2,0.06170092190727661
RP34361,0.019097020358719963
RP34361-SP-1,0.028243706158166182
RP34714,0.0010465829239956204
RP34714-SP-1,0.008246822218848093
RP34715,0.024904249173883564
RP34715-SP-1,-0.018946780937754815
RP34866,-0.0023707486959964053
RP34866-SP-1,0.005558706880698594
RP34866-SP-2,-1
RP34867,0.013385875639522204
RP34867-SP-1,-0.006752619942429483
RP35656,-0.011511389341219869
RP35740,0.02835976980170063
RP35740-SP-1,0.008138837658376197
RP37026,0.006088176631111608
RP37029,0.008801740887745213
RP37088,0.02516843560601667
RP37088-SP-1,-0.08740866027102845
RP37092,-0.0118729288906676
RP37957,0.027417699056883515
RP37957-SP-1,-0.01144447641491464
RP37957-SP-3,0.0349866869876867
RP39494,0.026708840853231886
RP41137,0.009512576090378477
RP41517,0.02671179694048864
RP41709,0.008484345618184674
RP41714,0.019932265490602674
RP41880,0.0070100223149096585
RP42031,0.001562970318841339
RP42122,-0.004979027823829751
RP42128,-0.01628677535064793
RP42504,0.0036528200397676347
RP42504-DP-1,0.055424347152549736
RP42505,-0.037639301583640594
RP42505-DP-1,0.0101848178907471
RP42607,0.02562709670747676
RP42607-SP-1,0.016849548317126928
RP42607-SP-2,0.029881122352819034
RP42609,0.04390716423918217
RP42609-DP-1,0.23553875375907274
RP43357,-0.010024790302457065
RP43493,0.059289443306071554
RP43694,-0.011506834606900829
RP44448,0.041983818427636876
RP44781,-0.04434470784902067
RP44782,0.01923249770821145
RP45057,0.03735991497444191
RP45367,-0.01583964730974563
RP45576,-0.022645841841897996
RP45694,-0.013046398595627395
RP46317,-0.0039029080854544596
RP46317-SP-1,0.0003104591774854004
RP46447,0.022837774073760198
RP46813,0.002055429566801603
RP47729,0.10299766580802006
RP49408,0.015166197620376076
RP49408-SP-1,-0.043966796622038506
RP49414,0.012692110911703303
RP49432,0.007035812257208951
RP49447,0.03127428718535685
RP49448,0.030274313793131613
RP49448-SP-1,-0.1324806851771948
RP50207,-0.0273281169945383
RP52874,0.023252415146271188
RP53827,0.01257890263826611
RP54213,0.08643261986616513
RRTH29604,0.09318699251844786
RRTH29606,-0.1454458230558625
RRTH29608,-0.017870549439284567
RRTH29623,0.02758111313317224
RRTH29626,0.015485810648324883
RRTH29628,-0.14397001951977917
RRTH29629,-0.044270599595685245
RRTH29630,0.042385863287877745
RRTH29635,-0.02749722013189093
RRTH29967,-0.049650962626913375
RRTH29969,-0.018170270882613027
RRTH29973,-0.13560701703658617
RRTH29974,-0.03447119211445271
RRTH30419,0.15381807596443076
RRTH31113,-0.011209704892734762
RRTH32749,-0.12252748503297584
RRTH33325,-0.05293458532743278
RRTH34066,-0.04696530182464598
RRTH35339,0.014684823653176249
RRTH35743,-0.06716309754293659
RRTH36040,0.0012832029686704605
RRTH36041,-0.027076097578028646
RRTH36353,-0.03771833304699734
RRTH36356,-0.14157202946012226
RRTH36689,0.07004442737640781
RRTH36692,-0.14564071224449004
RRTH37112,-0.10642331486110934
RRTH37231,-0.29936679968593793
RRTH37232,0.023295900365207345
RRTH37233,0.06946435701583797
RRTH37729,-0.1430412939517527
RRTH37761,-0.08301136105515594
RRTH37964,-0.17684847414411953
RRTH38397,-0.12270414978371591
RRTH38909,-0.1279854009964474
RRTH39497,-0.14904273865074724
RRTH39498,-0.06367132654168906
RRTH39499,0.034002218846507004
RRTH40248,-0.029973331589653984
RRTH41323,0.09847725131443541
RRTH41822,-0.0610958210407615
RRTH42461,0.012111373642060608
RRTH42837,-0.07404607235176885
RRTH44178,-0.04192690359895823
RRTH44492,0.00802749402156877
RRTH44494,0.0661848019245812
RRTH44775,0.008236958893269142
RRTH44776,-0.14161010957911668
RRTH46484,-0.07886329586125751
RRTH46867,-0.14084655101375376
RRTH47179,-0.12590555548259574
RRTH47180,-0.09758223956347178
RRTH47528,-0.2635848595738022
RRTH47530,0.04294826698864562
RRTH47531,-0.015288729950099222
RRTH47541,-0.2026128057730151
RRTH48400,0.014658103856810767
RRTH48691,-0.02990205848782601
RRTH48695,0.20128337063686508
RRTH48869,-0.09577846570630766
RRTH49200,0.01111034930926369
RRTH49556,0.05263170166466202
RRTH49895,-0.06613575100052638
RRTH50907,-0.043590521964654294
RRTH51271,-0.11816703481570368
RRTH53027,0.11933551819948152
RRTH54322,-0.06547913127764615
RRTH54945,-0.48286376283988686
RRTH55274,0.051792264898110396
RRTH55366,0.04316368462113429
RRTH55476,-0.23686316524022433
RRTH55477,0.028685398299481468
RRTH55479,0.02462400715678914
RRTH55480,-0.02019466904282441
RRTH56108,-0.029721969011510585
RRTH56142,-0.015595868575064453
RRTH56986,-0.05882654179980218
RRTH57020,-0.1655067351698416
RRTH57334,-0.12680383439196463
RRTH57335,-0.16857064057623627
RRTH57352,-0.09762970633840085
RRTH58386,-0.1405314126840218
RS0192,-0.003966153741460143
RS0192-SP-1,-0.049637901331932355
RS0391,0.04487451385071872
RS0391-DP-1,-0.21308669594770868
RS0395,-0.0333211834292052
RS0445,-0.01553663968065322
RS151675,-0.004703543966457446
RS152163,0.016641938039880566
RS152163-SP-1,0.1405129880885847
RS152163-SP-2,-0.1692442480206786
RS152518,0.009331830790366702
RS152518-SP-1,0.10021997578694242
RS152518-SP-2,0.049049157906461804
RS152518-SP-3,-0.19573603955663177
RS152518-SP-4,0.027319604606313552
RS152943,-0.0102606871856179
RS153023,-0.004602959506122217
RS153023-SP-1,-0.08103974096116595
RS153860,-0.00019667515456811557
RS154012,-0.0357084478483235
RS154632,-0.021098077569019824
RS155086,-0.04376838540502348
RS155120,0.016676683823372285
RS155144,0.015008288794215341
RS155144-SP-1,0.12066552637111916
RS155292,0.017933421153164986
RS155688,0.005416276534128128
RS156020,-0.05288299967763754
RS156020-DP-1,0.0483864007794641
RS156061,-0.01535701587151772
RS156088,-0.03975883930821866
RS156089,-0.007205266340440275
RS156661,0.006489418534230795
RS156663,0.026461261450534845
RS156706,0.002702714576270804
RS156706-DP-1,0.05321174551982555
RS157334,-0.0176447372604156
RS157335,-0.046998243057308264
RS157335-DP-2,-0.010109690257017356
RS157335-SP-1,-0.1367475322413988
RS157500,0.00343131236441363
RS157512,0.05801986679908411
RS158006,0.03142636134726584
RS158087,-0.04561615330915003
RS158092,0.0021319611615118195
RS158242,-0.0485047877472482
RS158290,-0.014268378614233135
RS158290-DP-2,0.03747004225388317
RS158291,-0.0030091211418701302
RS158387,0.017822100301503996
RS158387-DP-1,-0.01514370849827873
RS158505,-0.011143771596894503
RS158563,-0.01761918614701785
RS158910,0.02236227398851498
RS158910-DP-1,0.004178592567802397
RS159194,0.014079339509635691
RS159196,-0.010775457858244408
RS160242,0.03823430711083797
RS160506,0.0027925143265241648
RS162195,-0.001881603877631144
RS162195-SP-1,0.00637612663880649
RS23953,-0.02951256786749934
RS25519,0.011386158251648792
RS25833,-0.04768720625904299
RS26313,-0.02652886718043934
RS29436,0.003410524794052572
RS29637,0.012380834029082077
RS29972,-0.005719657504469455
RS29972-SP-1,-0.03081508444642711
RS29972-SP-2,-0.17664331897573526
RS30584,-0.027703413132500243
RS30584-DP-1,-0.01673972155420067
RS30930,-0.03989872896712299
RS31445,-0.027021736722967926
RS32336,-0.017067192687777233
RS32336-SP-1,-0.006847649112766585
RS33943,0.04417341066228886
RS35115,-0.00640658551835227
RS35115-SP-1,-0.028884438673421164
RS36037,0.009652861191397966
RS36037-DP-1,0.09323622529563402
RS37093,-0.007108614875607988
RS37094,-0.016178845203835057
RS43778,-0.05980691688594042
RS44436,-0.045075008379407366
RS44491,-0.02823061422119788
RS44491-SP-1,-0.1314929192386286
RS45001,-0.007813573979046917
RS47837,-0.05498513285147011
RS47837-SP-1,-0.07495768096444255
RS48065,-0.014181439512831462
RS48466,-0.03611693824105999
RS48466-SP-1,-0.17634500152800214
RS48471,-0.018460201157477818
RS48471-SP-1,-0.09714273635920578
RS48515,-0.039439982301475496
RS48515-SP-1,-0.14372066942166772
RS48555,-0.043355971819594497
RS49604,-0.0025794680156906447
RS49604-DP-1,-0.010225865513120547
RS50472,-0.0505708172843663
RS51653,-0.02245937894841432
RS51653-SP-1,-0.0705331279835435
RS52871,-0.006549317644280128
RS52882,-0.02801243889309879
RS53222,-0.021012545192704457
RS53222-DP-1,-0.007320891090396353
RS53592,-0.03914588372523242
RS53592-DP-1,0.14164243645320118
RS54874,-0.022697280360388206
RT0186,0.009162360170838824
RT0186-SP-1,0.00794346626025133
RT0186-SP-2,-0.004741169014722213
RT0373,0.026520006884643177
RT0449,0.03842644254795635
RT0449-SP-1,0.06087284979786478
RT0449-SP-2,-0.01350880819645306
RT0596,0.015256446834601478
RT0596-SP-1,0.07491085288853294
RT0596-SP-4,-0.023937801610982246
RT0625,0.04315339776500826
RT151015,0.009356601272328735
RT151564,0.035133874981102764
RT151988,-0.02045482684424571
RT152045,-0.0032851319426003833
RT152097,0.007285912695898844
RT153052,-0.006151086420274288
RT153409,0.02298310036270146
RT153409-SP-1,-0.051601012969569426
RT153409-SP-2,-0.04353122329609582
RT153497,-0.00749230292459846
RT153540,-0.018994190110382503
RT153625,0.0012524575165333562
RT153625-SP-1,0.07747785388962303
RT153625-SP-2,-0.0005439442583853316
RT153625-SP-3,0.012582523422090208
RT153764,0.018112519223646206
RT153764-SP-1,-0.0003423017969992337
RT153764-SP-2,-0.0658645869283927
RT153966,0.04347030073139124
RT153966-SP-1,0.15467023178760564
RT153966-SP-2,0.13609145743255513
RT154528,0.025811405505334006
RT154561,0.009075170761799312
RT154561-SP-1,-0.08428796443335485
RT154629,-0.003145128851731016
RT154629-SP-1,-0.02919676804195659
RT154629-SP-2,-0.031944959718421706
RT154634,0.024704108354796972
RT154775,-0.01406499699674979
RT155945,0.03277511055491855
RT155945-SP-1,-0.04624451191541146
RT156153,0.011490760205277395
RT156153-SP-1,-0.009358187048057132
RT156153-SP-2,-0.03781729811875456
RT156432,-0.0024131472697175305
RT156432-SP-1,-0.15117093471790743
RT156432-SP-2,-0.0161634287754171
RT156491,0.007130429772474134
RT156491-SP-1,0.002860683053259372
RT156491-SP-2,0.027125221299240332
RT156617,0.02601549758547761
RT156617-SP-1,-0.005414417578886832
RT156617-SP-2,-0.023760050335756677
RT156754,-0.002260668114155595
RT156754-SP-1,-0.15507583390651847
RT157095,0.0293458050275206
RT157641,0.0188645738061195
RT157642,0.0023109507272782714
RT157675,0.03191655001587579
RT157675-SP-1,-0.06849232971212382
RT157675-SP-2,0.011146506147490687
RT157695,0.006910262593074368
RT157818,0.013685048765323282
RT157818-SP-1,0.03301306017252603
RT157818-SP-2,-0.030449272408691663
RT158572,0.029678938730435256
RT158572-SP-1,-0.010811829903216608
RT158572-SP-2,-0.019830756309054842
RT158572-SP-3,-0.018779245283016333
RT158580,0.03458192964587714
RT158580-SP-1,-0.1586392924908353
RT158580-SP-2,0.07430720248808753
RT158828,0.010144667692614684
RT158828-SP-1,-0.07508553244602889
RT158828-SP-2,-0.10180054500698099
RT161327,0.017596936749104675
RT161637,0.010867269786101419
RT161638,0.011607987077153936
RT161638-SP-1,-0.008831015395593722
RT161638-SP-2,-0.07322366616057552
RT162075,0.021260113550712667
RT162075-SP-1,0.004745223071152438
RT162163,0.03222392785864381
RT162163-SP-1,0.033194050999856284
RT23691,0.014406630231752704
RT25834,-0.012220514764102908
RT27652,0.00016146506962400053
RT29270,0.007496194103347342
RT29270-SP-1,-0.0604138832201091
RT30333,0.01745807209715644
RT30333-SP-1,0.05474034608625544
RT30333-SP-2,0.08804492253830021
RT32013,0.014963835679506987
RT32013-SP-1,-0.01702386597497374
RT34710,0.01730466449205159
RT34710-SP-1,-0.08084590273024972
RT34710-SP-3,-0.20156553841723557
RT35741,0.009852340965673445
RT35741-SP-1,-0.05769133462209808
RT38664,-0.03945030781255221
RT39263,0.00931474019604428
RT40433,0.11212583697582601
RT41431,0.007476506293000451
RT41512,0.014432142016765903
RT41516,0.024732484605741956
RT42011,-0.004957491903385458
RT42119,0.012802679914194481
RT42123,-0.01289783252457799
RT43013,0.02132286113018722
RT43195,0.006938658145693388
RT44035,-0.02270261287453179
RT44652,-0.020193074632804286
RT44652-SP-1,-0.04689403571270756
RT46318,0.01663813097222655
RT47039,0.011912451109924005
RT47170,0.016817619562685238
RT47170-SP-1,-0.05090786341169462
RT47470,0.018686533642545466
RT47470-SP-1,-0.020330984109422134
RT47470-SP-2,-0.03179066806466768
RT47803,0.03305425990158639
RT47803-SP-1,-0.015498467592504173
RT48467,-0.000981522523944789
RT48467-SP-1,-0.1389153547566464
RT48469,-0.004777884649242781
RT48925,0.030928083684201413
RT49571,0.04150354039629689
RT52888,0.007988671270026781
RT52888-SP-1,0.01302476069758085
RV-155353,-0.0018159082025226425
RV0004,0.012634497120143973
RV0037,-0.0022449372884363328
RV0073,-0.006439956002057268
RV0073-AP-1,0.044832736698597886
RV0083,0.006345503677126052
RV0083-AP-1,0.1398654552082117
RV0183,0.0011895529293537432
RV0274,0.015027120228161772
RV0274-AP-1,-0.011269363117580422
RV0407,0.0180375340199439
RV0407-AP-1,-0.16989270999609074
RV0409,0.025358308445569744
RV0409-AP-1,0.1660748085433168
RV0409-AP-2,-0.029229523139077562
RV0472,-0.006439179158767017
RV0473,-0.05737976491569208
RV0473-AP-1,-0.07913509048205392
RV0491,-0.011309893836592422
RV0622,0.02575360708124297
RV0622-AP-1,0.02599468115042458
RV0622-AP-2,0.010212991526801218
RV0914,0.003328117858604651
RV150993,0.014315405695040084
RV151263,0.00916122104458128
RV151691,0.012250389221951652
RV151793,-0.032860494146513486
RV152051,0.028223278155735443
RV152076,-0.036284870288604165
RV152076-AP-1,0.18202828260444814
RV152076-AP-2,0.010002948519068244
RV152229,-0.027945783702025273
RV152229-AP-1,-0.015043067587555137
RV152245,-0.011738945358803932
RV152245-AP-1,-0.0863131858194528
RV152283,0.01586056241676559
RV152283-AP-1,0.04483501374546717
RV152283-AP-2,0.001441882580234921
RV152698,0.013959345766532127
RV152713,0.004624234826931195
RV152759,-0.003610203440191029
RV152759-AP-1,-0.036054758468441306
RV152883,-0.013966649538424303
RV152883-AP-1,0.07817248339126315
RV153200,0.007905413364915903
RV153200-AP-1,0.0762613665196259
RV153357,0.022739142436055237
RV153613,0.00876883966194364
RV153862,0.010005990117357255
RV153862-AP-1,-0.12246882467859932
RV154295,0.0021232566460451796
RV154295-AP-1,-0.032706542146539674
RV154298,0.021327741634544317
RV154458,-0.04865914160569729
RV154479,-0.019716615326340947
RV154543,0.025735245470352774
RV154553,-0.01917769436975303
RV154553-AP-1,-0.06603608485857182
RV154625,0.05832115131542803
RV154656,0.028805870766286157
RV154691,0.0038772998108211887
RV154691-AP-2,0.06357163291643708
RV154700,-0.029945762471721094
RV155054,0.01082133721976608
RV155054-AP-1,0.13609145743255513
RV155054-AP-3,0.012371014611296305
RV155056,-0.02201399869094367
RV155114,-0.0060246735734745815
RV155114-AP-1,0.06188474283242118
RV155171,-0.008466471924763685
RV155435,0.01787753972210382
RV155435-AP-1,-0.09192827785225266
RV155435-AP-2,0.08190225796390393
RV155436,-0.001559873079504337
RV155460,0.02695450278943312
RV155460-AP-1,-0.10050835514638579
RV155460-AP-2,0.07070372229856381
RV155483,0.011859226753414331
RV155483-AP-1,0.09192590567033854
RV155692,-0.008795513275274947
RV155707,-0.006523108155166546
RV155707-AP-1,-0.037045987657219226
RV155724,-0.013829496771523231
RV155724-AP-1,0.12363572344324547
RV155892,-0.012167368869439477
RV155892-AP-1,0.17881948381494706
RV155895,-0.009922005283118707
RV155902,0.013346082552906369
RV155902-AP-1,0.05478095093466484
RV155902-AP-2,-0.0068091850757888706
RV156023,0.005895257715565316
RV156023-AP-1,0.2903101973639761
RV156161,-0.015328615253440758
RV156571,0.006894497653686216
RV156571-AP-1,0.02150757992947039
RV156571-AP-2,-0.028670530197485777
RV156607,0.031203527895105942
RV156702,0.0008832377882594944
RV156702-DP-1,-0.1486159880796708
RV156852,0.010284830788741539
RV156866,0.008165122703919891
RV156897,-0.00891978004950289
RV156897-AP-1,-0.0007059092801163791
RV157123,-0.006654087564864297
RV157123-AP-1,-0.18644747535995043
RV157339,0.002508005172914718
RV157383,0.0028908241558622816
RV157387,-0.023833346478584483
RV157387-AP-1,0.10572251140116218
RV157391,-0.017538033674584286
RV157391-AP-1,0.24134634247185205
RV157399,0.009620218921607693
RV157418,-0.0045899953844585895
RV157418-AP-1,-0.09900701519106947
RV157418-AP-2,-0.020974866445024554
RV157863,-0.01085255941255625
RV157929,-0.014262016528607258
RV157929-AP-1,0.024165369280563898
RV158232,0.007680822559511746
RV158232-AP-1,0.005532446995815343
RV158233,0.012830209252935543
RV158514,0.019684319832955266
RV158571,-0.03164257054901032
RV158753,-0.011242415073168921
RV158766,-0.015403868720891611
RV158766-AP-1,0.08315422250459448
RV158766-AP-2,-0.01314672369176173
RV158821,0.004602400095412795
RV158899,-0.00035576816006910317
RV159386,-0.03913821364921388
RV159386-AP-1,0.016482867161902393
RV159462,0.007008125985002778
RV159462-AP-1,0.045863030757196555
RV159464,0.041860263694128985
RV159464-AP-1,-0.40711993435216953
RV159464-DP-2,0.25377315006210277
RV159465,-0.005053641863444036
RV159468,-0.00018509269940525375
RV159468-AP-1,0.11750925065849849
RV159474,-0.023642723695582957
RV159474-AP-1,0.17060710457241313
RV159569,0.06420767947565142
RV159569-AP-1,-0.1482819541824374
RV159577,-0.00982904933429718
RV159964,-0.02842744962760335
RV159965,-0.0221239023965647
RV159966,-0.005633640346220603
RV160142,0.008744858730047822
RV160981,0.045113895611782695
RV161072,-0.014172054428977288
RV161076,0.04250740835438349
RV161180,-0.015690290721229738
RV161181,-0.02352888532530939
RV161331,-0.06958260320653331
RV161633,-0.0034396949335810945
RV162262,-0.010096659259233975
RV162461,-0.009530181584445185
RV25242,0.02472990379634199
RV25242-AP-1,0.07652838706114062
RV25362,-0.012918337877465658
RV26340,0.023339923380187644
RV26340-AP-1,0.01371241865116235
RV26351,-0.0099927235040288
RV26351-AP-1,0.035927180752398424
RV27170,-0.0037330911758342022
RV28631,0.024272430321758298
RV29076,0.006104904443109405
RV29076-AP-1,0.048907295750664215
RV29264,0.024869280485865453
RV29264-AP-1,0.06226265316118007
RV29273,-0.019288107508633856
RV29273-AP-1,-0.0031055155039613203
RV29273-AP-2,-0.048085548850522075
RV30589,0.017030626690743844
RV30589-AP-1,0.041096259366955046
RV30629,-0.02056083006747622
RV30629-AP-1,0.07624040736826632
RV30940,0.007967699068041734
RV30941,-0.007347362596675899
RV30941-AP-1,0.0272558571680388
RV30941-AP-2,0.10430931204940563
RV30991,0.052692911892172845
RV30992,0.0452983057505254
RV31551,-0.013228721368613083
RV31551-AP-1,0.07891569357876271
RV31551-AP-2,-0.2546370877839953
RV31650,-0.0345772267106057
RV31650-AP-1,-0.0574837614680862
RV31650-AP-2,-0.02745722127864103
RV31689,-0.014300694057822305
RV32337,-0.002349769887721176
RV32650,0.011631261395554926
RV35627,-0.01722300046043379
RV35632,0.0016007355512650534
RV35632-AP-1,-0.09237186075397308
RV35747,-0.016643573251572175
RV35748,-0.02552153202391383
RV35748-AP-1,-0.042604368789591174
RV37095,-0.006130114572188816
RV37096,-0.005797962104832188
RV37958,-0.030610719952932963
RV39616,-0.022753903347580318
RV41515,0.027713026720804557
RV44742,-0.031101096346910273
RV44745,0.024571477512103534
RV44788,0.06853749043001978
RV45049,-0.010637126305477529
RV49857,-0.019116806605367742
RV49863,-0.02310053183303684
RV50159,0.0011156235553031468
RV50405,0.0032833844695303593
RV50407,0.0013715126150539714
RV50434,0.004664302789656238
RV50438,0.035899331334486195
RV50457,-0.043821776272331636
RV50458,0.024420095463776548
RV50501,0.027775821367035824
RV50509,-0.016168413748311017
RV50510,-0.008946691068615231
RV50515,-0.022245145254895182
RV50519,0.007202644940289993
RV50910,-0.024115704202991806
RV50911,-0.022947145177641737
RV50912,-0.01388499383981645
RV50915,0.05107014438223256
RV50922,-0.023792625760325592
RV51887,0.004491473145924019
RV52149,0.00916186264669494
RV52591,-0.01340866376367611
RV52680,-0.01147739339632703
RV52885,-0.010967400288814377
RV53224,0.00920839425122999
RV53670,-0.008307860024614255
RV53765,-0.0023122111128432987
RV53774,-0.005323877491288376
RV54493,-0.029622979522962667
rrth55478,-0.012499886950436356
