recipe_code_main,l1_2w_aor,l1_2w_aor_expected,l1_rar
RAORM48440,1.3383084577114428,1.38833028075199,-0.0360302038600302
RB0021,1.4356120826709062,1.3663736798315715,0.050673109312138864
RB0158,1.4751655629139073,1.4153615147975622,0.04225354970521367
RB0162,1.2976011994002998,1.2475348248474534,0.04013224605490939
RB0273,1.3087950406819062,1.3286667616524606,-0.014956136138936649
RB0298,1.3810545677498467,1.3677390279495152,0.009735438945756902
RB0303,1.2829007434459372,1.2706648891785708,0.009629489546434389
RB0307,1.3532338308457712,1.292885834206521,0.04667697258535375
RB0337,1.3817427385892116,1.3344094127103932,0.03547136690431252
RB0457,1.2963885429638855,1.2813805052940952,0.011712397377503292
RB0457-SP-1,1.5,1.6592876757300834,-0.09599762480004992
RB0457-SP-2,1.2989690721649485,1.295589885608559,0.0026082223965511186
RB0487,1.3130403458213256,1.3250846316097038,-0.009089446440675109
RB0487-SP-1,1.289855072463768,1.327697225024397,-0.0285020950916981
RB0487-SP-2,1.3333333333333333,1.4192848685176207,-0.06055974885017967
RB0542,1.3316427162581008,1.3278462824312087,0.002859091355018162
RB0542-SP-1,1.344155844155844,1.3710608820261057,-0.01962351798010764
RB0542-SP-2,1.25,1.2477564451482774,0.0017980711383589476
RB0915,1.2075187969924812,1.2541585113702833,-0.037188053946102806
RB150990,1.32719836400818,1.2571962504086378,0.05568113456971324
RB151229,1.3916423712342079,1.3325400426823402,0.044353135109469255
RB151229-SP-1,1.2045454545454546,1.2684063603742792,-0.05034735540901947
RB151229-SP-2,1.6470588235294117,1.2665854824313547,0.3003929433706245
RB151229-SP-3,1.16,1.3682551560323455,-0.15220491230323008
RB151229-SP-4,1.4242424242424243,1.3897107089476608,0.02484813211298631
RB151289,1.3004306061609805,1.3028937815490145,-0.001890541978875282
RB151309,1.3877118644067796,1.3520590109168045,0.02636930282044392
RB151315,1.298165137614679,1.2371172332806515,0.04934690318082269
RB151405,1.3348314606741574,1.2995711325936081,0.027132280177829537
RB151406,1.4151785714285714,1.3785026436660848,0.026605627440037694
RB151540,1.2885462555066078,1.2555316560640795,0.02629531424641618
RB151597,1.3718371837183718,1.3468778081176405,0.018531284315697505
RB151597-SP-1,1.3279569892473118,1.3254075086891035,0.0019235446770102804
RB151661,1.28,1.3076961404970966,-0.02117933948062911
RB151661-SP-1,1.2967741935483872,1.3382422761719976,-0.03098697699360442
RB151710,1.2864159891598916,1.2710490617960088,0.012089956104581079
RB151846,1.2539414414414414,1.2455360326757918,0.006748426817963837
RB151848,1.3127180680030102,1.301485285608954,0.008630740983598839
RB151860,1.3569261880687564,1.3734898669936864,-0.012059556697847973
RB151861,1.282392026578073,1.2730965461341588,0.007301473303136907
RB151869,1.2978819287967553,1.3164952787292794,-0.014138561856819054
RB151870,1.2891025641025642,1.2735022776142932,0.01224990858869579
RB151870-SP-1,1.4657534246575343,1.3575446284106623,0.07970919996461334
RB151870-SP-2,1.0892857142857142,1.1474801394498246,-0.0507149737615612
RB151870-SP-3,1.2942942942942943,1.2767997254872274,0.013701889542927947
RB151872,1.2842424242424242,1.311381569131304,-0.02069507878386423
RB151877,1.2898467432950191,1.3043413541338889,-0.011112590115257448
RB151879,1.3788461538461538,1.3080122175729687,0.05415387969740704
RB151938,1.3153215966533032,1.319567014775567,-0.003217281179907161
RB151941,1.3211586901763224,1.31781385706225,0.0025381681154339475
RB151970,1.3529942822750527,1.3600721483734348,-0.005204037232029779
RB151971,0.9418582190457794,0.9284171205862074,0.014477434939033973
RB151999,1.3098420413122722,1.3282731190440862,-0.013875969834485802
RB152035,1.4008179959100204,1.390915527180044,0.007119389018578781
RB152035-SP-1,1.4414414414414414,1.4239734249918532,0.012267094415535418
RB152050,1.3152866242038217,1.2867680342709822,0.022162961134635673
RB152186,1.256457003950167,1.2425300177168694,0.011208571249560872
RB152188,1.3506925207756233,1.3174774415504704,0.02521111798776876
RB152188-SP-1,1.4,1.35300632314009,0.03473278436042038
RB152188-SP-2,1.25,1.2538592253766405,-0.0030778777222628673
RB152199,1.2217428817946505,1.2406058802366153,-0.015204666318659688
RB152228,1.2553255325532553,1.2696029944791032,-0.011245611413909451
RB152228-SP-1,1.3452380952380953,1.3152796008261658,0.022777282026659185
RB152228-SP-2,1.314516129032258,1.3083582992838065,0.004706531652546753
RB152232,1.2405738458708846,1.2284624931336834,0.009858951986646769
RB152233,1.1969806763285025,1.1787428479952635,0.015472270618020367
RB152236,1.356347438752784,1.3636548179320804,-0.005358672211768112
RB152236-SP-1,1.4339622641509433,1.4045538437761471,0.020937908863452037
RB152236-SP-2,1.6666666666666667,1.367298658152352,0.21894851335468601
RB152237,1.2673854447439352,1.3234232808260384,-0.042343093773540175
RB152237-SP-1,1.3134328358208955,1.2930797778188143,0.01573998631114093
RB152253,1.363366788321168,1.3583058056591837,0.0037259523156703
RB152253-SP-1,1.3405511811023623,1.3090134943151255,0.0240927132716362
RB152253-SP-2,1.311764705882353,1.3152104572070202,-0.0026199239108734007
RB152366,1.37435367114788,1.3012968799374762,0.056141524917752816
RB152487,1.1712167172227839,1.1805038967801276,-0.007867131639865632
RB152594,1.281011886619933,1.264675404744903,0.012917529520806381
RB152734,1.319670018045888,1.3051105235108442,0.011155755985997162
RB152734-SP-1,1.3841463414634145,1.3229092253609038,0.04628973396553682
RB152734-SP-2,1.0810810810810811,1.2358436363065746,-0.12522826567931744
RB152752,1.4622037155669443,1.4323230940344727,0.020861648923292897
RB152752-SP-1,1.459954233409611,1.389814405920698,0.050467045952404144
RB152752-SP-2,0,1.0229427959620678,-1
RB153037,1.327891156462585,1.2097229812977044,0.09768201232162932
RB153038,1.2523191094619666,1.2233203612716121,0.023704950157300564
RB153160,1.208007224563516,1.2029178337985253,0.004230871487638899
RB153323,1.2547128452433143,1.2400149092582176,0.011853031665473246
RB153337,1.3804213135068153,1.3132912005289006,0.05111593906277556
RB153356,1.2063914780292944,1.2002639268989883,0.005105169782230412
RB153356-SP-1,1.0858895705521472,1.1216852099046997,-0.03191237526934465
RB153358,1.3301435406698565,1.2922156226834802,0.029351075254463677
RB153374,1.329004329004329,1.3365575393184774,-0.0056512421590168005
RB153380,1.2589182968929804,1.2358984564980777,0.018625996556488555
RB153383,1.3247462919594066,1.3206674793033806,0.0030884478643917745
RB153383-SP-1,1.4177215189873418,1.4037925652853955,0.00992237318133582
RB153383-SP-2,1.358974358974359,1.3877783789128424,-0.020755489764185397
RB153420,1.3790744466800804,1.3734278066137915,0.004111348291550021
RB153444,1.3530546623794213,1.3472428714443119,0.004313840554137638
RB153444-SP-1,1.3592233009708738,1.3352800589927425,0.017931251063685316
RB153444-SP-2,1.25,1.311210991535544,-0.04668279318179036
RB153448,1.3485901103391909,1.3269672337836114,0.0162949589146415
RB153448-SP-1,1.2943722943722944,1.319926408436429,-0.019360256678556675
RB153448-SP-2,2,1.6803177646897687,0.1902510596674274
RB153453,1.2906626506024097,1.3027216764049943,-0.009256793696611254
RB153453-SP-1,1.2784810126582278,1.264743794728883,0.010861660667241813
RB153453-SP-2,1.11864406779661,1.2308035087244966,-0.0911270077903168
RB153465,1.4028310232969625,1.3773641124168803,0.01848959955504803
RB153465-SP-1,1.4779270633397312,1.4212485036861158,0.039879415532621865
RB153465-SP-2,1.6296296296296295,1.5111492754339568,0.07840413658779588
RB153471,1.330146036161335,1.3418895263139925,-0.0087514582403182
RB153471-SP-1,1.2805429864253393,1.256470159074683,0.01915909198224397
RB153471-SP-2,1.5789473684210527,1.463035413844129,0.07922703270207565
RB153471-SP-3,1.2214285714285715,1.2286507690425401,-0.005878153333674141
RB153471-SP-4,1.75,1.4359732425947591,0.2186856607702552
RB153513,1.3690952762209767,1.3344595561400592,0.02595486683845394
RB153559,1.2161624203821657,1.2478128326306535,-0.025364711293890174
RB153584,0.900562851782364,0.8534447786727034,0.055209281592816906
RB153601,1.3555406762638098,1.3570008998997518,-0.001076066814730714
RB153601-SP-1,1.345565749235474,1.351276144348278,-0.004225927569792121
RB153632,1.519650655021834,1.4116585501964638,0.07650015990789027
RB153645,1.2225568942436413,1.2117035815460646,0.008957069090881564
RB153688,1.1560958421423537,1.1257838891304446,0.026925197015674085
RB153726,1.2642439737034332,1.2419621066797466,0.017940858987441022
RB153760,1.3849821215733016,1.3697963419852457,0.011086158666511636
RB153785,1.1988235294117646,1.1847821765184618,0.011851421444036392
RB153864,0.9552238805970149,0.9123341465463388,0.04701099286159138
RB154002,1.4130434782608696,1.3707913903740405,0.030823134857375978
RB154087,1.2043868394815553,1.231796928930396,-0.022252117053613518
RB154087-SP-1,1.2774193548387096,1.2733328942532185,0.003209263346556357
RB154087-SP-2,1.4375,1.4178988033416629,0.013824115382664592
RB154087-SP-3,1.4166666666666667,1.2190706667660491,0.16208740419027579
RB154087-SP-4,1.375,1.2641643785234034,0.08767500758568847
RB154106,1.2285522788203753,1.2555422237278797,-0.02149664455518474
RB154131,1.2811387900355873,1.2793790404755214,0.0013754716189595673
RB154135,1.2194444444444446,1.1951673201326285,0.020312741072205487
RB154177,1.2631178707224335,1.2531464943241508,0.007957071614089761
RB154177-SP-1,1.2765957446808511,1.2746724733400643,0.0015088357056516344
RB154177-SP-2,1.2222222222222223,1.207648821556182,0.01206758157330956
RB154262,1.3049645390070923,1.2893379094175947,0.012119886862363538
RB154288,1.3153942428035044,1.2931378701287413,0.017211136715489905
RB154341,1.358288770053476,1.3234666629171867,0.02631128392726878
RB154378,1.4433321415802645,1.4334877791146134,0.006867419875550951
RB154378-SP-1,1.3094262295081966,1.305349750479065,0.00312290175689367
RB154378-SP-2,1.368421052631579,1.3712423983348143,-0.002057510551498054
RB154378-SP-3,1.46875,1.3722184461277267,0.07034707494617676
RB154378-SP-4,1.55,1.411729937191234,0.09794370662980123
RB154379,1.3855421686746987,1.294682973606899,0.07017872090699706
RB154456,1.3051575931232091,1.287984915495238,0.013332980395479366
RB154703,1.278786430960344,1.2925360682326394,-0.01063772037796673
RB154733,1.2350702576112411,1.2564991516642776,-0.01705444370945497
RB154794,1.3174474959612277,1.292113587430691,0.019606564606221788
RB154845,1.372346528973035,1.3498408160556064,0.01667286442203819
RB154871,1.0696296296296297,0.9588714861135388,0.11550885089409779
RB154874,1.37445295404814,1.389618166438192,-0.010913222607705775
RB154907,1.4554585152838428,1.4223177647693572,0.02330052491459944
RB154968,1.0953041067405995,1.0931740379606636,0.0019485175333193716
RB154969,1.3016922263352724,1.3048317620763978,-0.002406084701777611
RB154969-SP-1,1.376865671641791,1.3352563349438369,0.03116205900622404
RB154969-SP-2,1.5,1.3834555518110818,0.08424155588977889
RB154975,1.312421052631579,1.2871879891052025,0.019603246565342403
RB154977,0.8842408943382618,0.8441584615928367,0.047482119257318045
RB155000,1.372918018602639,1.3550327944573806,0.013199107961383794
RB155023,1.364,1.3609743136853107,0.002223176649452041
RB155096,1.242914979757085,1.2784476212447355,-0.027793584107149383
RB155096-SP-1,1.1313868613138687,1.2210789233030783,-0.07345312434563056
RB155096-SP-2,1.3571428571428572,1.3012585306621625,0.042946367046875045
RB155146,1.255595344673232,1.2555867567461045,0.000006839771988120802
RB155274,1.4090909090909092,1.3581307204382058,0.037522300236505046
RB155283,1.3551941238195173,1.307410045761028,0.036548654504696465
RB155284,1.2057541412380122,1.2178630895178417,-0.009942782882617407
RB155299,1.0913461538461537,1.0764085329042747,0.013877278454468955
RB155309,1.47265625,1.3915481074043803,0.05828626560881811
RB155310,1.352,1.3191491124471848,0.02490308884935133
RB155351,1.4088669950738917,1.319143090212845,0.0680168099478653
RB155556,1.232909860859044,1.2257913920259633,0.005807243287388131
RB155579,0.9284789644012945,0.9312711462419092,-0.0029982479881207613
RB155634,1.2762613730355665,1.2257384901691075,0.04121832125830416
RB155635,0.9076620825147348,0.848040039340804,0.07030569360884908
RB155653,1.3106617647058822,1.286459770606127,0.01881286508349378
RB155666,1.3336180389477281,1.348346297315871,-0.010923201552496042
RB155673,1.278225806451613,1.2944587593183094,-0.012540339929597466
RB155673-SP-1,1.2134831460674158,1.2493774234684836,-0.02872973108591892
RB155893,1.1119402985074627,1.132350274088409,-0.01802443647340246
RB155967,1.3516729906864435,1.3228009395731115,0.021826451924542356
RB155967-SP-1,1.2,1.4312901167535368,-0.16159555218487143
RB155967-SP-2,1.21875,1.291241940515786,-0.05614125303800854
RB155967-SP-3,1.434782608695652,1.4201964715689532,0.01027050652406225
RB156124,1.3132975151108126,1.308110162111362,0.003965532223278556
RB156124-SP-1,1.2604166666666667,1.3569031398023796,-0.07110785604768033
RB156124-SP-2,1.380952380952381,1.3199441040596211,0.04622034880501591
RB156290,1.3668478260869565,1.3780634959543474,-0.008138717773395254
RB156403,1.3218970736629667,1.273703639373812,0.03783724313832382
RB156404,0.9672131147540983,0.9112709305878924,0.06138918985390629
RB156414,1.2448288830387364,1.2607079720607894,-0.012595374483193589
RB156414-SP-1,1.2641509433962264,1.2997932396887701,-0.02742151228689116
RB156414-SP-2,1,1.4072344209772492,-0.28938634168317645
RB156521,1.2899393326592519,1.2872877951701747,0.0020597860859283834
RB156521-SP-1,1.2852664576802508,1.3221787481015963,-0.02791777622681102
RB156521-SP-2,1.3928571428571428,1.3814604491612634,0.008249743018555966
RB156523,1.3395896988214753,1.3264442119647895,0.009910320191464539
RB156523-SP-1,1.4,1.3882958566056371,0.008430582961602484
RB156523-SP-2,1.4,1.441288084043353,-0.028646656071369514
RB156529,1.3688415446071904,1.3761610051080095,-0.00531875301919682
RB156551,1.2745341614906833,1.256914458204948,0.014018219912036445
RB156555,1.3490196078431373,1.310926213076952,0.029058382070775712
RB156555-DP-1,0.8888888888888888,0.9579039317820003,-0.0720479795554465
RB156555-SP-7,1.7142857142857142,1.4295511806133294,0.19917757232743716
RB156555-SP-8,1.1935483870967742,1.347745017830031,-0.11441083342420721
RB156624,1.4069400630914826,1.3483161917975197,0.043479320096132534
RB156625,1.239884393063584,1.2898568400248511,-0.03874263050797511
RB156626,1.3636363636363635,1.369421427701921,-0.0042244585549282565
RB156626-DP-1,0.7872340425531915,1.2731745314580742,-0.38167625639539815
RB156626-DP-4,0.7857142857142857,1.0680466223922094,-0.264344580806366
RB156626-SP-2,0.9285714285714286,1.1792576579398093,-0.2125796917073538
RB156626-SP-3,1.105263157894737,1.284394892639593,-0.13946780368825507
RB156846,1.322884012539185,1.3180135599603584,0.0036952977774924456
RB156846-SP-1,1.313793103448276,1.3112830814438168,0.0019141724925599846
RB156846-SP-2,1.228013029315961,1.2520209188150266,-0.019175310203113805
RB157141,1.240418118466899,1.1770392628269304,0.05384599956992919
RB157389,1.4386724386724388,1.4027599964782727,0.025601273406945513
RB157390,0.9173931091739311,0.895606688213916,0.02432588015109971
RB157478,1.379399585921325,1.3116077229050505,0.051686081007607854
RB157480,1.3040388930441287,1.276017966845843,0.021959664304375126
RB157480-SP-1,1.332535885167464,1.3088141517364613,0.01812460034874319
RB157481,1.3453787352328006,1.3233422601047369,0.016652135877773366
RB157502,1.1533069186223712,1.1480857503781192,0.004547716268172852
RB157573,1.2809482001755925,1.2565801837503465,0.01939232906929833
RB157573-SP-1,1.5203252032520325,1.4158173573248365,0.07381449689574504
RB157573-SP-2,1.2982456140350878,1.287473284856376,0.008367031227302979
RB157581,1.356020942408377,1.305522779809869,0.038680414757575
RB157581-SP-1,1.462809917355372,1.3843784429919537,0.05665464870567494
RB157674,1.4428571428571428,1.3711829715170345,0.052271777602962866
RB157691,1.4731759656652361,1.414053810552655,0.04181039976793688
RB157692,1.2703962703962703,1.2935741491498127,-0.017917704036352178
RB157693,1.2874806800618237,1.2467890177586238,0.032637167735365624
RB157763,1.3804347826086956,1.3719996930394773,0.006148025842871219
RB157763-DP-3,0.38461538461538464,1.497383044502278,-0.7431416189548021
RB157763-SP-1,0.6071428571428571,1.0128950283213014,-0.4005865956819913
RB157763-SP-2,2,1.3655733775360854,0.4645862557811542
RB158079,1.1136363636363635,1.2280786437623168,-0.09318807122591932
RB158083,1.4974358974358974,1.3564373746797278,0.10394768338601779
RB158083-DP-3,0.6923076923076923,1.0817830990291593,-0.3600309591368175
RB158083-SP-1,1.3888888888888888,1.3172407741032357,0.05439257286461574
RB158083-SP-2,1.4,1.437214742331019,-0.025893654744078454
RB158156,1.2245430809399478,1.2685216015139107,-0.03466911444115495
RB158221,1.1165725672534041,1.1230271337153068,-0.005747471515268776
RB158366,1.2222222222222223,1.232683825695127,-0.00848685060583576
RB158368,1.416452442159383,1.3301458045230148,0.06488509556087174
RB158388,1.4479830148619957,1.397222298995436,0.03632973500570058
RB158389,1.3207236842105263,1.2592755523138495,0.048796414560553725
RB158430,1.3523222992045163,1.329754470394753,0.016971425411387075
RB158430-SP-1,1.4067164179104477,1.377282658829879,0.021370892090934568
RB158430-SP-2,1.3153846153846154,1.328202316391305,-0.009650413079774545
RB158433,1.3620650443484195,1.3399787726264247,0.0164825534353088
RB158433-SP-1,1.3574660633484164,1.3409101953127622,0.012346738874479568
RB158433-SP-2,1.2896405919661733,1.3070957862627652,-0.013354181445645708
RB158433-SP-3,1.3073770491803278,1.3068048340326355,0.0004378734550030128
RB158491,1.1396588486140724,1.2006401378485667,-0.05079064684924406
RB158495,1.1810344827586208,1.244624546194122,-0.05109176388168657
RB158496,1.1710700132100396,1.2087346144472777,-0.03116035628255842
RB158834,1.3308873720136518,1.372345062901412,-0.030209378099200768
RB158841,1.313931656027037,1.320303237599872,-0.0048258471170739
RB159028,1.2207792207792207,1.2302846079086092,-0.007726169268708283
RB159029,1.293026706231454,1.3611017492400697,-0.05001466131876131
RB159467,1.2396351575456053,1.2431204845879524,-0.0028036920681122623
RB159469,1.2158534659718934,1.2182352491726531,-0.0019551094112384426
RB160132,1.1910617876424716,1.224518744731894,-0.02732253567645293
RB160204,1.4782608695652173,1.4355700039175623,0.029737919802695023
RB160477,1.3738632536207478,1.3702558747441154,0.00263263157131588
RB160481,1.2425316455696203,1.272766282194647,-0.023755057820115
RB160485,1.2462093862815884,1.255617977804956,-0.007493195931947083
RB160486,1.2134948096885814,1.2224701954727342,-0.007342007860307809
RB160598,1.2186911487758945,1.2339665508980644,-0.01237910550415855
RB160599,1.3530474040632054,1.335932838017754,0.012810947944692952
RB160600,1.4502895752895753,1.4034290293144482,0.03339003611605329
RB160776,1.2773006134969325,1.260911767236897,0.012997615444536148
RB161207,1.3205804749340369,1.2958842082382371,0.019057464037913308
RB161208,1.2760814249363868,1.2788799406195719,-0.0021882552023057
RB161319,1.3025594149908593,1.2536753756786276,0.03899258154111074
RB161319-SP-1,1.2972972972972974,1.3313294763252252,-0.025562552045241715
RB161319-SP-2,1.4509803921568627,1.4060885282970566,0.031926769158820756
RB162073,1.3707729468599035,1.268298844885259,0.0807964955482674
RB162117,1.2360742705570291,1.1675823828749174,0.0586612890762066
RB162184,1.2141280353200883,1.22918340832618,-0.01224827223025482
RB162256,1.2018072289156627,1.233003748038796,-0.02530123624746028
RB162257,1.1405405405405404,1.1749055423754777,-0.02924916139680167
RB162294,1.2371294851794072,1.2133104949275029,0.01963140544113373
RB162304,1.3806646525679758,1.3577205594370851,0.016898980406103048
RB162311,1.2786624203821657,1.2270936846374567,0.042025100764775614
RB162334,1.2638243984803714,1.2595724603873173,0.0033756994748415092
RB162336,1.3504273504273505,1.2838979986600514,0.051818253347799326
RB162345,1.2634032634032635,1.2567536670038801,0.005291089713098662
RB162346,1.3647540983606556,1.3145409608723146,0.03819822963524877
RB24134,1.3119596541786744,1.31112945014676,0.0006331976082312174
RB24134-SP-1,1.3117977528089888,1.3651841043114041,-0.039105605854781955
RB24134-SP-2,1.1810699588477367,1.3075900824061468,-0.0967582465336505
RB24173,1.25,1.2579678677776818,-0.006333919952786871
RB24222,1.2574375840932874,1.2365986594608533,0.01685180917268636
RB24223,1.2937751903269146,1.284981994217866,0.0068430500572116415
RB24223-SP-1,1.4128440366972477,1.3709773461556296,0.03053784269960169
RB24223-SP-2,1.3805309734513274,1.2923595640489944,0.06822513784483464
RB24928,1.3315259488768396,1.3186882589006437,0.009735196995610318
RB24928-SP-1,1.4509803921568627,1.4029372849488846,0.0342446577786466
RB24945,1.267314702308627,1.2771305776149375,-0.007685882303939406
RB24969,1.3462321792260692,1.3514515879266273,-0.0038620759686742723
RB24969-SP-1,1.3526970954356847,1.3056382558058797,0.03604278552695961
RB25037,1.2417218543046358,1.168450594824462,0.06270805099053556
RB25823,1.2339080459770115,1.196326067361627,0.03141449445991573
RB25914,1.0813890396093326,1.0635583265111828,0.01676514832678766
RB25918,0.9095875925273176,0.896129859047605,0.015017615297424847
RB26312,1.4028776978417266,1.3685667706075266,0.025070700217987074
RB26349,1.1964529331514324,1.2180765069981128,-0.017752229619771964
RB26354,1.1873048907388137,1.187021496238368,0.0002387442024796016
RB27584,1.3174603174603174,1.2742667200022806,0.033896826135394686
RB27613,1.268041237113402,1.2549223668077971,0.010453929782904492
RB27618,1.2938623682579045,1.3084223287967165,-0.011127875318515779
RB27774,1.0298245614035089,0.9723660559769849,0.059091434828823175
RB27776,1.3272870662460567,1.3112687321582113,0.01221590486755586
RB27930,1.289737340915245,1.3013674861482656,-0.008936864764804486
RB28014,1.3352272727272727,1.380833960164892,-0.033028364563233326
RB28134,1.4042157470551766,1.3748708578553643,0.021343742237424967
RB28134-SP-1,1.4476386036960986,1.362380932012074,0.06257990675053637
RB28134-SP-2,1.4134615384615385,1.3679757969836597,0.03325039929666396
RB28149,1.3588317107093184,1.3876718228648817,-0.02078309271713985
RB28280,1.507608695652174,1.4065815381986342,0.07182460078561959
RB28294,1.2058823529411764,1.2331893292099496,-0.022143377032192935
RB28385,1.17351598173516,1.228847760479782,-0.04502736671222718
RB28552,1.212058212058212,1.2580659098827163,-0.03657018083320707
RB28552-SP-1,1.2736842105263158,1.3332916551129255,-0.04470698092051073
RB28552-SP-2,1.2201834862385321,1.3096595718985597,-0.06832010972921598
RB28557,1.2982662851371822,1.2971889988942453,0.0008304774738725484
RB28557-SP-1,1.3205574912891986,1.3170517778369801,0.0026617886336830487
RB28557-SP-2,1.1677018633540373,1.1847288696908655,-0.014372070076481891
RB28607,1.2753036437246963,1.273571322503035,0.0013602074662428798
RB29690,1.345,1.3699812855240139,-0.018234764071582754
RB29693,1.3064876957494407,1.2652464427455954,0.03259543090621264
RB30411,1.2484342379958246,1.2586327039796616,-0.008102813435238443
RB30931,1.2891684365299787,1.3038036993532887,-0.011225050849732465
RB30932,1.2518858642177764,1.2590657786811974,-0.005702572959247365
RB30932-SP-1,1.2402597402597402,1.2095154895126197,0.025418649875669663
RB30932-SP-2,1,1.1444537065626352,-0.12622066382789876
RB30932-SP-3,1.1176470588235294,1.3127807468294979,-0.14864149133603366
RB30932-SP-4,1.25,1.437172805938679,-0.13023681297422574
RB30937,1.267605633802817,1.2550276638849984,0.010022065871347241
RB31098,1.3182527301092044,1.305955771547368,0.009416060505070822
RB31258,1.2376357056694813,1.2143359518611285,0.01918723873129413
RB31446,1.3299305839118007,1.2995844107261345,0.0233506749813277
RB31446-SP-1,1.4652509652509653,1.3915554460779171,0.05295909651373076
RB31446-SP-2,1.2,1.385147043602697,-0.133665984747106
RB31564,1.333747669359851,1.330600677339145,0.0023650912511175015
RB31988,1.3668763102725368,1.3550828384596174,0.008703137164902452
RB32405,1.3372803666921314,1.3327713190186472,0.0033832118152155033
RB32407,1.2348555452003729,1.2303784279518761,0.0036388131868902995
RB32485,1.353287536800785,1.3815765686693802,-0.02047590593971982
RB32486,1.3081761006289307,1.344654556511553,-0.027128496092898913
RB32723,1.2927433628318583,1.2889746351467206,0.0029238183455089217
RB32723-SP-1,1.2646592709984152,1.277085231195558,-0.00972993806021083
RB32723-SP-2,1.3043478260869565,1.1489408594002561,0.13526106710820796
RB32723-SP-3,1,1.6803177646897685,-0.4048744701662863
RB32755,1.3342579750346741,1.3282678385547015,0.004509735390785696
RB32755-SP-1,1.3782234957020056,1.363580211198543,0.010738850845152692
RB32755-SP-2,1.3820224719101124,1.398384789215525,-0.01170086905378287
RB33324,1.2993503248375813,1.2845294841575852,0.01153795289464754
RB33640,1.3267489711934157,1.3019423332414517,0.01905356122049029
RB33640-SP-1,1.3407572383073496,1.346230511367506,-0.004065628444713032
RB33640-SP-2,1.9090909090909092,1.6115310155896798,0.1846442237987882
RB34061,1.4697885196374623,1.3949170279759526,0.053674512648361095
RB34063,1.2585871678548282,1.3285948891627222,-0.052693053299348924
RB34088,1.3407494145199064,1.2959825802205436,0.03454277471209877
RB34368,1.3547008547008548,1.3547799125435158,-0.00005835474967497145
RB34368-SP-1,1.4387096774193548,1.3710743104038772,0.04933019786181725
RB34368-SP-2,0.75,1.323723288005894,-0.4334163289294185
RB34663,1.2773775216138328,1.2913176570400082,-0.010795279806000146
RB35110,1.3102555807182141,1.3278517311104996,-0.013251592764479514
RB35129,1.3580746738641476,1.3294609762814191,0.02152278110694339
RB35315,1.4507192328183272,1.4207187646514583,0.021116401720947753
RB35665,1.319693094629156,1.2952891266698334,0.018840556488005644
RB35745,1.3439241917502787,1.3223135247064688,0.016343073439112787
RB36115,1.297872340425532,1.3802043901711725,-0.0596520706150121
RB36118,1.3742138364779874,1.377382368964518,-0.0023004015137150224
RB36127,1.4489690721649484,1.4552587080112251,-0.004322005298200371
RB36135,1.364963503649635,1.3390203168694765,0.019374752162694353
RB36687,1.421853388658368,1.3911187147036512,0.022093494703120387
RB37193,1.2985746436609151,1.3140240532920233,-0.011757326353656006
RB37244,1.404567699836868,1.3901007799751108,0.010407101463547175
RB37368,1.2628851137345234,1.2886506762092031,-0.01999421794467504
RB37762,1.2894356005788712,1.2961391995570446,-0.005171974569139204
RB37946,1.2725015518311609,1.2991235517607032,-0.02049227719215896
RB37948,1.3434343434343434,1.373997458912067,-0.022243938865740942
RB37948-SP-1,1.3770491803278688,1.355384102408874,0.01598445627367928
RB37948-SP-2,1.32,1.2954980915127978,0.018913118164914033
RB37951,1.3294262800740284,1.3329742755429,-0.0026617133833483075
RB37952,1.4142572283150547,1.3866814226140125,0.019886186727056332
RB37952-SP-1,1.4219066937119675,1.4033551921722989,0.013219391386547041
RB37952-SP-2,1.2537313432835822,1.3331123634468003,-0.05954563346631658
RB37960,1.294644167278063,1.3020722661623585,-0.005704828431826181
RB37960-SP-1,1.3092948717948718,1.2919610079901784,0.013416708164945668
RB37960-SP-2,1.3087855297157622,1.3189736880402256,-0.007724307480008408
RB38061,1.361856963613551,1.3589129380107299,0.0021664563788248437
RB38061-SP-1,1.3593073593073592,1.3681148387056978,-0.006437675514630592
RB38061-SP-2,1.6153846153846154,1.6575909551154153,-0.025462457791862847
RB38816,1.3681592039800996,1.3110190366076913,0.04358454437111803
RB39256,1.3518518518518519,1.3755262931008696,-0.01721118772338981
RB39260,1.3687943262411348,1.3010802330534506,0.05204451767649165
RB39488,1.345572354211663,1.299922128028174,0.03511766220391577
RB39502,1.3579021970233878,1.3540760860651984,0.002825624791371606
RB39636,1.283817951959545,1.2703666603783246,0.010588511176147009
RB40371,1.4202898550724639,1.4219499509846687,-0.0011674784411753736
RB40389,1.28659793814433,1.2365322097273381,0.04048881866816201
RB40445,1.356164383561644,1.2845022925618232,0.05578977275073371
RB40970,1.2823529411764707,1.3146228786366208,-0.02454691606585835
RB41135,1.3153225806451614,1.2788887442567463,0.028488667643712162
RB41455,1.3358024691358024,1.2686151997089523,0.05296111022654015
RB41658,1.159362549800797,1.2098384039541332,-0.04172115382382102
RB41692,1.383347788378144,1.3933187625678136,-0.007156276408202267
RB41694,1.4258793969849246,1.3976165692698665,0.020222161311254983
RB41710,1.1866452131938858,1.2171723902937877,-0.025080405490083058
RB41881,1.2539772727272727,1.2384550277466788,0.012533555626025317
RB41884,1.3538840937114673,1.3175073741913172,0.027610258760394357
RB42051,1.4240362811791383,1.3731615533924173,0.03704933892230966
RB42052,1.171764705882353,1.1113686363937918,0.05434386711193917
RB42125,1.26544315129812,1.285098220837664,-0.015294604895439212
RB42798,1.2352112676056337,1.2480186380273475,-0.010262162784649864
RB43361,1.434816247582205,1.4013669244728932,0.023869068496741752
RB43361-SP-1,1.4069148936170213,1.4445335180102294,-0.026042057123759843
RB43368,1.1248868778280543,1.0910858385350781,0.03097926679935492
RB43797,1.5416666666666667,1.5392414566626398,0.0015755877633942816
RB44034,1.2134146341463414,1.21683085496528,-0.0028074738613000916
RB44434,1.4696485623003195,1.3923867281842306,0.055488775174440175
RB44434-SP-1,1.4166666666666667,1.2603531155909595,0.12402361619300173
RB44434-SP-2,1.4912280701754386,1.2723467538923265,0.17202961033501007
RB44451,1.2810457516339868,1.3041483761862391,-0.01771472094288218
RB44747,1.4068441064638784,1.378488242820083,0.020570261510381327
RB44767,1.017296604740551,1.0217019232786764,-0.004311745370889075
RB44771,1.2686746987951807,1.2816609497784905,-0.010132360657125528
RB45053,1.5249537892791127,1.4347746941270703,0.06285244332867768
RB45056,1.4848484848484849,1.4002153987207033,0.060442904859570934
RB45377,1.342494714587738,1.3616475126922634,-0.01406590026126242
RB46111,1.4841269841269842,1.4813545510687705,0.0018715526652370862
RB46122,1.3779385171790235,1.362450752115665,0.011367577902767101
RB46123,1.4527503526093088,1.4002862574238426,0.03746669290462523
RB46300,1.182890855457227,1.161366859479145,0.01853333062021001
RB46305,1.1224489795918366,1.0267982205480666,0.09315438722976688
RB46371,1.27988614800759,1.2825410853042853,-0.0020700602320784522
RB46804,1.3342465753424657,1.342535876348415,-0.006174360888213659
RB47805,1.2714535901926445,1.2913916776011531,-0.015439225569073622
RB47805-SP-1,1.2390243902439024,1.269887769633062,-0.024304021290068478
RB48436,1.3690744920993227,1.3769025921569662,-0.005685296913691129
RB48436-SP-1,1.3166666666666667,1.3332304861425726,-0.012423822923394057
RB48470,1.3797979797979798,1.3243357766790051,0.04187926060417646
RB48470-SP-1,1.3504672897196262,1.3448255715181001,0.004195130075610898
RB48476,1.4471544715447155,1.3557387026431096,0.06742875210642318
RB48476-SP-1,1.225,1.3171928860511817,-0.06999194045723034
RB48476-SP-2,1.1369863013698631,1.4353789157676944,-0.20788421170185567
RB48802,1.2800345721694035,1.2928547246069282,-0.009916158554800103
RB48802-SP-1,1.3125,1.3343545529350176,-0.0163783702666932
RB48903,1.3986272439281944,1.3833507050028806,0.011043142472885847
RB49203,1.401809473124002,1.4246655146669767,-0.016043093138474185
RB49203-SP-1,1.4914675767918089,1.4477127569785504,0.030223412484515766
RB49204,1.2001545595054095,1.2053258338027797,-0.00429035382163423
RB49204-SP-1,1.3170731707317074,1.2377799772695686,0.06406081445674427
RB49204-SP-2,1.6,1.5233314926457537,0.05032949671452447
RB49205,1.348201438848921,1.3485307298245142,-0.0002441849995039602
RB49205-SP-1,1.3393939393939394,1.3051364757905592,0.02624818495140846
RB49375,1.3593329747175902,1.3713164448929491,-0.0087386614664966
RB49444,1.3134248049502286,1.296469112178108,0.013078362309484115
RB49525,1.2802197802197801,1.3099148437243897,-0.022669461031665006
RB49525-SP-1,1.3072916666666667,1.3137930005981415,-0.004948522277493428
RB49525-SP-2,1.400709219858156,1.312816951507956,0.06694937039717774
RB49572,1.2886168910648714,1.2892784539965227,-0.0005131264930399171
RB50161,1.4214723926380368,1.3846167408832937,0.02661794463876821
RB51141,1.139892578125,1.1719772143258003,-0.02737650170038286
RB51141-SP-1,1.1428571428571428,1.2068311220306944,-0.05300988514938587
RB51141-SP-2,1,1.299791756915179,-0.2306459902674568
RB51141-SP-3,0.4358974358974359,1.1471180138627266,-0.6200064591178158
RB51141-SP-4,1.4545454545454546,1.3958759113059516,0.042030629488127635
RB51197,1.343978102189781,1.344620951713473,-0.0004780897715990218
RB51197-SP-1,1.3046875,1.323905870584363,-0.01451641767845624
RB51198,1.353120665742025,1.323595007432121,0.02230716959803747
RB51198-SP-1,1.3266666666666667,1.351702432790451,-0.018521655000724113
RB51201,1.3391431829288158,1.3354244676231093,0.0027846691414343816
RB51201-SP-1,1.4081632653061225,1.2857366443153062,0.09521904935361936
RB51201-SP-3,1.0588235294117647,1.1518089488199816,-0.08072989839459033
RB51201-SP-4,1.375,1.2935972015490538,0.06292746950400652
RB51201-SP-5,1.625,1.3903547737560755,0.1687664405323146
RB51221,1.410621761658031,1.3837246225204163,0.01943821675198798
RB51222,1.1893828366715518,1.1995073024193392,-0.008440520309769606
RB51222-SP-1,1.453125,1.321174643995799,0.09987351528721944
RB51222-SP-2,1.5714285714285714,1.2542060007940516,0.2529270075519352
RB51222-SP-3,1.8,1.2309779004566395,0.46225208375575066
RB51222-SP-4,1.4444444444444444,1.3747072134582847,0.0507287881400762
RB51444,1.3283154121863798,1.3450984058573507,-0.012477149328173898
RB51444-SP-1,1,1.177991308861233,-0.15109730226558094
RB51444-SP-2,1.4285714285714286,1.1957814141089946,0.19467606011914085
RB51444-SP-3,1.3114754098360655,1.3386430378717442,-0.020294901080478822
RB51444-SP-4,1.2008501594048884,1.1359279123427222,0.057153492186199806
RB51445,1.3564044156299282,1.3849031800728453,-0.02057816376840016
RB51445-SP-1,1.2704626334519573,1.1840338400341774,0.07299520545399707
RB51445-SP-2,1.1891891891891893,1.329384213551601,-0.10545861981305216
RB51445-SP-3,1.3703703703703705,1.2680517791174566,0.08068960032856531
RB51445-SP-4,1.360655737704918,1.3282087039544324,0.024429168137418467
RB51459,1.2254152823920266,1.236865722632099,-0.009257625973905559
RB51459-SP-1,1.8333333333333333,1.2876663824804826,0.4237642282791534
RB51459-SP-2,1.1666666666666667,1.5352997456089172,-0.24010495670084708
RB51459-SP-3,1.6363636363636365,1.323934849059845,0.23598501657816007
RB51459-SP-4,1.5,1.3795200443724052,0.08733469014754736
RB51491,1.299802110817942,1.303080923875057,-0.002516200641909938
RB51491-SP-1,1.3571428571428572,1.3703228337697453,-0.009618154424698822
RB51491-SP-2,1,1.3938860589181812,-0.28258124571809173
RB51491-SP-3,1.9166666666666667,1.5581102573167327,0.23012261659031386
RB51491-SP-4,1.330935251798561,1.197836778919727,0.11111570058724474
RB51600,1.2912063632346442,1.3087436090105435,-0.01340006220863832
RB51885,1.3221059516023546,1.3333610616583011,-0.008441156997601729
RB51885-DP-1,1.3421052631578947,1.2947679425844971,0.0365604669504771
RB52504,1.271889400921659,1.2768341736666649,-0.003872682018531859
RB52504-SP-1,1.1876543209876542,1.2692535292187583,-0.06428913243308398
RB52873,1.184887459807074,1.1730452483283207,0.010095272535845634
RB52887,1.3592360882449785,1.3483535553282926,0.008070978767906523
RB52887-SP-1,1.3042998897464169,1.3257897518093975,-0.016209102562191324
RB53367,1.3329207920792079,1.3484234265575477,-0.011496859349230615
RB53597,1.4120290356031802,1.4165731032812658,-0.0032077890421328137
RB53669,1.5668016194331984,1.4909301166941349,0.05088870490274533
RB53725,1.335988414192614,1.3408174605584722,-0.003601568824921686
RB53736,1.3319268635724333,1.3435522179805721,-0.008652700097962929
RB53831,1.2732260424286759,1.2768250620092187,-0.00281872567169017
RB53831-SP-1,1.3047404063205417,1.2982181289381531,0.005024022725459432
RB54090,1.2022562449637388,1.2137293909469664,-0.009452803951856326
RB54090-SP-1,1.4,1.3923733014443562,0.005477481181039856
RB54438,1.2802005012531328,1.3160571488905117,-0.02724550956438898
RB54438-SP-1,1.3115671641791045,1.3131794325773165,-0.001227759404552664
RB54603,1.2869565217391303,1.3625453473513778,-0.05547619076251875
RB55262,1.3461836998706338,1.334517365701544,0.00874198752966926
RB55262-SP-1,1.358807082945014,1.3565077792741826,0.0016950169442166985
RBP154872,0.9981923355025307,1.0061439588647976,-0.007903067242225004
RBP154873,1.3893947509373326,1.3709335063344696,0.013466185280002207
RBP155095,1.3536036036036037,1.3662141897243902,-0.009230314115922456
RBP155271,1.2899159663865547,1.3029029337360594,-0.009967716714141428
RBP155818,1.1832669322709164,1.2012747577751652,-0.014990596770384501
RBP156195,1.3106259097525472,1.269050099411796,0.032761362502569336
RBP156195-SP-1,1.2664092664092663,1.2654997711485374,0.0007186846504947386
RBP156195-SP-2,1.2658227848101267,1.3091981159101684,-0.033131220227800906
RBP156195-SP-3,1.4024390243902438,1.3068471596124012,0.07314693541224404
RBP156202,1.1895991332611051,1.1901676988873635,-0.00047771891876247086
RBP156374,1.299827437446074,1.324601034809803,-0.018702686101468968
RBP156405,1.3281412253374871,1.3048556330918522,0.017845339863736154
RBP156405-SP-1,1.4285714285714286,1.6483702737940027,-0.13334312606637222
RBP156405-SP-2,1.2777777777777777,1.3024033287713346,-0.018907776454155756
RBP156406,1.2509188105579685,1.2348486027385708,0.013013909384323119
RBP156407,1.3801431127012522,1.3661071114969077,0.010274451458615497
RBP156611,1.2243940578577013,1.2220382160256356,0.0019277971843856267
RBP156618,1.3177083333333333,1.2519575774144487,0.052518357734351984
RBP156681,1.3126903553299492,1.279206667911061,0.02617535403686322
RBP156681-SP-1,1.3247863247863247,1.271469959677717,0.041932854726762114
RBP157240,1.2541736227045075,1.2613874087851447,-0.005718929831069808
RBP157241,1.3685168334849864,1.352094074942653,0.012146165600962266
RBP157242,1.285329744279946,1.298806178357169,-0.010376016300037039
RBP157242-SP-1,1.3157894736842106,1.2865557436246817,0.02272247448615561
RBP157242-SP-2,1.1492537313432836,1.3715135349652028,-0.16205440045296982
RBP157710,1.266384778012685,1.2615950524807054,0.0037965633446019886
RBP158382,1.2633624878522838,1.2641868235216847,-0.0006520679175444632
RBP158382-SP-1,1.2120622568093384,1.2804051226007362,-0.05337597029647989
RBP158382-SP-2,1.2411575562700965,1.2809177796983144,-0.031040418095830025
RBP158384,1.3303303303303304,1.3205201999890426,0.007428989228161154
RBP158968,1.3364565587734243,1.33853985741521,-0.0015563964197590208
RBP158968-SP-1,1.3930131004366813,1.393019521005362,-0.000004609101727504061
RBP158968-SP-2,1.4047619047619047,1.3870650669508582,0.012758477040986094
RBP159023,1.155678287884018,1.1684286611647383,-0.01091241057713388
RBP161639,1.3190412782956058,1.312364516362937,0.005087581879440473
RBP161639-SP-1,1.3402646502835538,1.3421626457291402,-0.0014141322228164999
RBP161639-SP-2,1.2857142857142858,1.2997740610559505,-0.010817091803049572
RBP161640,1.177302100161551,1.1731944255689877,0.0035012735340700374
RBP161671,1.3388724035608308,1.335784670132956,0.0023115502797075305
RBP161671-SP-1,1.4541484716157205,1.3759507475551165,0.056831775555594044
RBP161671-SP-2,1.434782608695652,1.258913950532228,0.1396987125999143
RBP162260,1.1703958691910499,1.1819191129667246,-0.009749604392766065
RBP31052,1.417562724014337,1.389965209776705,0.019854823734807958
RBP41359,1.2280334728033473,1.2365221587523085,-0.006864968726097653
RBP41472,1.3238636363636365,1.336502220990858,-0.009456463617285693
RBP41696,1.3005181347150259,1.3263173314558057,-0.01945175270571331
RBP42611,1.247700394218134,1.2461647633495503,0.0012322855803241772
RBP50436,1.3612941881366087,1.3684796139757753,-0.005250663411997092
RBP50583,1.312396694214876,1.3747043006225008,-0.04532437003318479
RBS153944,1.2493368700265253,1.2985466254032734,-0.03789602499753575
RBS155363,1.277570093457944,1.2544921444547368,0.018396248318667707
RBS155369,1.3863636363636365,1.3268061136850537,0.0448878868316096
RBS155397,1.505791505791506,1.387169311304465,0.08551385437981684
RBS155568,1.2420091324200913,1.3951619952742957,-0.10977425085614789
RBS155823,1.4739884393063585,1.410829399318552,0.04476731206360807
RBS155824,1.1653290529695024,1.1808807472108125,-0.013169572184187572
RBS157077,1.5092592592592593,1.4659222308513133,0.02956297919213524
RBS159024,1.3445378151260505,1.3643344367444388,-0.0145100945085187
RBS159874,1.5178571428571428,1.423313091205566,0.06642533693798658
RBS159949,1.372282608695652,1.34520770996605,0.020126928004512656
RBS26353,1.28175519630485,1.3112326157859173,-0.022480694215648023
RC0066,1.1927418376016508,1.1842926522691626,0.007134372839600944
RC0212,1.3597608526124252,1.3590308113871776,0.0005371778322689202
RC0215,1.2514890800794176,1.3036084434020812,-0.03998084208985753
RC0215-SP-1,1.2195121951219512,1.2767572426457003,-0.044836281801797995
RC0215-SP-2,1.2820512820512822,1.3709735200759559,-0.06486065319463441
RC0281,1.3061463414634147,1.2882365340738255,0.013902576829545765
RC0281-SP-1,1.339080459770115,1.3211394235311078,0.013579971893545206
RC0281-SP-2,1.302325581395349,1.3906525341073548,-0.0635147533590783
RC0296,1.2952996053103696,1.285218076993634,0.007844216088461753
RC0340,1.2899792315680165,1.2651875457520723,0.019595265460194966
RC0384,1.3514580801944107,1.3207734472104173,0.023232321219662344
RC0418,1.28333811299111,1.2684249179848162,0.011757254840110587
RC0440,1.3718228031953523,1.3505328285825047,0.01576412965480678
RC0504,1.2690342679127726,1.225843944553682,0.035233133508536296
RC0506,1.3242450894165934,1.337165527309377,-0.009662556825542734
RC0535,1.2920035938903864,1.2818923931659076,0.007887714115774491
RC0540,1.3592034720449324,1.36791033368752,-0.006365082146222556
RC0584,1.313463514902364,1.274319501181968,0.030717581959695872
RC0965,1.300727032385988,1.2961502381577978,0.0035310676906523675
RC151067,1.3805532271584242,1.3147891566195,0.05001871988966844
RC151170,1.3572296476306196,1.2932211648664909,0.0494953875663926
RC151221,1.201967213114754,1.198492895809855,0.0028989052142451843
RC151314,1.4047619047619047,1.3452989629572962,0.0442005408774675
RC151623,1.312094620373903,1.3013308088611448,0.008271387597576618
RC151624,1.1649592855266615,1.161141931942047,0.003287585677170135
RC151636,1.1575757575757575,1.180010606194007,-0.019012412685518676
RC151744,1.2636428065201983,1.2695877484411162,-0.004682576630262392
RC151744-SP-1,1.5227272727272727,1.3347531189689674,0.14083065331475408
RC151782,1.306465155331654,1.3111496995318086,-0.0035728522851564692
RC151782-SP-1,1.2266769468003085,1.2332159150040942,-0.005302370918367494
RC151800,1.4258809234507899,1.4116890523338557,0.01005311410007148
RC151917,1.368522690698423,1.3323651871975364,0.027137832666537465
RC151917-SP-1,1.2916666666666667,1.2755381268677264,0.012644498395783854
RC151917-SP-2,1.2782294489611563,1.3024097631295046,-0.018565826864078927
RC151921,1.2744791666666666,1.2789096684746708,-0.003464280486117688
RC151963,1.3132338940019042,1.2839621060551187,0.022798015462248244
RC151963-SP-1,1.3049645390070923,1.3821207284327601,-0.05582449335895445
RC151963-SP-2,1.631578947368421,1.271146613821979,0.28354898611004753
RC152175,1.2375769726478592,1.2177417351626552,0.016288542071323908
RC152181,1.2660247955684516,1.2488327462719238,0.013766494630966797
RC152183,1.2981483061694683,1.2865642907027026,0.00900383723571152
RC152191,1.2286348501664817,1.297237460727855,-0.05288361817957499
RC152191-SP-1,1.2211538461538463,1.2527965584476677,-0.025257662212154974
RC152191-SP-2,1.2105263157894737,1.362811764881848,-0.11174356797952734
RC152231,1.3411405295315681,1.3266562030375446,0.010917920152078597
RC152258,1.2272510719390186,1.224268965200085,0.002435826459462831
RC152275,1.32705439133506,1.3196107658339709,0.005640773547634037
RC152289,1.2966507177033493,1.286716721623307,0.007720421995845106
RC152289-SP-1,1.1666666666666667,1.654492900812022,-0.2948493970000906
RC152298,1.335065899387414,1.3165767657792633,0.01404333882286557
RC152324,1.2550499897980003,1.2292508737953078,0.020987673511297045
RC152610,1.2503832396525294,1.2778242932461643,-0.02147482540336132
RC152652,0.8843283582089553,0.8859790537726986,-0.0018631315906558754
RC152683,1.218815219136298,1.2098473668968506,0.007412383152470836
RC152691,1.2761290322580645,1.2619540889618168,0.011232534860209586
RC152756,1.3889651386220148,1.3801700205530274,0.006372488851383196
RC152781,1.2037337662337662,1.2421977237735646,-0.030964440526385806
RC152904,1.219712525667351,1.2081025099944278,0.009610124618462113
RC152954,1.3411488862837047,1.2962591590334176,0.034630210276592965
RC152954-SP-1,1,1.0512068711334919,-0.04871245854612494
RC152965,1.3049169859514687,1.2968986395880324,0.0061827085931582815
RC152973,1.4263502454991817,1.3729925941100916,0.03886230094611243
RC153030,1.302,1.30628733363634,-0.003282075486719549
RC153043,1.31853057428505,1.3172799820595906,0.0009493746526871849
RC153061,1.3596491228070176,1.3257362235003276,0.025580427467803535
RC153064,1.288273615635179,1.2376366357444455,0.04091425417467143
RC153107,1.336124031007752,1.306016848596057,0.023052675349525265
RC153107-SP-1,1.3928571428571428,1.321590584312057,0.05392483829035677
RC153235,1.3383964143426295,1.3267946791126366,0.008744182813389179
RC153286,1.2855345911949685,1.2924083340915522,-0.00531855352156585
RC153286-SP-1,1.3359683794466404,1.2995274479021282,0.0280416789990392
RC153286-SP-2,1.3076923076923077,1.3744054606510518,-0.048539644863708764
RC153292,1.2900713822193381,1.2530981667570649,0.029505442145811633
RC153354,1.2560137457044673,1.2563947549018306,-0.00030325595986202547
RC153354-SP-1,1.2078651685393258,1.1775810930266652,0.02571718898341291
RC153354-SP-2,0.8,0.9297623756560455,-0.13956509647369253
RC153376,1.2342964824120604,1.1989393272848072,0.02949036229158075
RC153382,1.1803108808290155,1.1443834578372447,0.031394566869805685
RC153485,1.346188611027418,1.331504433311421,0.011028260476367846
RC153485-SP-1,1.3108218063466233,1.3129607111419224,-0.001629069915914605
RC153485-SP-2,1.4827586206896552,1.3988720373366206,0.059967303022762763
RC153486,1.2248046071575482,1.2207055246692353,0.0033579617733143774
RC153505,1.2567778124026177,1.245654823889167,0.008929430770173274
RC153558,1.2030769230769232,1.1889645291068787,0.011869482751218241
RC153575,1.294809688581315,1.2569042356996216,0.030157789117954747
RC153656,0.9081697276757441,0.8974504170048854,0.011944181503233287
RC153708,1.320659062103929,1.3124428098991745,0.006260274461319826
RC153814,1.4794188861985471,1.420730748146891,0.041308416903206524
RC153856,1.4368391764051196,1.4177864853704167,0.01343833590692256
RC153856-SP-1,1.3483631871525632,1.3558301140825797,-0.005507273258249401
RC153856-SP-2,1.4642857142857142,1.5203520892358608,-0.03687723083823691
RC153857,1.2855361596009975,1.2400737325963356,0.036661067652386636
RC153857-SP-1,1.3202614379084967,1.2519326339922332,0.05457865867620448
RC153857-SP-2,1.1923076923076923,1.1997588684181002,-0.006210561394084491
RC153904,1.3743627093954844,1.3753382995222394,-0.000709345567627917
RC153904-SP-1,1.4615384615384615,1.4094169938320404,0.03698087076750012
RC153904-SP-2,1.262962962962963,1.2869285891242255,-0.01862234343365654
RC153905,1.3758784856041715,1.3633002688194595,0.009226299643880997
RC153967,1.061192873741286,1.0743552132265524,-0.01225138513149382
RC154010,1.340356564019449,1.3361083496332113,0.003179543326260914
RC154083,1.2745098039215685,1.2383181921296775,0.029226423403865276
RC154105,1.3325191336915811,1.3227429066825929,0.007390874643589562
RC154120,1.233782129742962,1.225037547198942,0.007138215937964265
RC154150,1.3811739441660702,1.372769497783343,0.006122256064327036
RC154150-SP-1,1.2573099415204678,1.2903937005115433,-0.025638500077891146
RC154150-SP-2,1.4427860696517414,1.434418842079272,0.005833182977672324
RC154150-SP-3,1.7407407407407407,1.3893092077685356,0.25295415232773366
RC154173,1.2659834065397755,1.2621743989861234,0.003017813985699336
RC154243,1.3378995433789955,1.358611427576191,-0.015244891789366277
RC154243-SP-1,1.4054054054054055,1.40229777794683,0.0022160966860587106
RC154243-SP-2,1.2,1.1442850440955274,0.04868975277791132
RC154245,1.3317360487171808,1.328253479104915,0.0026219164241245707
RC154245-SP-1,1.3176100628930818,1.3278168591718797,-0.007686900650714534
RC154245-SP-2,1.2058823529411764,1.278317261362327,-0.0566642652888496
RC154263,1.3279890059551076,1.3568508052953383,-0.02127116645956406
RC154268,1.359355638166047,1.3722506733336681,-0.009396996786523393
RC154268-SP-1,1.3526315789473684,1.3643475081648577,-0.008587203148300526
RC154268-SP-2,1.368421052631579,1.3591775485464566,0.006800806925487901
RC154268-SP-3,1.5405405405405406,1.396724968279893,0.10296627863519947
RC154272,1.3119124935908393,1.3015222744531945,0.007983128173515208
RC154272-SP-1,1.303030303030303,1.3279895310626353,-0.018794747585367144
RC154272-SP-2,1.3846153846153846,1.3034120855565088,0.06230055709833704
RC154277,1.3464919043947572,1.3291195209563806,0.013070595356146741
RC154279,1.3849795567032495,1.37998419237992,0.0036198706846881645
RC154281,1.2397982576799633,1.2036130639599105,0.030063809378242157
RC154292,1.3647058823529412,1.3645616571193262,0.00010569345317779089
RC154292-SP-1,1.2995951417004048,1.3205394860453172,-0.015860445345436402
RC154292-SP-2,1.2857142857142858,1.3155004373879098,-0.02264244908406743
RC154293,1.3002961156592927,1.2960344495650338,0.003288235197520528
RC154293-SP-1,1.2710280373831775,1.3275290742965795,-0.042561054222740924
RC154293-SP-2,1.3214285714285714,1.291060231647204,0.023522016275431268
RC154324,1.1975085755551544,1.213458006562102,-0.013143784886412768
RC154339,1.4073199527744982,1.3988009273895077,0.006090234298663955
RC154340,1.315374183207989,1.2872403762179174,0.021855907808557395
RC154365,1.2689470154258886,1.281129037443942,-0.009508817349389131
RC154371,1.277144571085783,1.2541245165737624,0.018355477632245654
RC154371-SP-1,1.304812834224599,1.2904232855947249,0.011151029891127706
RC154371-SP-2,1.4827586206896552,1.2248590606304703,0.21055447793841386
RC154382,1.3498667284737513,1.3316936275635713,0.013646607999040272
RC154382-SP-1,1.3176567656765676,1.3072685226186338,0.007946525811793226
RC154382-SP-2,1.4393939393939394,1.362814021517646,0.05619249337559151
RC154385,1.2128791488010164,1.1887410240027165,0.020305621082228775
RC154428,1.3457869634340223,1.3410314819321836,0.00354613710856877
RC154478,1.3838699593623007,1.3509332187143717,0.02438073192046719
RC154480,1.2889625769777358,1.3036867360704487,-0.011294246298074961
RC154480-SP-1,1.3363636363636364,1.3735391599024875,-0.027065499567912155
RC154480-SP-2,1.4761904761904763,1.3347675334903157,0.10595323841174809
RC154480-SP-3,1.3112244897959184,1.3097072361812858,0.0011584677649461028
RC154518,1.4222137694941042,1.3852728655694715,0.026666879026354673
RC154542,1.2427122940430926,1.219371612917792,0.01914156511274623
RC154542-SP-1,1.2820512820512822,1.3333178398407837,-0.038450365139960585
RC154542-SP-2,1.7142857142857142,1.357699755665392,0.26263977520240744
RC154619,1.2021969080553296,1.1979289434130733,0.003562786144974739
RC154650,1.241951461119366,1.2648374387868526,-0.018094007155130876
RC154875,1.3015614075972968,1.2819133219578065,0.015327156136799136
RC155015,1.3225486959392538,1.308475713200995,0.010755249483256568
RC155015-SP-1,1.2762645914396886,1.2873084550484344,-0.008579034469505031
RC155015-SP-2,1.1896551724137931,1.324041107009464,-0.1014967993699234
RC155050,1.320577164366374,1.3187173299354664,0.0014103359292310103
RC155109,1.442065491183879,1.3900303890895063,0.03743450683006766
RC155117,1.3743351063829787,1.3192188538365461,0.04177946091821205
RC155122,1.2598920863309353,1.2786445784896017,-0.01466591457402322
RC155141,1.1524685382381414,1.1559760248206385,-0.003034220872393578
RC155143,1.2553763440860215,1.288344491892179,-0.025589543801081804
RC155147,1.3544303797468353,1.3523640774372612,0.001527918660402472
RC155224,1.345264491605955,1.3261886929805464,0.01438392494701235
RC155224-SP-1,1.324974924774323,1.3406488365419387,-0.01169128808409281
RC155224-SP-2,1.5555555555555556,1.4669859907339187,0.06037519470606978
RC155224-SP-3,1.4303797468354431,1.4111088011889943,0.013656598010168386
RC155261,1.216579993881921,1.2073283786355078,0.007662882286316508
RC155345,1.2978395061728396,1.2535884324781321,0.03529952299195238
RC155347,1.3234536082474226,1.298655050050515,0.019095569832761283
RC155350,1.293027360988526,1.3032442572615108,-0.007839586643913932
RC155350-SP-1,1.3333333333333333,1.3038907517468634,0.022580558644982096
RC155350-SP-2,1.4166666666666667,1.220544067613324,0.16068457031366745
RC155446,1.3633644859813083,1.3438194749366772,0.014544372521132276
RC155527,1.2039178664149162,1.232164570572075,-0.02292445735884474
RC155578,1.1949344188150157,1.2142946901217915,-0.01594363498767659
RC155600,1.1743103145317166,1.1674379527840317,0.005886704069622217
RC155896,1.2059299191374664,1.226333144917269,-0.016637588133670667
RC155897,1.245164960182025,1.272786184432366,-0.021701385973685317
RC155897-SP-1,1.305084745762712,1.3294769267450106,-0.018347201438101535
RC155925,1.2457786116322702,1.2339403491324124,0.009593869353718087
RC155925-SP-1,1.1761761761761762,1.1905197002454604,-0.012048119881029162
RC155925-SP-2,1.1403508771929824,1.1988920412534123,-0.04882938750617327
RC155927,1.3200953137410643,1.331611499995697,-0.008648307899616237
RC155931,1.3648881239242685,1.3454179480170525,0.01447147032333862
RC155931-SP-1,1,1.1829776492434532,-0.15467549142663217
RC155931-SP-2,1.5833333333333333,1.3975874210048238,0.13290468240975128
RC155931-SP-3,1.2527075812274369,1.2450027684290321,0.006188590896168522
RC155933,1.091596638655462,1.0559984444197397,0.03371046086652463
RC155957,1.3571213489912677,1.3173070951203139,0.030223972844629188
RC155957-SP-1,1.4,1.3016422159209364,0.0755643777345325
RC155957-SP-2,1.393939393939394,1.3474672708811335,0.03448849857991099
RC155992,1.328331059572533,1.3078293264594283,0.015676153377449653
RC155992-SP-1,1.3106060606060606,1.3198189237299598,-0.006980399324675979
RC155992-SP-2,1.1694915254237288,1.2536529995548835,-0.06713298987920635
RC156024,1.3079019073569482,1.3291856415272736,-0.016012612162940365
RC156024-SP-1,1.3071625344352618,1.3320426742155045,-0.018678185212719023
RC156030,1.2502539790044023,1.25243896202989,-0.0017445824441187918
RC156031,1.3448355187485623,1.3412965930569816,0.002638436353226581
RC156031-SP-1,1.285930408472012,1.3250404195331251,-0.02951608908269643
RC156031-SP-2,2,1.6803177646897685,0.1902510596674274
RC156039,1.2705809257533396,1.262652010626831,0.006279572724532612
RC156122,1.2745178498153467,1.270624476695752,0.0030641414446221926
RC156122-SP-1,1.227129337539432,1.2663961842056601,-0.03100676325146856
RC156122-SP-2,1.5510204081632653,1.3126351760204984,0.18160813948737586
RC156127,0.9972178060413355,1.015642142487269,-0.018140578925578077
RC156130,1.2770988310308182,1.2667125173910163,0.008199424492302487
RC156158,1.2962808190555788,1.3019240739032936,-0.00433454988722648
RC156158-SP-1,1.319767441860465,1.2826755359963988,0.02891760606882765
RC156158-SP-2,1.3170731707317074,1.3802695007513028,-0.04578550057448694
RC156160,1.3626794258373205,1.3366830977789883,0.019448385411267033
RC156162,1.202808112324493,1.2087857107380957,-0.004945126634523844
RC156166,1.213295748179469,1.2053947670275011,0.006554683468098732
RC156188,1.2921795800144822,1.298430579248202,-0.004814272964319133
RC156247,1.4746684801088066,1.4283328170323852,0.03244038260822979
RC156248,1.2859100251198903,1.2764332413932937,0.007424425672471813
RC156271,1.2024742268041237,1.2059903992423957,-0.0029155890797147865
RC156354,1.2805227354099535,1.273531750157511,0.0054894471626465435
RC156355,1.2403138793526238,1.2268300629158901,0.010990777650725203
RC156356,1.3076923076923077,1.2884803908100155,0.014910523294975775
RC156358,1.2091616248919619,1.1870870129710525,0.018595614036464925
RC156382,1.3069135473558013,1.2923902211243428,0.011237570506238859
RC156388,1.0454995054401583,1.039549194266923,0.005723934188060609
RC156475,1.2232667450058754,1.2273703660551782,-0.0033434252307166235
RC156497,1.256237158790725,1.2551879299961521,0.0008359137062257105
RC156522,1.3849953689410313,1.3370719605186683,0.03584205625235959
RC156550,1.2682038834951457,1.275583315382836,-0.005785142999832682
RC156708,1.267078271260705,1.2658233635373952,0.000991376648162845
RC156708-SP-1,1.3398058252427185,1.3510615430227575,-0.00833101781200607
RC156710,1.33070577451879,1.327811784638152,0.0021795181471646607
RC156719,1.3090507726269316,1.3209444411424125,-0.009003912765017441
RC156766,1.3788654515666598,1.3472898949725307,0.023436349305338444
RC156767,1.4683544303797469,1.4440747924567954,0.016813282836718457
RC156767-SP-1,0.7901234567901234,1.1916248978793957,-0.33693609608508546
RC156769,1.3269168026101141,1.3112064848839662,0.01198157415118195
RC156769-SP-1,1.3636363636363635,1.380597457463835,-0.012285328888428482
RC156769-SP-2,1.3094170403587444,1.3224588541233666,-0.00986179171016055
RC156779,1.184577522559475,1.1664227213659213,0.015564512642804118
RC156781,1.2303325223033252,1.2305840157427754,-0.00020436917449995207
RC156782,1.2263207252266333,1.259028912190895,-0.025978900601531518
RC156857,1.3072824156305507,1.2731249274939722,0.02682964365784124
RC156874,1.3139267657423013,1.2878553863021793,0.020244027176825163
RC156874-SP-1,1.3434782608695652,1.3585975478992232,-0.011128598791479316
RC156874-SP-2,1.5609756097560976,1.4291591304061022,0.0922335914493575
RC156887,1.404280618311534,1.3748356832832753,0.021417057606433865
RC156887-SP-1,1.4355400696864111,1.3984234615250613,0.026541751609967967
RC156887-SP-2,1.6153846153846154,1.5451325283579598,0.04546670640693429
RC156930,1.314039408866995,1.273816810057814,0.031576439007234836
RC156930-SP-1,1.2222222222222223,1.214954848695614,0.005981599673774207
RC156930-SP-2,1.5454545454545454,1.5050067921148746,0.026875462324547073
RC157235,1.2505433995073179,1.244229812733538,0.0050742931162444105
RC157236,1.3497596153846154,1.3746845107344956,-0.018131356798777643
RC157236-SP-1,1.3575418994413408,1.3277702018317215,0.022422326972354023
RC157239,1.3286242852337706,1.2995934562488451,0.02233839270683924
RC157239-SP-1,1.3770491803278688,1.2824683060894835,0.07374909289320564
RC157239-SP-2,1.372093023255814,1.3135460745563152,0.04457167497476222
RC157338,1.4025934861278648,1.3921198229355942,0.007523535704121231
RC157342,1.370789163722026,1.3891171075010746,-0.013193951525094505
RC157343,1.393546528377989,1.3700940671462547,0.01711740952253238
RC157345,1.4077961019490255,1.3853471354692632,0.016204578552911242
RC157378,1.3222376329172445,1.3132939316235641,0.006810129155644384
RC157379,1.1758156395649921,1.172131666330265,0.0031429687811959095
RC157417,1.3704605396632177,1.3408889422303325,0.022053726077938984
RC157451,1.2854671280276817,1.2613550864798022,0.019115982332279957
RC157515,1.1717861205915814,1.260783602588175,-0.07058902242533671
RC157515-SP-1,1.6666666666666667,1.40592149522756,0.18546211315796324
RC157529,1.3311836115326252,1.3008001131676363,0.023357545911493416
RC157574,1.328143476547103,1.3288865956200218,-0.0005592042807627262
RC157574-SP-1,1.3439490445859872,1.3683448209307338,-0.0178286759094487
RC157574-SP-2,1.2276422764227641,1.341623646566344,-0.08495778263546239
RC157574-SP-3,1.44,1.3250000017572179,0.08679245138888203
RC157575,1.3640151515151515,1.35236592132874,0.008613963131343771
RC157575-SP-1,1.391025641025641,1.3888929780127863,0.0015355128484455527
RC157575-SP-2,1.2941176470588236,1.4027771575551586,-0.07746027935450073
RC157575-SP-3,1.4532019704433496,1.366618204466068,0.06335622172625
RC157826,1.2787682333873582,1.24354355833789,0.028326048422903094
RC157880,1.1436651583710407,1.1511508189819624,-0.00650276270275485
RC158147,1.1676211761419193,1.1738344828436813,-0.005293171049729262
RC158157,1.226600372902424,1.2301993897616414,-0.002925555718179096
RC158168,1.2878133102852205,1.2814506587403347,0.0049651943299480195
RC158168-SP-2,1.421875,1.3235089221436864,0.07432218718782058
RC158220,1.3177501826150475,1.3290744584509284,-0.008520422436738118
RC158220-SP-1,1.2702928870292887,1.2760116933284766,-0.004481782047208616
RC158220-SP-2,1.16,1.3735582223834044,-0.15547809980186877
RC158223,1.246001523229246,1.216232919849815,0.024476071066311
RC158342,1.2087832973362131,1.2358049243648306,-0.021865608799467973
RC158348,1.3624398073836277,1.3444085878227445,0.0134120086142
RC158362,1.2600911458333333,1.254180554482904,0.004712711681984505
RC158363,1.2645390070921987,1.253425134660049,0.008866801953164805
RC158385,1.449067431850789,1.448924058545371,0.0000989515665590357
RC158385-SP-1,1.2830188679245282,1.5331673467624773,-0.16315797448085279
RC158390,1.224111282843895,1.1961550823235279,0.0233717190467162
RC158437,1.3189964157706093,1.2779074199024487,0.03215334321425023
RC158437-SP-1,1.1810344827586208,1.2327874374964538,-0.04198043650001271
RC158437-SP-2,1.4657534246575343,1.3214392368084855,0.10920985530715255
RC158691,1.3289946696417503,1.3315366741123722,-0.0019090758219756365
RC158692,1.4175374829622898,1.4277699923236928,-0.007166777153475357
RC158781,1.2948979591836736,1.3015180344245008,-0.00508642605459908
RC158782,0.9116455012158876,0.9074610504462048,0.0046111629448175595
RC158835,1.2485346946492721,1.2594013058951266,-0.008628394456150712
RC158836,1.2967516500582374,1.297504277366416,-0.0005800576701807669
RC158842,1.4196816208393632,1.3784040765266938,0.02994589541310755
RC159031,1.2635462787265443,1.2521553316887,0.00909707186446429
RC159414,1.3304195804195804,1.3662774294188447,-0.026244925245172634
RC159563,1.3224230581338545,1.267447050405589,0.04337538811635011
RC159564,1.4811827956989247,1.4233507445091895,0.04063092067280816
RC159565,1.3943630214205187,1.3915610724782215,0.002013529264157432
RC159566,1.2643535729037587,1.2663258602172953,-0.0015574879859108215
RC159775,1.2571696735843154,1.2748421015990632,-0.01386244460594832
RC159967,1.3617388800921262,1.3393006000421057,0.01675372955803578
RC159969,1.269394512771996,1.2505108416301165,0.015100765633717872
RC159970,1.31399845320959,1.2910954719959764,0.017739184832092025
RC160056,1.251610594130279,1.2480099959733943,0.0028850715687389616
RC160129,0.8099934253780408,0.8549055568040461,-0.05253461165219653
RC160140,1.3752886836027713,1.3897497657283269,-0.010405529457295448
RC160140-SP-1,1.5,1.3712171153019923,0.09391866777395408
RC160145,1.1966900063653725,1.2232772846672553,-0.021734465795394065
RC160146,1.2109704641350212,1.218351181605504,-0.006057955687913341
RC160157,1.332373508844097,1.3340419184331846,-0.0012506425518076236
RC160203,1.5055350553505535,1.4019770124648285,0.07386572102466826
RC160244,1.506726457399103,1.4835573919982217,0.01561723565656914
RC160247,1.2585751978891822,1.2290279374177846,0.024041162590231036
RC160252,1.2559698366149978,1.2440385850699467,0.00959074074409072
RC160842,1.239647577092511,1.237837466907584,0.0014623165264573412
RC160871,1.4405940594059405,1.367900393195157,0.053142514303241795
RC161104,1.295736952781495,1.2713529015320557,0.019179608761701772
RC161210,1.2940902745463005,1.2694982326991648,0.019371465996332216
RC161210-SP-1,1.3636363636363635,1.321990421236598,0.03150245397452256
RC161210-SP-2,1.2857142857142858,1.2777905291498597,0.006201138906310355
RC161325,1.361059306229019,1.3438091274894377,0.012836777475837557
RC161326,1.4432707355242567,1.4146416978095882,0.02023766000888938
RC161329,1.4091816367265468,1.4102490153795704,-0.000756872468183345
RC161329-SP-1,1.2901554404145077,1.361502374767643,-0.05240309211014882
RC161329-SP-3,1.2758620689655173,1.3600873359903858,-0.0619263666355202
RC161335,1.4482006543075245,1.433511125585891,0.010247237331785453
RC161336,1.3646631706333199,1.375042198755075,-0.007548152435723043
RC161336-SP-1,1.430722891566265,1.395059110414629,0.02556435127758583
RC161336-SP-2,1.2451923076923077,1.3030216106394286,-0.044380923904049796
RC161370,1.2714245574599607,1.2817795643709535,-0.008078617571091185
RC161734,1.2574465455444321,1.2411400912073796,0.013138286687032874
RC161735,1.3274950928582214,1.3141957153356343,0.010119784570436385
RC161736,1.2267637178051511,1.2270509857938667,-0.00023411251206451045
RC161739,1.293537787513691,1.2860891188730679,0.0057917204424760005
RC161739-SP-1,1.2755102040816326,1.3681137348745913,-0.06768701200229321
RC161739-SP-2,1.45,1.338827001360872,0.08303761316893388
RC161740,1.0061670715754065,0.9578134951098549,0.05048329002715257
RC161862,1.2485255570117955,1.2332114252044504,0.01241809108669778
RC162083,1.137619337802153,1.1542144517082513,-0.0143778427670328
RC162084,1.395935960591133,1.3820376019847669,0.010056425806654223
RC162084-SP-1,1.3605150214592274,1.4007532586719214,-0.02872614214072544
RC162084-SP-2,1.7222222222222223,1.518210506956163,0.13437643484306983
RC162085,1.3825128125485324,1.3506707108412046,0.023575029392246538
RC162085-SP-1,1.3543859649122807,1.3715369643951822,-0.01250494877508812
RC162085-SP-2,1.2903225806451613,1.3414302463773535,-0.038099383751195925
RC162085-SP-3,1.6363636363636365,1.522550530417564,0.07475161163607424
RC162086,1.243910360506658,1.2426497036968343,0.0010144908947979925
RC162118,1.3130590339892665,1.3063060931348291,0.005169493497677813
RC162298,1.2831001076426265,1.2709129041434466,0.009589330204648139
RC162299,1.3929411764705881,1.3287285731613456,0.04832635092392601
RC162301,1.2653061224489797,1.2606024077135318,0.0037313229823028315
RC162303,1.2027972027972027,1.1951662218175911,0.006384870020846645
RC162347,1.416210295728368,1.3643246052750369,0.0380303120333092
RC162348,1.3503019844693702,1.3019960720881023,0.037101427121662756
RC23710,1.3228155339805825,1.314937586068619,0.0059911192709281025
RC23736,1.1257388500806018,1.1788924394858062,-0.045087734576012894
RC23760,1.203808752025932,1.186293243516318,0.014764906236585995
RC23847,1.2782608695652173,1.2697481068857224,0.00670429247606763
RC23986,1.2327035830618893,1.2205868240087316,0.009926994798586275
RC24016,1.3170731707317074,1.2663544196833518,0.040050992249892836
RC24025,1.1146996679746453,1.1332310356982815,-0.01635268285095759
RC24220,1.2609117361784674,1.2510986381216813,0.007843584636555212
RC24221,1.1033287101248266,1.088643027986056,0.013489896836007542
RC24414,1.1721105527638191,1.1655849569951544,0.005598558671765508
RC24848,1.1730769230769231,1.1458685134590032,0.02374479209293101
RC24860,1.259009009009009,1.2491192006843532,0.007917425590157956
RC24861,1.2684964200477327,1.216213600661142,0.0429881883890868
RC25180,1.5035971223021583,1.4015379505415337,0.07281941364569566
RC25186,1.348623853211009,1.3702296259555797,-0.015767994163389143
RC25829,1.268637532133676,1.2053110409242063,0.05253954295557817
RC25950,1.3605919003115265,1.3910019159563551,-0.021861950940535446
RC25952,1.3434273916035788,1.3184008641980123,0.018982487106294688
RC25953,1.3630017452006982,1.3001315429906652,0.04835680093216865
RC25953-SP-1,1.3,1.099209681644118,0.1826678946782514
RC26095,1.360738255033557,1.3767828809340261,-0.011653708164633958
RC26097,1.3624031007751938,1.3319173154027586,0.02288864708033067
RC26343,1.313362157710521,1.314031817034395,-0.0005096218487200543
RC26356,1.2835365853658536,1.3330080241518156,-0.037112633899889835
RC26357,1.3215061549601739,1.2765605229699803,0.03520838313691943
RC26358,1.3364854215918045,1.368915755297152,-0.02369052557095286
RC27282,1.3888470233609647,1.4010891559103575,-0.008737582828152402
RC27932,1.3326848249027237,1.268565585003051,0.05054467869670165
RC28132,1.3544360231832366,1.3702981423074772,-0.011575670019905226
RC28150,1.2082883660695014,1.255823076861495,-0.03785143916194844
RC28383,1.5050071530758227,1.446282702071436,0.04060371524894735
RC28404,1.2977707006369428,1.3159048315488047,-0.013780731309055438
RC28406,1.2831904390750843,1.2735794255342645,0.007546457918624183
RC28632,1.4706994328922496,1.383893540820982,0.06272584524079128
RC28635,1.0218631178707225,1.0008346741751015,0.021010906434624443
RC28673,1.3347701149425288,1.2913450286294168,0.0336277953222166
RC28680,1.3398276508055451,1.3540071496308426,-0.010472248118603589
RC28747,1.4072612470402526,1.3927168930950675,0.010443151811609486
RC28793,1.2862751792420621,1.3018956182946022,-0.01199822691853114
RC30626,1.3156664068589243,1.3278847551725976,-0.009201361990246792
RC31269,1.2861806311207835,1.261792755028774,0.019327956984071637
RC31413,1.264799849652321,1.2523752845093405,0.00992080033569831
RC31444,1.3461768816130963,1.3786615746423097,-0.023562485258676547
RC31645,1.2940709894903828,1.31401351074358,-0.015176800763572196
RC31677,1.3602644142489901,1.3325835300816695,0.02077234450408083
RC32757,1.1459987782529018,1.1764031409052695,-0.025845189965211235
RC33045,1.3295695130557517,1.3016592376124718,0.021442075342601452
RC33045-SP-1,1.4112903225806452,1.3422756306389032,0.05141618484788557
RC33085,1.3269700332963374,1.3336503711863947,-0.005009062370758155
RC33367,1.3240740740740742,1.372985228481201,-0.035623948016711315
RC33367-SP-1,1.6,1.4217201147809604,0.1253973151012966
RC33367-SP-2,1.3414634146341464,1.3708376566525855,-0.021427950914455707
RC33966,1.3943661971830985,1.3407018537822524,0.040027052434852495
RC33966-SP-1,1.2923076923076924,1.3409802004113245,-0.03629621681863959
RC34025,1.314106901217862,1.3183334901689898,-0.0032060089367721423
RC34027,1.3847980997624703,1.349450344708262,0.026194187279896086
RC34116,1.4621451104100947,1.398001850242844,0.045882099623908656
RC36134,1.279025863696432,1.3038309964250365,-0.019024806739997402
RC36171,1.3484198205228248,1.3222250633338717,0.019811118330267607
RC36171-SP-1,1.3026315789473684,1.302842116302747,-0.000161598518150452
RC36171-SP-2,1.3428571428571427,1.3055145151741958,0.02860376292175082
RC36837,1.2808349146110056,1.2978359305536484,-0.013099510918448964
RC37028,1.368063112078346,1.373298432852373,-0.003812223657135516
RC37048,1.4478851963746224,1.3562338620162586,0.06757782483185415
RC37048-SP-1,1.0103092783505154,1.067105011179035,-0.053224127179167136
RC37054,1.2958152958152958,1.2731664095927469,0.01778941546988655
RC37060,1.2995337995337994,1.2942166399792432,0.004108399931128659
RC37146,1.3700696055684454,1.2808175091708482,0.06968369479534653
RC37156,1.3885542168674698,1.3309171572011311,0.04330627143431487
RC37156-SP-1,1.3333333333333333,1.0962083831691078,0.21631375366671057
RC37191,1.4906832298136645,1.413406406283209,0.05467417098643845
RC37760,1.2658137882018479,1.2718134931561136,-0.0047174408720706
RC37763,1.1716858992400787,1.210915112735753,-0.032396336525229885
RC38294,1.3506696428571427,1.3424197943575715,0.006145505701157683
RC38296,1.2609102244389028,1.284368954991149,-0.018264791017475135
RC38650,1.2929396662387675,1.3123707671088274,-0.014806106137876585
RC38793,1.272373540856031,1.2889130117510998,-0.012832107942333804
RC39265,1.3786407766990292,1.3391519710546826,0.029487919592311895
RC39284,1.5072463768115942,1.4202579739134835,0.06124831157146504
RC39284-SP-1,1.2142857142857142,1.4703598816790853,-0.17415747708033602
RC39492,1.3396660909614277,1.3330276003902495,0.004980009843183142
RC39492-SP-1,1.3076923076923077,1.4399857249213095,-0.0918713393747227
RC39492-SP-2,1.2868185516680228,1.2949866385005386,-0.006307468038414421
RC39495,1.2902423865755128,1.2821036774173946,0.0063479337135294855
RC39637,1.361779722830051,1.3447041574217513,0.012698380765802986
RC39638,1.2464454976303319,1.2663753927072674,-0.015737746636350303
RC39941,1.3554884189325276,1.333393124964435,0.016570727382955397
RC40403,1.2624450951683748,1.252690538770165,0.007786884387094073
RC40440,1.3034383265207983,1.2882765012368642,0.011769076956210434
RC40440-SP-1,1.3070652173913044,1.3073014008835404,-0.00018066491176127464
RC40440-SP-2,1.4827586206896552,1.383808022113216,0.07150601600454043
RC40440-SP-3,1.2037037037037037,1.2790407358224267,-0.058901198381520636
RC40961,1.2343550446998723,1.239965298027359,-0.004524524465654101
RC40968,1.3564572425828971,1.3689342667280855,-0.009114407059887641
RC41086,1.3578274760383386,1.3177297995619546,0.030429361535053268
RC41131,1.3811274509803921,1.384620459259545,-0.002522718955793035
RC41435,1.2798353909465021,1.284875744364856,-0.003922833348251387
RC41664,1.2525100401606426,1.2473742375333539,0.004117290924209316
RC41713,1.3259195893926432,1.3192597458305981,0.005048167036925788
RC42115,1.0213713268032056,0.9998317950207252,0.021543155448496387
RC42785,1.4232876712328768,1.3549494881359607,0.05043596362468894
RC42785-SP-1,0.5277777777777778,1.097089662317173,-0.5189292216435132
RC43007,1.2352501867064973,1.2782140342999524,-0.03361240484030925
RC43108,1.3733189887036041,1.3961684787424664,-0.016365854398491253
RC43136,1.4289405684754521,1.3932434644321163,0.02562158370352452
RC43366,0.9578544061302682,0.9438256804315763,0.014863682976158366
RC43377,1.4202453987730062,1.3807184318492691,0.028627825928851047
RC43378,1.1813153042409343,1.214520137527467,-0.027339878739377266
RC43391,1.2285603414823438,1.2438108327263437,-0.012261101803215602
RC43687,1.21804932735426,1.2337749667911933,-0.012745954375968926
RC43716,1.1676752395360566,1.1959142361439308,-0.023612894432068265
RC44155,1.1844096871846619,1.210954645618146,-0.021920687557983487
RC44175,1.211676217765043,1.22245464198637,-0.008817034065012885
RC44449,1.4241706161137442,1.375181009003112,0.03562411550908884
RC44466,1.4176470588235295,1.3886341488270437,0.020893127265372513
RC44472,1.4109947643979057,1.395057939262591,0.011423772939307852
RC44661,1.3346175013758943,1.3380340179853718,-0.002553385462218394
RC44664,1.2111292962356792,1.204905788399597,0.005165140624270981
RC44720,1.3070244672454616,1.2703421959693897,0.028875897685253227
RC44778,1.3109327983951855,1.3091226965629956,0.001382683102922444
RC44984,1.2236438075742067,1.2597479334708772,-0.028659801645552818
RC44987,1.4430379746835442,1.4577575088344856,-0.01009738180852171
RC45054,1.2043010752688172,1.2019013126966192,0.001996638614874202
RC46370,0.8675889328063241,0.9264358574889513,-0.06351969670315682
RC46803,1.5637149028077755,1.4970422807821757,0.044536231796181935
RC47158,1.5702702702702702,1.505562391916165,0.04297920743872341
RC47844,1.1764097258147956,1.2115206392319944,-0.028980862793601347
RC47844-SP-1,1.3076923076923077,1.3486863509411289,-0.030395535048022948
RC47846,1.2169289663972778,1.2010338692176663,0.013234512020851907
RC47846-SP-1,1.2602739726027397,1.2353969666498188,0.020136852060097743
RC48181,1.2694516971279373,1.2678375482209112,0.0012731512087578167
RC48181-SP-2,1.3804347826086956,1.1722779527787797,0.1775661048102959
RC48438,1.266,1.2897700343281064,-0.018429668619560746
RC48438-SP-1,1.175,1.2250819685705552,-0.04088050420739742
RC48464,1.242113169754632,1.2410110764304718,0.0008880608280550373
RC48464-SP-1,1.3705583756345177,1.2822017012970055,0.06891012096469318
RC48538,1.3028371055148231,1.2646947927433152,0.030159302458082626
RC48553,1.320921985815603,1.3257730040253246,-0.0036590111542421644
RC48553-SP-1,1.6027397260273972,1.3820466037980808,0.1596857310186337
RC48924,1.3874312314853998,1.3868080759069628,0.0004493452188973901
RC49146,1.401253918495298,1.3728686174065554,0.020675904983802562
RC49146-SP-2,1.1829268292682926,1.2451293852735874,-0.049956700677839305
RC49167,1.2945570971184632,1.2550941941030838,0.03144218434026014
RC49167-SP-1,1.588235294117647,1.3392076531357784,0.18595147690409797
RC49383,1.3208004851425106,1.2992011041616665,0.016625125172427868
RC49416,1.2451904941531498,1.2170720695857893,0.02310333567750833
RC49434,1.2900523560209425,1.2560332392616036,0.027084567267772197
RC49434-SP-1,1.2765957446808511,1.2977509501145394,-0.016301437060648016
RC49445,1.2798546209761164,1.2559851107113922,0.01900461244417473
RC49445-DP-1,1.3888888888888888,1.3254109632958706,0.0478930138280802
RC49446,1.314385150812065,1.2880932122930455,0.02041151856721224
RC49446-SP-1,1.3444444444444446,1.3345134764701359,0.0074416393310441364
RC49451,1.25,1.2657814096329696,-0.012467721134840737
RC49451-DP-1,1.0461538461538462,1.2416155339804817,-0.1574252918695428
RC50138,1.5844875346260388,1.5015258608021609,0.05525157840408901
RC50183,1.347624565469293,1.3100457740429152,0.02868509801028285
RC50446,1.3377926421404682,1.3325005971571318,0.003971514155135747
RC50505,1.3099630996309963,1.3362818161441503,-0.019695483538866743
RC50932,1.3314651721377102,1.3243372276116454,0.005382273017363826
RC51108,1.2976031957390146,1.2916046489350128,0.00464425922355427
RC51194,1.3738317757009346,1.3632685222318293,0.007748476031568696
RC51194-SP-1,1.3688888888888888,1.394714153517767,-0.018516528683487743
RC51194-SP-2,1,1.2526574260090308,-0.20169714461678312
RC51200,1.1936936936936937,1.2484978656393309,-0.043896087813953266
RC51200-SP-1,1.121212121212121,1.3136269809023111,-0.14647602590959496
RC51460,1.4043497558810476,1.388377214233233,0.011504468298722204
RC51561,1.2556766575840146,1.268869590433014,-0.01039739067629275
RC51561-SP-1,1.46,1.4682709995703016,-0.005633155986001337
RC51649,1.27209186220669,1.2853706725855971,-0.010330724562274352
RC52270,1.3197526949904883,1.310122950174887,0.007350260381528084
RC52270-SP-1,1.4545454545454546,1.3399461557626764,0.08552530136373293
RC52271,1.2786421499292786,1.2970125330420545,-0.014163612644273682
RC52271-SP-1,1.2536231884057971,1.3061686007864513,-0.04022865987516189
RC52575,1.3364197530864197,1.33913396896281,-0.0020268441689165195
RC52575-SP-1,1.2,1.3140645576062928,-0.08680285678967958
RC52585,1.169811320754717,1.2382007497128535,-0.055232908697556815
RC52585-SP-1,1.1587301587301588,1.1643421858178775,-0.004819912183957165
RC52745,1.2365256754845098,1.259309213171422,-0.018092091639300034
RC52877,1.323022010707912,1.3021636826716159,0.0160182074756543
RC52879,1.3794642857142858,1.3634713664285814,0.011729560062266442
RC52879-DP-1,1.459016393442623,1.360193045228638,0.07265391376661068
RC53028,1.3483709273182958,1.3694460839053886,-0.015389548252232599
RC53411,1.348996573666177,1.3446038507481726,0.0032669272184222553
RC53411-SP-1,1.391304347826087,1.408751054123519,-0.012384520491654283
RC53666,1.4309069676917088,1.3941914096565629,0.02633466092305814
RC53727,1.3202394313505426,1.2940428783719848,0.0202439605490623
RC53727-SP-1,1.2958715596330275,1.3109850838052624,-0.011528372335378845
RC53864,1.4047256097560976,1.3381508985212707,0.04975127342394314
RC53864-SP-1,1.244186046511628,1.27834348795799,-0.026720080923574585
RC53873,1.2386363636363635,1.283451233295553,-0.03491746978505528
RC54128,1.319327731092437,1.3342205553375601,-0.011162190677953654
RC54217,1.2154915590863953,1.2378150032946587,-0.018034556172647598
RC54217-SP-1,1.2511415525114156,1.272811942552084,-0.01702560238177675
RC54217-SP-2,1.3066666666666666,1.3325856409654555,-0.0194501377637617
RC54397,1.1962025316455696,1.2289052220912426,-0.02661123889604966
RC54397-SP-1,1.1358447488584476,1.1873333104859474,-0.043364875871651276
RC54429,1.337354781054513,1.3281960308338976,0.006895631373679878
RC54429-SP-1,1.5352112676056338,1.4084144304328288,0.09002807301103699
RC54568,1.3091293047433399,1.3012984065004056,0.006017757498062215
RC54810,1.3537803138373752,1.3503075376251854,0.0025718409439507983
RD152643,1.2917933130699089,1.3362673613987859,-0.03328229784967751
RD153338,1.3613861386138615,1.382839661954941,-0.015514107623114115
RD153499,1.2408536585365855,1.2664173904701912,-0.020185866149638576
RD153511,1.2670454545454546,1.2398911967165318,0.021900516675037673
RD153773,1.2903225806451613,1.2342456344265178,0.04543418640058561
RD154134,1.342403628117914,1.3270001707657055,0.0116077282366287
RD154702,1.170731707317073,1.226208123120857,-0.045242251097300956
RD154727,1.137466307277628,1.191368313805511,-0.04524378053643807
RD155322,1.2472222222222222,1.2505392923250038,-0.0026525116988643793
RD158370,1.1409395973154361,1.0532340050388551,0.08327265532349148
RD158372,1.1979166666666667,1.2768432285393907,-0.06181382342686659
RD159169,1.3037694013303769,1.2367513805411574,0.05418875761423836
RD159195,1.332046332046332,1.3671535407800173,-0.025679053366350568
RD25363,1.3322884012539185,1.2865355699270604,0.035562818779625305
RD29684,1.3427230046948357,1.3437758986628714,-0.0007835338980877182
RD29688,1.2402234636871508,1.2053576270043143,0.028925719555522145
RD29695,0.9226932668329177,0.92321191942478,-0.0005617914814026737
RD36175,1.3548387096774193,1.3436093733772474,0.008357590027781914
RD44772,1.4627659574468086,1.3871860338918365,0.054484345796740774
RD45052,1.3823529411764706,1.3899567290946315,-0.005470521318396537
RD45068,1.1914893617021276,1.2264572250425598,-0.028511278360497827
RE0499,1.2732644017725259,1.3027294410926857,-0.022617926939185184
RE0499-AP-1,1.5,1.5275247156971854,-0.01801916225271849
RE0499-AP-2,1.3617021276595744,1.3717074334895052,-0.007294052350855895
RF0358,1.325934065934066,1.3312792246573943,-0.004015054561302911
RF0462,0.9087577867350678,0.919352018720163,-0.011523585927231239
RF0502,1.2735849056603774,1.2708854207741358,0.0021240977684655604
RF0593,1.2221526908635796,1.2501928926437518,-0.02242870035909128
RF0593-DP-1,1.4943820224719102,1.351863224279675,0.10542397753898114
RF151643,1.4164305949008498,1.3453424190600782,0.05284020992249494
RF151643-DP-1,1.3389830508474576,1.2813740594644345,0.044958762008262765
RF151725,1.176283326701154,1.1984968415248538,-0.018534479236038237
RF151779,1.2994483845547675,1.2959665304019767,0.002686685243106446
RF151937,1.3116279069767443,1.3476845407330003,-0.026754505721825028
RF151937-DP-1,1.046875,1.1433956245334287,-0.084415772163563
RF152127,1.2622420072845002,1.286891691465852,-0.01915443571888642
RF152166,1.2823974082073435,1.2607362334653072,0.017181369240493183
RF152174,1.3194103194103195,1.2828596392786096,0.028491566039339444
RF152211,1.1790992258972555,1.1699922165600758,0.007783820446221057
RF152211-DP-1,1.3178807947019868,1.2892384595447137,0.022216475893364063
RF152465,1.221437141714438,1.231513251204108,-0.008181892870270047
RF152556,1.2879834254143647,1.2874492987971604,0.00041487196249456737
RF152556-DP-1,1.3203125,1.3002237640173138,0.015450214446641075
RF152645,1.4101765316718589,1.3668686103072292,0.031684041200489066
RF153042,1.4936061381074168,1.4297656234549558,0.04465103483058552
RF153512,1.3946343574210298,1.364678393477281,0.021950932972141013
RF153512-SP-1,1.2454545454545454,1.2599118787445793,-0.011474876563938419
RF153769,1.2432975871313674,1.221271874113104,0.018035061221939985
RF153769-DP-1,1.4523809523809523,1.1788784636446554,0.23200227773330306
RF153774,1.2858613589567605,1.274143798236606,0.009196419380898435
RF153859,1.4097087378640776,1.355328782809192,0.040123072530174
RF154098,0.9166292134831461,0.9263290822159995,-0.010471298935848083
RF154185,1.2509309653394443,1.2727725378588952,-0.01716062522545747
RF154356,1.3221859706362153,1.2795971876751207,0.033282960740538714
RF154356-DP-1,1.476923076923077,1.3594087084855957,0.08644520790836663
RF154374,1.408,1.3799953816824184,0.020293269593003815
RF154374-DP-2,1.1886792452830188,1.288846280843364,-0.0777183726633407
RF154375,1.4366035570854847,1.3854940838565486,0.036888986986268524
RF154383,1.3272565584704312,1.3059145193436557,0.016342600385132355
RF154383-DP-1,1.3898305084745763,1.326830607021547,0.047481495467194934
RF154591,1.3453237410071943,1.2411606987106485,0.08392389672405276
RF154630,1.3455772113943028,1.3301311532177589,0.011612432457640098
RF155069,1.1819571865443426,1.212924949198107,-0.02553147470025896
RF155077,1.2933884297520661,1.2623269093331166,0.0246065580867314
RF155100,1.2683573050719152,1.2484808566944237,0.01592050712745241
RF155100-DP-1,1.3402061855670102,1.2150992534816523,0.1029602575484152
RF155293,1.2785414280259642,1.2816587222207279,-0.0024322342139273534
RF155293-DP-1,1.3542600896860986,1.3145487702504515,0.030209087965660908
RF155294,1.3434237995824634,1.32950953438871,0.010465712982006714
RF155349,1.300275482093664,1.2961046633769122,0.003217964439603982
RF155349-SP-1,1.2536585365853659,1.2921272900279606,-0.029771643815186488
RF155352,1.3674488267598601,1.3381773665076018,0.021874125945390732
RF155361,1.2085822922324823,1.239131618210863,-0.02465381847207615
RF155469,1.3692307692307693,1.3136536074135485,0.042307318690081974
RF155581,1.232986389111289,1.235487238381819,-0.0020241805765678356
RF155581-DP-1,1.3636363636363635,1.205868965107566,0.13083295374031323
RF155603,1.301980198019802,1.2598223134329531,0.03346335759998631
RF155603-DP-1,1.4814814814814814,1.2601530029889996,0.17563619494418958
RF155669,1.3693972179289027,1.3573999223842572,0.008838438360577072
RF155670,1.2483690587138863,1.2272790692347746,0.017184347071331985
RF155670-DP-1,1.2254901960784315,1.2486984848967686,-0.018585983004741014
RF155873,1.324279007377599,1.3141009564415755,0.00774525799264647
RF155873-DP-1,1.4463276836158192,1.3356476238956394,0.08286621242013137
RF155876,1.3671461014383044,1.3266247035097791,0.030544733428617743
RF155887,1.4676616915422886,1.4051015477584654,0.044523574743494
RF156002,1.3242712086472321,1.324326482402442,-0.0000417372573489061
RF156093,1.2747311827956989,1.2818747479019708,-0.005572748131565497
RF156093-DP-1,1.4528301886792452,1.372088957306619,0.05884547859864675
RF156103,1.2896825396825398,1.293630695257125,-0.003051995897330406
RF156103-DP-1,1.2083333333333333,1.3124889509660198,-0.07935732910819981
RF156488,1.254750175932442,1.235760060053403,0.015367154590040899
RF156488-DP-1,1.0833333333333333,1.2190588433974427,-0.11133630734825795
RF156627,1.3536439665471924,1.3512912541818771,0.0017410845796819174
RF156627-DP-1,1.3658536585365855,1.3333423969796885,0.024383280416599762
RF156736,1.3329764453961457,1.3179001955788696,0.011439599043882032
RF156736-DP-1,1.3953488372093024,1.3451223730902284,0.0373396986949861
RF156739,1.2700175336060784,1.2606103143696288,0.00746243238629507
RF156739-DP-1,1.3448275862068966,1.3266641164172917,0.013691083948705884
RF156777,1.2326093799181619,1.2332882546923625,-0.0005504591255269808
RF157136,1.2607709750566893,1.261772351267127,-0.0007936266866460651
RF157142,1.298752462245568,1.2899384487047252,0.00683289466229442
RF157232,1.1541430192962543,1.1813821455913567,-0.023056998446059573
RF157447,1.4658064516129032,1.4089225260703764,0.040374062086424134
RF157449,1.4435483870967742,1.3827359748077181,0.043979771552202784
RF157449-DP-1,1.2105263157894737,1.4197057607881,-0.1473399987350249
RF157503,1.241506646971935,1.210359625600861,0.025733691633684108
RF158165,1.2388510959939532,1.2680712118886213,-0.023042961326398048
RF158493,1.382608695652174,1.3298255190983177,0.03969180602703859
RF158627,1.1929260450160772,1.183885677207614,0.007636183106620731
RF158630,1.3089488636363635,1.2955327935915046,0.010355639093987401
RF158631,1.437603993344426,1.4095144233380827,0.019928543859679015
RF158762,0.8387858347386172,0.8836157401998752,-0.05073461621577424
RF158763,1.3488865323435844,1.3412510278884335,0.005692822817195964
RF158907,1.156010230179028,1.1959418981864056,-0.033389304336550296
RF158908,1.2678475577026302,1.2757111032037551,-0.006164048804918942
RF158908-SP-1,1.2091954022988505,1.2756914331794842,-0.05212548203361489
RF158915,1.2367288378766141,1.2560141115727177,-0.015354344762859018
RF159032,1.2895569620253164,1.263652594572334,0.020499595825820505
RF159166,1.238162878787879,1.2549068768000875,-0.013342821146143158
RF159167,1.3596903511197125,1.366333362606887,-0.004861925843997583
RF159168,1.3073654390934843,1.324484245726677,-0.01292488505501277
RF159171,1.2738208293763849,1.3046260888419674,-0.023612328259452697
RF159182,1.2519272727272728,1.2685265326133832,-0.013085465269625174
RF159183,1.2396777442094662,1.2452298449436106,-0.004458695522508771
RF159185,1.1857142857142857,1.2390830522159813,-0.04307117784094505
RF159186,1.2577751196172249,1.242370668153203,0.012399239501461157
RF159282,1.2877397831526272,1.261475416411572,0.020820355592634288
RF159282-DP-1,1.3857142857142857,1.4043400925017653,-0.013263031431580474
RF159285,1.2602128883774453,1.2559892982956053,0.0033627596091554413
RF159285-DP-1,1.3195488721804511,1.2797215956822805,0.031121828866955026
RF159286,1.265015015015015,1.2655743029801103,-0.00044192424243938433
RF159292,1.2081081081081082,1.228618307805633,-0.016693711600437644
RF159295,1.256969696969697,1.266767815661739,-0.007734739208639985
RF159961,1.4367945823927766,1.3976932082825753,0.027975648646277218
RF159968,1.3132530120481927,1.2597923682607974,0.04243607528850202
RF160498,1.253639846743295,1.2436614033827864,0.008023440571016227
RF160500,1.2095435684647302,1.2181640481003502,-0.007076616363012045
RF160502,1.2679474216380182,1.3071607189904957,-0.02999883394810199
RF160507,1.2009456264775413,1.233562324076853,-0.026441061762907392
RF160591,1.2771313729638247,1.2741957608316374,0.0023038941286943615
RF160591-DP-1,1.3253968253968254,1.3150532989161732,0.007865480805361313
RF160602,1.544776119402985,1.430853706721584,0.0796184907976536
RF161541,1.3362952836637048,1.350869118601619,-0.010788487750020392
RF161641,1.2932642487046633,1.3099294914932968,-0.012722244133640648
RF162076,1.3814919735599622,1.3305339865710168,0.03829889916624496
RF162076-DP-1,0.8571428571428571,1.2035387997425262,-0.2878145205404046
RF162079,1.194300518134715,1.162529025184449,0.0273296341527689
RF162081,1.1053385883195987,1.1588051302204754,-0.04613937279575564
RF162082,1.185136323658751,1.2067917550991194,-0.017944629923817734
RF162137,1.3221288515406162,1.2841057411707009,0.02961057578891446
RF162198,1.209162520729685,1.199267023328433,0.008251287835621568
RF162198-DP-1,1.2439024390243902,1.2215027719068716,0.018337794749782477
RF24913,1.4958609271523178,1.4779832774543045,0.012095975624843325
RF25272,1.2544251743250492,1.2740345371944095,-0.01539154732221204
RF25272-DP-1,1.3746223564954683,1.302684205278403,0.05522301638845084
RF25273,1.2015765765765767,1.2087080853992584,-0.005900108478488542
RF25273-DP-1,1.3783783783783783,1.2444420681416646,0.10762759767252317
RF25919,1.35929203539823,1.3292567081665596,0.022595580708483443
RF26096,0.9933035714285714,0.9029336139100189,0.1000848302980093
RF26311,1.0348258706467661,0.9953157590739057,0.03969605746986549
RF26315,1.3716951788491447,1.348684977907465,0.01706121245406078
RF26345,1.5601173020527859,1.5351065616911017,0.016292510882196964
RF26348,1.338328075709779,1.3236694777061393,0.01107421320089852
RF27614,1.3963133640552996,1.3489137369417783,0.03513910920722352
RF28562,1.3784764207980653,1.2944647788105579,0.06490067815109124
RF28593,1.3866809881847475,1.3177499890413913,0.052309618453118656
RF29261,1.339754816112084,1.3706469014989462,-0.022538325044238916
RF29276,1.236103758602435,1.247030761178512,-0.008762416226004266
RF30393,1.2773757838880848,1.2567738362385736,0.01639272481289966
RF31644,1.1810601548540798,1.2152832391023538,-0.028160582773734566
RF32038,1.2363013698630136,1.3161968987328165,-0.06070180604947728
RF32038-SP-1,1.1355932203389831,1.2553703325410852,-0.09541177539192969
RF32974,1.2684365781710913,1.2686975153400606,-0.00020567327185094797
RF33942,1.23784046692607,1.2578196582268897,-0.015883987159958757
RF33942-DP-1,1.3909774436090225,1.2530082308982358,0.11011038021025743
RF33954,1.3773946360153257,1.3386354480203304,0.028954251922967522
RF33961,1.4003189792663477,1.3558617332224776,0.03278892305501424
RF34089,1.225157955198162,1.221075350843393,0.0033434499778814963
RF34090,1.446188340807175,1.4102026570511583,0.025518093854159485
RF34865,1.3069224353628024,1.3293165562564964,-0.016846341669555676
RF35038,1.3571428571428572,1.3660214456680122,-0.006499596732768231
RF35038-SP-1,1.2753623188405796,1.3361111852924568,-0.04546692454983081
RF35139,1.42,1.4031832164647688,0.01198473822798407
RF36761,1.4648648648648648,1.4302850350534604,0.02417688010705632
RF36761-DP-2,1.411764705882353,1.1042590034140611,0.2784724430750123
RF37066,1.375,1.353068396531873,0.016208791458244942
RF37192,1.3713927227101632,1.3304900316455648,0.030742576112358755
RF38055,1.3488372093023255,1.34177198465274,0.005265592612156089
RF38652,1.182178631051753,1.1995999382968667,-0.014522597650219793
RF38653,1.2909395973154363,1.2975216951392496,-0.005072822942746247
RF38665,1.34102833158447,1.2555850938938855,0.06805053524935034
RF39094,1.4920212765957446,1.4529787574977242,0.026870674396684446
RF39220,1.4133858267716535,1.3733247074808512,0.029170901151475137
RF39301,1.4253361641896674,1.3708600038208947,0.039738675150588376
RF39331,1.3690007867820613,1.3123422174165582,0.04317362393251334
RF40386,1.4935064935064934,1.4501224679545108,0.029917490771092403
RF41087,1.3103448275862069,1.310393523943986,-0.00003716162884592755
RF41094,1.379073756432247,1.3292130661975414,0.03751143552729386
RF41134,1.3495145631067962,1.3077846926582752,0.031908823128750985
RF41302,1.3376623376623376,1.3321664317033748,0.0041255400437734124
RF41449,1.2169848071679004,1.240696620943117,-0.019111693684788267
RF41513,1.5345911949685536,1.3638434272140358,0.12519601909385547
RF41804,1.1161660777385158,1.160765336367489,-0.038422286772055614
RF41826,1.2892976588628762,1.3201004306789113,-0.023333657879494485
RF43260,1.2507552870090635,1.2952678996280587,-0.03436556455369366
RF43260-SP-1,1.1993865030674846,1.2512569151659756,-0.04145464570048785
RF43260-SP-2,1.2864864864864864,1.3179490234591513,-0.023872347422123075
RF43777,1.0238095238095237,1.05809650246278,-0.03240439654932348
RF43795,1.2700096432015429,1.2921925341121672,-0.017166862000069893
RF43801,1.3565365025466893,1.3212227866405428,0.02672805545228152
RF43824,1.445414847161572,1.3744885992805589,0.051601917919244844
RF43824-DP-1,1.0163934426229508,1.1978452456488897,-0.15148184098492956
RF44347,1.340625,1.3479044483246414,-0.005400567031060177
RF44450,1.3963254593175853,1.3358741499001494,0.04525224881546985
RF44450-DP-1,1.0909090909090908,1.2617993738040978,-0.135433799098983
RF44480,1.1583236321303843,1.1843496514960328,-0.021974945771101817
RF44643,1.297805642633229,1.3041431369807086,-0.004859508260843137
RF44643-SP-2,1.2464788732394365,1.261886434595108,-0.012209942934060525
RF46058,1.4854368932038835,1.3918980568988089,0.06720236143836722
RF46058-DP-1,1.1612903225806452,1.278262296305664,-0.09150858478974333
RF46394,1.2743190661478598,1.268904668262957,0.004266985550864799
RF46398,1.417047184170472,1.3975965528165903,0.013917200435764165
RF46398-DP-1,1.4333333333333333,1.3996269460603885,0.024082408078681228
RF47806,1.2525204032645223,1.2938817236958398,-0.03196684803087957
RF47806-SP-1,1.1856060606060606,1.2371639628377291,-0.04167426774492211
RF47807,1.2857142857142858,1.3271869184707448,-0.03124852436327963
RF48182,1.2661962796664528,1.30005272223967,-0.026042361201237263
RF48386,1.0769230769230769,1.0397416261277068,0.035760279151123786
RF48468,1.2418625678119348,1.2371193100692086,0.0038341150316867356
RF48468-DP-1,1.2454545454545454,1.2718002098167127,-0.020715253983142556
RF48473,1.3636363636363635,1.367339210857281,-0.0027080677505004758
RF48474,1.3238007380073802,1.3159054270926243,0.005999907555818584
RF48474-SP-1,1.365296803652968,1.3097861575556404,0.042381457291412516
RF48732,1.3382917466410749,1.345271209525489,-0.005188145583577941
RF48732-DP-1,1.2456140350877194,1.2586245666027336,-0.010337102786839858
RF48803,1.2447916666666667,1.27947378998896,-0.027106552391817917
RF48803-DP-1,0.9444444444444444,1.1708592254528332,-0.1933748960476629
RF49147,1.353211009174312,1.3452378247865215,0.0059269701170168165
RF49147-DP-1,1.4181818181818182,1.400682265071847,0.01249359226310598
RF49176,1.2513812154696133,1.2716545688517789,-0.0159425003288991
RF49176-DP-1,1.0666666666666667,1.0235850311535775,0.04208896594016842
RF49214,1.222704266088214,1.278942605831607,-0.04397252815486974
RF49214-DP-1,1.1333333333333333,1.3179758862348316,-0.14009554714159567
RF49384,1.2402990388038448,1.2756808313339714,-0.02773561510141065
RF49435,1.2876543209876543,1.3383106843551142,-0.03785097433625406
RF49435-SP-1,1.3529411764705883,1.3021765497027489,0.03898444245477117
RF49573,1.213653603034134,1.285169225929544,-0.055646852922177414
RF49573-DP-1,1.25,1.2115437603199173,0.03174151932401359
RF49573-DP-2,1.4857142857142858,1.4016647087777918,0.059964110111456304
RF50162,1.3139050791007494,1.3419249636569275,-0.020880366127044914
RF50185,1.264428980761359,1.2519073886605803,0.010002011501965447
RF50186,1.2164591977869985,1.2121694121202824,0.0035389324493948493
RF50186-DP-1,1.489795918367347,1.4340308920489124,0.03888690726791699
RF50186-SP-2,1.2151162790697674,1.270035162436342,-0.04324201800934557
RF50419,1.2725321888412018,1.2805994771804892,-0.006299618641926408
RF50419-DP-1,1.3387096774193548,1.325165234344369,0.010220946583832546
RF50934,1.3017241379310345,1.3391041045725758,-0.027914160306059643
RF51192,1.3253012048192772,1.3408202953047308,-0.01157432546314996
RF51192-SP-1,1.1956521739130435,1.2967420546276167,-0.07795681519992281
RF51195,1.3088372093023255,1.294488803194352,0.0110842257364967
RF51195-DP-1,1.3282442748091603,1.2915183438353524,0.02843624416881685
RF51492,1.2371937639198218,1.2501061001688782,-0.010328992272985449
RF51566,1.2596879718168092,1.2855673905424034,-0.020130736759490397
RF52151,1.3588305967160592,1.372531567857774,-0.009982263040477224
RF52878,1.3921282798833818,1.3821333362519972,0.0072315335787274115
RF52878-SP-1,1.2821782178217822,1.3464890242859997,-0.04776184974721165
RF53656,1.3894195444526083,1.397943022682632,-0.006097157102774586
RF54130,1.3040488922841864,1.289545824793948,0.011246647626931505
RF54130-SP-1,1.2189054726368158,1.2445827848705069,-0.0206312609702074
RF54225,1.320044296788483,1.2907813436166564,0.022670728327877976
RF54225-SP-1,1.2083333333333333,1.3013926369586284,-0.07150747666958979
RF54400,1.1666666666666667,1.2166273030239905,-0.04106486533151443
RF54400-DP-1,1.2702702702702702,1.292787244520498,-0.017417385842617317
RL151476,1.4454828660436136,1.3518965822278481,0.06922591938322742
RL154453,1.1389578163771712,1.176274846686734,-0.03172475413775577
RL154467,1.1260714285714286,1.1449962843010284,-0.016528311916009897
RL155356,1.2474747474747474,1.2730231627287105,-0.020069089080201996
RMOD-1001-0456-07-101-30164,1.2411764705882353,1.308131279634846,-0.0511835548075118
RMOD-1001-0456-07-101-43545,1.3282442748091603,1.298424666846686,0.02296599003690636
RMOD-1001-0456-07-101-48257,1.4022988505747127,1.3421772956543931,0.04479404853217006
RMOD-1001-0456-07-101-53417,1.3888888888888888,1.3963975232732564,-0.005377146735957128
RMOD-1001-0456-07-103-43617,1.35,1.3249900738929845,0.018875557334201876
RMOD-1001-0456-07-103-48366,1.3970588235294117,1.3387085689560072,0.04358697324161365
RMOD-1001-0456-07-106-30207,1.25,1.2817417771551836,-0.024764564689179536
RMOD-1001-0456-07-106-53485,1.37984496124031,1.3655401590138083,0.010475563191662207
RMOD-1001-0456-07-158-43561,1.2142857142857142,1.3566904427741806,-0.10496479078696463
RMOD-1001-0456-07-158-48346,1.1515151515151516,1.3171990787543841,-0.12578503121632334
RMOD-1001-0456-100-107-30237,1.1428571428571428,1.16055725776368,-0.015251393059782403
RMOD-1001-0781-09-145-161706,1.342281879194631,1.3484166745877604,-0.004549628841548525
RMOD-1001-0781-100-109-161665,1.2727272727272727,1.3255409488726655,-0.03984311174265065
RMOD-1001-1075-00-119-45399,1.36,1.2736183756494999,0.06782378929359334
RMOD-1001-1360-01-106-36891,1.296,1.33615952617146,-0.030055936723761167
RMOD-1001-1360-02-101-36839,1.3049555273189326,1.2836464906537854,0.01660039334840091
RMOD-1001-1360-02-108-36909,1.2976190476190477,1.257712705547704,0.03172929866679319
RMOD-1001-1952-07-1006-36832,1.2162162162162162,1.3233962337497924,-0.08098860704014987
RMOD-1001-1952-07-101-36176,1.2697095435684647,1.3042788035090378,-0.026504501834705763
RMOD-1001-1952-07-103-32151,1.31044776119403,1.3233404126089958,-0.009742505626007314
RMOD-1001-1952-07-106-32203,1.1605839416058394,1.165951364049208,-0.004603470272317556
RMOD-1001-1952-100-107-32226,1.3461538461538463,1.350647658867189,-0.0033271539648703774
RMOD-1001-2246-00-130-34972,1.2,1.2978503945058106,-0.07539420176627498
RMOD-1001-2246-00-130-39061,1.1666666666666667,1.3808154511737767,-0.15508863572251497
RMOD-1001-2246-00-130-43317,1,0.7852360591410311,0.27350239250843744
RMOD-1001-2246-01-106-34948,1.4444444444444444,1.4013703520106973,0.030737122682768403
RMOD-1001-2246-02-101-29472,1.1954887218045114,1.2560476935502742,-0.0482139110295966
RMOD-1001-2246-02-101-31482,1.2307692307692308,1.3141354820619804,-0.06343809480126172
RMOD-1001-2246-02-101-34900,1.134453781512605,1.1688877834249063,-0.029458774743463922
RMOD-1001-2246-02-101-36506,1.1037037037037036,1.1825453226713711,-0.06667111818561355
RMOD-1001-2246-02-101-38954,1.3233830845771144,1.3517899341314843,-0.02101424846947164
RMOD-1001-2246-02-101-41138,1.245,1.2724248824476532,-0.021553242809035922
RMOD-1001-2246-02-101-43213,1.2670807453416149,1.2703523230694302,-0.002575331007315107
RMOD-1001-2246-02-101-45121,1.1647058823529413,1.2415804254147158,-0.06191668416171814
RMOD-1001-2246-02-101-50245,1.3428571428571427,1.3190307094401275,0.018063592641545556
RMOD-1001-2246-02-101-52682,1.1384615384615384,1.277503821489202,-0.10883903491230285
RMOD-1001-2246-02-103-27025,1.1560468140442133,1.167406468970171,-0.009730676699075236
RMOD-1001-2246-02-103-45242,1.255813953488372,1.2956438113645976,-0.030741363889413287
RMOD-1001-2246-02-103-50369,1.439252336448598,1.3832422944693783,0.04049185179137815
RMOD-1001-2246-02-103-52801,1.4057971014492754,1.3586356915602986,0.03471232956850656
RMOD-1001-2246-02-106-27082,1.1829787234042553,1.1911578511405294,-0.006866535554832409
RMOD-1001-2246-02-106-29535,1.2615384615384615,1.2557708832710084,0.0045928587326613535
RMOD-1001-2246-02-106-31529,1.389937106918239,1.311333066474106,0.05994208676174262
RMOD-1001-2246-02-106-36552,1.1631205673758864,1.2603643863667664,-0.07715532114581802
RMOD-1001-2246-02-106-39014,1.3059701492537314,1.3643056670720388,-0.0427583929512676
RMOD-1001-2246-02-106-41199,1.2941176470588236,1.4260302068788446,-0.09250334192340737
RMOD-1001-2246-02-106-43276,1.4095238095238096,1.3187272239984327,0.06885168052425428
RMOD-1001-2246-02-106-45251,1.1744186046511629,1.2195629190091608,-0.03701679811212666
RMOD-1001-2246-02-106-50349,1.3333333333333333,1.3267530868031896,0.004959661745350674
RMOD-1001-2246-02-106-52758,1.25,1.2674424810939562,-0.013761950821548408
RMOD-1001-2607-09-110-29821,1.2392996108949417,1.2460636032101426,-0.00542828816905927
RMOD-1001-2607-09-117-37611,1.3055242390078918,1.318092573847983,-0.009535244405026733
RMOD-1001-2607-09-117-39317,1.2738238841978287,1.305733818072087,-0.024438314633968283
RMOD-1001-2607-09-117-41501,1.1643002028397567,1.2681215305870217,-0.08187017193786283
RMOD-1001-2607-09-117-47564,1.2260869565217392,1.2944761119868642,-0.05283153148354047
RMOD-1001-2607-09-117-49596,1.27831715210356,1.3441232071721878,-0.048958350482671165
RMOD-1001-2607-09-117-51942,1.0600522193211488,1.0173028643456652,0.042022249689604774
RMOD-1001-2607-09-117-54250,1.3061224489795917,1.347737891183484,-0.030877993767281176
RMOD-1001-3197-07-101-162389,1.2215189873417722,1.211327519013644,0.008413470484371466
RMOD-1001-3197-07-101-25367,1.228813559322034,1.1952388459552359,0.02809037999427222
RMOD-1001-3197-07-101-27388,1.152542372881356,1.1222263517920066,0.027014176811068324
RMOD-1001-3197-07-103-23731,1.2096774193548387,1.143438006641338,0.057930042843396645
RMOD-1001-3197-07-103-27487,1.0710382513661203,1.1401072144489075,-0.06058111220370899
RMOD-1001-3197-07-106-162451,1.152492668621701,1.2221575075427897,-0.057001522709747565
RMOD-1001-3197-07-106-25399,1.228855721393035,1.2628931817290838,-0.026951970941395675
RMOD-1001-3197-07-106-27462,1.2317073170731707,1.1906564721259099,0.03447748860253941
RMOD-1001-3197-07-106-53972,1.3107142857142857,1.286846139118756,0.01854778583854233
RMOD-1001-3197-100-107-25463,1.0851063829787233,1.1897308980967738,-0.08793964692807388
RMOD-1001-3218-02-101-161768,1.2948255114320095,1.2589345081867127,0.028509031257703654
RMOD-1001-3218-02-101-25024,1.274738783036263,1.2451876559467667,0.02373226794239902
RMOD-1001-3218-02-101-30480,1.2448700410396716,1.2512282315317327,-0.005081559328530605
RMOD-1001-3218-02-101-44187,1.256198347107438,1.2977197478037963,-0.03199566067067039
RMOD-1001-3218-02-101-47873,1.3310104529616724,1.2994976909755636,0.024249956121469962
RMOD-1001-3218-02-101-51273,1.37984496124031,1.3746581335594905,0.003773176438704118
RMOD-1001-3218-02-103-44314,1.2913385826771653,1.3329784862728855,-0.031238241295363123
RMOD-1001-3218-02-103-47951,1.2564102564102564,1.2776459059634595,-0.016620919343994345
RMOD-1001-3218-02-103-51355,1.3783783783783783,1.3510125071256263,0.02025582376803814
RMOD-1001-3218-02-106-25106,1.2963671128107075,1.2762686937698395,0.01574779600798748
RMOD-1001-3218-02-106-30530,1.315018315018315,1.309838740307657,0.003954360602772544
RMOD-1001-3218-02-106-47929,1.208955223880597,1.251686762154093,-0.034139162900434505
RMOD-1001-3218-02-106-51334,1.4082840236686391,1.3439344631748886,0.04788147209331317
RMOD-1001-3218-02-158-161790,1.3,1.321044669728431,-0.01593032409173356
RMOD-1001-3218-100-102-25049,1.4042553191489362,1.269070963669449,0.10652229808222002
RMOD-1001-3456-02-101-33122,1.1554770318021201,1.2527792369202595,-0.07766907548479163
RMOD-1001-3456-02-145-33222,1.3009708737864079,1.3282636845249605,-0.020547735405650025
RMOD-1001-3728-09-145-32904,1.4378378378378378,1.3965258539546972,0.029581968544408088
RMOD-1001-3728-100-09-32818,1.2537313432835822,1.2218749058781044,0.026071766636850402
RMOD-1001-3761-00-130-42962,0,0.4827586206896552,-1
RMOD-1001-3761-07-101-42853,1.4014598540145986,1.3038057556688478,0.07489926925169499
RMOD-1001-3761-07-101-46159,1.296,1.2907024036311847,0.004104428994562426
RMOD-1001-3761-07-106-42906,1.3181818181818181,1.3515100832742881,-0.024660019562507407
RMOD-1001-3761-07-106-46259,1.1770833333333333,1.265690400975009,-0.07000690498515139
RMOD-1001-3771-00-130-34608,1.0909090909090908,0.852143341095191,0.2801943502920925
RMOD-1001-3771-00-130-42248,1.125,1.329754933108777,-0.1539794499051711
RMOD-1001-3771-02-101-34536,0.940625,0.9068673805691331,0.03722442790883185
RMOD-1001-3771-02-101-42178,1.3568202348690153,1.3826228527445157,-0.01866207970183764
RMOD-1001-3771-02-101-44497,1.3154362416107384,1.266113397400183,0.03895610323043264
RMOD-1001-3771-02-101-46495,1.3101983002832862,1.2926091196218015,0.013607501598496441
RMOD-1001-3771-02-101-48562,1.2799145299145298,1.2657019452230767,0.011229013864672677
RMOD-1001-3771-02-101-50525,1.3909090909090909,1.3906321291729182,0.00019916247464912828
RMOD-1001-3771-02-106-24776,1.3441295546558705,1.3166874751510422,0.020841756318582982
RMOD-1001-3771-02-106-28196,1.1652173913043478,1.1974668438279994,-0.02693139496084762
RMOD-1001-3771-02-106-34590,0.956989247311828,0.901849489897299,0.06114075356499704
RMOD-1001-3771-02-106-44541,1.3722627737226278,1.3293927101092418,0.03224785519537199
RMOD-1001-3771-02-106-50644,1.3621399176954732,1.392337546341264,-0.021688439506025614
RMOD-1001-3771-02-108-24709,1.3169811320754716,1.3153841161476343,0.0012141061369317363
RMOD-1001-3771-02-108-28152,1.2576601671309193,1.2652679457459146,-0.006012780645059723
RMOD-1001-3771-02-108-44617,1.236220472440945,1.247796114746122,-0.009276869969684465
RMOD-1001-3771-02-108-46621,1.170854271356784,1.286295126504541,-0.08974678731891284
RMOD-1001-3771-02-108-48636,1.4147727272727273,1.317766933574123,0.07361377131804314
RMOD-1001-3771-02-108-50688,1.3409090909090908,1.3940510220774418,-0.03812050658601984
RMOD-1001-3771-02-160-42230,1.40625,1.4034532999244775,0.0019927275639830544
RMOD-1001-3771-100-102-24738,1.4074074074074074,1.3923821702306565,0.010791029573627764
RMOD-1001-4008-07-101-31114,1.227931488801054,1.2324332222836691,-0.003652720002365273
RMOD-1001-4008-07-101-33415,1.3185689948892674,1.306742061794184,0.009050702078759798
RMOD-1001-4008-07-101-40059,1.279527559055118,1.265664622162753,0.010953088716880055
RMOD-1001-4008-07-101-44791,1.1377551020408163,1.219258129174921,-0.06684640863478042
RMOD-1001-4008-07-101-47227,1.2828282828282829,1.2973138658064014,-0.011165827607272583
RMOD-1001-4008-07-103-44933,1.1630434782608696,1.22205283016184,-0.048287071102446344
RMOD-1001-4008-07-103-47344,1.297872340425532,1.2924895685406979,0.004164654025727854
RMOD-1001-4008-07-106-31195,1.2086614173228347,1.2408963083720468,-0.02597710286647692
RMOD-1001-4008-07-106-33465,1.3256880733944953,1.3438456872084912,-0.013511680683898852
RMOD-1001-4008-07-106-38057,1.2451923076923077,1.2658602217025756,-0.016327169189714885
RMOD-1001-4008-07-106-38121,1.2289156626506024,1.3028786847103448,-0.05676892478764106
RMOD-1001-4008-07-106-40109,1.3583333333333334,1.3035274994333341,0.04204424833678155
RMOD-1001-4008-07-106-47300,1.3571428571428572,1.2337292091441958,0.10003301136419562
RMOD-1001-4008-07-158-44911,1.3516483516483517,1.2593321891412455,0.07330564826589381
RMOD-1001-4020-02-101-34162,0.9424460431654677,0.9385799305219408,0.004119108578612973
RMOD-1001-4020-02-101-51602,1.3218390804597702,1.285427967503203,0.028326062507642247
RMOD-1001-4020-02-103-51715,1.2795698924731183,1.3161582470597477,-0.027799358221829773
RMOD-1001-4020-02-145-34216,1.081896551724138,0.998681412192822,0.08332501087468835
RMOD-1001-4020-02-158-51655,1.1666666666666667,1.2176481275312723,-0.0418687958466033
RMOD-1001-4284-00-117-24315,1.25,1.2768346457255106,-0.021016539467616724
RMOD-1001-4284-00-117-26377,1.3429319371727748,1.2937357191785142,0.03802648196611513
RMOD-1001-4284-00-127-24328,1.3386454183266931,1.287164169004166,0.0399958688737867
RMOD-1001-4284-100-130-26454,1.3061889250814331,1.259831540414702,0.03679649475315694
RMOD-1001-4551-02-101-29088,1.1368948247078463,1.2055764778238889,-0.05696996779500496
RMOD-1001-4551-02-145-29128,1.226063829787234,1.266080260163429,-0.03160655104995436
RMOD-1001-5708-02-101-24024,1.1996320147194113,1.2197884097449814,-0.016524501187697216
RMOD-1001-5708-02-101-25695,1.1636582430806257,1.1403228107503325,0.020463882779770515
RMOD-1001-5708-02-101-30826,1.1758064516129032,1.2088279262597066,-0.02731693562786619
RMOD-1001-5708-02-101-35161,1.295774647887324,1.3281338746961637,-0.024364431496969874
RMOD-1001-5708-02-101-38478,1.2531017369727047,1.2914747932207873,-0.029712586300182142
RMOD-1001-5708-02-101-40819,1.2550143266475644,1.3090781041633164,-0.04129912290474547
RMOD-1001-5708-02-101-48927,1.2559241706161137,1.234019832378366,0.017750394007469694
RMOD-1001-5708-02-101-50941,1.406060606060606,1.3934206893245782,0.009071141854621656
RMOD-1001-5708-02-101-53029,1.3,1.36326512929781,-0.04640706194135291
RMOD-1001-5708-02-103-24041,1.3018867924528301,1.2372475512523415,0.05224438806531562
RMOD-1001-5708-02-103-25782,1.1244444444444444,1.1398826953596568,-0.013543718996752774
RMOD-1001-5708-02-103-49012,1.4141104294478528,1.3355800349671458,0.05879871847787754
RMOD-1001-5708-02-103-51024,1.4269662921348314,1.3814307273892878,0.032962611763819316
RMOD-1001-5708-02-104-40897,1.2840236686390532,1.2983102534757953,-0.011003983676855733
RMOD-1001-5708-02-106-48989,1.302439024390244,1.286424967735142,0.012448496458597136
RMOD-1001-5708-02-106-50997,1.3706293706293706,1.3581584633099069,0.009182218169941248
RMOD-1001-5708-02-106-53112,1.2551020408163265,1.3043488338130882,-0.0377558454610607
RMOD-1001-5708-02-145-24077,1.395778364116095,1.343528015500633,0.03889040497305318
RMOD-1001-5708-02-145-25762,1.1890909090909092,1.160422521522768,0.02470512855138418
RMOD-1001-5708-02-145-30880,1.3826530612244898,1.3143873822159555,0.051937259846061234
RMOD-1001-5708-02-145-35243,1.4077669902912622,1.466570524586804,-0.04009594718406695
RMOD-1001-5708-02-145-38526,1.3664596273291925,1.3866689077323993,-0.014573976736995231
RMOD-1001-5708-02-145-40878,1.5392156862745099,1.4758325343560714,0.04294738762219619
RMOD-1001-5714-07-101-161577,1.2592592592592593,1.2510206393745589,0.006585518755964914
RMOD-1001-5714-07-101-26773,1.1536312849162011,1.1665125892781238,-0.01104257637707462
RMOD-1001-5714-07-103-26682,1.228287841191067,1.2238937724906533,0.003590236995381968
RMOD-1001-5714-07-106-161612,1.1802120141342756,1.2721437817108316,-0.07226523361449155
RMOD-1001-5714-07-106-26748,1.2708333333333333,1.2349427612100987,0.029062538969875984
RMOD-1001-5867-02-101-35503,1.3022222222222222,1.32258490935712,-0.015396128438208034
RMOD-1001-5867-02-101-46882,1.3067092651757188,1.2942535240183877,0.009623880426965048
RMOD-1001-5867-02-106-35577,1.26890756302521,1.359084302189482,-0.06635110053070103
RMOD-1001-5867-02-158-47006,1.2358490566037736,1.2629405352416176,-0.021451111815538493
RMOD-1001-5869-02-101-42463,1.2289972899728998,1.2734669212097995,-0.03492013062628552
RMOD-1001-5869-02-103-42539,1.2222222222222223,1.2987623091045624,-0.05893309833968852
RMOD-1001-5869-02-106-42517,1.3772727272727272,1.3506090171809728,0.019741990281841648
RMOD-1001-6574-07-101-49213,1.4057692307692307,1.359259605763959,0.03421688160822778
RMOD-1001-6574-07-106-49333,1.2576271186440677,1.3392545842933952,-0.060949924388270627
RMOD-1001-6792-07-101-33796,1.3888888888888888,1.3289145583797721,0.04513031340573037
RMOD-1001-6792-07-106-33881,1.1567164179104477,1.2869397486545555,-0.10118836633980033
RMOD-1001-6819-07-101-25981,1.1267252195734003,1.1344942668448026,-0.006848026912475436
RMOD-1001-6819-07-101-28749,1.1292134831460674,1.1865398508011402,-0.048313899964140705
RMOD-1001-6819-07-101-32490,1.2037037037037037,1.2889612733737443,-0.0661443997047998
RMOD-1001-6819-07-101-35815,1.1590909090909092,1.238979576834384,-0.06447940647059902
RMOD-1001-6819-07-101-37772,1.187279151943463,1.2385111729324234,-0.04136581252445104
RMOD-1001-6819-07-101-41839,1.279475982532751,1.2466053232820933,0.026368136439619105
RMOD-1001-6819-07-101-43871,1.1527777777777777,1.162376121720407,-0.00825751988816048
RMOD-1001-6819-07-101-45809,1.2311320754716981,1.2111513994099241,0.016497257131939724
RMOD-1001-6819-07-101-54608,1.2462311557788945,1.2388822701913205,0.0059318675909689755
RMOD-1001-6819-07-103-39723,1.2298136645962734,1.2634091020292242,-0.02659109973087226
RMOD-1001-6819-07-103-41914,1.3093525179856116,1.277613888917152,0.024842113367568253
RMOD-1001-6819-07-103-43954,1.1083333333333334,1.1759917603856687,-0.05753307916897876
RMOD-1001-6819-07-103-45931,1.2871287128712872,1.2529123940141305,0.027309426437656104
RMOD-1001-6819-07-106-26025,1.1527377521613833,1.135267022261516,0.015389093100814932
RMOD-1001-6819-07-106-28797,1.3127272727272727,1.239605461006707,0.05898797159314073
RMOD-1001-6819-07-106-32538,1.2099236641221374,1.2827507478490503,-0.05677415027746535
RMOD-1001-6819-07-106-35888,1.130801687763713,1.2697574663369406,-0.10943489781091353
RMOD-1001-6819-07-106-37824,1.183206106870229,1.2751607158682101,-0.07211217210010468
RMOD-1001-6819-07-106-39705,1.2695035460992907,1.267944050049837,0.0012299407449347655
RMOD-1001-6819-07-106-41896,1.3387978142076502,1.2877867162434946,0.03961144910156866
RMOD-1001-6819-07-158-43933,1.2,1.226925111859987,-0.021945195839352616
RMOD-1001-6819-07-158-45900,1.1354166666666667,1.1553331938271885,-0.017238773426517473
RMOD-1001-6819-07-158-54790,1.2598039215686274,1.2619541050991518,-0.0017038523998900157
RMOD-1001-6819-08-101-39656,1.1766381766381766,1.2263868987148896,-0.04056527522337672
RMOD-1001-6819-100-107-28820,1.1730769230769231,1.1733470849971472,-0.00023024893799838964
RMOD-1001-6819-100-107-37845,1,1.1191758382389472,-0.10648535660533331
RMOD-1001-9477-02-101-27777,1.141025641025641,1.195189947435966,-0.04531857595231892
RMOD-1001-9477-02-101-31861,1.2328767123287672,1.2656451745156725,-0.02589071790950004
RMOD-1001-9477-02-101-37245,1.1895833333333334,1.2360532876121577,-0.037595429537343295
RMOD-1001-9477-02-101-49907,1.2285714285714286,1.3704568840300937,-0.10353149895633607
RMOD-1001-9477-02-101-52276,0.8688524590163934,0.8735120754340338,-0.0053343468838996655
RMOD-1001-9477-02-103-49996,1.2985781990521328,1.2803883913389864,0.014206476594281092
RMOD-1001-9477-02-103-52432,0.7028985507246377,0.8651687730069579,-0.1875590374330527
RMOD-1001-9477-02-106-27856,1.1648936170212767,1.1961173682788733,-0.026104253717614267
RMOD-1001-9477-02-106-31902,1.2328767123287672,1.2716612999924948,-0.030499149155484018
RMOD-1001-9477-02-106-37280,1.208695652173913,1.2769177846237916,-0.05342719262852014
RMOD-1001-9477-02-106-49977,1.2311827956989247,1.3151817946738336,-0.06386873610559729
RMOD-1001-9477-02-106-52408,0.8742138364779874,0.9111439646008845,-0.040531605934605475
RMOD-1001-9477-100-102-31930,1,1.258294363647971,-0.20527340112939851
RMOD-1001-9478-02-103-28425,1.2041360907271514,1.2064519564127976,-0.0019195672677525533
RMOD-1001-9478-02-106-28466,1.1662468513853905,1.2292544394328748,-0.05125675045481504
RMOD-1001-9655-100-130-40452,1.372340425531915,1.3520539158988998,0.015004216469820086
RMOD-1002-0158-00-130-34973,1.6666666666666667,1.0706989124399495,0.5566156342389506
RMOD-1002-0158-00-130-37849,1.5,1.391559147426237,0.07792759134552796
RMOD-1002-0158-00-130-40130,1.8333333333333333,1.2630574947567081,0.45150425926293436
RMOD-1002-0158-01-103-26774,1.2147651006711409,1.1822718308570423,0.027483755398742815
RMOD-1002-0158-01-103-45122,1.23463687150838,1.254863946923211,-0.016118939000858035
RMOD-1002-0158-01-103-47565,1.4604651162790698,1.4053136800554826,0.03924492944622138
RMOD-1002-0158-01-103-49597,1.4806201550387597,1.4320701305542771,0.03390198807211453
RMOD-1002-0158-01-103-53418,1.4819277108433735,1.448845039607772,0.022833823032280653
RMOD-1002-0158-01-106-25107,1.3048780487804879,1.2777354250595567,0.021242757450875116
RMOD-1002-0158-01-106-26750,1.2015503875968991,1.2007707034425092,0.0006493197678412166
RMOD-1002-0158-01-106-29864,1.3602150537634408,1.2791754188424125,0.06335302705735613
RMOD-1002-0158-01-106-31530,1.467153284671533,1.3897750598497896,0.05567679767552214
RMOD-1002-0158-01-106-34949,1.2878787878787878,1.3140833676261965,-0.01994133735574588
RMOD-1002-0158-01-106-37825,1.4387755102040816,1.3380488846916707,0.07527873358350545
RMOD-1002-0158-01-106-40110,1.4336283185840708,1.386151378923106,0.03425090533607489
RMOD-1002-0158-01-106-43277,1.4615384615384615,1.397430193697016,0.04587582845325677
RMOD-1002-0158-01-106-49648,1.3076923076923077,1.2854801638385602,0.017279258349207183
RMOD-1002-0158-01-106-53486,1.3181818181818181,1.453205891458493,-0.09291462006196483
RMOD-1002-0158-01-108-25025,1.3253833049403747,1.2864080361988777,0.030297749737838053
RMOD-1002-0158-01-108-26683,1.2341463414634146,1.20809366342293,0.021565114385807327
RMOD-1002-0158-01-108-29822,1.288888888888889,1.267450328325392,0.016914714592265234
RMOD-1002-0158-01-108-31483,1.3875278396436526,1.2927517729001765,0.07331343010333247
RMOD-1002-0158-01-108-34901,1.2960893854748603,1.3150670285448378,-0.01443093215634561
RMOD-1002-0158-01-108-37773,1.2936046511627908,1.2882740073902341,0.004137818307267782
RMOD-1002-0158-01-108-40060,1.29073482428115,1.3132982336354442,-0.017180720095720026
RMOD-1002-0158-01-108-43214,1.4006849315068493,1.3738864771695922,0.01950558127078006
RMOD-1002-0158-01-108-45243,1.2242990654205608,1.2205444679845474,0.0030761660345020037
RMOD-1002-0158-01-108-49685,1.3793103448275863,1.3659187730873674,0.009804076204289913
RMOD-1002-0158-01-158-45252,1.1395348837209303,1.220007279574232,-0.06596058662976645
RMOD-1002-0158-01-158-47597,1.53125,1.3328896354827875,0.14881979665583045
RMOD-1002-0158-100-101-29887,1.3673469387755102,1.2845658976057595,0.06444281396854956
RMOD-1002-0158-100-101-31548,1.3061224489795917,1.3284971544946633,-0.016842117756422637
RMOD-1002-0158-100-101-47670,1.4705882352941178,1.1345237294780133,0.2962163743994368
RMOD-1002-0487-01-103-24042,1.4477611940298507,1.271392582981201,0.13872081165920847
RMOD-1002-0487-01-103-36512,1.3262839879154078,1.290186242214421,0.027978709212578723
RMOD-1002-0487-01-103-38955,1.3996212121212122,1.386516075275874,0.00945184630674456
RMOD-1002-0487-01-103-40820,1.3871794871794871,1.3512121055022155,0.026618605273598606
RMOD-1002-0487-01-103-43546,1.2960151802656545,1.2645785081296617,0.02485940725221436
RMOD-1002-0487-01-103-46160,1.2767527675276753,1.232186145619715,0.03616874127857206
RMOD-1002-0487-01-103-47874,1.375,1.3878712002713727,-0.009274059630934084
RMOD-1002-0487-01-103-48258,1.2878228782287824,1.319045424479559,-0.023670561810330337
RMOD-1002-0487-01-103-50247,1.32996632996633,1.3441618313217487,-0.010560857349639186
RMOD-1002-0487-01-103-52684,1.28099173553719,1.277810767299919,0.0024893891323145567
RMOD-1002-0487-01-106-24079,1.280373831775701,1.296984331269729,-0.012807016317434194
RMOD-1002-0487-01-106-26026,1.125,1.1737542777580718,-0.04153703946553011
RMOD-1002-0487-01-106-28798,1.3363636363636364,1.3008700791297216,0.02728447506276699
RMOD-1002-0487-01-106-33223,1.3276836158192091,1.3104179039282893,0.01317572954334767
RMOD-1002-0487-01-106-35578,1.2891566265060241,1.3357306340076327,-0.034867814150425835
RMOD-1002-0487-01-106-36556,1.4270833333333333,1.3921452008966222,0.02509661521959705
RMOD-1002-0487-01-106-39015,1.3825136612021858,1.3804023890229338,0.001529461406355903
RMOD-1002-0487-01-106-40879,1.4,1.436327065775869,-0.025291639099097596
RMOD-1002-0487-01-106-43565,1.3827751196172249,1.3417172245731952,0.030601004661835685
RMOD-1002-0487-01-106-46260,1.2349397590361446,1.2452507307991723,-0.008280237471862684
RMOD-1002-0487-01-106-47930,1.2264150943396226,1.27945449290914,-0.04145469718811168
RMOD-1002-0487-01-106-48347,1.3287671232876712,1.320927430072999,0.005934991609826135
RMOD-1002-0487-01-106-52759,1.3225806451612903,1.293132563225471,0.022772670624244817
RMOD-1002-0487-01-108-24026,1.2451253481894151,1.2622610344249325,-0.0135753903259197
RMOD-1002-0487-01-108-25982,1.190524193548387,1.1607927902417075,0.025613015136395578
RMOD-1002-0487-01-108-28750,1.1853582554517135,1.2021405830758427,-0.01396037024321184
RMOD-1002-0487-01-108-33123,1.3317683881064162,1.2771785535637432,0.04274252365916231
RMOD-1002-0487-01-108-35504,1.2395104895104896,1.2716876942996402,-0.025302757063220493
RMOD-1002-0487-01-108-43620,1.21875,1.2190253857266424,-0.00022590647402986885
RMOD-1002-0487-01-108-46280,1.2,1.2214965762406589,-0.017598556278248356
RMOD-1002-0487-01-108-47953,1.123456790123457,1.3060845751044903,-0.13982845250769682
RMOD-1002-0487-01-108-48368,1.2857142857142858,1.250870907668149,0.027855294924950424
RMOD-1002-0487-01-108-50370,1.2839506172839505,1.4108013964240538,-0.08991398751208401
RMOD-1002-0487-01-108-52802,1.4565217391304348,1.3528743899556288,0.0766126921644259
RMOD-1002-0487-01-158-50351,1.3370165745856353,1.3092963778471187,0.021171827255870967
RMOD-1002-0487-100-101-26053,1.3777777777777778,1.0099026124368964,0.3642679609009012
RMOD-1002-0487-100-101-28821,1.1791044776119404,1.0998706863386107,0.07203918811318921
RMOD-1002-0487-100-101-33242,1.441860465116279,1.1851601761972383,0.21659543922805558
RMOD-1002-0487-100-101-39073,1.3055555555555556,1.318559959520844,-0.009862580667180376
RMOD-1002-1661-01-103-162390,1.209643605870021,1.2225278306766603,-0.01053900327120405
RMOD-1002-1661-01-103-30165,1.2647058823529411,1.2303219060219281,0.027947138194254206
RMOD-1002-1661-01-103-31862,1.2337278106508875,1.2578938392846135,-0.019211500906523016
RMOD-1002-1661-01-103-37246,1.2643171806167401,1.2853507313661188,-0.016364055534494826
RMOD-1002-1661-01-106-162452,1.1995249406175772,1.2169118204042355,-0.014287707206987799
RMOD-1002-1661-01-106-28198,1.1296296296296295,1.2527337471129043,-0.09826838126376403
RMOD-1002-1661-01-106-30209,1.1979865771812082,1.286723072353272,-0.06896316470783026
RMOD-1002-1661-01-106-31903,1.2748091603053435,1.2748951443481735,-0.00006744401154179513
RMOD-1002-1661-01-106-37282,1.304093567251462,1.3099960614989874,-0.004505734346079926
RMOD-1002-1661-01-107-28153,1.1719077568134173,1.174357348374249,-0.0020858996320183287
RMOD-1002-1661-01-107-37310,1.089655172413793,1.1269331909466354,-0.03307917348811806
RMOD-1002-1661-100-101-28221,1.0357142857142858,1.2203541753000273,-0.15130024817618815
RMOD-1002-1661-100-101-30239,1.392156862745098,1.2177534058750983,0.14321738377292448
RMOD-1002-1941-01-103-30827,1.2560386473429952,1.2122323701117468,0.036136864772230215
RMOD-1002-1941-01-103-33416,1.3045977011494252,1.295327898757274,0.0071563365546627455
RMOD-1002-1941-01-106-30881,1.212962962962963,1.242748233544471,-0.02396726044547004
RMOD-1002-1941-01-106-33466,1.2650602409638554,1.2655872179973375,-0.00041638934558452245
RMOD-1002-1941-100-101-33489,1.3676470588235294,1.2993052005803958,0.05259877218424558
RMOD-1002-2186-01-103-161578,1.358649789029536,1.3110473536313842,0.036308707893960346
RMOD-1002-2186-01-103-26380,1.2807775377969763,1.2376934075501458,0.034810018364814566
RMOD-1002-2186-01-145-26424,1.3950617283950617,1.3060756480036186,0.0681324091199933
RMOD-1002-2186-01-158-161613,1.263157894736842,1.3073391555855993,-0.033794796598872634
RMOD-1002-2186-100-101-26455,1.2115384615384615,1.2096981889328617,0.0015212659012271423
RMOD-1002-2188-01-103-29473,1.2853688029020556,1.2312803803911456,0.04392859934447069
RMOD-1002-2188-01-103-42179,1.3444976076555024,1.344227088927544,0.0002012448121204713
RMOD-1002-2188-01-103-44188,1.2966751918158568,1.2848965746038763,0.009166976895095047
RMOD-1002-2188-01-103-46496,1.2705882352941176,1.266263069807137,0.0034156926709070223
RMOD-1002-2188-01-103-49215,1.3944723618090453,1.3764718085124614,0.013077313451146377
RMOD-1002-2188-01-103-51274,1.364864864864865,1.3067814805398028,0.044447664119841246
RMOD-1002-2188-01-103-53870,1.4080996884735202,1.3579672315915052,0.036917280266962615
RMOD-1002-2188-01-106-51335,1.3950617283950617,1.3481091695695577,0.03482845446448213
RMOD-1002-2188-01-106-53973,1.3136094674556213,1.2911318788644113,0.017409211993882234
RMOD-1002-2188-01-145-29536,1.4098360655737705,1.33114666064276,0.05911400092685071
RMOD-1002-2188-01-158-42231,1.360759493670886,1.2887343145734185,0.055888307064523524
RMOD-1002-2188-01-158-44268,1.3369565217391304,1.2959449071865783,0.03164610958778025
RMOD-1002-2188-01-158-46589,1.306930693069307,1.2139766476563845,0.07656987932376857
RMOD-1002-2188-01-158-49334,1.272189349112426,1.3627353893668988,-0.06644433025001184
RMOD-1002-2188-100-101-29561,1.3414634146341464,1.2303625986475313,0.09029924683076529
RMOD-1002-2188-100-101-44315,1.1176470588235294,1.2042273879454979,-0.07189699386399195
RMOD-1002-2188-100-101-46622,1.1041666666666667,1.1098373091111693,-0.005109435768602899
RMOD-1002-2188-100-101-49352,1.303030303030303,1.2495772086536212,0.04277694407877042
RMOD-1002-2188-100-101-51356,1.0666666666666667,1.055385778261796,0.010688876652715784
RMOD-1002-2232-01-103-36840,1.2008608321377332,1.2151287481532038,-0.011741896516855088
RMOD-1002-2232-01-145-36892,1.2947368421052632,1.3004832795164314,-0.004418693805355867
RMOD-1002-2253-01-103-162199,1.224622030237581,1.2614879699756665,-0.02922417067425287
RMOD-1002-2253-01-103-24710,1.2714987714987716,1.267416101671336,0.0032212545051715225
RMOD-1002-2253-01-103-27026,1.1862955032119915,1.1805224300998773,0.004890269735599695
RMOD-1002-2253-01-103-32491,1.2437943262411348,1.260601510334998,-0.01333267012300876
RMOD-1002-2253-01-103-34537,0.8462709284627092,0.8768677188158949,-0.034893279449838666
RMOD-1002-2253-01-103-37612,1.247987117552335,1.2753448576942275,-0.02145124903028517
RMOD-1002-2253-01-103-41502,1.367816091954023,1.31795736870711,0.03783030045639735
RMOD-1002-2253-01-103-44792,1.1848013816925733,1.22190266401873,-0.030363533380092567
RMOD-1002-2253-01-103-48563,1.2960526315789473,1.2710998092736125,0.019630891392859562
RMOD-1002-2253-01-103-50526,1.458267716535433,1.3969739215993147,0.04387611965293292
RMOD-1002-2253-01-104-35816,1.2585278276481149,1.2548793835653178,0.0029074061862672806
RMOD-1002-2253-01-104-39318,1.2797202797202798,1.2881991971609081,-0.006581992489449795
RMOD-1002-2253-01-145-162238,1.416058394160584,1.3076264221676128,0.08292274471880634
RMOD-1002-2253-01-145-24777,1.3547169811320754,1.2909530573067987,0.049392906631556155
RMOD-1002-2253-01-145-27087,1.2178217821782178,1.2206558702349346,-0.002321774814527555
RMOD-1002-2253-01-145-32539,1.344671201814059,1.3426404418953477,0.0015125121032735223
RMOD-1002-2253-01-145-34591,0.8826086956521739,0.9169263437281184,-0.037426831839526886
RMOD-1002-2253-01-145-35891,1.2413793103448276,1.3009666525071775,-0.045802359382168145
RMOD-1002-2253-01-145-37669,1.3146551724137931,1.3163320513462906,-0.00127390268343186
RMOD-1002-2253-01-145-39392,1.287037037037037,1.3535829708594642,-0.04916280365153636
RMOD-1002-2253-01-145-41560,1.3591160220994476,1.2915016987400159,0.052353259330123914
RMOD-1002-2253-01-145-44912,1.3051470588235294,1.245051523284112,0.04826750894686005
RMOD-1002-2253-01-145-48618,1.303030303030303,1.3242866547984793,-0.01605117116536292
RMOD-1002-2253-01-145-50648,1.3121019108280254,1.3635937774788554,-0.03776188150846005
RMOD-1002-2253-100-101-24739,1.1224489795918366,1.2556010303681757,-0.10604646504415116
RMOD-1002-2253-100-101-27112,1.2765957446808511,1.2322318423003669,0.03600288586737399
RMOD-1002-2253-100-101-32566,1.3793103448275863,1.3412692533468795,0.02836200963064095
RMOD-1002-2253-100-101-34609,1.0833333333333333,0.907966384868449,0.19314255614241982
RMOD-1002-2253-100-101-35916,1.3636363636363635,1.2474004210059222,0.09318254240824064
RMOD-1002-2253-100-101-39428,1.0980392156862746,1.1490073876216254,-0.04435843710356979
RMOD-1002-2734-01-103-25783,1.216931216931217,1.1453004322198925,0.06254322682170388
RMOD-1002-2734-01-103-30482,1.2983333333333333,1.2817701351372628,0.012922128345810302
RMOD-1002-2734-01-103-35162,1.3090452261306533,1.3014409321668154,0.005842980481009841
RMOD-1002-2734-01-103-39657,1.3724770642201836,1.3183290494600715,0.04107321672255382
RMOD-1002-2734-01-103-45400,1.1644204851752022,1.2142377684890036,-0.041027617989344844
RMOD-1002-2734-01-103-47228,1.3669250645994833,1.3278837057738548,0.029401188263603384
RMOD-1002-2734-01-103-49908,1.497142857142857,1.4418569852331133,0.038343519833075046
RMOD-1002-2734-01-103-52277,0.963276836158192,0.9522849827038317,0.011542609254585834
RMOD-1002-2734-01-103-54609,1.4026666666666667,1.3752755363471143,0.01991683091542984
RMOD-1002-2734-01-106-25764,1.2021660649819494,1.206387662080663,-0.0034993702533666626
RMOD-1002-2734-01-106-30533,1.2129032258064516,1.2188087575301938,-0.004845330891541377
RMOD-1002-2734-01-106-32204,1.271551724137931,1.2892392983150167,-0.013719388014469147
RMOD-1002-2734-01-106-33882,1.244047619047619,1.2076538802911179,0.03013590180965431
RMOD-1002-2734-01-106-35245,1.2867132867132867,1.3322990856053367,-0.03421588994886826
RMOD-1002-2734-01-106-39706,1.3398692810457515,1.3661743020543362,-0.019254513109366322
RMOD-1002-2734-01-106-45520,1.2040816326530612,1.2033777145344542,0.0005849519316378782
RMOD-1002-2734-01-106-47301,1.2282608695652173,1.2636584507747717,-0.02801198471616395
RMOD-1002-2734-01-106-49978,1.25,1.3641658113609028,-0.08368910172804445
RMOD-1002-2734-01-106-52409,0.9090909090909091,0.9521606573493882,-0.04523369866843263
RMOD-1002-2734-01-106-54791,1.1494252873563218,1.3319128568835823,-0.13701164350515083
RMOD-1002-2734-01-108-25696,1.184688995215311,1.1483263957608063,0.03166573509826298
RMOD-1002-2734-01-108-32152,1.254278728606357,1.2644692422418475,-0.00805912338161996
RMOD-1002-2734-01-108-33797,1.2013793103448276,1.2358581092118672,-0.02789867106105537
RMOD-1002-2734-01-108-49997,1.4148148148148147,1.3271646913569382,0.06604313995745326
RMOD-1002-2734-01-108-52433,0.9338235294117647,0.8824590565083618,0.05820606919332616
RMOD-1002-2734-100-101-30550,1.2063492063492063,1.2618271175026623,-0.04396633293414609
RMOD-1002-2734-100-101-33903,1.0517241379310345,1.0746353429433684,-0.021319980924488613
RMOD-1002-2734-100-101-35272,1.4464285714285714,1.279830711997429,0.1301717937141338
RMOD-1002-2734-100-101-39734,1.1081081081081081,1.0815573741936364,0.02454861346053594
RMOD-1002-2734-100-101-45553,1,1.0484583405802692,-0.046218660966014125
RMOD-1002-3760-01-103-41139,1.4186795491143318,1.3575416931169728,0.045035711468267126
RMOD-1002-3760-01-145-41200,1.4278846153846154,1.4222882410303674,0.003934768067964667
RMOD-1002-3760-100-101-41230,1.320754716981132,1.331711137533013,-0.008227325163156385
RMOD-1002-4134-01-103-34163,1.0211202938475665,0.9825039967395144,0.039303959308259584
RMOD-1002-4134-01-103-41840,1.3956723338485317,1.365406523054881,0.02216615365652097
RMOD-1002-4134-01-103-43875,1.3461538461538463,1.2976933218443958,0.037343587651798904
RMOD-1002-4134-01-103-51603,1.3799342105263157,1.419657030370831,-0.027980574881624087
RMOD-1002-4134-01-106-34217,1.0056657223796035,0.994680388613485,0.011044084001124554
RMOD-1002-4134-01-106-41897,1.3848314606741574,1.3652323466658205,0.014355881660877534
RMOD-1002-4134-01-106-51656,1.3712737127371273,1.3290554852819343,0.03176558685677233
RMOD-1002-4134-01-107-43955,1.3127753303964758,1.2485671112537489,0.05142552495896857
RMOD-1002-4134-01-107-51716,1.2890173410404624,1.350022299606606,-0.04518811176965032
RMOD-1002-4134-01-158-43934,1.33125,1.2972326087677433,0.0262230466628266
RMOD-1002-4173-01-103-29089,1.1538461538461537,1.244013564909234,-0.07248105133777949
RMOD-1002-4173-01-106-29134,1.2258064516129032,1.2687380382377293,-0.03383802276824455
RMOD-1002-4222-01-106-27464,1.2909604519774012,1.2407120231392348,0.040499671076797084
RMOD-1002-4222-01-107-27389,1.2661290322580645,1.2079136376030188,0.04819499742594857
RMOD-1002-4223-01-103-42854,1.395973154362416,1.3663049627177506,0.021714179816526347
RMOD-1002-4223-01-103-51944,1.0626959247648904,1.1054437463813342,-0.038670282188830285
RMOD-1002-4223-01-103-54251,1.3854545454545455,1.3747823654830276,0.007762814129324447
RMOD-1002-4223-01-106-52043,1.12,1.0431791594904212,0.07364108054756846
RMOD-1002-4223-01-106-54333,1.2648648648648648,1.3201408306294913,-0.04187126440007838
RMOD-1002-4223-01-158-42907,1.2622950819672132,1.2805902635099302,-0.014286522445182692
RMOD-1002-4223-100-101-42970,0.8888888888888888,1.0153402359756027,-0.12454086089202543
RMOD-1002-4223-100-101-52062,1.1290322580645162,1.0080984924314818,0.11996225224119539
RMOD-1002-6414-00-130-36244,1.4,1.2955124006345653,0.0806534922508304
RMOD-1002-6414-00-130-38544,1.25,1.234990265697458,0.012153726810198995
RMOD-1002-6414-00-130-40527,1.75,1.655097947117559,0.05733923665830032
RMOD-1002-6414-00-130-42541,1.3333333333333333,1.4526554928982574,-0.08214071412545243
RMOD-1002-6414-01-103-161222,1.1954545454545455,1.2528429119600981,-0.04580651409502523
RMOD-1002-6414-01-103-25368,1.2131147540983607,1.1913077202375653,0.018305122589524325
RMOD-1002-6414-01-103-31115,1.2357723577235773,1.202821920668175,0.027394277148772073
RMOD-1002-6414-01-103-32819,1.2272727272727273,1.2692956815256322,-0.03310730105249815
RMOD-1002-6414-01-103-36177,1.1105769230769231,1.1848156886926562,-0.06265849306709403
RMOD-1002-6414-01-103-38479,1.2391304347826086,1.2109465454275656,0.02327426380748432
RMOD-1002-6414-01-103-40453,1.2796610169491525,1.2340329642424808,0.036974743810576305
RMOD-1002-6414-01-103-42464,1.331360946745562,1.3332029055484604,-0.0013816042518602911
RMOD-1002-6414-01-103-44498,1.1442307692307692,1.215240545964713,-0.05843269216924707
RMOD-1002-6414-01-103-46883,1.3432835820895523,1.2980593395873041,0.03483988838031582
RMOD-1002-6414-01-103-48928,1.27,1.322896111264843,-0.03998508334435125
RMOD-1002-6414-01-103-50943,1.320754716981132,1.4368726266588085,-0.08081294578468512
RMOD-1002-6414-01-103-53030,1.373134328358209,1.423619851689424,-0.03546278402292813
RMOD-1002-6414-01-106-25400,1.260233918128655,1.2058962325169413,0.04506000113981634
RMOD-1002-6414-01-106-31199,1.1428571428571428,1.1854292405467743,-0.035912812197879784
RMOD-1002-6414-01-106-32906,1.2420382165605095,1.2295068145597863,0.010192218418252574
RMOD-1002-6414-01-106-36833,1.1055900621118013,1.2445555204388807,-0.11165870549356827
RMOD-1002-6414-01-106-38527,1.1414141414141414,1.2849633150156399,-0.11171460844370584
RMOD-1002-6414-01-106-40509,1.146341463414634,1.2260528026113413,-0.06501460542884596
RMOD-1002-6414-01-106-42518,1.3140495867768596,1.311902369822649,0.0016367200819225047
RMOD-1002-6414-01-106-44542,1.2342342342342343,1.245037021582962,-0.0086766796179224
RMOD-1002-6414-01-106-47007,1.0689655172413792,1.212390254001691,-0.11829915020094817
RMOD-1002-6414-01-106-48990,1.22,1.1967426167509447,0.019433905773488025
RMOD-1002-6414-01-106-50999,1.3333333333333333,1.3458060602046342,-0.009267848644851862
RMOD-1002-6414-01-106-53113,1.2307692307692308,1.2534062979713179,-0.01806043837399418
RMOD-1002-6414-01-160-161287,1.301775147928994,1.2713043063334184,0.023968173035971985
RMOD-1002-6414-100-101-25464,1.25,1.3345159563400388,-0.06333079491370563
RMOD-1002-6414-100-101-31227,1.03125,1.2229601884043597,-0.156759140830652
RMOD-1002-6414-100-101-32933,1.0689655172413792,1.2597019553243742,-0.15141394143020137
RMOD-1002-9467-01-103-27778,1.141398672792241,1.1673110493797911,-0.022198347733723534
RMOD-1002-9467-01-103-38058,1.236024844720497,1.2666612116493219,-0.024186709632430747
RMOD-1002-9467-01-103-45810,1.2634146341463415,1.2560366359114583,0.005874031078344499
RMOD-1002-9467-01-106-27858,1.1710344827586208,1.1632025031872724,0.006733117879206718
RMOD-1002-9467-01-106-38122,1.2403100775193798,1.2935147889102026,-0.04113189261303174
RMOD-1002-9467-01-158-45903,1.22,1.2257059699847475,-0.0046552518503426565
RMOD-1002-9467-100-101-27886,1.2212389380530972,1.090977640326014,0.11939868693198652
RMOD-1002-9467-100-101-38166,1.3968253968253967,1.297786317605051,0.07631385681667036
RMOD-1002-9467-100-101-45945,1.0574712643678161,1.0059231889943623,0.051244544252913915
RMOD-1002-9469-01-106-24376,1.2564991334488735,1.2428216565999861,0.011005180651828317
RMOD-1002-9469-01-107-24299,1.2691652470187393,1.256025559680844,0.01046132161612534
RMOD-1002-9469-01-107-28426,1.1010526315789473,1.1626263757201014,-0.05296090423117805
RMOD-1003-0146-100-117-30225,0.89,1.0340947936407052,-0.13934389238475442
RMOD-1003-0146-17-103-30166,1.1660516605166051,1.2523258750461073,-0.0688911857916581
RMOD-1003-0281-100-117-29175,1.12,1.1775048300417843,-0.04883617338516033
RMOD-1003-0281-100-117-32568,1.1282051282051282,1.147333790312916,-0.016672272942097055
RMOD-1003-0281-100-117-35601,1.2203389830508475,1.173844988711155,0.039608291373072424
RMOD-1003-0281-17-118-29090,1.3256484149855907,1.3254136279996143,0.00017714242634636612
RMOD-1003-0281-17-118-32492,1.3133802816901408,1.3478831174310275,-0.025597795012557656
RMOD-1003-0281-17-118-35505,1.4074074074074074,1.3548775427202668,0.03877093171215562
RMOD-1003-0281-17-118-37613,1.3536895674300256,1.3529831658267815,0.0005221067202356711
RMOD-1003-0281-17-118-42855,1.4074074074074074,1.384386668736528,0.016628835852550816
RMOD-1003-0281-17-118-46161,1.2714681440443214,1.3063688596502248,-0.026715820228023435
RMOD-1003-0281-17-118-50248,1.5170731707317073,1.404441037034012,0.08019712521043898
RMOD-1003-0281-17-118-52278,1.0199004975124377,0.9571899764282276,0.06551522960804057
RMOD-1003-0281-17-118-54610,1.375,1.3763792510819666,-0.0010020865113175015
RMOD-1003-0281-17-145-42908,1.471264367816092,1.4663499091474081,0.003351491099106818
RMOD-1003-0281-17-145-46261,1.2682926829268293,1.238366711092149,0.024165678523680345
RMOD-1003-0281-17-147-50371,1.5,1.3181156164172876,0.13798818655762868
RMOD-1003-0281-17-154-50352,1.2876712328767124,1.3283161608399612,-0.030598835700039184
RMOD-1003-0281-17-154-52411,0.9436619718309859,0.9484898731704846,-0.005090092657880074
RMOD-1003-0281-17-154-54793,1.15625,1.2420757250127887,-0.06909862521619203
RMOD-1003-0281-17-158-29135,1.1111111111111112,1.2407736236169764,-0.10450134499787833
RMOD-1003-0281-17-158-32540,1.125,1.3711150217922865,-0.17949990911088642
RMOD-1003-0281-17-162-42955,1.5357142857142858,1.4423414690670442,0.06473697016257751
RMOD-1003-0281-17-162-46217,1.42,1.3559049479845795,0.047271051050216784
RMOD-1003-0281-17-162-50314,1.4210526315789473,1.410439926969929,0.007524393209583868
RMOD-1003-0281-17-162-52384,1.0285714285714285,0.941740954919232,0.09220207871244535
RMOD-1003-0281-17-162-54712,1.6857142857142857,1.4185311719208258,0.18835195100553803
RMOD-1003-0403-18-117-44499,1.2019128586609988,1.2079021922080113,-0.004958459042171404
RMOD-1003-0403-18-145-44543,1.3003802281368821,1.3089650098737489,-0.0065584501282389684
RMOD-1003-0403-18-147-44624,1.140495867768595,1.1280844617814252,0.011002195675641202
RMOD-1003-0403-18-162-44587,1.0571428571428572,1.2943482499012733,-0.18326242012264404
RMOD-1003-0961-18-117-45123,1.1815988973121985,1.2007067507450269,-0.01591383859628681
RMOD-1003-0961-18-145-45253,1.2295652173913043,1.2250302934254054,0.003701887202494092
RMOD-1003-0961-18-147-45244,1.1313672922252012,1.1599595550796624,-0.024649361893051336
RMOD-1003-0961-18-162-45206,1.4166666666666667,1.1709022655418513,0.20989318097448928
RMOD-1003-0965-100-117-24740,1.3125,1.298788963938526,0.010556785160766857
RMOD-1003-0965-17-118-24711,1.263157894736842,1.2859851285368478,-0.017750775878705438
RMOD-1003-0965-17-145-24778,1.36986301369863,1.2857005940718464,0.06546035680067552
RMOD-1003-1734-17-147-43876,1.2134969325153375,1.201147816616329,0.010281095905245285
RMOD-1003-1734-19-145-43935,1.3571428571428572,1.2966884312783635,0.046622167982862006
RMOD-1003-1734-19-162-43975,1.1304347826086956,1.1982441272142055,-0.056590592071717016
RMOD-1003-1735-19-117-33417,1.2503961965134707,1.2875674822110053,-0.028869388370778237
RMOD-1003-1736-100-119-28822,1.1538461538461537,1.3169887088004952,-0.12387543937482237
RMOD-1003-1736-19-117-28751,1.2016718913270636,1.19212811989141,0.008005659187473091
RMOD-1003-1736-19-158-28810,1.2722222222222221,1.2584558552533749,0.01093909405830984
RMOD-1003-1862-100-117-30551,1.025974025974026,1.1011953716572989,-0.0683088102432402
RMOD-1003-1862-17-124-30483,1.1201716738197425,1.2184900101534346,-0.08068866836365085
RMOD-1003-1963-100-117-27887,1.0625,1.1637142551641888,-0.08697517858446135
RMOD-1003-1963-100-117-33904,1.3157894736842106,1.3097407063679034,0.004618293748448243
RMOD-1003-1963-100-117-35917,1.5,1.33305392606213,0.12523579929810658
RMOD-1003-1963-17-118-27779,1.3061224489795917,1.2056864848801214,0.08330189096335161
RMOD-1003-1963-17-118-33798,1.3108108108108107,1.2405376765322849,0.05664731963237335
RMOD-1003-1963-17-118-35817,1.3930348258706469,1.3143532503791653,0.05986333998777216
RMOD-1003-1963-17-118-42465,1.3374233128834356,1.3511228262388548,-0.010139354534890677
RMOD-1003-1963-17-118-44793,1.2347826086956522,1.217054679555341,0.01456625527029587
RMOD-1003-1963-17-118-48929,1.3265306122448979,1.3524696640579945,-0.01917902671122995
RMOD-1003-1963-17-118-50945,1.3170731707317074,1.3461186735440744,-0.021577223006568946
RMOD-1003-1963-17-118-53031,1.5121951219512195,1.3372964642129905,0.13078525399463925
RMOD-1003-1963-17-154-48991,1.38,1.3033492573368968,0.058810592963947306
RMOD-1003-1963-17-154-51001,1.3666666666666667,1.3715290209237219,-0.0035452069791279683
RMOD-1003-1963-17-154-53114,1.4285714285714286,1.3289590243974934,0.07495521106762193
RMOD-1003-1963-17-158-27859,1.2325581395348837,1.2070634922589285,0.021121214782367392
RMOD-1003-1963-17-158-33887,1.2,1.2320963632990658,-0.02605020536959013
RMOD-1003-1963-17-162-42580,1.1923076923076923,1.16906469451161,0.01988170364326347
RMOD-1003-1963-17-162-44878,1.3,1.5113751592865148,-0.13985618195967975
RMOD-1003-1963-17-162-49060,1.2,1.2639918193665878,-0.05062676702975455
RMOD-1003-1963-17-162-51064,1.1363636363636365,1.2308665537662884,-0.07677754920993307
RMOD-1003-1963-17-162-53173,2,1.4464800549073387,0.3826668354083318
RMOD-1003-2084-100-117-29888,1.4285714285714286,1.2705592832474293,0.1243642444767592
RMOD-1003-2084-17-118-29823,1.2914201183431953,1.296065834070335,-0.0035844751130810204
RMOD-1003-2084-17-118-36178,1.3333333333333333,1.3509302261021296,-0.013025759901434064
RMOD-1003-2084-17-118-45401,1.3432835820895523,1.2788635801139117,0.05037284897103933
RMOD-1003-2084-17-118-47566,1.3946360153256705,1.346897545799194,0.03544328198931446
RMOD-1003-2084-17-118-49598,1.3581395348837209,1.3895797430645722,-0.022625695529724155
RMOD-1003-2084-17-118-51604,1.3881278538812785,1.3539703223358233,0.025227681125630452
RMOD-1003-2084-17-118-53871,1.3072916666666667,1.346403967435621,-0.029049454483893178
RMOD-1003-2084-17-145-29865,1.2394366197183098,1.295086613845764,-0.042970094457390196
RMOD-1003-2084-17-154-49651,1.3278688524590163,1.2956807507040364,0.02484261785743902
RMOD-1003-2084-17-154-51657,1.2456140350877194,1.2719567764684847,-0.02071040609878616
RMOD-1003-2084-17-162-45504,1.46875,1.3152045479722985,0.11674644241797094
RMOD-1003-2084-17-162-47694,1.5,1.439195366451224,0.042249047604084655
RMOD-1003-2084-17-162-49647,1.5238095238095237,1.4408231600158279,0.05759649490419361
RMOD-1003-2084-17-162-51687,1.5,1.548198350855858,-0.03113189652295756
RMOD-1003-2084-17-162-53991,1.7,1.4003419314266692,0.21398921352589872
RMOD-1003-2183-17-118-33124,1.2779411764705881,1.2963525368979096,-0.01420243329131643
RMOD-1003-2191-17-118-25026,1.173166926677067,1.2565221485485376,-0.06633804423404532
RMOD-1003-2191-17-127-25059,1.1574468085106382,1.1843771914921355,-0.022738012159427834
RMOD-1003-2258-19-117-25697,1.2328358208955223,1.198825569200272,0.028369641563399606
RMOD-1003-2258-19-124-25784,0.9180327868852459,1.122527677597803,-0.1821735844858401
RMOD-1003-2258-19-145-25765,1.4210526315789473,1.2221721024755525,0.1627271058638593
RMOD-1003-2298-19-117-43215,1.3027522935779816,1.3017200840774208,0.0007929581122598783
RMOD-1003-2298-19-162-43305,1.2894736842105263,1.408599484324628,-0.08457038458396005
RMOD-1003-2652-100-117-34611,0.8904109589041096,0.7867163776867223,0.1318068164823174
RMOD-1003-2652-19-117-34538,0.8974358974358975,0.8676157773925467,0.03437019106887318
RMOD-1003-2965-19-117-162392,1.1970387243735763,1.244004962820539,-0.03775406035396833
RMOD-1003-2965-19-117-26382,1.2268041237113403,1.206844070402527,0.016539049077115564
RMOD-1003-2965-19-117-36912,1.339366515837104,1.2448800566295906,0.07590005053444893
RMOD-1003-2965-19-117-44189,1.4143646408839778,1.346334427157426,0.05052995181159181
RMOD-1003-2965-19-118-36911,1.2542372881355932,1.3016512568605663,-0.036426015397803324
RMOD-1003-2965-19-145-162455,1.196969696969697,1.270146792033076,-0.057613100723773125
RMOD-1003-2965-19-145-44271,1.4444444444444444,1.359300192216357,0.06263829926284248
RMOD-1003-2965-19-162-44288,1.8461538461538463,1.5452489858203486,0.19472904567140148
RMOD-1003-3043-19-117-35163,1.2914110429447854,1.376384300454915,-0.061736578571874756
RMOD-1003-3043-19-117-40821,1.208398133748056,1.2609300237934111,-0.0416612254876102
RMOD-1003-3043-19-162-40913,1.59375,1.3150793959548603,0.21190401499888223
RMOD-1003-3235-100-119-28493,1.096774193548387,1.1613389745009373,-0.05559512112326692
RMOD-1003-3235-19-117-24027,1.2589559877175025,1.281939437758355,-0.017928655101712154
RMOD-1003-3235-19-117-26684,1.1484098939929328,1.1795119133676895,-0.026368550433675253
RMOD-1003-3235-19-117-28427,1.198952879581152,1.1825110755377546,0.013904143803405988
RMOD-1003-3235-19-117-42317,1.2610364683301343,1.3125311654069811,-0.03923312332235529
RMOD-1003-3235-19-117-47229,1.2744282744282744,1.3269702270977095,-0.03959542693309137
RMOD-1003-3235-19-127-26775,1.2815533980582525,1.164585276376491,0.10043757555109911
RMOD-1003-3235-19-145-24081,1.4732142857142858,1.305687641127837,0.12830530006529073
RMOD-1003-3235-19-158-26751,1.2142857142857142,1.1497600025219508,0.056121026668373375
RMOD-1003-3235-19-158-28467,1.2765957446808511,1.2809268933372713,-0.003381261396687596
RMOD-1003-3235-19-158-42318,1.4025974025974026,1.3571446717404154,0.033491441114157805
RMOD-1003-3235-19-162-42319,1.375,1.430856914380595,-0.0390373864914193
RMOD-1003-3235-19-162-47318,1.1794871794871795,1.3711926122061122,-0.13980926604505095
RMOD-1003-3486-100-147-28222,1.2457627118644068,1.2274520686183241,0.01491760347652038
RMOD-1003-3486-34-117-28154,1.1811641595814257,1.1954351931880667,-0.011937939997049951
RMOD-1003-3486-34-158-28199,1.3514851485148516,1.2747308589936863,0.06021215300440552
RMOD-1003-4025-100-117-43621,1.375,1.4624045638684546,-0.05976770452442104
RMOD-1003-4025-17-118-43505,1.2583586626139818,1.2729728469826886,-0.011480358283640246
RMOD-1003-4025-17-118-48259,1.368421052631579,1.3977962304524834,-0.021015350578957648
RMOD-1003-4025-17-145-43569,1.3266666666666667,1.2891073621103786,0.02913590105854369
RMOD-1003-4025-17-145-48348,1.3446153846153845,1.3165894315296847,0.021286782663246795
RMOD-1003-4025-17-162-43605,1.4615384615384615,1.3176934272094616,0.10916426488794673
RMOD-1003-4025-17-162-48314,1.5666666666666667,1.397973441209483,0.12066983569533019
RMOD-1003-4105-100-117-32934,1.608695652173913,1.4714555961734295,0.09326822797601286
RMOD-1003-4105-17-118-32820,1.3156626506024096,1.316560543818,-0.0006819991832555106
RMOD-1003-4105-17-145-32909,1.3108108108108107,1.3876653518453628,-0.05538405994813389
RMOD-1003-4120-18-117-25983,1.169485903814262,1.1695596027773287,-0.00006301428579746915
RMOD-1003-4263-18-117-39319,1.227080394922426,1.2720997931941187,-0.035389832238438945
RMOD-1003-4263-18-162-39386,1.205128205128205,1.2468238763337331,-0.03344150845758065
RMOD-1003-4279-100-117-27488,1.2592592592592593,1.1361502905114804,0.10835623576908726
RMOD-1003-4279-100-117-46988,1.145,1.2346288663327234,-0.07259579682350392
RMOD-1003-4279-100-118-24323,1.173913043478261,1.2125053784080322,-0.03182858865371918
RMOD-1003-4279-17-162-46924,1.446808510638298,1.4978327248281083,-0.0340653621355923
RMOD-1003-4279-18-117-24300,1.2177738671359437,1.2370994752969298,-0.015621709124359229
RMOD-1003-4279-18-117-27390,1.1192180616740088,1.137136175325562,-0.015757227709709665
RMOD-1003-4279-18-117-34902,1.2538320049049663,1.2720194563956895,-0.01429809221806877
RMOD-1003-4279-18-117-37247,1.1875367430922987,1.216575931257926,-0.02386960601431687
RMOD-1003-4279-18-117-38956,1.463810930576071,1.413010948854943,0.03595158392954745
RMOD-1003-4279-18-117-41841,1.25909428359317,1.2856794502583326,-0.02067791210306802
RMOD-1003-4279-18-117-47037,1.2794720072826582,1.2909757410221392,-0.008910882965448175
RMOD-1003-4279-18-117-47875,1.2567382366377342,1.270377254290026,-0.010736194784843112
RMOD-1003-4279-18-117-49909,1.3084745762711865,1.3141032925951397,-0.004283313462244975
RMOD-1003-4279-18-117-51947,1.0275624461670974,1.0482663771478304,-0.019750639181106977
RMOD-1003-4279-18-117-54252,1.309014514896868,1.3303426150325095,-0.016032035578383952
RMOD-1003-4279-18-145-24377,1.2517162471395882,1.260591679378827,-0.007040687626633013
RMOD-1003-4279-18-145-27465,1.1488888888888888,1.1901976873503508,-0.034707510273713216
RMOD-1003-4279-18-145-34950,1.3114754098360655,1.285902159297663,0.019887399949907847
RMOD-1003-4279-18-145-37285,1.2490272373540856,1.2624180285468756,-0.010607255988100639
RMOD-1003-4279-18-145-41898,1.3566666666666667,1.347021154550879,0.007160624080179145
RMOD-1003-4279-18-154-49979,1.3064295485636115,1.3495612414786975,-0.0319597892925757
RMOD-1003-4279-18-154-52044,0.9983922829581994,1.0417187478068797,-0.04159132677596045
RMOD-1003-4279-18-154-54338,1.2910714285714286,1.320473088196001,-0.022266004424777996
RMOD-1003-4279-18-162-41950,1.2830188679245282,1.3029939390422272,-0.01533013356330859
RMOD-1003-4279-18-162-48002,1.2962962962962963,1.216122083581651,0.06592612188944114
RMOD-1003-4279-18-162-50026,1.380952380952381,1.4011224126357382,-0.014395624180626898
RMOD-1003-4279-18-162-52019,1.125,1.1615188900648379,-0.03144063379184414
RMOD-1003-4279-8-18-145-39016,1.3775510204081634,1.371283318851289,0.004570683148194865
RMOD-1003-4428-19-117-160801,1.2759103641456582,1.2568832391664055,0.015138339335220907
RMOD-1003-4428-19-117-42180,1.463768115942029,1.3737002991421106,0.06556584202257709
RMOD-1003-4428-19-145-42232,1.4174757281553398,1.362165528313744,0.040604609859761887
RMOD-1003-4428-19-162-42297,1.4545454545454546,1.4791504657616223,-0.01663455597365382
RMOD-1003-4875-100-117-32227,0.7837837837837838,0.9994749644656533,-0.21580448570533628
RMOD-1003-4875-17-118-32153,1.3159509202453987,1.304448672292524,0.008817708352341747
RMOD-1003-4875-17-145-32205,1.328358208955224,1.2774492182411499,0.039852066122963326
RMOD-1003-6122-18-110-51357,1.2831858407079646,1.3390372975845564,-0.04171015772102871
RMOD-1003-6122-18-110-52804,1.0952380952380953,1.2183357597232263,-0.1010375534845136
RMOD-1003-6122-18-117-34164,0.8846520495710201,0.909341415486003,-0.02715082090678511
RMOD-1003-6122-18-117-37774,1.2003968253968254,1.2167395981648013,-0.013431610833267493
RMOD-1003-6122-18-117-41141,1.209060299969391,1.2643641627225557,-0.043740454201168566
RMOD-1003-6122-18-117-45811,1.2136655341638354,1.2195661167281666,-0.004838263775449159
RMOD-1003-6122-18-117-51275,1.2812135355892649,1.3034438733872158,-0.01705507866647271
RMOD-1003-6122-18-117-52685,1.1896551724137931,1.2052005968342878,-0.012898619915496234
RMOD-1003-6122-18-158-34218,0.9224806201550387,0.9251883385534503,-0.0029266672369056
RMOD-1003-6122-18-158-37826,1.2903225806451613,1.2687829363472816,0.016976618837490465
RMOD-1003-6122-18-162-37880,1.4,1.2989565142906372,0.07778819737052012
RMOD-1003-6122-18-162-41272,1.1020408163265305,1.3393494401961967,-0.17718200847935817
RMOD-1003-6122-18-162-45849,1.25,1.2767722743096672,-0.020968715289609974
RMOD-1003-6122-18-162-51375,1.2857142857142858,1.2937642430920346,-0.006222120777205853
RMOD-1003-6122-18-162-52812,1.4285714285714286,1.3079380857060583,0.0922316921448536
RMOD-1003-6130-17-118-161770,1.268166089965398,1.2578182578037387,0.008226810270449914
RMOD-1003-6130-18-145-161796,1.2567049808429118,1.2785604074622696,-0.01709377710415516
RMOD-1003-6271-18-106-27089,1.1280487804878048,1.1491865705517867,-0.018393697425329703
RMOD-1003-6271-18-117-27028,1.1375,1.1500160540302788,-0.010883373311542766
RMOD-1003-6354-100-117-31931,1.1904761904761905,1.357368970014308,-0.12295314186853568
RMOD-1003-6354-17-118-31863,1.2280701754385965,1.2623970782457168,-0.02719184272417874
RMOD-1003-6354-17-145-31904,1.406015037593985,1.3485702754947813,0.042596787978385287
RMOD-1003-6355-100-147-31229,1.5714285714285714,1.3427465439866553,0.1703091536269774
RMOD-1003-6355-34-118-31116,1.2797619047619047,1.278292266741231,0.0011496885797646073
RMOD-1003-6355-34-145-31202,1.5,1.3312882393360697,0.12672819880694597
RMOD-1003-6356-100-117-31549,1.608695652173913,1.3734968192018306,0.17124090109561485
RMOD-1003-6356-17-118-31484,1.2005899705014749,1.2691178278426236,-0.05399645000467723
RMOD-1003-6356-17-145-31531,1.2741116751269035,1.3925851708562034,-0.08507450618367474
RMOD-1003-8220-00-130-38167,1.4,1.2622452755713254,0.10913467223422413
RMOD-1003-8220-18-117-38059,1.1645133505598622,1.2332711546957253,-0.055752381683513264
RMOD-1003-8220-18-117-40061,1.224712643678161,1.2288353290520173,-0.0033549534883872134
RMOD-1003-8220-18-117-46497,1.226379794200187,1.2457620510703542,-0.015558554583930295
RMOD-1003-8220-18-117-48564,1.2061538461538461,1.2277931324101596,-0.017624537623724512
RMOD-1003-8220-18-117-50527,1.2783751493428912,1.3061977322385872,-0.021300437299039632
RMOD-1003-8220-18-117-53419,1.3236245954692556,1.330341602839648,-0.005049084653185876
RMOD-1003-8220-18-145-38123,1.3555555555555556,1.4035225515628904,-0.034176149114185095
RMOD-1003-8220-18-154-48619,1.313782991202346,1.329833253389201,-0.012069379484946352
RMOD-1003-8220-18-154-50657,1.246212121212121,1.3264399591278875,-0.06048358040156965
RMOD-1003-8220-18-154-53487,1.3085714285714285,1.3530141083322864,-0.03284716654997588
RMOD-1003-8220-18-162-38147,1.6666666666666667,1.2964574348703695,0.2855544824217955
RMOD-1003-8220-18-162-40174,1.28,1.3197187296590966,-0.03009635975186664
RMOD-1003-8220-18-162-46570,1.2272727272727273,1.137119226484996,0.07928236431847968
RMOD-1003-8220-18-162-48687,1.2,1.3100111114823938,-0.0839772353975734
RMOD-1003-8220-18-162-50645,1.3333333333333333,1.4668990467045302,-0.0910531053048671
RMOD-1003-8691-18-117-39658,1.2913026965438663,1.3255289391142515,-0.025820818814605406
RMOD-1003-8691-18-145-39707,1.3276836158192091,1.3630420696591703,-0.025940838237518693
RMOD-1003-8691-18-162-39729,1.25,1.3712836738928262,-0.08844535685933153
RMOD-1003-8692-18-117-30828,1.17904953145917,1.2257626047046473,-0.03810939660435553
RMOD-1003-8692-18-117-38480,1.2785167271261588,1.3027575212995162,-0.018607295507437893
RMOD-1003-8692-18-117-40454,1.2888198757763976,1.2921633652454712,-0.002587512971657824
RMOD-1003-8692-18-117-49216,1.4115755627009647,1.4216512968005075,-0.007087345625624852
RMOD-1003-8692-18-145-30882,1.352,1.3294565886362997,0.01695686159021137
RMOD-1003-8692-18-145-38528,1.4375,1.4180426543275173,0.013721269676270742
RMOD-1003-8692-18-145-40510,1.5333333333333334,1.3873885007113065,0.10519391832006808
RMOD-1003-8692-18-154-49335,1.4930875576036866,1.4326361325661348,0.04219593772863428
RMOD-1003-8692-18-162-38588,1.6666666666666667,1.2683586739123653,0.31403419312431935
RMOD-1003-8692-18-162-40573,1.1666666666666667,1.2916170185087081,-0.0967394746674276
RMOD-1003-8692-18-162-49306,1.7058823529411764,1.4637865629672713,0.16539008903261676
RMOD-1003-8835-100-117-29563,1.3018867924528301,1.2437134602064333,0.04677390259709924
RMOD-1003-8835-17-118-29475,1.3087557603686637,1.284648484114694,0.018765659674275126
RMOD-1003-8836-100-117-36578,1.4193548387096775,1.3849201121977022,0.02486405259674629
RMOD-1003-8836-17-118-36519,1.3250414593698177,1.305265303150169,0.015151062524928927
RMOD-1003-8836-17-145-36558,1.323340471092077,1.320541050811033,0.0021199040191328677
RMOD-1003-9031-100-117-25467,1.4444444444444444,1.3248714469319796,0.09025252811460427
RMOD-1003-9031-17-127-25369,1.1428571428571428,1.1917024896446327,-0.04098787005308313
RMOD-1003-9031-17-145-25401,1.4111111111111112,1.3470397235088878,0.0475645866146579
RMOD-1003-9775-19-117-161579,1.2650785605676635,1.2694769311846568,-0.003464710944285465
RMOD-1003-9775-19-145-162351,1.3888888888888888,1.3204911498151353,0.05179719612912903
RMOD-1004-0274-00-108-53503,1.3877551020408163,1.3091355153956574,0.06005458237178596
RMOD-1004-0274-00-117-24048,1.300751879699248,1.266451888808514,0.027083532500396856
RMOD-1004-0274-00-117-25745,1.2932692307692308,1.1694446838772259,0.10588320131694617
RMOD-1004-0274-00-117-38481,1.4528301886792452,1.3952864012780153,0.04124155968876542
RMOD-1004-0274-00-117-40487,1.4583333333333333,1.3560101160905884,0.07545903679372645
RMOD-1004-0274-00-117-47348,1.4285714285714286,1.4519259911260658,-0.016085229341837426
RMOD-1004-0274-00-117-49353,1.4375,1.2414325257982346,0.15793647268561384
RMOD-1004-0274-00-117-53420,1.4915254237288136,1.3999912404228514,0.06538196858882883
RMOD-1004-0274-00-119-28456,1.2185792349726776,1.1995883897680768,0.01583113455130425
RMOD-1004-0274-00-119-31864,1.388157894736842,1.3411132725916803,0.035078783505176014
RMOD-1004-0274-00-119-33419,1.3488372093023255,1.3588861599524762,-0.007394990799304391
RMOD-1004-0274-00-119-35194,1.4684684684684686,1.3225942287758183,0.11029402406183952
RMOD-1004-0274-00-119-36876,1.4697986577181208,1.358971588189605,0.08155216083373551
RMOD-1004-0274-00-119-45557,1.263157894736842,1.2870369595523057,-0.018553519103110983
RMOD-1004-0274-00-119-47230,1.3777777777777778,1.3358859285502185,0.03135885207880196
RMOD-1004-0274-00-119-49217,1.3529411764705883,1.3976341174365265,-0.03197756867005497
RMOD-1004-0274-00-127-24054,1.2666666666666666,1.2548201248021087,0.009440828713538796
RMOD-1004-0274-00-127-25785,1.186602870813397,1.1582536124227996,0.024475864427737415
RMOD-1004-0274-00-127-28494,1.1510791366906474,1.1788127789495317,-0.023526757390260333
RMOD-1004-0274-00-127-31927,1.1666666666666667,1.2183471705619118,-0.04241853647627347
RMOD-1004-0274-00-127-33487,1.22,1.2791323348250148,-0.04622847317287471
RMOD-1004-0274-00-127-36915,1.2352941176470589,1.1189357600600474,0.10399020367421907
RMOD-1004-0274-00-127-38545,1.3396226415094339,1.2651565832145146,0.058859163587257735
RMOD-1004-0274-00-127-40528,1.3544303797468353,1.2647758853343338,0.07088567662626044
RMOD-1004-0274-00-127-45402,1.0972222222222223,1.1756945060718231,-0.06674547124642849
RMOD-1004-0472-00-117-51276,1.3448275862068966,1.417748178574762,-0.051434093494072686
RMOD-1004-0472-00-117-53872,1.5617977528089888,1.3756157059800516,0.13534451956281845
RMOD-1004-0472-00-147-51359,1.3157894736842106,1.4145734021069543,-0.06983301698986333
RMOD-1004-0473-00-108-29118,1.3119730185497471,1.2722508835688657,0.0312219354640606
RMOD-1004-0473-00-108-31485,1.2588235294117647,1.2720438044145919,-0.010392940052022293
RMOD-1004-0473-00-117-24727,1.3691460055096418,1.3650988171501255,0.002964758527859157
RMOD-1004-0473-00-117-26457,1.4015151515151516,1.3119782045755903,0.06824575791525844
RMOD-1004-0473-00-117-36179,1.4444444444444444,1.3402025960126835,0.07778066446214704
RMOD-1004-0473-00-127-24733,1.280612244897959,1.272500056261829,0.006375000610971293
RMOD-1004-0473-00-127-26433,1.254335260115607,1.2379358578081379,0.013247376432334423
RMOD-1004-0473-00-130-36245,1.3125,1.2711965477397078,0.03249179077282194
RMOD-1004-1691-00-108-49686,1.4588235294117646,1.4331528063987795,0.017912062760069736
RMOD-1004-1691-00-119-49599,1.45,1.4530344052364181,-0.0020883230469167513
RMOD-1004-1793-00-117-42181,1.5353535353535352,1.446175344446031,0.06166485360851226
RMOD-1004-1793-00-117-44201,1.5208333333333333,1.4201158287884097,0.07092203502220795
RMOD-1004-1793-00-117-47876,1.4814814814814814,1.3440098653556622,0.10228467786539674
RMOD-1004-1793-00-117-52686,1.4102564102564104,1.2851897682106217,0.09731375485498894
RMOD-1004-1793-00-126-42249,1.3333333333333333,1.300569053054046,0.02519226503379346
RMOD-1004-1793-00-126-47956,1.368421052631579,1.3587291631793514,0.00713305470646497
RMOD-1004-1793-00-127-44316,1.1428571428571428,1.1808175282848001,-0.032147545677778666
RMOD-1004-1793-00-127-52807,0.9259259259259259,1.214016472896221,-0.23730365559456645
RMOD-1004-2245-00-119-161658,1.3213367609254498,1.2993927949334705,0.016887861836345497
RMOD-1004-2283-00-108-33256,1.434782608695652,1.293382940835981,0.10932544677624811
RMOD-1004-2283-00-117-33125,1.4850746268656716,1.3537043930143124,0.09704499337468753
RMOD-1004-2283-00-119-35845,1.4444444444444444,1.3379586995214092,0.07958821521256643
RMOD-1004-2698-00-119-33829,1.434782608695652,1.2697364845484216,0.12998454888529798
RMOD-1004-2698-00-119-40857,1.4102564102564104,1.2786878044868077,0.10289345476506417
RMOD-1004-2698-00-130-33905,1.1604938271604939,1.2604323357435192,-0.07928907070134195
RMOD-1004-2698-00-130-40898,1.4222222222222223,1.3896538575398747,0.0234363143783185
RMOD-1004-2698-00-147-50946,1.3333333333333333,1.348178805685278,-0.011011501063020068
RMOD-1004-2759-00-108-29855,1.2134292565947242,1.225265023320822,-0.009659760542269802
RMOD-1004-2759-00-108-32180,1.294979079497908,1.2264494368406367,0.0558764516487571
RMOD-1004-2759-00-119-161771,1.2744186046511627,1.2598770946694071,0.01154200679040951
RMOD-1004-2759-00-119-25470,1.2808219178082192,1.2114925017738496,0.057226450789301886
RMOD-1004-2759-00-119-27415,1.2093023255813953,1.2072652209403667,0.0016873712633267424
RMOD-1004-2759-00-119-43216,1.21875,1.2807822073036355,-0.04843306453657614
RMOD-1004-2759-00-127-25415,1.312849162011173,1.1837293386520318,0.10907884019008618
RMOD-1004-2759-00-130-41142,1.3846153846153846,1.2950258347072583,0.06917973951336509
RMOD-1004-2759-00-130-43318,1.296551724137931,1.2331784507134356,0.051390188814791404
RMOD-1004-3200-00-108-30511,1.3304347826086957,1.2293928347902003,0.08218849578356169
RMOD-1004-3200-00-119-161595,1.3685800604229608,1.3530334720188202,0.011490172804774712
RMOD-1004-3200-00-119-25043,1.3719512195121952,1.2982031373254368,0.05680781386701517
RMOD-1004-3200-00-127-25064,1.4271844660194175,1.2764452438397995,0.11809297963002674
RMOD-1004-3357-00-108-39731,1.3917525773195876,1.2966992643751887,0.07330405403615314
RMOD-1004-3357-00-117-39659,1.3617021276595744,1.3566378028752917,0.0037329969528707707
RMOD-1004-3357-00-117-44794,1.4375,1.3661327685957037,0.052240333476267775
RMOD-1004-3357-00-117-48637,1.1111111111111112,1.469378093657992,-0.243822188511727
RMOD-1004-3357-00-119-48565,1.15,1.26645288611622,-0.09195200815826743
RMOD-1004-4295-00-119-43878,1.3571428571428572,1.3377630538671479,0.014486723354847353
RMOD-1004-4295-00-130-43957,1.3484848484848484,1.31210451299897,0.027726705552385544
RMOD-1004-4691-00-117-32849,1.368421052631579,1.3530037769104764,0.011394850468420259
RMOD-1004-4691-00-127-32935,1.393939393939394,1.314838922619135,0.06015981878806276
RMOD-1004-4700-00-117-37614,1.4212962962962963,1.35857367546642,0.04616799365580415
RMOD-1004-4700-00-130-37700,1.4370370370370371,1.3429636035945671,0.0700491310342839
RMOD-1004-5114-00-117-34193,1.0307692307692307,1.0398039782312525,-0.008688894879388842
RMOD-1004-5114-00-117-41504,1.4234234234234233,1.3162342883963742,0.08143621236128284
RMOD-1004-5114-00-130-34245,1.1818181818181819,1.002116172375402,0.1793225320541596
RMOD-1004-5353-00-108-50528,1.319327731092437,1.3729082224911822,-0.03902700160213324
RMOD-1004-5436-00-108-26776,1.213740458015267,1.2081343428784546,0.004640307735525262
RMOD-1004-5436-00-117-162404,1.4579439252336448,1.2573432519972791,0.15954328535005313
RMOD-1004-5436-00-119-31143,1.3925233644859814,1.317113558025634,0.05725383813783491
RMOD-1004-5436-00-119-53032,1.5357142857142858,1.4518754002575776,0.057745234502791565
RMOD-1004-5436-00-127-23732,1.25,1.259835245594579,-0.007806771265505663
RMOD-1004-5436-00-127-31230,1.2428571428571429,1.1724886804751604,0.06001632557635017
RMOD-1004-5436-00-127-46289,1.1,1.2691657133499574,-0.1332889090609337
RMOD-1004-5436-00-127-53132,1.3695652173913044,1.331514778286946,0.028576805698928842
RMOD-1004-5436-00-130-26709,1.26,1.2504814797257326,0.007611884245062983
RMOD-1004-5436-00-19-46163,1.3636363636363635,1.3198583601236982,0.033168713276599204
RMOD-1004-5483-00-119-45127,1.3706896551724137,1.2690740965260006,0.08007062702215606
RMOD-1004-5639-00-119-27806,1.351578947368421,1.1974260714168068,0.12873686286888608
RMOD-1004-5639-00-127-27888,1.1938775510204083,1.1715347012609363,0.019071436582650092
RMOD-1004-5707-00-119-27053,1.234375,1.2843347393157283,-0.03889931322915552
RMOD-1004-5707-00-127-27113,1.25,1.130876450437478,0.10533736865458576
RMOD-1004-5719-00-119-39429,1.5797101449275361,1.4385456059477155,0.09813004078297638
RMOD-1004-5719-00-130-39346,1.4675324675324675,1.4720313706888597,-0.003056254945359438
RMOD-1004-5895-00-117-49910,1.4848484848484849,1.3871945188729686,0.0703967357475257
RMOD-1004-5902-00-108-26055,1.2660550458715596,1.1334355937800673,0.1170066061267756
RMOD-1004-5902-00-108-28178,1.1782407407407407,1.1852503049006669,-0.005913994816912127
RMOD-1004-5902-00-108-30921,1.1541353383458646,1.1742980071265263,-0.017169976154518984
RMOD-1004-5902-00-108-32569,1.3133640552995391,1.247653121854425,0.05266763036463695
RMOD-1004-5902-00-108-40062,1.2300469483568075,1.184336858846972,0.03859551374119796
RMOD-1004-5902-00-108-52434,0.9545454545454546,0.9560325303177502,-0.0015554656616143525
RMOD-1004-5902-00-108-54702,1.1369863013698631,1.2047116628874166,-0.056217071357333226
RMOD-1004-5902-00-117-24316,1.3626373626373627,1.2870118432713142,0.058760546580382655
RMOD-1004-5902-00-117-52279,0.9375,0.9757055500289398,-0.039156844016933756
RMOD-1004-5902-00-117-54611,1.2258064516129032,1.2475700718394056,-0.017444807885150904
RMOD-1004-5902-00-119-26010,1.2064220183486238,1.181544142578589,0.021055392577836063
RMOD-1004-5902-00-119-30856,1.260115606936416,1.2285611978694377,0.0256840352126535
RMOD-1004-5902-00-119-32493,1.3983050847457628,1.3186604022599224,0.060398175564644996
RMOD-1004-5902-00-119-34903,1.378787878787879,1.3599837042893275,0.013826764570225247
RMOD-1004-5902-00-119-36628,1.3726708074534162,1.3490127472155364,0.01753731407409731
RMOD-1004-5902-00-119-38091,1.4098360655737705,1.32698417995462,0.062436227101052566
RMOD-1004-5902-00-119-42494,1.4285714285714286,1.29572526103863,0.10252649348389764
RMOD-1004-5902-00-119-44500,1.3888888888888888,1.23638126148919,0.12334999902538746
RMOD-1004-5902-00-119-46498,1.2794117647058822,1.230137167020384,0.040056181543437486
RMOD-1004-5902-00-119-48260,1.3085106382978724,1.3412819767290962,-0.02443284782752486
RMOD-1004-5902-00-119-50249,1.5432098765432098,1.3885783426913008,0.11135960363043473
RMOD-1004-5902-00-127-24329,1.2818181818181817,1.2414994434912336,0.032475840837727254
RMOD-1004-5902-00-130-34974,1.2179487179487178,1.3122164195252224,-0.07183853225263837
RMOD-1004-5902-00-130-36580,1.3575129533678756,1.296300896160682,0.047220562284951306
RMOD-1004-5902-00-130-38168,1.3384615384615384,1.2497899356614623,0.07094920535837557
RMOD-1004-5902-00-130-42542,1.3651685393258426,1.3079553117042126,0.04374249418895171
RMOD-1004-5902-00-130-44625,1.3818181818181818,1.2281024620583052,0.12516522400113783
RMOD-1004-6023-00-108-47671,1.2307692307692308,1.239844592853001,-0.007319757763258883
RMOD-1004-6023-00-119-35603,1.4666666666666666,1.2484111191609877,0.17482666098997957
RMOD-1004-6023-00-119-47567,1,1.2557281534875229,-0.20364929525334863
RMOD-1004-6023-00-130-35531,1.4186046511627908,1.3297309042089887,0.06683588887984082
RMOD-1004-6607-00-108-37775,1.4125874125874125,1.3425664738918093,0.05215454136332465
RMOD-1004-6866-00-119-42856,1.5,1.4289879983025224,0.049693910502979666
RMOD-1004-7339-00-130-37281,1.3333333333333333,1.1739346307454597,0.13578158307388377
RMOD-1004-7399-00-108-54381,1.4171779141104295,1.3261392829969902,0.06864937362212631
RMOD-1004-7399-00-119-54253,1.4444444444444444,1.4249142141497642,0.01370624989261815
RMOD-1004-7401-00-107-45812,1.2,1.2022718804922743,-0.0018896561827129732
RMOD-1004-7401-00-108-29508,1.324468085106383,1.2650990556764168,0.04692836435501335
RMOD-1004-7401-00-108-34539,0.8444444444444444,0.8776334675850123,-0.03781649671120024
RMOD-1004-7401-00-108-38957,1.2597402597402598,1.2655395005358743,-0.004582425750566443
RMOD-1004-7401-00-119-41867,1.4324324324324325,1.4121906010027478,0.014333639818386867
RMOD-1004-7401-00-119-43506,1.2459016393442623,1.2066388505627648,0.03253897283614382
RMOD-1004-7401-00-119-45949,1,1.2880449267403178,-0.2236295650566158
RMOD-1004-7401-00-130-34613,0.7183098591549296,0.8647067797375454,-0.16930238551737742
RMOD-1004-7401-00-130-39062,1.4225352112676057,1.3394666526426353,0.06201614535239397
RMOD-1004-7401-00-130-41915,1.3070175438596492,1.3272894017212717,-0.015273125691603884
RMOD-1004-7419-00-108-28752,1.283068783068783,1.214163283134498,0.056751427828057865
RMOD-1004-8233-00-108-51717,1.3,1.459717110588153,-0.1094164817481652
RMOD-1004-8233-00-147-51605,1.6363636363636365,1.5840456465625075,0.03302808218605491
RMOD-1004-8514-00-101-46886,1.5441176470588236,1.394208864143615,0.10752247153964922
RMOD-1004-8766-00-117-52063,1.1333333333333333,1.1997861853234861,-0.05538724549677643
RMOD-1004-8766-00-119-51948,1.2517985611510791,1.1627552998925907,0.07657953592360633
RMOD-1004-8821-00-117-48930,1.4496644295302012,1.346157497235608,0.07689065544496021
RMOD-1004-8825-00-117-30241,1.4303797468354431,1.2834642492708606,0.11446793134132527
RMOD-1004-8825-00-127-30202,1.3303571428571428,1.3147499326897087,0.01187085831258039
RMOD-1005-0014-08-101-30829,1.2313296903460837,1.1851753008543784,0.03894309091527082
RMOD-1005-0014-08-101-35164,1.416058394160584,1.4012255994733198,0.010585586427224403
RMOD-1005-0014-08-101-47231,1.3367875647668395,1.3549977636849424,-0.013439283374593991
RMOD-1005-0014-08-106-30883,1.3111111111111111,1.1920093724046643,0.0999167804076746
RMOD-1005-0014-08-106-35248,1.309090909090909,1.45943044828945,-0.10301247269080138
RMOD-1005-0014-08-106-47303,1.3658536585365855,1.34393129787424,0.016312114091710628
RMOD-1005-0014-100-108-35275,1.4,1.2626382949864765,0.10878943364773752
RMOD-1005-0014-100-108-47349,1.125,1.2309273503821812,-0.08605491652232167
RMOD-1005-0148-00-119-40064,1.5357142857142858,1.3881012401528086,0.10634169993625764
RMOD-1005-0148-100-130-40134,1.3602150537634408,1.3608510092830906,-0.0004673219296685849
RMOD-1005-0186-04-101-51718,1.2005420054200542,1.235302833663692,-0.02813951955452343
RMOD-1005-0186-04-101-54254,1.3640922768304915,1.3326267807250025,0.023611634225428446
RMOD-1005-0186-04-106-51658,1.314176245210728,1.326792032493794,-0.00950848887700495
RMOD-1005-0186-04-106-54341,1.3361823361823362,1.3516415779863722,-0.011437382554527975
RMOD-1005-0186-04-107-51606,1.2364217252396166,1.2993021343574047,-0.04839552514772627
RMOD-1005-0186-04-107-54372,1.1956521739130435,1.3355123917631615,-0.10472401357914218
RMOD-1005-0273-01-103-48931,1.286764705882353,1.346685443845515,-0.04449497708392536
RMOD-1005-0273-01-106-48993,1.3202614379084967,1.3474035541963771,-0.020144014169584556
RMOD-1005-0406-100-130-47877,1.362962962962963,1.37380670581255,-0.007893208559622944
RMOD-1005-0556-00-130-36916,1.4074074074074074,1.3775099609933987,0.021703978381723
RMOD-1005-0556-08-103-36842,1.2875816993464053,1.3154097211479459,-0.021155402270598533
RMOD-1005-0934-01-102-49600,1.3685092127303182,1.3570766887835286,0.008424375749197965
RMOD-1005-0934-01-103-49687,1.2971246006389776,1.3195770607185597,-0.01701489117077848
RMOD-1005-0934-01-158-49654,1.3154761904761905,1.3580782179068072,-0.03136934741231534
RMOD-1005-0934-02-101-24301,1.1722846441947565,1.2357805488782576,-0.05138121387420902
RMOD-1005-0934-02-101-24712,1.2008474576271186,1.2062524823200715,-0.004480840265345676
RMOD-1005-0934-02-101-25028,1.1722080136402386,1.1989886805314045,-0.02233604647484766
RMOD-1005-0934-02-101-25370,1.1448362720403022,1.158226055905144,-0.01156059630723627
RMOD-1005-0934-02-145-24378,1.334448160535117,1.270653596645665,0.05020610185015051
RMOD-1005-0934-02-145-24779,1.2230046948356808,1.2692521587969556,-0.03643678180158472
RMOD-1005-0934-02-145-25109,1.2050561797752808,1.2611619070232787,-0.04448733103620628
RMOD-1005-0934-02-145-25402,1.15695067264574,1.2394848902301132,-0.06658751408341135
RMOD-1005-0934-100-102-24324,1.3013698630136987,1.262243674084723,0.03099733413783734
RMOD-1005-0934-100-102-24741,1.3564356435643565,1.2708599815428778,0.0673368138617334
RMOD-1005-0934-100-102-25050,1.2045454545454546,1.3004934966280521,-0.07377817907692263
RMOD-1005-0934-100-102-25471,1.2325581395348837,1.2633798434743142,-0.024396228971542255
RMOD-1005-1010-10-109-33126,1.1784313725490196,1.278174815137379,-0.07803583782679913
RMOD-1005-1010-10-117-36180,1.2369614512471656,1.269559532600921,-0.02567668590300176
RMOD-1005-1010-10-117-39660,1.291764705882353,1.288668568494101,0.0024025862537098153
RMOD-1005-1079-00-117-39347,1.6666666666666667,1.5033588842006478,0.10862860770124838
RMOD-1005-1079-100-130-39430,1.4150943396226414,1.4055229545520838,0.0068098390279280885
RMOD-1005-1137-09-117-42182,1.2882352941176471,1.305845250483013,-0.013485484868021147
RMOD-1005-1137-09-117-44795,1.2671232876712328,1.2163971796467392,0.04170192834483988
RMOD-1005-1479-00-117-33830,1.2154696132596685,1.2286031292642177,-0.01068979533888581
RMOD-1005-1796-08-101-36525,1.338095238095238,1.3236875001112773,0.010884546377260218
RMOD-1005-1796-08-106-36560,1.2916666666666667,1.3447834048266027,-0.039498359341209266
RMOD-1005-1968-04-103-51949,1.0866141732283465,1.0981288944614966,-0.0104857647323785
RMOD-1005-1968-04-106-52045,1.1223628691983123,1.0564200301360016,0.06242104199200127
RMOD-1005-1973-09-110-31486,1.3821656050955413,1.337683277801453,0.033253258100973904
RMOD-1005-1973-09-145-31532,1.5294117647058822,1.3245410277671725,0.15467300192585798
RMOD-1005-1999-01-103-49218,1.2678571428571428,1.3420989892485466,-0.05531771276645736
RMOD-1005-1999-01-106-49336,1.2976190476190477,1.3191359628826023,-0.016311370373479517
RMOD-1005-1999-100-101-49355,0.7857142857142857,1.0990353066407466,-0.2850873116025193
RMOD-1005-2031-09-117-43217,1.2444444444444445,1.265541162018925,-0.016670115684601416
RMOD-1005-2031-09-117-46499,1.2470023980815348,1.2445122297629134,0.0020009191224226175
RMOD-1005-2040-02-101-30484,1.0447570332480818,1.1524696887479824,-0.09346246287563287
RMOD-1005-2074-02-101-25698,1.1565295169946332,1.159709620797742,-0.002742155230997634
RMOD-1005-2074-02-101-25984,1.0592417061611374,1.1079972342288964,-0.04400329401696579
RMOD-1005-2074-02-101-26384,1.17049576783555,1.1774677447999475,-0.00592116174323043
RMOD-1005-2074-02-101-26685,1.0702005730659025,1.1200539231340767,-0.04450977675135226
RMOD-1005-2074-02-103-25786,1.0677685950413223,1.13500056004737,-0.05923518223043156
RMOD-1005-2074-02-106-26752,1.114678899082569,1.1335000530986818,-0.016604457992446475
RMOD-1005-2074-02-145-25766,1.1796116504854368,1.2367132539273027,-0.04617206394492346
RMOD-1005-2074-02-145-26027,1.1666666666666667,1.200142938766619,-0.027893570856114658
RMOD-1005-2074-100-102-26056,1.280701754385965,1.1589767576562597,0.10502798777075006
RMOD-1005-2074-100-102-26458,0.967391304347826,1.1215252339206385,-0.13743242230403463
RMOD-1005-2074-100-102-26777,1.0655737704918034,1.2150286604623397,-0.12300523834035837
RMOD-1005-2185--100-109-32187,1.381578947368421,1.2235940244235481,0.12911547440688254
RMOD-1005-2185-09-145-32206,1.2758620689655173,1.2775946605662087,-0.001356135599317354
RMOD-1005-2218-00-119-41505,1.4714285714285715,1.407023779641989,0.045773776334448124
RMOD-1005-2218-100-130-41579,1.2577777777777779,1.3434307187420749,-0.063756872438125
RMOD-1005-2263-09-117-42857,1.271523178807947,1.2790206355290357,-0.005861873149519137
RMOD-1005-2263-09-117-45403,1.259970457902511,1.2325514524530907,0.022245728886084004
RMOD-1005-2411-09-117-43507,1.1818181818181819,1.2425269574367668,-0.04885912153070893
RMOD-1005-2611-02-103-43879,1.203921568627451,1.2557212533843423,-0.04125094213169034
RMOD-1005-2611-02-158-43937,1.203125,1.30527873225809,-0.07826200621637913
RMOD-1005-3035-02-101-161580,1.136513157894737,1.1601189552287932,-0.02034773867598849
RMOD-1005-3035-02-101-28428,1.066326530612245,1.1290000168076324,-0.055512387300580834
RMOD-1005-3035-02-101-28753,1.1098454027664768,1.1337871123294336,-0.021116582912789728
RMOD-1005-3035-02-101-29091,1.1284322409211691,1.176825360445919,-0.041121751069685186
RMOD-1005-3035-02-101-29476,1.0930555555555554,1.153122788295655,-0.05209092505133839
RMOD-1005-3035-02-106-161615,1.180952380952381,1.193013243261756,-0.010109579568789995
RMOD-1005-3035-02-106-28468,1.1341463414634145,1.1910017695388793,-0.047737484132771235
RMOD-1005-3035-02-106-28800,0.9895833333333334,1.063444583305614,-0.06945472395250751
RMOD-1005-3035-02-106-29537,1.3392857142857142,1.2662218065975022,0.057702297739243624
RMOD-1005-3035-100-102-28496,1.0344827586206897,1.2578354842038646,-0.1775691085106762
RMOD-1005-3045-03-117-44203,1.2845336481700118,1.3054730113329107,-0.016039675260325348
RMOD-1005-3130-02-101-30167,1.236,1.2358504412130222,0.00012101689815402494
RMOD-1005-3130-02-101-32494,1.3306666666666667,1.300304058546148,0.023350390949687938
RMOD-1005-3130-02-106-32541,1.361344537815126,1.2744845445034956,0.06815303778004522
RMOD-1005-3281-00-117-161659,1.3591772151898733,1.3104829271118819,0.0371575142801035
RMOD-1005-3281-00-117-161772,1.311578947368421,1.2461478526061402,0.05250668660660218
RMOD-1005-3281-00-117-35846,1.3814102564102564,1.3549864053281744,0.019501192763393238
RMOD-1005-3281-00-117-37701,1.3652173913043477,1.3966304625107118,-0.022492042132528756
RMOD-1005-3281-100-130-35919,1.4368932038834952,1.3749584026890955,0.04504485450124873
RMOD-1005-3281-100-130-37615,1.435483870967742,1.3841801005203804,0.037064375096906854
RMOD-1005-3694-02-101-46887,1.0454545454545454,1.142097003937515,-0.08461843271612057
RMOD-1005-3694-02-103-46961,1.1733333333333333,1.2035643746567766,-0.025117926352767328
RMOD-1005-3694-02-106-47008,1.4049586776859504,1.3571269861249808,0.03524481647627087
RMOD-1005-3886-09-117-44501,1.0865051903114187,1.1951556815986337,-0.09090906980577185
RMOD-1005-4100-08-101-38482,1.3109919571045576,1.3310844900375167,-0.01509485917936948
RMOD-1005-4100-08-101-40455,1.3719512195121952,1.3342625777699855,0.028246795173705985
RMOD-1005-4401-10-117-34540,0.9313725490196079,0.8993252087792796,0.03563487371140028
RMOD-1005-4401-10-117-38959,1.34,1.343539949453338,-0.0026347928506169627
RMOD-1005-4634-04-101-50948,1.4079885877318117,1.4043247700367976,0.0026089532657878056
RMOD-1005-4634-04-101-52435,0.9389312977099237,0.970937551481422,-0.03296427635604815
RMOD-1005-4634-04-106-51004,1.2837837837837838,1.3782417426686642,-0.06853511685256553
RMOD-1005-4634-04-106-52413,1.0714285714285714,1.0649789608515312,0.0060560920113232886
RMOD-1005-4634-04-106-53974,1.5625,1.43195836744305,0.09116300831430535
RMOD-1005-4634-04-108-51025,1.3271028037383177,1.3574221805246867,-0.022335996288678328
RMOD-1005-4634-04-108-52280,0.9975786924939467,0.9232372222559917,0.08052260940725153
RMOD-1005-4634-04-108-53874,1.415966386554622,1.3462556862872934,0.05178117424304207
RMOD-1005-4660-07-103-45813,1.3449367088607596,1.2930463474797633,0.04013031820718105
RMOD-1005-4726-00-117-27054,1.2873563218390804,1.2834902459330926,0.0030121583847155797
RMOD-1005-4726-00-117-27416,1.1590909090909092,1.1926026725261774,-0.028099688359982777
RMOD-1005-4726-00-117-27807,1.3885714285714286,1.2318716803550014,0.12720460313794169
RMOD-1005-4726-00-117-28179,1.2173913043478262,1.2238923440620886,-0.005311774148930137
RMOD-1005-4726-00-117-33420,1.53125,1.5113398882890932,0.013173814748875579
RMOD-1005-4726-00-117-38092,1.4565217391304348,1.3546286184435743,0.07521849110491452
RMOD-1005-4726-00-117-47568,1.4,1.3920901823911291,0.0056819721228724696
RMOD-1005-4726-00-124-27889,1.2142857142857142,1.1587425571157106,0.04793399261028197
RMOD-1005-4726-00-156-27115,1.367816091954023,1.2778409108750568,0.07041188015912847
RMOD-1005-4726-00-156-27489,1.2857142857142858,1.2244932466536962,0.04999704100279412
RMOD-1005-4726-100-130-28223,1.3942307692307692,1.2910595725068588,0.07991203420891124
RMOD-1005-4726-100-130-38126,1.381679389312977,1.3460041543184609,0.026504550435492602
RMOD-1005-4734-00-117-34905,1.3991769547325104,1.331646374295226,0.050712097251062405
RMOD-1005-4957-02-101-24028,1.204356846473029,1.2152701802379715,-0.008980170782109997
RMOD-1005-4957-02-101-31117,1.1444991789819376,1.1799226245608896,-0.03002183773883893
RMOD-1005-4957-02-103-24043,1.4102564102564104,1.2365967121763721,0.14043357577297955
RMOD-1005-4957-02-106-31207,1.375,1.3453719999255809,0.02202216195673623
RMOD-1005-4957-02-160-24084,1.2983870967741935,1.3380947783253503,-0.029674790003180185
RMOD-1005-5000-01-103-49911,1.3884297520661157,1.3889134289207394,-0.00034824118231724377
RMOD-1005-5000-01-103-53421,1.3431372549019607,1.338767058621979,0.0032643440483812736
RMOD-1005-5000-01-106-49980,1.4346289752650176,1.3580584992250462,0.05638231054381326
RMOD-1005-5000-01-106-53488,1.2857142857142858,1.3774948314274442,-0.06662859534510912
RMOD-1005-5015-04-101-52687,1.185430463576159,1.21541699110013,-0.024671802141608246
RMOD-1005-5015-04-101-54612,1.3067484662576687,1.2895080595986426,0.01336975486945935
RMOD-1005-5015-04-106-52760,1.1194029850746268,1.193028486765325,-0.0617131128949987
RMOD-1005-5015-04-106-54794,1.1746031746031746,1.306819443077426,-0.10117409040295233
RMOD-1005-5051-09-117-41842,1.2253787878787878,1.2488969105448633,-0.018831116057301367
RMOD-1005-5131-09-117-46164,1.2081911262798635,1.2243713922490251,-0.013215161732454739
RMOD-1005-5196-08-103-42466,1.2016129032258065,1.2532406828866323,-0.04119542268761156
RMOD-1005-5292-08-101-48261,1.2298850574712643,1.2696432060453375,-0.0313144262772147
RMOD-1005-5292-08-103-48369,1.3365384615384615,1.3162784173966426,0.0153919139553238
RMOD-1005-5292-08-158-48349,1.1919191919191918,1.2955228396979763,-0.07997052973835439
RMOD-1005-5306-09-117-45124,1.1273006134969326,1.1738885826366003,-0.039686874741578504
RMOD-1005-5393-08-103-35506,1.3146067415730338,1.3319712385047713,-0.013036690605444545
RMOD-1005-5408-10-109-32821,1.171641791044776,1.241205105063249,-0.05604497897624117
RMOD-1005-5446-04-103-50251,1.2964601769911503,1.3489609434177654,-0.038919411775998114
RMOD-1005-5446-04-158-50353,1.2834645669291338,1.2975100656357315,-0.01082496319573134
RMOD-1005-5450-08-101-29824,1.2483487450462352,1.2603704879523694,-0.009538261186728514
RMOD-1005-5450-08-106-29866,1.290566037735849,1.2835899075053425,0.0054348590540609365
RMOD-1005-5450-100-108-29889,0.8589743589743589,1.0961947408309096,-0.2164035029731478
RMOD-1005-5894-01-102-50689,1.2666666666666666,1.3388498319089188,-0.05391431026983362
RMOD-1005-5894-01-103-50529,1.2743362831858407,1.3613372507823847,-0.06390846026327646
RMOD-1005-5894-01-106-50664,1.3863636363636365,1.380150483349473,0.004501793890681061
RMOD-1005-6031-04-101-53033,1.4042179261862917,1.3876795032721936,0.011918042224519532
RMOD-1005-6031-04-106-53115,1.2769230769230768,1.3212115583805264,-0.033521112630694794
RMOD-1005-6416-09-110-162393,1.2034358047016276,1.2227008310577099,-0.015756124365611912
RMOD-1005-6416-09-110-31865,1.1728395061728396,1.2562267898050221,-0.06637916362627894
RMOD-1005-6416-09-145-162457,1.2666666666666666,1.2697575098493725,-0.0024341995686030238
RMOD-1005-6416-09-145-31905,1.255813953488372,1.3163264565872705,-0.045970741373522306
RMOD-1005-6612-00-119-37283,1.4678899082568808,1.390723966263356,0.05548616682062146
RMOD-1005-6612-100-130-37311,1.4316546762589928,1.4030869196508169,0.020360646377692415
RMOD-1005-6769-00-130-48638,1.4285714285714286,1.0622574523031412,0.3448448165499438
RMOD-1005-6769-17-118-48566,1.2763819095477387,1.2980953651796707,-0.016727165210182138
RMOD-1005-7041-08-101-41143,1.393063583815029,1.3305351724940955,0.04699493302662838
RMOD-1005-7229-10-117-40822,1.2849740932642486,1.2833865298674547,0.0012370111107196102
RMOD-1005-7582-00-117-34247,1.173913043478261,1.0315316200210392,0.13802914103041997
RMOD-1005-7582-00-138-34194,1.1866666666666668,1.0586542431563846,0.12091995506352693
RMOD-1005-8283-03-103-37776,1.3244047619047619,1.283730891553385,0.031684109667377
RMOD-1005-9565-04-101-51277,1.2619808306709266,1.3254341867449346,-0.04787363771704112
RMOD-1005-9565-04-106-51336,1.3312693498452013,1.3651662454591218,-0.024829866491842933
RMOD-1006-0273-00-130-41581,1.2941176470588236,1.3337274302840068,-0.029698559335132435
RMOD-1006-0273-01-103-24029,1.2559880239520957,1.259672488404696,-0.002924938415751477
RMOD-1006-0273-01-103-35165,1.2624113475177305,1.3470499643710059,-0.06283257421174926
RMOD-1006-0273-01-103-41506,1.3383084577114428,1.2670319369517804,0.05625471519773928
RMOD-1006-0273-01-103-51278,1.4195804195804196,1.3703393403203508,0.03593349312189886
RMOD-1006-0273-01-103-53422,1.236220472440945,1.3404889994573337,-0.07778394828946711
RMOD-1006-0273-01-106-24086,1.3013698630136987,1.273680160998898,0.0217399178087887
RMOD-1006-0273-01-106-35250,1.3805309734513274,1.3190693579402804,0.04659468066714778
RMOD-1006-0273-01-106-41562,1.2238805970149254,1.242617814906738,-0.015078826061429629
RMOD-1006-0273-01-106-51338,1.297872340425532,1.3351877669680552,-0.02794769954136056
RMOD-1006-0273-01-106-53489,1.2941176470588236,1.3472049655338991,-0.03940552464786762
RMOD-1006-0273-100-101-24057,1.3026315789473684,1.1618464021326373,0.12117365648016087
RMOD-1006-0273-100-101-35276,1.3846153846153846,1.202351221109852,0.15158978533517886
RMOD-1006-0457-01-103-161773,1.2345864661654136,1.2242553167106849,0.008438721330193077
RMOD-1006-0457-01-103-37248,1.304177545691906,1.2708364736948456,0.026235532806297535
RMOD-1006-0457-01-103-41144,1.334070796460177,1.3674128967247912,-0.02438334488761562
RMOD-1006-0457-01-103-48567,1.2439024390243902,1.2699828390918724,-0.02053602557821299
RMOD-1006-0457-01-106-37286,1.2183098591549295,1.2208875901185638,-0.002111358150002851
RMOD-1006-0457-01-106-41202,1.3953488372093024,1.4041827633829729,-0.006291151268932982
RMOD-1006-0457-01-106-48620,1.3703703703703705,1.2840898897153707,0.06719193208049035
RMOD-1006-0457-01-160-161797,1.3385826771653544,1.2819297290717215,0.04419348955629321
RMOD-1006-0542-00-130-34975,0.875,1.0671036262693023,-0.1800234031074519
RMOD-1006-0542-01-103-31118,1.2795698924731183,1.2840991766007448,-0.0035272074074654824
RMOD-1006-0542-01-103-34906,1.2857142857142858,1.2813078858476152,0.0034389859887231644
RMOD-1006-0542-01-103-53875,1.1965811965811965,1.2791854250541759,-0.06457564857689091
RMOD-1006-0542-01-106-31209,1.2179487179487178,1.2520833310165693,-0.027262253415782922
RMOD-1006-0542-01-106-34951,1.3559322033898304,1.25057693365359,0.0842453326149577
RMOD-1006-0542-01-106-53975,1.4067796610169492,1.296906320743181,0.08471956572068073
RMOD-1006-0542-100-101-31231,1.0909090909090908,1.0743955318280918,0.015370092849233075
RMOD-1006-0599-01-104-29477,1.3216374269005848,1.3148174959825083,0.005186979135062719
RMOD-1006-0599-01-106-29538,1.3397435897435896,1.340209188893134,-0.00034740781767717
RMOD-1006-0599-100-101-29564,1.1666666666666667,1.3044136295119655,-0.10560067736860101
RMOD-1006-1289-00-130-35604,1.4444444444444444,1.2443700530353763,0.16078367598209953
RMOD-1006-1289-01-103-35507,1.257462686567164,1.2730123060341545,-0.012214822585205454
RMOD-1006-1289-01-103-50252,1.3709677419354838,1.2817014956962813,0.06964667400244307
RMOD-1006-1289-01-106-35579,1.1870967741935483,1.279653023269111,-0.07232917626303925
RMOD-1006-1289-01-106-50354,1.4264705882352942,1.3753987742609,0.03713236839391443
RMOD-1006-1860-01-103-38960,1.4127358490566038,1.385803397665915,0.01943453987488475
RMOD-1006-1860-01-106-39017,1.4251497005988023,1.385563248582857,0.028570656775455117
RMOD-1006-1860-01-107-39046,1.1870967741935483,1.2210721195568663,-0.02782419221531962
RMOD-1006-1869-01-103-50949,1.4027777777777777,1.3798126566503823,0.016643651597706866
RMOD-1006-1870-01-103-47570,1.2669491525423728,1.3233946548080875,-0.04265205550033002
RMOD-1006-1870-01-106-47599,1.396039603960396,1.2588237543829963,0.10900322551083019
RMOD-1006-1870-01-106-47672,1.2916666666666667,1.2787663389921489,0.010088103886660926
RMOD-1006-1872-01-103-35818,1.1122244488977955,1.2534316772312382,-0.11265650206428612
RMOD-1006-1872-01-106-35896,1.0916030534351144,1.2669146370307895,-0.13837679230429034
RMOD-1006-1999-01-103-28754,1.2006172839506173,1.2022390900873263,-0.0013489880258270581
RMOD-1006-1999-01-103-33421,1.1875,1.24022063782692,-0.042509079609653666
RMOD-1006-1999-01-106-28801,1.2233009708737863,1.3066009633781432,-0.06375319997391504
RMOD-1006-1999-01-106-33467,1.3235294117647058,1.3654257303428154,-0.030683703732161782
RMOD-1006-1999-100-101-28823,1,1.10743975742849,-0.0970163448691499
RMOD-1006-1999-100-101-33490,1.2432432432432432,1.297363948870975,-0.04171590067292219
RMOD-1006-2035-01-106-28200,1.2547169811320755,1.2801361836575949,-0.01985663935605031
RMOD-1006-2035-01-108-28155,1.2272727272727273,1.2266889329787058,0.0004759106227558707
RMOD-1006-2035-100-101-28224,1.1818181818181819,1.2591843978660398,-0.06144153007214159
RMOD-1006-2184-01-103-42858,1.25625,1.2760818868596076,-0.015541233727886516
RMOD-1006-2184-01-103-46500,1.3225806451612903,1.2685002550239064,0.0426333301260271
RMOD-1006-2184-01-106-42909,1.234375,1.3409657979512992,-0.07948808098919935
RMOD-1006-2184-01-106-46590,1.1533333333333333,1.237700550653144,-0.06816448233402606
RMOD-1006-2184-100-101-42974,1.2258064516129032,1.2546682468432309,-0.023003527269415236
RMOD-1006-2184-100-101-46623,0.9444444444444444,1.1391971804005818,-0.17095612533701632
RMOD-1006-2199-01-103-29092,1.25,1.2855424096727723,-0.027647792406801708
RMOD-1006-2199-01-106-29138,1.2452830188679245,1.2808506043125099,-0.027768722850918248
RMOD-1006-2199-100-101-29179,1.1538461538461537,1.1306913045471443,0.020478488873038048
RMOD-1006-2233-01-103-24713,1.2795566502463054,1.303865785986289,-0.01864389418086876
RMOD-1006-2233-01-106-24780,1.3007246376811594,1.3035543768676736,-0.0021707872235555703
RMOD-1006-2233-100-101-24742,1.359375,1.3498269904703641,0.007073506158228993
RMOD-1006-2407-00-130-43622,1.75,1.4439504821056899,0.2119529178369075
RMOD-1006-2407-01-103-43508,1.2413793103448276,1.237226078143531,0.003356890284376135
RMOD-1006-2407-01-103-44796,1.201834862385321,1.1966497590529672,0.004333016651804078
RMOD-1006-2485-01-103-36532,1.2595744680851064,1.2918958893146064,-0.025018595923118503
RMOD-1006-2752-01-103-29825,1.295478443743428,1.2962155643458515,-0.0005686713095406359
RMOD-1006-2752-01-103-33799,1.3056133056133057,1.3121341588998416,-0.004969654392660283
RMOD-1006-2752-01-106-29867,1.3216374269005848,1.3297461603000884,-0.006097955866760096
RMOD-1006-2752-01-106-33888,1.2099236641221374,1.3325018362944212,-0.09199099681030354
RMOD-1006-2752-100-101-33906,1.4705882352941178,1.280010026213048,0.1488880596075497
RMOD-1006-2798-01-103-43880,1.1492537313432836,1.2183058241908966,-0.05667878415788752
RMOD-1006-2798-01-103-45404,1.1956521739130435,1.2937115405079784,-0.07579693271997234
RMOD-1006-2798-01-106-43938,1.1898734177215189,1.2329376539314119,-0.03492815396835025
RMOD-1006-2798-01-106-45521,1.305732484076433,1.2133086270891627,0.07617505960458204
RMOD-1006-3160-01-103-27780,1.1376404494382022,1.2219115658288908,-0.06896662471111215
RMOD-1006-3160-01-106-27860,1.2556053811659194,1.2389604078885164,0.013434628880328647
RMOD-1006-3559-01-103-42183,1.2955974842767295,1.3443804886262722,-0.03628660543816031
RMOD-1006-3559-01-106-42233,1.3270440251572326,1.31762288363544,0.007150104661053591
RMOD-1006-3559-01-106-44273,1.2272727272727273,1.2646281454834212,-0.02953865793997046
RMOD-1006-3559-100-101-42250,1.2439024390243902,1.3184720210131127,-0.0565575763461581
RMOD-1006-4703-01-10625112,1.2485875706214689,1.2979084085606059,-0.03800024532843138
RMOD-1006-4703-01-108-25029,1.2315436241610738,1.2786421557218268,-0.03683480272411688
RMOD-1006-4703-100-101-25051,1.3442622950819672,1.2536356144891203,0.07229108645719129
RMOD-1006-4726-00-117-40488,1.5,1.4569270041316573,0.029564278612581818
RMOD-1006-4726-100-130-40529,1.5034013605442176,1.3880801075525495,0.08307968132689525
RMOD-1006-4733-01-106-30884,1.2710280373831775,1.2708564042480608,0.00013505312995465424
RMOD-1006-4733-01-106-30922,1.2972972972972974,1.2558067921738558,0.03303892396665553
RMOD-1006-4733-01-107-30830,1.2946058091286308,1.2622653296125392,0.025620983764180982
RMOD-1006-4845-01-103-48932,1.302771855010661,1.3392977829412045,-0.027272447095618824
RMOD-1006-4845-01-107-49013,1.256198347107438,1.2475551180445061,0.006928134026238153
RMOD-1006-4845-01-158-48994,1.374384236453202,1.3284886355004428,0.034547228878228475
RMOD-1006-4874-01-103-161581,1.309704641350211,1.2800914285073008,0.023133670129673156
RMOD-1006-4874-01-103-28429,1.2466793168880455,1.204535883697512,0.03498727913457245
RMOD-1006-4874-01-103-32822,1.2672268907563025,1.2940945025049773,-0.02076170766251384
RMOD-1006-4874-01-103-36843,1.273164861612515,1.2590267372074655,0.011229407594955498
RMOD-1006-4874-01-103-40065,1.3140495867768596,1.2866106469920506,0.02132652939640911
RMOD-1006-4874-01-106-32910,1.3391304347826087,1.318115074644306,0.015943494268870095
RMOD-1006-4874-01-106-36893,1.1911764705882353,1.2332498679207617,-0.0341158741848977
RMOD-1006-4874-01-106-40111,1.345679012345679,1.434613968898436,-0.06199225609175241
RMOD-1006-4874-01-160-161616,1.1377245508982037,1.26701683268661,-0.10204464412225067
RMOD-1006-4874-100-101-28500,1.2300884955752212,1.2177359890736201,0.010143829707289997
RMOD-1006-4874-100-101-32936,1.303921568627451,1.216818887000047,0.0715822893266782
RMOD-1006-4907-01-103-39320,1.4576271186440677,1.3818208419507017,0.05485969989159467
RMOD-1006-4907-01-106-39400,1.3815028901734103,1.391808265193744,-0.007404306525582549
RMOD-1006-4969-01-102-49601,1.3298969072164948,1.3272074741530817,0.002026384808546444
RMOD-1006-4969-01-103-162394,1.2080123266563945,1.2197635429022682,-0.009634011701901923
RMOD-1006-4969-01-103-30168,1.2071269487750558,1.2287805684222655,-0.017622039445995274
RMOD-1006-4969-01-103-33127,1.3426395939086295,1.3227850647353154,0.015009641174990707
RMOD-1006-4969-01-106-30211,1.2767857142857142,1.283613322211693,-0.0053190534936289335
RMOD-1006-4969-01-106-33224,1.3333333333333333,1.339612625642205,-0.004687394093394248
RMOD-1006-4969-01-106-49657,1.481012658227848,1.391617561784504,0.06423826408795152
RMOD-1006-4969-100-101-30242,1.096774193548387,1.2462612911569724,-0.11994843992130122
RMOD-1006-4969-100-101-33257,1.3492063492063493,1.3762820201823485,-0.019673054344204854
RMOD-1006-5000-01-103-51950,1.0310077519379846,1.0634642168915567,-0.03051956468120809
RMOD-1006-5000-01-106-52046,1.180327868852459,1.0938157388466312,0.07909205082114656
RMOD-1006-5096-00-130-34614,0.8,0.9242808577777811,-0.13446222187981438
RMOD-1006-5096-00-130-38546,1.7142857142857142,1.4301128791508209,0.1987065771365062
RMOD-1006-5096-01-103-49219,1.392156862745098,1.4172279034371382,-0.017690196919801338
RMOD-1006-5096-01-104-34541,0.8512396694214877,0.8956102641614317,-0.04954230262366266
RMOD-1006-5096-01-104-38483,1.423913043478261,1.3741314463665224,0.03622768203389204
RMOD-1006-5096-01-106-34592,0.8689655172413793,0.8409989938312785,0.03325393206797522
RMOD-1006-5096-01-106-38529,1.2857142857142858,1.3583713291056794,-0.05348835170073074
RMOD-1006-5096-01-106-49337,1.2921348314606742,1.280793997421243,0.00885453403300196
RMOD-1006-5146-01-103-25985,1.2,1.1551423206867388,0.03883303252762227
RMOD-1006-5146-01-103-32154,1.2903225806451613,1.269816210308431,0.016149085332395785
RMOD-1006-5146-01-103-49912,1.3472222222222223,1.3529692222932639,-0.004247694608529695
RMOD-1006-5146-01-106-26028,1.298913043478261,1.1824909596738986,0.09845494618958317
RMOD-1006-5146-01-106-32207,1.3218390804597702,1.2526803027065,0.05520864150561611
RMOD-1006-5146-01-106-49981,1.4195804195804196,1.39801746622445,0.015423951328879637
RMOD-1006-5146-02-103-161644,1.2166276346604215,1.2835013975872895,-0.05210260234431874
RMOD-1006-5146-02-106-161708,1.264840182648402,1.2647950049085244,0.00003571941674507251
RMOD-1006-5146-100-101-26057,1.0169491525423728,1.0120277156162358,0.004862946785148425
RMOD-1006-5146-100-101-32228,1.1923076923076923,1.2802660692222754,-0.06870320086512582
RMOD-1006-5189-01-103-51607,1.2908163265306123,1.3319251447759752,-0.030864210655229707
RMOD-1006-5189-01-106-51661,1.403973509933775,1.3801577498674305,0.017255824610362236
RMOD-1006-5283-01-103-46165,1.3401015228426396,1.253714757262947,0.0689046412505252
RMOD-1006-5284-01-103-45125,1.248062015503876,1.2159122983122919,0.026440819157934614
RMOD-1006-5284-01-106-45254,1.2340425531914894,1.1803305173271395,0.045505928276751595
RMOD-1006-5306-09-117-41843,1.2885326757090012,1.316966891874011,-0.0215906841246013
RMOD-1006-5359-01-103-44206,1.3240740740740742,1.2873328064275582,0.028540613167837847
RMOD-1006-5556-01-103-27029,1.2354188759278897,1.2029357616786587,0.02700319940933671
RMOD-1006-5556-01-160-27091,1.2633451957295374,1.2655683169836882,-0.0017566189231486007
RMOD-1006-5673-01-102-24302,1.2036199095022624,1.3104622793495961,-0.08153029013575375
RMOD-1006-5673-01-103-26387,1.208762886597938,1.2137396578961983,-0.004100361445622092
RMOD-1006-5673-01-103-34165,0.9835164835164835,0.995295318939788,-0.011834513032625948
RMOD-1006-5673-01-106-24379,1.1917098445595855,1.2958524697859084,-0.08036611238895786
RMOD-1006-5673-01-106-26425,1.1538461538461537,1.1833253199697666,-0.02491214007350573
RMOD-1006-5673-01-106-34219,0.9396551724137931,0.9817204637065157,-0.04284854278569661
RMOD-1006-5673-100-101-24325,1.2,1.2726039376945295,-0.05705147968193469
RMOD-1006-5673-100-101-34252,0.8934426229508197,0.9660012270278105,-0.07511233117191685
RMOD-1006-5894-01-103-53034,1.3655913978494623,1.289156812527449,0.05929037071305543
RMOD-1006-5894-01-106-53116,1.2297297297297298,1.3126198708266066,-0.06314862584296999
RMOD-1006-5967-01-103-54255,1.4593301435406698,1.4286924699244472,0.021444554556826922
RMOD-1006-5967-01-106-54342,1.3571428571428572,1.3804384322898418,-0.016875490135653815
RMOD-1006-5967-01-108-54374,1.2727272727272727,1.342367107869753,-0.05187838314437998
RMOD-1006-6124-01-103-47232,1.3406113537117903,1.313582367990995,0.020576544249854445
RMOD-1006-6124-01-106-31906,1.3668639053254439,1.3070469205572928,0.04576498657190253
RMOD-1006-6124-01-106-47304,1.36986301369863,1.3282776910441656,0.03130770239901737
RMOD-1006-6124-01-108-31866,1.2646310432569974,1.2817594180724992,-0.013363174534936628
RMOD-1006-6195-01-103-54613,1.2813455657492354,1.2991697391480699,-0.013719664845736501
RMOD-1006-6195-01-145-54795,1.3584905660377358,1.2966941931477538,0.04765685943265474
RMOD-1006-6521-01-103-25371,1.200205338809035,1.204120280472672,-0.0032512878714245907
RMOD-1006-6521-01-106-25403,1.2,1.2766947336849015,-0.06007288325184734
RMOD-1006-6521-01-106-27466,1.12,1.220983874543811,-0.08270696824848822
RMOD-1006-6521-01-106-39708,1.3640552995391706,1.362685163087281,0.0010054680927069626
RMOD-1006-6521-01-107-27391,1.1300097751710656,1.1661372053638939,-0.03098042839783577
RMOD-1006-6521-01-107-39661,1.2537562604340569,1.3198315215975762,-0.05006340588345648
RMOD-1006-6521-100-101-25473,1,1.2221183527640083,-0.18174864346129294
RMOD-1006-6523-01-103-47878,1.3333333333333333,1.3405243308466204,-0.0053643170420826225
RMOD-1006-6523-01-106-25767,1.180921052631579,1.2205012146801217,-0.03242943273834942
RMOD-1006-6523-01-106-31533,1.2790697674418605,1.266512983310695,0.00991445354025644
RMOD-1006-6523-01-106-47931,1.2777777777777777,1.3119218033335711,-0.0260259608987623
RMOD-1006-6523-01-107-25699,1.1968019680196802,1.178200907655294,0.015787681238001783
RMOD-1006-6523-01-107-31487,1.2654867256637168,1.3044483762553094,-0.029868296285852414
RMOD-1006-6523-01-107-47959,1.4411764705882353,1.3606174050930964,0.05920772819279563
RMOD-1006-6537-09-117-37616,1.2719594594594594,1.317676359583643,-0.034695090180284494
RMOD-1006-6537-09-145-37683,1.3387096774193548,1.4019376637265288,-0.04510042631931721
RMOD-1006-6681-05-103-40824,1.345,1.3102935431843747,0.026487543189199547
RMOD-1006-6681-05-106-40881,1.2682926829268293,1.2582494553412893,0.007981904973537901
RMOD-1006-6846-01-103-30487,1.2082111436950147,1.2079263289013624,0.00023578821558700724
RMOD-1006-6846-01-103-37777,1.2066549912434326,1.2487170770863614,-0.03368424010110638
RMOD-1006-6846-01-103-50530,1.382746051032807,1.3639841413563265,0.013755225671336468
RMOD-1006-6846-01-103-52688,1.385321100917431,1.3093389650821303,0.05803091320247611
RMOD-1006-6846-01-106-30568,1.2092391304347827,1.2546990765984412,-0.036231752307416265
RMOD-1006-6846-01-106-37827,1.1395348837209303,1.203214863242388,-0.05292486110905814
RMOD-1006-6846-01-106-50671,1.3341836734693877,1.3572550134569754,-0.016998529943775376
RMOD-1006-6846-01-106-52761,1.25,1.2803741736007475,-0.023722888376705886
RMOD-1006-6846-01-108-50690,1.3312883435582823,1.3764251223231792,-0.0327927600512794
RMOD-1006-6846-100-101-30552,1.2564102564102564,1.238126096904853,0.014767606911049835
RMOD-1006-6846-100-101-37846,1.3571428571428572,1.2539792606864122,0.08226898138648187
RMOD-1006-7390-01-103-26686,1.2282229965156795,1.2001016566244043,0.02343246485499728
RMOD-1006-7390-01-103-52281,0.8551724137931035,0.8801925356226337,-0.028425737343740876
RMOD-1006-7390-01-106-26753,1.259090909090909,1.228104915897423,0.025230737856662078
RMOD-1006-7390-01-106-52414,0.979381443298969,0.9582556563539829,0.022046086349614358
RMOD-1006-7390-01-107-52436,1.1304347826086956,0.9526477678688352,0.1866240815717095
RMOD-1006-7390-100-101-26778,1.2549019607843137,1.1571025478819519,0.0845209554515125
RMOD-1006-7952-01-103-48262,1.3481848184818481,1.3421451518917433,0.004500009988928522
RMOD-1006-7952-01-106-48350,1.4081632653061225,1.3311110608257282,0.05788563159605653
RMOD-1006-7952-01-108-48370,1.3442622950819672,1.381691189389839,-0.027089189389997048
RMOD-1006-8014-00-130-36246,1.2,1.1897567052144933,0.00860957096573789
RMOD-1006-8014-01-103-36181,1.240506329113924,1.3427582040222448,-0.0761506238442814
RMOD-1006-8014-01-106-36223,1.3734939759036144,1.3507233242740617,0.016858116847719762
RMOD-1006-8156-01-103-32495,1.2624584717607974,1.3008306431240784,-0.029498206831233942
RMOD-1006-8156-01-103-38060,1.235632183908046,1.2614698940540936,-0.020482224956642314
RMOD-1006-8156-01-106-32542,1.3630952380952381,1.3764317998920146,-0.009689228189745935
RMOD-1006-8156-01-106-38124,1.1744186046511629,1.2861518125717635,-0.08687404303943025
RMOD-1006-8491-01-103-43218,1.182170542635659,1.2116543277032428,-0.02433349544789054
RMOD-1006-8491-01-103-45814,1.1272727272727272,1.1714755732446123,-0.03773262284031853
RMOD-1006-8491-01-106-45905,1.1140350877192982,1.190470951395007,-0.06420640804896605
RMOD-1006-8495-01-103-42467,1.1394230769230769,1.248213498016459,-0.08715690165685697
RMOD-1006-8495-01-103-44502,1.1414141414141414,1.126362306654793,0.013363226619373725
RMOD-1006-8495-01-103-46888,1.0595238095238095,1.1774825726998548,-0.10017877623919069
RMOD-1006-8495-01-106-42519,1.1428571428571428,1.2702875033285457,-0.10031615688377304
RMOD-1006-8495-01-106-44544,1.1967213114754098,1.211955412885577,-0.012569853022806998
RMOD-1006-8495-01-106-47010,1.1121495327102804,1.1855181384876297,-0.06188737514463172
RMOD-1007-0066-17-118-30831,1.129436325678497,1.1748927043948443,-0.03868981273465377
RMOD-1007-0066-17-118-32155,1.238341968911917,1.219636121007632,0.015337236723384828
RMOD-1007-0066-17-145-30886,1.2553191489361701,1.166584891754814,0.07606326621278225
RMOD-1007-0066-17-145-32208,1.375,1.3422047239829384,0.024433885107886466
RMOD-1007-0212-17-118-51279,1.441340782122905,1.4332266893436068,0.0056614161874242175
RMOD-1007-0212-17-119-51362,1.144578313253012,1.297767642643834,-0.11804064484050636
RMOD-1007-0212-17-162-51376,1.6666666666666667,1.397067118239337,0.19297537312816737
RMOD-1007-0340-100-117-33258,0.7142857142857143,0.8759905403415004,-0.1845965436941206
RMOD-1007-0340-17-118-33128,1.1777777777777778,1.2335348289224524,-0.04520103513686824
RMOD-1007-0340-17-118-48568,1.3202614379084967,1.2946522770573785,0.019780725145229994
RMOD-1007-0340-17-145-33225,1.1666666666666667,1.2336813901198966,-0.05432093244651848
RMOD-1007-0340-17-162-48688,1.4333333333333333,1.2574241617198796,0.1398964462181549
RMOD-1007-0384-17-118-49913,1.396694214876033,1.4163628384111646,-0.013886712501716802
RMOD-1007-0384-17-162-50055,1.5,1.3889046589253111,0.07998773735891329
RMOD-1007-0418-100-117-40135,0.9041095890410958,1.0215623043455793,-0.11497361913693993
RMOD-1007-0418-17-118-40066,1.25,1.2724855967742486,-0.01767061004953574
RMOD-1007-0418-17-162-40175,1.3333333333333333,1.1938619244530073,0.11682373482530473
RMOD-1007-0428-19-117-36844,1.1533980582524272,1.1733767619500222,-0.017026674078999715
RMOD-1007-0428-19-145-36894,1.2307692307692308,1.277910673600977,-0.0368894663810172
RMOD-1007-0506-19-117-39321,1.311457174638487,1.3107902151310398,0.0005088224643030603
RMOD-1007-0506-19-145-39401,1.4552845528455285,1.387460123810762,0.048883876279256055
RMOD-1007-0506-19-162-39387,1.44,1.2823769886121261,0.12291472225999933
RMOD-1007-1055-24-117-43882,1.1419939577039275,1.1847408285720769,-0.03608120007113336
RMOD-1007-1055-46-162-43976,1.3,1.2835695639650684,0.012800580892691427
RMOD-1007-1435-18-117-46166,1.1883202099737533,1.223515949640312,-0.028766065270261154
RMOD-1007-1435-18-162-46218,1.4375,1.2849578646208248,0.11871372562413818
RMOD-1007-1564-46-117-47571,1.1666666666666667,1.2495185345571653,-0.06630703394876947
RMOD-1007-1564-46-158-47601,1.3963963963963963,1.3368377787016994,0.04455186608545625
RMOD-1007-1623-19-117-25372,1.2109256449165402,1.216784732978412,-0.004815221545005799
RMOD-1007-1623-19-117-32824,1.2776203966005666,1.2839999702630125,-0.0049685154285004085
RMOD-1007-1623-19-117-48933,1.353125,1.322097408276276,0.02346846119619661
RMOD-1007-1623-19-145-25404,1.4137931034482758,1.3366847605424919,0.05768625870657007
RMOD-1007-1623-19-162-49061,1.4615384615384615,1.3211649142879915,0.1062498297770198
RMOD-1007-1800-18-117-31119,1.2320388349514564,1.231693932198185,0.00028002310010233344
RMOD-1007-1800-18-117-36537,1.3189655172413792,1.3119376868647523,0.005356832452478644
RMOD-1007-1800-18-145-31211,1.269406392694064,1.2526922983266946,0.013342537820097755
RMOD-1007-2097-46-117-47879,1.2277397260273972,1.2374948474156382,-0.007882959196649164
RMOD-1007-2097-46-162-48003,1.76,1.4328619119798223,0.22831096652444516
RMOD-1007-2175-18-117-30169,1.1369549929676512,1.167297579239294,-0.025993874065442957
RMOD-1007-2181-17-118-26393,1.2335164835164836,1.2007116983574795,0.027321117303911846
RMOD-1007-2181-17-145-26426,1.3417721518987342,1.250164120057649,0.07327680451816265
RMOD-1007-2275-17-118-47386,1.3464566929133859,1.3388209557526416,0.005703329581102867
RMOD-1007-2275-17-119-51608,1.3046448087431695,1.3121023695122442,-0.005683672968174847
RMOD-1007-2275-17-154-51681,1.440909090909091,1.3677402291137981,0.053496168525145604
RMOD-1007-2275-17-162-51689,1.7,1.4215155680472793,0.19590670564042556
RMOD-1007-2275-18-162-47327,1.7241379310344827,1.379887788591474,0.24947691057865184
RMOD-1007-2756-18-117-41507,1.2306717363751585,1.2415997542420454,-0.008801562524114792
RMOD-1007-2756-18-117-49220,1.3221343873517786,1.3301431497507668,-0.00602097781767974
RMOD-1007-2756-18-162-41626,1.4423076923076923,1.3098503046794765,0.10112406521188588
RMOD-1007-2756-18-162-49307,1.5161290322580645,1.4125984562153207,0.07329087440752713
RMOD-1007-3540-24-117-28755,1.0938628158844765,1.1286761716278264,-0.03084441456147735
RMOD-1007-3540-24-117-42184,1.1990846681922196,1.241736467018341,-0.034348511104402846
RMOD-1007-3540-24-117-44207,1.172093023255814,1.1637589035387923,0.007161379983155358
RMOD-1007-3540-24-145-28802,1.475,1.328173993352971,0.11054726819064364
RMOD-1007-3540-24-162-42298,1.5,1.2872046480670893,0.1653158666358543
RMOD-1007-3540-46-162-44290,1.3333333333333333,1.343381274108603,-0.007479589725513436
RMOD-1007-3558-18-117-42468,1.2270642201834863,1.2627174196833728,-0.028235295517524905
RMOD-1007-3558-18-117-44503,1.1911922663802363,1.208427965430383,-0.014262909782966071
RMOD-1007-3558-18-145-44603,1.1904761904761905,1.2938970355488977,-0.07992973338008613
RMOD-1007-3558-18-162-42581,1.4242424242424243,1.32949699477659,0.07126411705936597
RMOD-1007-3558-18-162-44588,1.425531914893617,1.3169613187335973,0.08244023162686531
RMOD-1007-3708-18-117-42859,1.2892857142857144,1.2936777320913124,-0.003394986012859813
RMOD-1007-3708-18-117-45815,1.264418811002662,1.2602211038032614,0.003330929141507122
RMOD-1007-3708-18-162-42957,1.5512820512820513,1.354067104000511,0.14564636176366785
RMOD-1007-3708-18-162-45855,1.3125,1.2939661833899854,0.01432326195840683
RMOD-1007-3710-100-118-27490,1.3478260869565217,1.1890011474262778,0.13357845774500543
RMOD-1007-3710-18-117-27392,1.113214990138067,1.1367524911270683,-0.0207059154677236
RMOD-1007-3710-18-145-27467,1.127906976744186,1.15377118065784,-0.022417099982430688
RMOD-1007-3716-17-118-44797,1.261437908496732,1.229115000843962,0.02629770821328825
RMOD-1007-3716-17-162-44880,1.4210526315789473,1.2967578249359666,0.09585043888138367
RMOD-1007-3736-18-117-27030,1.1196537678207739,1.1581569260743132,-0.03324519966741424
RMOD-1007-3736-18-145-27093,1.3103448275862069,1.2437606145255589,0.05353458879709505
RMOD-1007-3857-18-117-29478,1.2675866711544934,1.271093111366347,-0.0027586021672986183
RMOD-1007-3857-18-117-32496,1.2862845737097235,1.2690879313632029,0.013550394674424648
RMOD-1007-4016-100-117-27891,1.0769230769230769,1.1701203036721695,-0.07964755970528259
RMOD-1007-4016-17-118-27781,1.1625,1.1874856843885238,-0.02104082997968071
RMOD-1007-4016-17-145-27861,1.3389830508474576,1.278990797414527,0.046905930483788216
RMOD-1007-4150-18-117-29093,1.2461622807017543,1.2375447038145762,0.006963446945080554
RMOD-1007-4150-18-145-29139,1.28,1.3559811326260092,-0.05603406330504257
RMOD-1007-4175-17-118-45126,1.2124352331606219,1.2424599357559454,-0.024165529793969354
RMOD-1007-4175-17-162-45207,1.5,1.2420565040125604,0.20767452620241755
RMOD-1007-4221-100-117-41916,0.2,0.7616944442761625,-0.7374275189967288
RMOD-1007-4221-17-118-41844,1.2670807453416149,1.2361007405262658,0.0250626860737575
RMOD-1007-4221-17-162-41951,1.5625,1.3153208399941123,0.1879230925946509
RMOD-1007-4268-18-117-53423,1.2936170212765958,1.304282807330895,-0.008177510271814348
RMOD-1007-4268-18-145-53490,1.330396475770925,1.3216592511276384,0.006610799747235996
RMOD-1007-4268-18-162-53560,1.375,1.3990362073471854,-0.017180547022983883
RMOD-1007-4268-19-117-50950,1.3695652173913044,1.3599424013951609,0.007075899675068165
RMOD-1007-4268-19-145-51007,1.3286713286713288,1.3881832709182185,-0.04287037849658393
RMOD-1007-4268-19-147-51026,1.1784232365145229,1.2582345469677243,-0.06343118669372283
RMOD-1007-4268-19-162-51065,1.1666666666666667,1.2963418833950326,-0.10003164935838937
RMOD-1007-4281-19-117-40825,1.3600508905852418,1.352337874174337,0.00570346845873404
RMOD-1007-4281-19-162-40914,1.5217391304347827,1.333724219621069,0.14096985572259557
RMOD-1007-4292-100-117-35605,1.3636363636363635,1.3246689433773597,0.029416723668068245
RMOD-1007-4292-17-119-35508,1.319721980886186,1.3082705321430774,0.00875311983397653
RMOD-1007-4292-17-124-24303,1.3,1.249368484520606,0.040525686462166366
RMOD-1007-4292-17-145-24380,1.2390243902439024,1.236936068457849,0.0016883021194920023
RMOD-1007-4292-17-145-35580,1.3015873015873016,1.3709393775203862,-0.05058726670943059
RMOD-1007-4293-100-117-40530,0.9666666666666667,1.0564104316037874,-0.0849516080609658
RMOD-1007-4293-17-118-38062,1.2532588454376163,1.2660022428217406,-0.010065856878516244
RMOD-1007-4293-17-118-40456,1.3123689727463312,1.3477530766363572,-0.026254144400349344
RMOD-1007-4293-17-162-38149,1.631578947368421,1.3531164199175931,0.20579347301674655
RMOD-1007-4293-17-162-40574,1.3333333333333333,1.4196568234363114,-0.060805885392802295
RMOD-1007-4480-100-118-28225,1.2222222222222223,1.2107274514323203,0.0094941027200659
RMOD-1007-4480-17-118-51951,1.183574879227053,1.0528389737294834,0.12417464470797701
RMOD-1007-4480-17-118-54256,1.3137254901960784,1.4003452557847715,-0.0618560067461007
RMOD-1007-4480-17-162-52020,1.24,1.1285245150895264,0.09877985229379815
RMOD-1007-4480-17-162-54383,1.1904761904761905,1.356904861686363,-0.1226531615513079
RMOD-1007-4480-18-117-28156,1.139937106918239,1.1628949496128036,-0.01974197471767214
RMOD-1007-4480-18-145-28201,1.1724137931034482,1.2158158014375624,-0.03569784854152758
RMOD-1007-4650-19-117-161582,1.279611650485437,1.2499437726132863,0.023735369959980934
RMOD-1007-4650-19-145-162352,1.2442244224422443,1.3236455747371965,-0.0600018266300032
RMOD-1007-4720-19-117-46501,1.271186440677966,1.313867753994637,-0.03248524304436584
RMOD-1007-4720-19-154-46592,1.3369565217391304,1.299226213883606,0.02904059928312419
RMOD-1007-4720-19-162-46571,1.2,1.2493594346822943,-0.039507793603724695
RMOD-1007-4775-00-130-35920,1.6363636363636365,1.3812018810794668,0.18473892830550587
RMOD-1007-4775-03-101-35819,1.2,1.1965835349273617,0.002855183088279478
RMOD-1007-4775-03-106-35898,1.102803738317757,1.231704185283775,-0.10465211412456177
RMOD-1007-5070-19-117-43219,1.2881806108897742,1.3078034512483179,-0.015004426192493425
RMOD-1007-5070-19-162-43308,1.5277777777777777,1.391355544210312,0.09804987239612761
RMOD-1007-5117-19-117-46890,1.311572700296736,1.3016635142653064,0.007612709369842596
RMOD-1007-5117-19-154-47012,1.3113553113553114,1.3419850855269584,-0.022824228452300255
RMOD-1007-5117-19-162-46925,1.5,1.527683302281161,-0.01812110025672453
RMOD-1007-5122-19-117-43509,1.262857142857143,1.2670400483582331,-0.003301320669784946
RMOD-1007-5122-19-117-45405,1.2682926829268293,1.2569039176140717,0.009060967312741308
RMOD-1007-5122-19-162-43606,1.21875,1.3275700648911526,-0.08196935722565779
RMOD-1007-5122-19-162-45505,1.4615384615384615,1.2823965849898395,0.13969303930269072
RMOD-1007-5122-24-117-25030,1.2131147540983607,1.2278887723928171,-0.012032049340809592
RMOD-1007-5122-24-145-25113,1.35,1.337104599096841,0.009644272341796656
RMOD-1007-5141-24-117-24714,1.1785028790786949,1.2230877594382825,-0.03645272386673537
RMOD-1007-5141-24-145-24781,1.3613861386138615,1.2788873875484965,0.06450822165312542
RMOD-1007-5224-18-117-29826,1.1982823002240477,1.2023931639444752,-0.0034189014406416085
RMOD-1007-5224-18-117-33422,1.2484263533361308,1.2487187494622558,-0.0002341569118351483
RMOD-1007-5224-18-117-37617,1.2160148975791434,1.2372211922560437,-0.017140261425874104
RMOD-1007-5224-18-145-29868,1.3202846975088969,1.2466565915955499,0.059060455308797666
RMOD-1007-5224-18-145-33468,1.3005181347150259,1.3740935519326454,-0.05354469287344854
RMOD-1007-5224-18-145-37684,1.3203883495145632,1.3562021406246427,-0.026407413789794276
RMOD-1007-5261-19-117-26687,1.2358247422680413,1.2113292003046996,0.020222035394820814
RMOD-1007-5261-19-118-26779,1.2534246575342465,1.2269904222746442,0.021543962185619714
RMOD-1007-6158-100-118-26059,1.6136363636363635,1.2339729166165947,0.30767567254292794
RMOD-1007-6158-18-117-161645,1.2034714558041537,1.2429781671932185,-0.03178391417628457
RMOD-1007-6158-18-117-25986,1.0974734226149385,1.1272639477530824,-0.026427284574765175
RMOD-1007-6158-18-145-161709,1.2722323049001816,1.2635725939850704,0.006853354493705943
RMOD-1007-6158-18-145-26029,1.17921146953405,1.1994888288296879,-0.01690500053712196
RMOD-1007-6158-18-145-37828,1.24009900990099,1.2460212594503972,-0.004752928173969773
RMOD-1007-6158-18-162-37881,1.0588235294117647,1.1267485313044099,-0.060284082921333026
RMOD-1007-6158-19-117-36182,1.2301396244583533,1.2668377974610434,-0.028968328128699095
RMOD-1007-6158-19-117-37778,1.1617161716171618,1.1817109958018481,-0.016920231982032963
RMOD-1007-6158-19-145-36224,1.3126293995859213,1.295475253789412,0.013241585083413554
RMOD-1007-6158-34-117-50254,1.2534381139489195,1.2986327300774116,-0.034801691873111884
RMOD-1007-6158-34-119-50372,1.3421052631578947,1.2691545287820782,0.057479788884197136
RMOD-1007-6158-34-145-50355,1.33402489626556,1.3507260660146467,-0.012364586846512648
RMOD-1007-6158-34-162-50315,1.28125,1.3047445251438656,-0.018006992703245905
RMOD-1007-6162-100-147-23733,1.3541666666666667,1.2336227000641575,0.09771542514274434
RMOD-1007-6162-34-117-162395,1.262699564586357,1.2098610799071599,0.043673183274274496
RMOD-1007-6162-34-117-24030,1.1302752293577982,1.211885021796663,-0.06734120066759752
RMOD-1007-6162-34-145-162459,1.268041237113402,1.2821407635424626,-0.010996863082415764
RMOD-1007-6162-34-145-24088,1.1607142857142858,1.261360558582909,-0.07979183444715887
RMOD-1007-6343-17-118-39662,1.349680170575693,1.343434042101208,0.004649374869729828
RMOD-1007-6343-17-162-39730,1.3902439024390243,1.2333527252321497,0.12720706250301883
RMOD-1007-6382-34-117-30488,1.3481953290870488,1.2910196872709438,0.044287195911758115
RMOD-1007-6382-34-145-30535,1.4482758620689655,1.320192326159384,0.097018845945116
RMOD-1007-6416-17-118-53876,1.4242424242424243,1.422040843614695,0.0015481838215933852
RMOD-1007-6416-17-162-53992,1.5454545454545454,1.3930121521282468,0.10943364212106621
RMOD-1007-6710-17-118-31488,1.3592493297587132,1.360426314532127,-0.0008651587820973639
RMOD-1007-6710-17-145-31534,1.1333333333333333,1.3321576622523215,-0.14924984823705445
RMOD-1007-6766-17-118-48263,1.4630434782608697,1.3882622307654129,0.05386680256670684
RMOD-1007-6766-17-162-48316,1.5689655172413792,1.5220774444069565,0.03080531349223925
RMOD-1007-6769-17-118-25700,1.1721194879089616,1.2073323747288789,-0.02916585983857567
RMOD-1007-6874-17-118-52689,1.2705882352941176,1.2595736752781401,0.008744673084363441
RMOD-1007-6874-17-162-52813,1.5714285714285714,1.3625985707781345,0.1532586376713878
RMOD-1007-7338-18-117-50531,1.377326565143824,1.3711326927033123,0.004517339914271723
RMOD-1007-7338-18-162-50646,1.3269230769230769,1.349939236180931,-0.017049774272039353
RMOD-1007-7345-18-117-38484,1.3007334963325183,1.298557648782836,0.0016755879507712734
RMOD-1007-7345-18-117-53035,1.426356589147287,1.3921585999175559,0.02456472217443917
RMOD-1007-7345-18-145-38530,1.4275362318840579,1.3762546355905347,0.037261706494829516
RMOD-1007-7345-18-145-53117,1.3725490196078431,1.3490256690804538,0.01743728904982489
RMOD-1007-7345-18-162-38589,1.4444444444444444,1.1510027575650814,0.25494438214911996
RMOD-1007-7345-18-162-53174,1.4285714285714286,1.420917129263024,0.005386872429621992
RMOD-1007-7378-18-117-54614,1.3297812675266405,1.291633111313806,0.029534823688463385
RMOD-1007-7378-18-162-54703,1.3255813953488371,1.3087732961722671,0.012842636097273985
RMOD-1007-7529-100-117-33907,1.4814814814814814,1.3246393253711415,0.11840366891296661
RMOD-1007-7529-17-119-33800,1.2609625668449198,1.2708656975017871,-0.007792428953220298
RMOD-1007-7529-17-145-33889,1.3878504672897196,1.351389398921662,0.026980430952878054
RMOD-1007-7575-18-117-161791,1.1772853185595569,1.2006348573914887,-0.019447660284211077
RMOD-1007-7575-18-145-161800,1.3359375,1.290341743623396,0.03533618640327574
RMOD-1007-8342-18-117-28430,1.1708860759493671,1.2082956941096503,-0.03096064840970003
RMOD-1007-8342-18-158-28472,1.2647058823529411,1.2892744221433234,-0.019056098041205893
RMOD-1007-8348-100-117-35278,0.625,0.9276420492317066,-0.3262487394597532
RMOD-1007-8348-17-118-35166,1.4180327868852458,1.3964812396664807,0.015432750979105458
RMOD-1007-8348-17-118-49602,1.4526315789473685,1.3830640147633597,0.05029959816857188
RMOD-1007-8348-17-145-35251,1.3636363636363635,1.469922836949708,-0.07230751889936171
RMOD-1007-8348-17-162-49649,1.4285714285714286,1.4251703080014315,0.002386466060162684
RMOD-1007-8406-19-117-31868,1.2855007473841555,1.2942893647588096,-0.00679030332316144
RMOD-1007-8680-34-118-37249,1.2998102466793169,1.3025323990223423,-0.0020898922322919455
RMOD-1007-8767-19-145-41204,1.4709302325581395,1.3896624813560698,0.05848020817455368
RMOD-1007-8767-34-117-41145,1.3657957244655583,1.3636182319499786,0.0015968490773738964
RMOD-1007-8767-34-162-41273,1.7058823529411764,1.5092644526350694,0.13027398873857132
RMOD-1007-8782-00-130-34976,1.25,1.3109104099683175,-0.046464204956454425
RMOD-1007-8782-19-117-34907,1.2579617834394905,1.2778253517756442,-0.015544822544451442
RMOD-1007-8782-19-117-38961,1.3067047075606277,1.3105323469509578,-0.0029206752502030087
RMOD-1007-8782-19-117-52282,0.8927680798004988,0.9178888199719792,-0.02736795527398117
RMOD-1007-8782-19-154-52415,0.986159169550173,0.9640176988122253,0.022967908955642935
RMOD-1007-8782-19-158-34952,1.2769230769230768,1.31797435520295,-0.031147251172084944
RMOD-1007-8782-19-162-39065,1.5,1.2603005728730245,0.1901922702300678
RMOD-1007-8782-19-162-52385,1.0769230769230769,0.9740205858161505,0.10564714196538527
RMOD-1007-9414-17-118-34542,0.9766081871345029,0.898050027594749,0.08747637339331371
RMOD-1007-9414-17-145-34593,0.8181818181818182,0.9599905881693924,-0.14771891697187323
RMOD-1007-9565-04-101-34166,0.900990099009901,0.930760807115392,-0.03198534776916129
RMOD-1007-9565-04-106-34220,0.9183673469387755,1.0033368558700975,-0.0846869208822556
RMOD-1007-9565-100-104-34254,1.1470588235294117,1.0743995787066816,0.0676277674179604
RMOD-1008-0004-00-117-24049,1.4375,1.3364658466066957,0.07559800622652002
RMOD-1008-0004-00-117-43220,1.44,1.2679288540790712,0.1357104110119085
RMOD-1008-0004-00-117-45128,1.411764705882353,1.2081310913496752,0.16855258174440868
RMOD-1008-0004-00-117-49914,1.3333333333333333,1.3583349821588429,-0.01840609949231642
RMOD-1008-0004-00-119-26011,1.2352941176470589,1.287133116599895,-0.040274776776604515
RMOD-1008-0004-00-119-54387,1.3636363636363635,1.3664008944979533,-0.002023220910291723
RMOD-1008-0004-00-126-28180,1.3235294117647058,1.198323028448906,0.10448466760908826
RMOD-1008-0004-00-126-43322,1.4285714285714286,1.3488608103369695,0.05909476917380818
RMOD-1008-0004-00-127-26060,1.04,1.0804347031374162,-0.03742447648154945
RMOD-1008-0004-00-127-45284,1.1764705882352942,1.2150140578986992,-0.03172265325889634
RMOD-1008-0004-00-127-49998,1.3636363636363635,1.2878182159623863,0.05887333067215428
RMOD-1008-0004-00-127-52064,1.4,1.259850352822427,0.1112430907874078
RMOD-1008-0004-00-127-54257,1.3571428571428572,1.3490572063367299,0.0059935566617543845
RMOD-1008-0004-00-135-51952,0.9298245614035088,1.0205130847711281,-0.08886561546436045
RMOD-1008-0073-00-117-36917,1.2727272727272727,1.3372743023172946,-0.04826760633788563
RMOD-1008-0073-00-130-36877,1.2125,1.214748694530368,-0.0018511602774247127
RMOD-1008-0148-00-101-24734,1.3555555555555556,1.27305415075248,0.06480588807185494
RMOD-1008-0148-00-101-28756,1.3096774193548386,1.2897884177254983,0.015420359925711002
RMOD-1008-0148-00-101-38093,1.4177215189873418,1.3624538384681644,0.0405648095801292
RMOD-1008-0148-00-101-41146,1.5535714285714286,1.3977542410031873,0.11147681258789044
RMOD-1008-0148-00-103-26459,1.1918505942275042,1.2109067826013087,-0.015737122499939526
RMOD-1008-0148-00-106-24728,1.381578947368421,1.2749347384850813,0.08364679827459853
RMOD-1008-0148-00-107-26435,1.352112676056338,1.2254605614980727,0.1033506246854965
RMOD-1008-0148-00-107-38128,1.2424242424242424,1.2815415742468952,-0.030523654174575032
RMOD-1008-0148-00-107-41225,1.5873015873015872,1.403979016233947,0.13057358332846558
RMOD-1008-0409-00-119-25416,1.3513513513513513,1.3268039941578282,0.01850111795081255
RMOD-1008-0409-00-127-25474,1.2916666666666667,1.244562121175314,0.03784828791580863
RMOD-1008-0409-00-127-27116,1.1666666666666667,1.1966062725449729,-0.025020432004446924
RMOD-1008-0409-00-147-27055,1.5918367346938775,1.3183011916834677,0.20749093206925306
RMOD-1008-0622-00-127-50532,1.46,1.3987714877475366,0.04377306285464866
RMOD-1008-1632-00-119-30206,1.2727272727272727,1.2901916677116,-0.013536279470246382
RMOD-1008-1724-00-117-31144,1.3137254901960784,1.3287064129609631,-0.011274817836921747
RMOD-1008-1724-00-117-32850,1.4705882352941178,1.3651568365365598,0.07723024632469344
RMOD-1008-1724-00-127-31232,1.0588235294117647,1.1360182991214103,-0.06795204775252961
RMOD-1008-1728-00-119-31489,1.2121212121212122,1.1950794264029163,0.01425996075389735
RMOD-1008-1882-00-117-40068,1.6666666666666667,1.0840602446408671,0.5374299305836165
RMOD-1008-1882-100-161-40136,1.1772151898734178,1.2477016466605908,-0.056493038200138956
RMOD-1008-2116-00-119-36183,1.3404255319148937,1.2400276365443788,0.08096424016024084
RMOD-1008-2129-00-101-33423,1.4268292682926829,1.364711585530221,0.04551707732321186
RMOD-1008-2447-00-119-36633,1.3928571428571428,1.3346786588179609,0.04358988109595363
RMOD-1008-2713-00-117-162405,1.4705882352941178,1.2779062022375818,0.15077948030861288
RMOD-1008-2713-00-117-46290,1,1.2952808060655634,-0.22796663448019716
RMOD-1008-2713-00-119-28457,1.4864864864864864,1.255565457026993,0.18391795359381957
RMOD-1008-2713-00-119-28502,1.0526315789473684,1.352405177412387,-0.22165960576887755
RMOD-1008-2713-00-119-46167,1.3636363636363635,1.319064633139989,0.033790406759881986
RMOD-1008-2883-00-107-25787,1.105263157894737,1.1159589989083403,-0.009584439055616123
RMOD-1008-2883-00-117-25747,1.3191489361702127,1.2782238901351923,0.03201711871516655
RMOD-1008-2883-00-117-47351,1.5,1.374971492997959,0.09093170850359344
RMOD-1008-2883-00-117-51609,1.5,1.3307731952721762,0.12716427211566472
RMOD-1008-2883-00-118-37313,1.625,1.4330333260954862,0.13395827606295496
RMOD-1008-2883-00-119-33260,1.4181818181818182,1.380830471064579,0.027049915177815187
RMOD-1008-2883-00-119-35195,1.6818181818181819,1.480170453141772,0.136232775251254
RMOD-1008-2883-00-119-47234,1.3548387096774193,1.348004549899258,0.005069834355286185
RMOD-1008-2883-00-119-49603,1.5609756097560976,1.4254085757854134,0.09510749147554787
RMOD-1008-2883-00-127-29509,1.1323529411764706,1.2585210454673532,-0.10025108816835882
RMOD-1008-2883-00-127-33129,1.4130434782608696,1.2600075091504241,0.12145639450484857
RMOD-1008-2883-00-127-37284,1.1746031746031746,1.1827059886297957,-0.006851080576677049
RMOD-1008-2883-00-154-49688,1.39,1.3246467351531896,0.04933637256823231
RMOD-1008-2883-00-154-51719,1.4444444444444444,1.341298367317388,0.07690017347396738
RMOD-1008-3862-00-117-25044,1.2727272727272727,1.3146278107822174,-0.03187254804081274
RMOD-1008-3862-00-117-26710,1.1973684210526316,1.1994352169165539,-0.0017231408872881993
RMOD-1008-3862-00-117-35606,1.3255813953488371,1.29926050594256,0.02025836180341889
RMOD-1008-3862-00-117-46624,1.25,1.286766362226909,-0.028572679008549984
RMOD-1008-3862-00-119-37618,1.471698113207547,1.3960924198832585,0.054155220848925545
RMOD-1008-3862-00-119-39348,1.5,1.3314283442220418,0.12660963431453398
RMOD-1008-3862-00-119-41869,1.5833333333333333,1.4248803894962205,0.11120438249075448
RMOD-1008-3862-00-119-44504,1.411764705882353,1.3623443080659494,0.03627599684147631
RMOD-1008-3862-00-119-46519,1.1538461538461537,1.4013175657435357,-0.17659909355812153
RMOD-1008-3862-00-119-48569,1.4444444444444444,1.3714424041748385,0.053230117464196036
RMOD-1008-3862-00-119-50959,1.4615384615384615,1.301459476989432,0.12299959190379717
RMOD-1008-3862-00-126-25065,1.4137931034482758,1.3260580309869852,0.06616231749374468
RMOD-1008-3862-00-126-26780,1.24,1.2458842939542913,-0.004722985900733501
RMOD-1008-3862-00-126-35532,1.2692307692307692,1.2790672935583083,-0.0076903884393558775
RMOD-1008-3862-00-126-37702,1.46875,1.2149703181765283,0.20887726887382185
RMOD-1008-3862-00-126-39435,1.1666666666666667,1.194526149481181,-0.023322622804544335
RMOD-1008-3862-00-126-41917,1.5,1.4094204381854014,0.06426724017938734
RMOD-1008-3862-00-126-44626,1.3636363636363635,1.3143854797090586,0.0374706543001424
RMOD-1008-3862-00-154-48639,0.9833333333333333,1.1414470932924834,-0.1385204455714839
RMOD-1008-3862-00-154-51027,1.3035714285714286,1.2598818485648076,0.034677521591718996
RMOD-1008-3862-00-161-161792,1.206997084548105,1.2206290600461354,-0.01116799193484308
RMOD-1008-4295-00-117-30857,1.20625,1.256280049769364,-0.03982396264156929
RMOD-1008-4295-00-156-30923,1.2619047619047619,1.2693017051130053,-0.005827568952635032
RMOD-1008-4646-00-119-27491,1.4285714285714286,1.3570454391808064,0.05270714400970955
RMOD-1008-4646-00-119-30553,1.3846153846153846,1.2008165523542722,0.15306154124938054
RMOD-1008-4646-00-126-27417,1.027027027027027,1.255939412734873,-0.18226387625608265
RMOD-1008-4646-00-126-30512,1.320754716981132,1.3516043971866787,-0.02282448937703896
RMOD-1008-4691-00-119-161660,1.3398058252427185,1.325171253130558,0.011043532734043238
RMOD-1008-4691-00-119-41508,1.4,1.436410569555189,-0.02534830244702535
RMOD-1008-4691-00-126-41582,1.56,1.4318058920588543,0.0895331613399144
RMOD-1008-5054-00-101-29856,1.3691275167785235,1.3920000447679641,-0.01643141325706876
RMOD-1008-5054-00-101-34195,1.078740157480315,0.9804203758602925,0.10028329076060816
RMOD-1008-5054-00-101-47880,1.5555555555555556,1.4815807694677117,0.04992963435562214
RMOD-1008-5054-00-101-53877,1.5813953488372092,1.4184742660989709,0.1148565657001992
RMOD-1008-5054-00-107-29886,1.3174603174603174,1.3644117470762647,-0.03441148151689355
RMOD-1008-5054-00-107-34259,1.2419354838709677,1.0521292361794963,0.1804020277781635
RMOD-1008-5054-00-107-47960,1.5588235294117647,1.482734109841017,0.051316968474480085
RMOD-1008-5054-00-107-53993,1.3396226415094339,1.4338537773418174,-0.06571879038257022
RMOD-1008-5242-00-117-35847,1.2727272727272727,1.2737230538614974,-0.0007817877922565719
RMOD-1008-5242-00-117-53424,1.4827586206896552,1.3245267754000911,0.11946292685685256
RMOD-1008-5704-00-101-31869,1.2882352941176471,1.3511617315561728,-0.04657209863844469
RMOD-1008-5704-00-107-31928,1.4528301886792452,1.3046717191113235,0.11355996102133625
RMOD-1008-5704-00-107-34908,1.2941176470588236,1.2809640642506275,0.010268502587456263
RMOD-1008-5707-00-103-42543,1.65,1.3836019843407175,0.19253948655344022
RMOD-1008-5707-00-107-42495,1.4333333333333333,1.37748516015003,0.04054357520426621
RMOD-1008-5892-00-119-161596,1.3742138364779874,1.346726680616449,0.020410344769405286
RMOD-1008-5892-00-119-44213,1.4166666666666667,1.305901270962784,0.08481911930617869
RMOD-1008-5929-00-119-42185,1.1428571428571428,1.3122348543849565,-0.12907576030450796
RMOD-1008-5929-00-127-42251,1.5862068965517242,1.3926583694474621,0.13897775028706616
RMOD-1008-6023-00-108-45561,1.24,1.2296811463741386,0.00839148722112859
RMOD-1008-6023-00-119-45406,1,1.4823968676587302,-0.32541681528281885
RMOD-1008-6866-00-119-48264,1.3333333333333333,1.425541709781727,-0.06468304351649745
RMOD-1008-7339-00-119-49221,1.2,1.3584005844514924,-0.11660815393086188
RMOD-1008-7382-00-117-34616,1.5,1.0545020424348008,0.42247235153434426
RMOD-1008-7382-00-117-38485,1.7857142857142858,1.4101009607345492,0.266373355836927
RMOD-1008-7382-00-119-34544,0.7777777777777778,0.7657486426213047,0.01570898658768094
RMOD-1008-7418-00-108-52809,1.2692307692307692,1.3756433044450291,-0.07735474368276707
RMOD-1008-7418-00-117-52690,1.4,1.336926886494443,0.0471776834939277
RMOD-1008-8514-00-101-24330,1.2737430167597765,1.292674636821724,-0.014645309440350918
RMOD-1008-8514-00-101-27808,1.2542372881355932,1.1785578297411203,0.06421361471171627
RMOD-1008-8514-00-101-38962,1.4333333333333333,1.4190331070589808,0.010077443720809542
RMOD-1008-8514-00-101-51280,1.6511627906976745,1.405337882128274,0.17492228146381272
RMOD-1008-8514-00-101-53036,1.6666666666666667,1.4713363011964176,0.13275711699046377
RMOD-1008-8514-00-107-24317,1.2367149758454106,1.2200895119214303,0.013626429668916584
RMOD-1008-8514-00-107-27893,1.3333333333333333,1.2653659049898331,0.053713655532741766
RMOD-1008-8514-00-107-29119,1.1618497109826589,1.2161955823645627,-0.04468514124697198
RMOD-1008-8514-00-107-32497,1.35625,1.3105919472129934,0.03483773334949869
RMOD-1008-8514-00-107-33831,1.1524663677130045,1.2464812008144455,-0.07542418853971655
RMOD-1008-8514-00-107-39064,1.3666666666666667,1.310451163470783,0.042897823866243634
RMOD-1008-8514-00-107-51363,1.4666666666666666,1.4354422897891295,0.02175244320140801
RMOD-1008-8514-00-107-53161,1.4210526315789473,1.5567484252252064,-0.08716616728012982
RMOD-1008-9462-00-127-47573,1.2608695652173914,1.1532515839849022,0.09331700274855015
RMOD-1008-9465-00-117-32181,1.3529411764705883,1.1710810120228892,0.1552925566896175
RMOD-1008-9465-00-117-37780,1.3636363636363635,1.2886119896514785,0.058221073983004246
RMOD-1008-9465-00-117-39663,1.4482758620689655,1.388383018214142,0.04313855979876724
RMOD-1008-9465-00-117-43884,1.3333333333333333,1.2669650658833405,0.05238366016328966
RMOD-1008-9465-00-117-45816,1.5833333333333333,1.2004437142485147,0.3189567445271766
RMOD-1008-9465-00-117-50255,1.25,1.3613850070033637,-0.08181741860705571
RMOD-1008-9465-00-127-37850,1.3846153846153846,1.2379796950304263,0.11844757242270809
RMOD-1008-9465-00-127-43958,1.25,1.2513519888922762,-0.0010804225384042354
RMOD-1008-9465-00-127-45951,0.75,1.1574697427640899,-0.35203489794129195
RMOD-1008-9465-00-127-50373,1.2222222222222223,1.2034248426783296,0.015619903194002083
RMOD-1008-9465-00-127-52437,1.3333333333333333,0.9573631027305772,0.39271435208900285
RMOD-1008-9465-00-135-52338,0.8518518518518519,0.8942905297497452,-0.04745513508878285
RMOD-1008-9465-00-135-54615,1.5555555555555556,1.2062760019619558,0.28955193755451614
RMOD-1008-9468-00-117-40858,1.3529411764705883,1.3576447790424502,-0.003464531108924751
RMOD-1008-9468-00-117-42860,1.2641509433962264,1.3668397406161652,-0.07512863005698611
RMOD-1008-9468-00-119-44798,1.2424242424242424,1.2399465207788245,0.0019982487985543695
RMOD-1008-9468-00-119-46893,1.28,1.3834021808232138,-0.07474484445418661
RMOD-1008-9468-00-119-48935,1.3461538461538463,1.369175311790035,-0.01681411097465002
RMOD-1008-9468-00-126-40899,1.2941176470588236,1.424324873923948,-0.09141680332128843
RMOD-1008-9468-00-126-42964,1.588235294117647,1.3478211951831487,0.17837239820362805
RMOD-1008-9468-00-127-44938,1.0769230769230769,1.3161303180329975,-0.1817504223042472
RMOD-1008-9468-00-127-46963,1.3846153846153846,1.2569022175061841,0.10160946916188585
RMOD-1008-9468-00-127-49015,1.4242424242424243,1.3124441771317261,0.08518323983502829
RMOD-1008-9570-00-101-40489,1.4901960784313726,1.3978245956525268,0.0660823132359647
RMOD-1008-9570-00-101-43510,1.30635838150289,1.2674794459636307,0.030674213821038077
RMOD-1008-9570-00-107-40531,1.3985507246376812,1.3400408244481337,0.04366277438871591
RMOD-1009-0037-33-119-46520,1.18,1.1922057063532334,-0.010237919755114011
RMOD-1009-0073-00-108-50533,1.3111111111111111,1.3675043271282754,-0.04123805307116546
RMOD-1009-0148-00-101-31145,1.3526570048309179,1.3042210433613235,0.037137846928740004
RMOD-1009-0183-00-135-53425,1.5,1.4826493630315871,0.01170245467406783
RMOD-1009-0294-00-117-33130,1.434782608695652,1.3416571888694955,0.0694107411332292
RMOD-1009-0294-00-126-33261,1.2394366197183098,1.3042492354273172,-0.04969342817960132
RMOD-1009-0491-00-117-50960,1.8333333333333333,1.4886988264153709,0.23150048942256896
RMOD-1009-0622-00-119-38094,1.2727272727272727,1.3470543701406088,-0.055177503641206216
RMOD-1009-0622-00-127-47235,1.4130434782608696,1.4232797768461312,-0.007192049484426977
RMOD-1009-0622-00-127-48570,1.3658536585365855,1.2717447247947073,0.07399986169163753
RMOD-1009-0622-00-135-52691,1.1095890410958904,1.1563415137278594,-0.04043137090291471
RMOD-1009-0914-00-119-50256,1.5294117647058822,1.4197616755284823,0.07723133471438759
RMOD-1009-0914-00-145-52284,0.8947368421052632,1.0512940450498287,-0.14891856724742047
RMOD-1009-0962-00-101-26436,1.218978102189781,1.2844887701729182,-0.05100135517285842
RMOD-1009-0962-00-117-26460,1.32,1.3119742829793015,0.006117282270558855
RMOD-1009-1249-00-119-30554,0.9215686274509803,1.2602331425339621,-0.2687316367525663
RMOD-1009-1249-00-127-30513,1.3333333333333333,1.2439143289156545,0.07188517917920212
RMOD-1009-1633-00-127-54616,1.2391304347826086,1.213822410229413,0.02084985772211323
RMOD-1009-1793-00-117-24318,1.3350253807106598,1.364789066449173,-0.021808268010199305
RMOD-1009-1793-00-117-40069,1.5,1.3996602752030312,0.0716886280011153
RMOD-1009-1793-00-117-49605,1.6779661016949152,1.4736261305758929,0.1386647310869591
RMOD-1009-1793-00-126-40131,1.3,1.3214201859442647,-0.016209973309101566
RMOD-1009-1793-00-127-49689,1.1875,1.3482204123817725,-0.11920930057559587
RMOD-1009-1793-00-130-24544,1.4181818181818182,1.2981503226232405,0.09246347935732402
RMOD-1009-1874-00-117-34909,1.4166666666666667,1.3518225659195335,0.047967908201787646
RMOD-1009-1882--00-119-32182,1.6153846153846154,1.3333932117666332,0.21148405521306612
RMOD-1009-1882-00-117-43511,0.6,1.2329282838354718,-0.5133536898565731
RMOD-1009-1882-00-119-27809,1,1.1521715029813184,-0.1320736562113929
RMOD-1009-1882-00-119-36635,1.1666666666666667,1.474698752795818,-0.20887797290474852
RMOD-1009-1882-00-127-43623,1.2307692307692308,1.0926730023477655,0.1263838569496507
RMOD-1009-1883-00-119-42496,1.6666666666666667,1.3275832800419038,0.25541402315194883
RMOD-1009-1883-100-161-42544,1.1512605042016806,1.3156380086339627,-0.12494128578951325
RMOD-1009-2076-100-106-53037,2,1.7916666666666667,0.11627906976744184
RMOD-1009-2076-100-135-53269,1.2444444444444445,1.383074254978377,-0.10023309307865036
RMOD-1009-2089-00-119-161661,1.4871794871794872,1.3415768806391364,0.10853094492131143
RMOD-1009-2258-00-119-30858,1.186046511627907,1.2539494395662258,-0.054151248683366626
RMOD-1009-2258-00-119-36184,1.2195121951219512,1.157875387020926,0.053232678396946786
RMOD-1009-2258-00-119-40490,1.1764705882352942,1.3064319358596446,-0.09947808535378055
RMOD-1009-2283-00-117-46965,1.4230769230769231,1.4340664420887548,-0.007663186787792875
RMOD-1009-2283-00-119-46895,1.3870967741935485,1.336714370503494,0.03769122618998777
RMOD-1009-2698-00-108-37287,1.3048780487804879,1.218999426143877,0.07045009275211478
RMOD-1009-2698-00-130-37314,1.4285714285714286,1.2879011914527339,0.10922440172605219
RMOD-1009-2883-00-117-24050,1.3866666666666667,1.3132380629667812,0.055914160402875
RMOD-1009-2883-00-119-41918,1.4285714285714286,1.4241317403494789,0.0031174701722891385
RMOD-1009-2883-00-127-38964,1.4523809523809523,1.3220419783147892,0.09858913423634741
RMOD-1009-2883-00-127-41870,1.2608695652173914,1.3469139693168901,-0.06388262803684308
RMOD-1009-2883-00-127-44215,1.1666666666666667,1.408312033831689,-0.17158510426667428
RMOD-1009-2914-00-119-28181,1.3953488372093024,1.295108097064378,0.0773995162041996
RMOD-1009-4295-00-117-45817,1.3278688524590163,1.2834815074624428,0.03458354852679668
RMOD-1009-4474-00-101-27418,1.3015075376884422,1.2037025719982235,0.08125343250522121
RMOD-1009-4474-00-107-27492,1.1818181818181819,1.2104895091904155,-0.023685729743671557
RMOD-1009-4656-00-101-33832,1.3994565217391304,1.3379576967959437,0.04596470059588609
RMOD-1009-4656-00-101-37781,1.356401384083045,1.3571921798202347,-0.0005826704198180765
RMOD-1009-4656-00-130-33908,1.53125,1.440553231114162,0.0629596789114768
RMOD-1009-4656-00-130-37851,1.2777777777777777,1.1712698176620058,0.09093375284644023
RMOD-1009-4691-00-117-24729,1.4583333333333333,1.2900434591937808,0.13045287190923482
RMOD-1009-4691-00-127-24735,1.2592592592592593,1.292366949778622,-0.02561787155345785
RMOD-1009-4700-00-117-31490,1.3371647509578544,1.313417715376123,0.018080337507044186
RMOD-1009-4700-00-117-35533,1.3761755485893417,1.3172922053379998,0.04470028974037166
RMOD-1009-4700-00-117-39664,1.347305389221557,1.311204502161213,0.027532613715739895
RMOD-1009-4700-00-127-31550,1.135483870967742,1.2332025746123192,-0.0792397823814932
RMOD-1009-4700-00-127-39732,1.288888888888889,1.2970790729724844,-0.00631432906000573
RMOD-1009-4700-00-130-35607,1.3822525597269624,1.350515125181935,0.023500243687201827
RMOD-1009-5054-00-101-26711,1.4317180616740088,1.3203640340923595,0.08433585337561533
RMOD-1009-5054-00-101-37619,1.475177304964539,1.4000324627533158,0.05367364272642838
RMOD-1009-5054-00-101-45407,1.4615384615384615,1.2963049759487117,0.12746497826934777
RMOD-1009-5054-00-107-26781,1.2417582417582418,1.3081107263107903,-0.05072390526120041
RMOD-1009-5054-00-107-37703,1.4923076923076923,1.4155773783475667,0.05420425271961782
RMOD-1009-5114-00-117-30210,1.3061224489795917,1.309378986902425,-0.002487085828784541
RMOD-1009-5114-00-117-38486,1.4296296296296296,1.334921687123568,0.07094644084338331
RMOD-1009-5114-00-117-47574,1.40625,1.3233502024751367,0.06264388471759874
RMOD-1009-5114-00-119-161794,1.4506172839506173,1.35180865307584,0.07309365171613091
RMOD-1009-5114-00-130-38547,1.291044776119403,1.3197695785926642,-0.02176501333201808
RMOD-1009-5171-00-117-48936,1.1666666666666667,1.387171102882232,-0.15895979649331382
RMOD-1009-5242-00-119-42186,1.625,1.507389522587734,0.07802261834112012
RMOD-1009-5242-00-119-44506,1.24,1.1800672596548647,0.0507875630433674
RMOD-1009-5242-100-161-42253,1.2874493927125505,1.3459062073761852,-0.04343305227605332
RMOD-1009-5353-00-101-34264,1.1030927835051547,1.0147668124225528,0.0870406580125942
RMOD-1009-5353-00-108-34196,0.9894736842105263,0.9795296145043414,0.010151882657694511
RMOD-1009-5483-00-117-47961,1.4666666666666666,1.3682193554139048,0.07195287134567718
RMOD-1009-5483-00-119-47881,1.4545454545454546,1.3705819230356644,0.06126122787598254
RMOD-1009-5483-00-130-43885,1.3657142857142857,1.2515710143678827,0.09119999587402727
RMOD-1009-5704-00-101-25475,1.4183673469387754,1.3641358732520825,0.039755184765726925
RMOD-1009-5704-00-107-28458,1.320754716981132,1.2683939389864973,0.041281163828702505
RMOD-1009-5704-00-117-25417,1.5333333333333334,1.3101977708767352,0.17030677918745352
RMOD-1009-5892--00-119-48265,1.4776119402985075,1.3163968607130778,0.12246692801903314
RMOD-1009-5892-00-101-29120,1.335164835164835,1.2620224562889142,0.057956479705600916
RMOD-1009-5892-00-117-46291,1,1.1739964553805022,-0.14820867182610753
RMOD-1009-5892-00-119-35921,1.4234234234234233,1.3245324759818797,0.0746610213299872
RMOD-1009-5892-00-119-39437,1.4545454545454546,1.4193955850097282,0.02476396989461227
RMOD-1009-5892-00-119-40900,1.5128205128205128,1.4364687665800584,0.053152388702632614
RMOD-1009-5892-00-119-42861,1.5662650602409638,1.3915200473249167,0.12557850909297352
RMOD-1009-5892-00-119-46168,1.3333333333333333,1.324810982674399,0.006432880441351818
RMOD-1009-5892-00-127-35848,1.3597883597883598,1.3291561442929838,0.023046363383942614
RMOD-1009-5892-00-127-39349,1.311926605504587,1.3053849008737455,0.005011322427939113
RMOD-1009-5892-00-127-40859,1.3857142857142857,1.2200011607608994,0.13583030105482297
RMOD-1009-6023-00-119-27056,1.375,1.2635528545069248,0.08820141167467455
RMOD-1009-6023-00-119-32851,1.6153846153846154,1.4690036540989442,0.09964642421223813
RMOD-1009-6023-00-127-25045,1.3473684210526315,1.3544103587263676,-0.005199264483149779
RMOD-1009-6023-00-130-29857,1.3424657534246576,1.3074389722647388,0.02679037561443165
RMOD-1009-6161-00-130-25749,1.296116504854369,1.2264642925627112,0.05679106412965251
RMOD-1009-6866-00-117-162406,1.3676470588235294,1.3289970965228157,0.029082051722939983
RMOD-1009-6866-00-117-32498,1.2935779816513762,1.3491155642306545,-0.04116591940064751
RMOD-1009-7339-00-130-41509,1.2222222222222223,1.2269732334060799,-0.003872139223990101
RMOD-1009-7339-00-147-51282,1.2,1.2867968899650812,-0.06745189597671197
RMOD-1009-7339-00-147-54259,1.3636363636363635,1.3576128327952415,0.0044368546728599245
RMOD-1009-7387-00-117-33424,1.59375,1.3667179232215212,0.16611480168734194
RMOD-1009-7387-00-119-29510,1.2857142857142858,1.1514873751604486,0.11656828676487563
RMOD-1009-7387-00-119-31870,1.5,1.280705811885069,0.1712291660425529
RMOD-1009-7391-00-117-51720,1.2,1.3351167456995925,-0.10120219533969821
RMOD-1009-7391-00-117-53878,1.3043478260869565,1.26608318639629,0.03022284799435715
RMOD-1009-7391-00-135-51610,1.1287128712871286,1.1465428578415828,-0.015551085973375511
RMOD-1009-8232-00-108-28757,1.2347826086956522,1.2545185482880672,-0.015731883453893092
RMOD-1009-8232-00-108-52065,1.4516129032258065,1.1083938569221692,0.30965441044278363
RMOD-1009-8232-00-119-45129,1.25,1.3729383287284318,-0.08954395558487549
RMOD-1009-8232-00-119-51953,1,1.2292165405271585,-0.18647368707620648
RMOD-1009-8232-00-130-45285,1.2717391304347827,1.2800654627434358,-0.006504614452145452
RMOD-1009-8514-00-101-26012,1.2151162790697674,1.170531261509818,0.038089557302759314
RMOD-1009-8514-00-101-41147,1.3857142857142857,1.3363723177914484,0.03692232117197869
RMOD-1009-8514-00-101-43221,1.3557692307692308,1.331437242000948,0.01827497984938109
RMOD-1009-8514-00-101-49222,1.5277777777777777,1.3584287070873138,0.12466540923857194
RMOD-1009-8514-00-103-41226,1.35,1.2650597787708557,0.0671432470263762
RMOD-1009-8514-00-107-35196,1.36986301369863,1.306777987580276,0.048275243934256196
RMOD-1009-8514-00-107-36878,1.231818181818182,1.247486101117147,-0.012559594279194175
RMOD-1009-8514-00-107-49356,1.6363636363636365,1.3949081956869434,0.17309772888515051
RMOD-1009-8514-00-119-161597,1.3433476394849786,1.351590707334348,-0.006098789969950946
RMOD-1009-9462-00-119-34545,0.9411764705882353,0.8813192213982054,0.0679177847670982
RMOD-1009-9462-00-127-44799,1.24,1.077802750979676,0.15048880592751668
RMOD-1009-9462-00-127-49915,1.3548387096774193,1.3434789585625704,0.008455473785017986
RMOD-1010-0373-03-101-32499,1.3401245048104131,1.3184135963269947,0.01646744886726248
RMOD-1010-0373-03-101-44800,1.2303921568627452,1.2508280408718324,-0.016337884458397123
RMOD-1010-0373-03-101-48938,1.3514705882352942,1.3542172018391838,-0.00202819281881772
RMOD-1010-0373-03-101-51954,1.050251256281407,1.063665173233028,-0.012611033330018007
RMOD-1010-0373-03-106-32543,1.427027027027027,1.3951077775715504,0.02287941474388333
RMOD-1010-0373-03-106-44913,1.305263157894737,1.3152487568846412,-0.007592175196999729
RMOD-1010-0373-03-106-48995,1.5,1.4646205491911184,0.024156052452234844
RMOD-1010-0373-03-106-52047,1.0648148148148149,1.1050542420664615,-0.036413983784541304
RMOD-1010-0449-03-101-31491,1.3296943231441047,1.339335629381359,-0.007198573700087141
RMOD-1010-0449-03-101-45130,1.3061224489795917,1.2508957155940934,0.04414975021260603
RMOD-1010-0449-03-101-46522,1.303448275862069,1.3150176262698576,-0.00879786717430242
RMOD-1010-0449-03-101-48571,1.2346938775510203,1.265195467232058,-0.024108203412843143
RMOD-1010-0449-03-106-24089,1.391304347826087,1.3146111491501051,0.058339075190077194
RMOD-1010-0449-03-106-26754,1.304093567251462,1.2990659074840645,0.0038702114638160534
RMOD-1010-0449-03-106-31535,1.2962962962962963,1.388007282754832,-0.06607385105106456
RMOD-1010-0449-03-107-24031,1.342274678111588,1.3353670095252923,0.005172861495770675
RMOD-1010-0449-03-108-26688,1.2241379310344827,1.2512762537776332,-0.02168851415602202
RMOD-1010-0449-03-158-46593,1.2543859649122806,1.2389249180864237,0.012479405813983657
RMOD-1010-0449-03-158-48621,1.286764705882353,1.2853364834348948,0.0011111661933389527
RMOD-1010-0486-03-101-24715,1.187938868236266,1.2362817342022754,-0.039103437856099266
RMOD-1010-0486-03-101-41510,1.1326352530541013,1.1834716934212797,-0.04295534962920511
RMOD-1010-0486-03-106-24783,1.2279411764705883,1.265139578034143,-0.02940260680276563
RMOD-1010-0486-03-106-41563,1.3333333333333333,1.2732633577874166,0.047177966112448066
RMOD-1010-0486-100-103-24743,1.2954545454545454,1.2876429164394758,0.006066611259486265
RMOD-1010-0625-03-101-161795,1.2219251336898396,1.2393240665715348,-0.014039050278292109
RMOD-1010-0625-03-101-54260,1.389261744966443,1.3467991625440459,0.03152851858192962
RMOD-1010-0625-03-106-161802,1.2307692307692308,1.2771338330275988,-0.03630363636084655
RMOD-1010-0625-03-106-31213,1.1904761904761905,1.232699214131154,-0.03425249498899341
RMOD-1010-0625-03-106-45906,1.1644736842105263,1.2160635524870362,-0.04242366130536568
RMOD-1010-0625-03-106-51339,1.4127906976744187,1.3881416404929414,0.017756874703884096
RMOD-1010-0625-03-106-54346,1.4516129032258065,1.3968600259123263,0.03919711087567257
RMOD-1010-0625-03-108-31120,1.2889390519187358,1.2362578964297466,0.04261340262507507
RMOD-1010-0625-03-108-45818,1.2666666666666666,1.252217813628944,0.01153861004089185
RMOD-1010-0625-03-108-51283,1.42,1.3753049915845672,0.03249825216146229
RMOD-1010-0625-100-103-31233,1.2972972972972974,1.168815205641166,0.10992506859598139
RMOD-1010-1015-00-130-42255,1.4285714285714286,1.2761674160897813,0.11942321247208931
RMOD-1010-1015-04-101-49916,1.3112033195020747,1.3015992641431877,0.0073786576433023665
RMOD-1010-1015-04-103-42187,1.35423197492163,1.3234224848065512,0.023280162207295785
RMOD-1010-1015-04-106-42234,1.2641509433962264,1.336960031326058,-0.05445868703914514
RMOD-1010-1015-04-106-49983,1.1764705882352942,1.296979636969745,-0.09291514322923955
RMOD-1010-1262-03-108-42469,1.3540372670807452,1.323121850211697,0.02336551003530163
RMOD-1010-1262-03-158-42520,1.3106796116504855,1.341162650869126,-0.022728816075280878
RMOD-1010-1262-100-103-42545,1.1666666666666667,1.2427238210228775,-0.061201976714028605
RMOD-1010-1986-03-101-161646,1.2667757774140753,1.2699748666799433,-0.002519017777282029
RMOD-1010-1986-03-101-43222,1.2730061349693251,1.286160157332923,-0.010227359546633008
RMOD-1010-1986-03-106-161710,1.3149171270718232,1.2751806054811952,0.03116148522007456
RMOD-1010-1986-03-106-43278,1.2696629213483146,1.3331364009128341,-0.04761214195415986
RMOD-1010-1988-03-101-25789,0.9657534246575342,1.0572239327273818,-0.08651952083025194
RMOD-1010-1988-03-101-38487,1.1828571428571428,1.260698924640956,-0.06174494184325752
RMOD-1010-1988-03-101-40457,1.1743119266055047,1.1590897589117293,0.013132863591226451
RMOD-1010-1988-03-101-42862,1.1764705882352942,1.2069469483667914,-0.025250786849195794
RMOD-1010-1988-03-101-49223,1.25,1.373466837200151,-0.08989429803186333
RMOD-1010-1988-03-101-52692,1.216867469879518,1.1649625876528382,0.044554977796546824
RMOD-1010-1988-03-102-161583,1.2401129943502824,1.222671146824438,0.014265362825601091
RMOD-1010-1988-03-102-25701,1.2167832167832169,1.161107462010104,0.04795056150679389
RMOD-1010-1988-03-145-161618,1.2113144758735441,1.2551421042587607,-0.034918459221873976
RMOD-1010-1988-03-145-25768,1.105263157894737,1.1672339409279193,-0.05309199883608373
RMOD-1010-1988-03-145-40511,1.2476190476190476,1.4102836938749956,-0.11534179042303117
RMOD-1010-1988-03-158-42910,1.1964285714285714,1.3634680635577823,-0.12251074784498017
RMOD-1010-1988-03-158-49338,1.2914572864321607,1.3150059562152412,-0.017907652563686094
RMOD-1010-1988-03-158-52762,1.1981132075471699,1.2425025079397678,-0.03572572297355059
RMOD-1010-2025-03-106-36225,1.386759581881533,1.3220621283911347,0.04893677241109007
RMOD-1010-2025-03-108-36185,1.2159709618874772,1.2461728216772485,-0.024235691281664917
RMOD-1010-2026-00-130-34977,0.6666666666666666,1.292405897134396,-0.48416618328278904
RMOD-1010-2026-03-101-34910,1.179245283018868,1.1525936094850724,0.023123218204985863
RMOD-1010-2026-03-106-34953,1.22,1.1366207381846607,0.0733571533707078
RMOD-1010-2075-03-101-27031,1.138801261829653,1.1730883285487306,-0.02922803499502502
RMOD-1010-2075-03-101-33425,1.2503192848020435,1.2707254449997871,-0.01605866969772307
RMOD-1010-2075-03-101-38063,1.2433795712484237,1.2490495360937,-0.004539423522792019
RMOD-1010-2075-03-101-40070,1.2791519434628975,1.2386812442067014,0.03267240821274808
RMOD-1010-2075-03-101-43886,1.171875,1.1839425875942846,-0.010192713498722417
RMOD-1010-2075-03-101-47576,1.2224489795918367,1.228559335258174,-0.00497359426686006
RMOD-1010-2075-03-101-49606,1.2383561643835617,1.2810306940913398,-0.0333126519954684
RMOD-1010-2075-03-101-51611,1.2254901960784315,1.2554795218986157,-0.023886750279154323
RMOD-1010-2075-03-101-53879,1.2326869806094183,1.281347079892781,-0.03797573666569276
RMOD-1010-2075-03-106-27095,1.1396648044692737,1.1845099578775824,-0.037859667713273315
RMOD-1010-2075-03-106-33469,1.3532934131736527,1.335694688767671,0.013175708905617034
RMOD-1010-2075-03-106-40112,1.3,1.353275063628397,-0.03936750558719093
RMOD-1010-2075-03-106-43939,1.25625,1.222481118760901,0.02762323337421102
RMOD-1010-2075-03-106-47602,1.3636363636363635,1.2730804161225464,0.07113136481167914
RMOD-1010-2075-03-106-49660,1.2555555555555555,1.3736664693627354,-0.08598223545630634
RMOD-1010-2075-03-106-51685,1.3658536585365855,1.3123863428062592,0.040740530426427224
RMOD-1010-2075-03-106-53976,1.1944444444444444,1.2734642984787599,-0.06205109489815308
RMOD-1010-2075-100-103-33491,0.9540229885057471,1.1181618316927608,-0.1467934591708675
RMOD-1010-2078-03-101-30170,1.1169354838709677,1.1871150091967742,-0.059117713770034164
RMOD-1010-2078-03-106-30213,1.1666666666666667,1.22665913113398,-0.04890720082265532
RMOD-1010-2320-03-101-25031,1.237991266375546,1.2544108963546425,-0.013089514788824475
RMOD-1010-2320-03-101-30832,1.1519434628975265,1.1724451565275082,-0.017486270906438617
RMOD-1010-2320-03-145-25114,1.2210884353741496,1.2822083644081879,-0.04766770419739741
RMOD-1010-2320-03-145-30888,1.244186046511628,1.222548604488364,0.017698635411161456
RMOD-1010-2320-100-103-25055,1.4313725490196079,1.29167314251927,0.1081538369899595
RMOD-1010-2791-00-130-40901,1.5555555555555556,1.5740078300228095,-0.011723114787165034
RMOD-1010-2791-03-101-36846,1.282798833819242,1.2472475794095113,0.028503767011968772
RMOD-1010-2791-03-101-40827,1.25,1.2969212326234334,-0.03617893781299297
RMOD-1010-2791-03-106-36895,1.1711711711711712,1.2271560579927385,-0.04562165215819569
RMOD-1010-2791-03-106-40882,1.4,1.3409149498425534,0.04406323470730511
RMOD-1010-6430-03-101-24304,1.1423785594639866,1.2047492882225141,-0.051770712270392205
RMOD-1010-6430-03-101-25987,1.1518151815181519,1.133106347758952,0.016511101359728553
RMOD-1010-6430-03-101-28157,1.0867052023121386,1.1572875806994127,-0.06098948918523539
RMOD-1010-6430-03-101-31871,1.249211356466877,1.219952811558013,0.023983341512609613
RMOD-1010-6430-03-102-34167,0.9797979797979798,0.9613364359141775,0.01920404053576341
RMOD-1010-6430-03-106-24381,1.1791666666666667,1.2145938599422579,-0.029167933779342015
RMOD-1010-6430-03-106-26030,1.1566265060240963,1.1652186457530305,-0.00737384332138058
RMOD-1010-6430-03-106-28202,1.2654867256637168,1.2648834567249445,0.00047693638142298767
RMOD-1010-6430-03-106-31907,1.2635658914728682,1.274814748221436,-0.00882391481920164
RMOD-1010-6430-03-106-34221,0.9811320754716981,0.956470334700555,0.0257841146519866
RMOD-1010-6430-100-103-26061,1.375,1.274888247811091,0.0785259040239763
RMOD-1010-6430-100-103-28226,1.380952380952381,1.2872148639563044,0.07282196595211055
RMOD-1010-6430-100-103-31932,1.5454545454545454,1.4116687638801226,0.09477136917494589
RMOD-1010-6432-03-101-48266,1.3656957928802589,1.3511872066919355,0.01073765805098481
RMOD-1010-6432-03-101-50257,1.4063926940639269,1.325349370045401,0.06114864944308951
RMOD-1010-6432-03-101-52285,0.95625,0.9099290903477808,0.050906065256705935
RMOD-1010-6432-03-106-26427,1.1702127659574468,1.2374634558408253,-0.05434559668485983
RMOD-1010-6432-03-106-33226,1.3782051282051282,1.3260427733150633,0.039336856954969024
RMOD-1010-6432-03-106-37829,1.310077519379845,1.3623350372100713,-0.03835878576333518
RMOD-1010-6432-03-106-39709,1.3191489361702127,1.3447878448042223,-0.01906539290421838
RMOD-1010-6432-03-106-41899,1.3505154639175259,1.3504777653618913,0.00002791497690757261
RMOD-1010-6432-03-106-44604,1.2848837209302326,1.2702500246140762,0.011520327520247342
RMOD-1010-6432-03-106-50356,1.425,1.3767463453425692,0.035049052296865835
RMOD-1010-6432-03-106-52416,0.8053097345132744,0.9424556457806987,-0.14551975138715123
RMOD-1010-6432-03-107-26395,1.2285395763656632,1.231501778695057,-0.0024053577352788347
RMOD-1010-6432-03-107-33131,1.3051948051948052,1.3087114074158361,-0.0026870723378005223
RMOD-1010-6432-03-107-35167,1.325,1.2844936722968292,0.031534859670223625
RMOD-1010-6432-03-107-37782,1.2851239669421488,1.2654301853002703,0.015562914391207938
RMOD-1010-6432-03-107-39665,1.3632478632478633,1.327051051464652,0.027276126071609008
RMOD-1010-6432-03-107-41845,1.4087591240875912,1.3278199323234199,0.0609564518455028
RMOD-1010-6432-03-107-45408,1.2011173184357542,1.2218283772189795,-0.016950873927454646
RMOD-1010-6432-03-107-48371,1.2708333333333333,1.249865251429303,0.016776273986377266
RMOD-1010-6432-03-107-50375,1.4285714285714286,1.3370575307904728,0.06844424841379304
RMOD-1010-6432-03-107-52438,0.6818181818181818,0.8675407492001544,-0.21407935886954366
RMOD-1010-6432-03-10744507,1.213953488372093,1.2310354824635132,-0.013876118385504399
RMOD-1010-6432-03-158-45522,1.208955223880597,1.1910834086425228,0.015004671468342279
RMOD-1010-6432-03-158-48351,1.1257861635220126,1.2752502537496235,-0.11720373298349951
RMOD-1010-6440-03-102-25373,1.2087912087912087,1.1759537164830396,0.02792413667978133
RMOD-1010-6440-03-145-25405,1.2777777777777777,1.2832326915773085,-0.004250915547378775
RMOD-1010-6440-100-103-25478,1.3846153846153846,1.432886894853056,-0.03368829068858348
RMOD-1010-6491-03-101-32156,1.3093093093093093,1.2626965940698027,0.036915214199849
RMOD-1010-6491-03-101-37250,1.2145328719723183,1.216816963290675,-0.0018771034488044291
RMOD-1010-6491-03-101-38965,1.388663967611336,1.3107496837835264,0.05944253490331364
RMOD-1010-6491-03-101-41148,1.375,1.2884194738818917,0.06719902009649781
RMOD-1010-6491-03-101-46900,1.3046875,1.3659457494699034,-0.04484676605471083
RMOD-1010-6491-03-101-50534,1.5068493150684932,1.4172267308557986,0.06323800014594383
RMOD-1010-6491-03-101-53038,1.368421052631579,1.3375748962202503,0.023061255484455145
RMOD-1010-6491-03-106-27863,1,1.1571030694316928,-0.13577275316437754
RMOD-1010-6491-03-106-35581,1.3,1.306203278841252,-0.004749091463585264
RMOD-1010-6491-03-106-37296,1.2705882352941176,1.3208030612352388,-0.03801840517704391
RMOD-1010-6491-03-106-39018,1.2054794520547945,1.2645543083365829,-0.04671595034893883
RMOD-1010-6491-03-106-41205,1.2037037037037037,1.3256828396980924,-0.09201230667070259
RMOD-1010-6491-03-106-47016,1.381578947368421,1.3790777707051478,0.001813658893214054
RMOD-1010-6491-03-106-50672,1.2586206896551724,1.5023617923805515,-0.16223861919382387
RMOD-1010-6491-03-106-53118,1.3673469387755102,1.276136707085927,0.07147371530269875
RMOD-1010-6491-03-107-162396,1.283702213279678,1.264571396323258,0.015128301187297799
RMOD-1010-6491-03-107-27782,1.218241042345277,1.207276632991072,0.0090819361980361
RMOD-1010-6491-03-107-32230,1.373134328358209,1.3189884236965743,0.04105108406477598
RMOD-1010-6491-03-107-35509,1.2782608695652173,1.2782215882410852,0.00003073123196606353
RMOD-1010-6491-03-107-46966,1.3064516129032258,1.4041397526638923,-0.0695715220478128
RMOD-1010-6491-03-107-50691,1.5217391304347827,1.5028448206050735,0.012572362475921972
RMOD-1010-6491-03-107-53176,1.3225806451612903,1.4615309730423471,-0.095071764091195
RMOD-1010-6491-03-145-162463,1.270440251572327,1.2597213686466286,0.008508931572077882
RMOD-1010-6491-100-103-27896,1.2727272727272727,1.3238914058761233,-0.03864677489540114
RMOD-1010-6754-03-101-29827,1.138755980861244,1.1996963985292595,-0.05079653297511266
RMOD-1010-6754-03-101-35820,1.2453066332916145,1.2705428485031667,-0.019862545557816524
RMOD-1010-6754-03-101-37620,1.2052730696798493,1.3000674462999755,-0.07291496828869404
RMOD-1010-6754-03-145-29869,1.3333333333333333,1.2818597359517998,0.04015540541439466
RMOD-1010-6754-03-145-35899,1.290566037735849,1.3141236593384689,-0.017926487690267057
RMOD-1010-6754-03-145-37685,1.319767441860465,1.3273933001712206,-0.005744987796587275
RMOD-1010-6765-04-106-28474,1.2890625,1.241867435186546,0.03800330331261548
RMOD-1010-6765-05-101-28431,1.212378640776699,1.2114486584044832,0.0007676613992380066
RMOD-1010-6765-100-104-28503,1.4285714285714286,1.3008701394595177,0.09816605458018124
RMOD-1010-7470-03-101-54617,1.1179775280898876,1.2036484942435743,-0.07117606723508274
RMOD-1010-7470-03-145-54796,1.2159090909090908,1.284288706338808,-0.05324318051869392
RMOD-1010-8572-03-101-28758,1.232163080407701,1.209863645283187,0.018431362254293093
RMOD-1010-8572-03-101-30489,1.2120181405895691,1.2634590903650578,-0.040714377036636384
RMOD-1010-8572-03-101-32825,1.3279569892473118,1.3196191523539456,0.006318366081981441
RMOD-1010-8572-03-101-36540,1.2698826597131683,1.2691332434782236,0.000590494527501706
RMOD-1010-8572-03-101-47236,1.2768240343347639,1.3189839086292419,-0.03196390344010547
RMOD-1010-8572-03-106-30536,1.3820224719101124,1.3180462986696475,0.04853863882098697
RMOD-1010-8572-03-106-32912,1.2953020134228188,1.3209941235087799,-0.01944907220156189
RMOD-1010-8572-03-106-36565,1.271186440677966,1.379300627626094,-0.07838333774574047
RMOD-1010-8572-03-106-47291,1.3790849673202614,1.3336681689689776,0.034054046882137534
RMOD-1010-8572-03-107-47352,1.295774647887324,1.2889282508053448,0.00531169758883121
RMOD-1010-8572-100-103-30555,0.9558823529411765,1.1117166519735313,-0.1401744758933997
RMOD-1010-8572-100-103-32937,0.9811320754716981,1.091632384061733,-0.10122483557961759
RMOD-1010-8578-00-130-34618,0.36363636363636365,0.9176041974769737,-0.6037110939158616
RMOD-1010-8578-03-101-34546,0.8524305555555556,0.8241031674097987,0.034373594552234765
RMOD-1010-8578-03-106-34594,0.7804878048780488,0.827454269895616,-0.05676019415972322
RMOD-1010-8780-00-130-43624,1,1.1811471198478836,-0.15336541638539747
RMOD-1010-8780-03-104-29094,1.0425531914893618,1.1502700477172951,-0.093644841436754
RMOD-1010-8780-03-104-43512,1.1477272727272727,1.2199225585598763,-0.05918022035581538
RMOD-1010-8780-03-106-29141,1.0940170940170941,1.1913936484130245,-0.08173331671327888
RMOD-1010-8780-03-106-43571,1.1878453038674033,1.293341273034423,-0.08156854758025789
RMOD-1010-8828-03-101-29479,1.2295345104333868,1.249301002561155,-0.01582204135532228
RMOD-1010-8828-03-101-39322,1.2286184210526316,1.2855883998183624,-0.044314322355257674
RMOD-1010-8828-03-101-44216,1.275974025974026,1.280356037984778,-0.0034224949004412197
RMOD-1010-8828-03-101-46169,1.1666666666666667,1.2373469737784637,-0.057122463310321114
RMOD-1010-8828-03-101-47882,1.2885572139303483,1.2655555430951853,0.01817515711630291
RMOD-1010-8828-03-101-50961,1.3244444444444445,1.2917973037368728,0.025272649674318748
RMOD-1010-8828-03-101-53426,1.2584269662921348,1.2416612582227102,0.013502642494799932
RMOD-1010-8828-03-106-29540,1.3325,1.3308839492935587,0.001214268687588449
RMOD-1010-8828-03-106-39402,1.4113475177304964,1.4110361571372516,0.00022066096015316283
RMOD-1010-8828-03-145-53491,1.2466216216216217,1.314655844172817,-0.051750595300477764
RMOD-1010-8828-03-158-44275,1.3359375,1.3113566504607521,0.018744595172191625
RMOD-1010-8828-03-158-46262,1.138095238095238,1.1761838656208123,-0.03238322564939311
RMOD-1010-8828-03-158-47932,1.1980676328502415,1.2632375766110744,-0.051589617794355225
RMOD-1010-8828-03-158-51008,1.2152317880794703,1.3276972461114935,-0.08470715621457203
RMOD-1010-9030-00-130-33909,1.5,0.9031325563667194,0.6608857574955154
RMOD-1010-9030-03-101-27393,1.293193717277487,1.2037323853944422,0.07431995098622357
RMOD-1010-9030-03-101-33801,1.1311475409836065,1.200197585656188,-0.05753223094081594
RMOD-1010-9030-03-106-27468,1.216867469879518,1.219747935799228,-0.002361525553902677
RMOD-1010-9030-03-106-33890,1.3670886075949367,1.2684189122555367,0.07778951763179154
RMOD-1010-9030-100-103-27493,0.8461538461538461,1.279491383391218,-0.33867952755479747
RMOD-1011-0059-100-127-37704,1.2439024390243902,1.2993687817952715,-0.042687144364239815
RMOD-1011-0059-100-127-40532,1.3544303797468353,1.332830545036078,0.016205987168588454
RMOD-1011-0059-27-126-37621,1.25,1.250333266819654,-0.0002665423919350207
RMOD-1011-0059-27-126-40458,1.056910569105691,1.2221615316183128,-0.1352120470473377
RMOD-1011-0192-27-126-38970,1.1777408637873754,1.2623833300357983,-0.06704973381264667
RMOD-1011-0192-27-145-39019,1.2567567567567568,1.3308918401393124,-0.05570331197972889
RMOD-1011-0192-27-152-25374,1.1389728096676737,1.167604646946255,-0.024521859649552447
RMOD-1011-0395-100-127-48572,1.2222222222222223,1.2351109514753311,-0.010435280520922685
RMOD-1011-0395-100-127-50535,1.4666666666666666,1.3050111151279375,0.12387293078563633
RMOD-1011-0395-27-152-30833,1.119047619047619,1.0846509885643343,0.03171216441595903
RMOD-1011-0498-39-126-28759,1.0575296108291032,1.1279929768073698,-0.06246791197025314
RMOD-1011-0498-39-126-30490,1.0865191146881288,1.1468782649481823,-0.05262908200878724
RMOD-1011-0498-39-126-33426,1.0606060606060606,1.1596345965219936,-0.08539632761297566
RMOD-1011-0498-39-126-42863,1.1178861788617886,1.2182815129419453,-0.08240733608254369
RMOD-1011-0498-39-126-45409,1.1016260162601625,1.1574226711669504,-0.04820767408204629
RMOD-1011-0498-39-127-33485,1.163265306122449,1.2534590689568526,-0.07195588995934599
RMOD-1011-0498-39-127-42952,1.162162162162162,1.29874693281061,-0.10516657802830431
RMOD-1011-0498-39-127-45547,1.0512820512820513,1.1883037105418628,-0.11530861853265606
RMOD-1011-0500-100-152-28505,1.2828282828282829,1.224242297210904,0.04785489420750344
RMOD-1011-0500-39-126-28432,1.0913838120104438,1.1551656045495715,-0.05521441452890019
RMOD-1011-0505-27-126-32157,1.2181818181818183,1.2325115566399978,-0.011626453627132327
RMOD-1011-0506-100-127-36918,0.9900990099009901,1.014385864599897,-0.023942422254165097
RMOD-1011-0506-100-127-43887,1.1964285714285714,1.2176392907175315,-0.017419542429893964
RMOD-1011-0506-100-127-47237,1.1518987341772151,1.1850124255960457,-0.027943750380655108
RMOD-1011-0506-100-127-51284,1.2843137254901962,1.3246556262684837,-0.030454632870831166
RMOD-1011-0506-27-126-27394,1.0436681222707425,1.1123474801758757,-0.06174271900564221
RMOD-1011-0506-27-126-36847,1.099264705882353,1.1688971956470877,-0.0595710983173221
RMOD-1011-0507-100-126-161666,1.3966480446927374,1.3249557230173052,0.05410922073091484
RMOD-1011-0591-26-127-52286,0.9176470588235294,0.9265973936041313,-0.009659356741538283
RMOD-1011-0593-100-126-162407,1.282442748091603,1.2548049484449415,0.022025574318074392
RMOD-1011-0593-26-152-23734,1.16,1.1662864634402204,-0.005390153823510158
RMOD-1011-1361-100-127-29565,1.2440944881889764,1.2052672204143196,0.03221465507151988
RMOD-1011-1361-100-127-39735,1.1758241758241759,1.1388064803098086,0.032505694474355806
RMOD-1011-1361-100-127-45131,1.1355932203389831,1.1600653249068877,-0.021095453887365334
RMOD-1011-1361-27-126-29480,1.190938511326861,1.198469821613199,-0.006284105073418256
RMOD-1011-1361-27-126-39666,1.2078651685393258,1.14688971678968,0.05316592420091215
RMOD-1011-1361-27-152-45245,1.0227272727272727,1.13662876278656,-0.10020993114765675
RMOD-1011-1527-100-127-160717,1.1978021978021978,1.2272183055074364,-0.023969743258576592
RMOD-1011-1527-100-127-34266,0.8913043478260869,0.9275836697382726,-0.03911164361315478
RMOD-1011-1527-27-145-34222,1,0.9327060734017186,0.07214912448554167
RMOD-1011-1527-27-152-34168,0.9150943396226415,0.8915544686665284,0.02640317757738453
RMOD-1011-1541-100-152-33910,1.34375,1.3419856634122422,0.0013147208914823239
RMOD-1011-1541-100-152-42189,1.1824104234527688,1.2608372999366242,-0.06220221791328473
RMOD-1011-1541-100-152-42256,1.4285714285714286,1.3347717519267421,0.07027394497170514
RMOD-1011-1541-100-152-44218,1.0416666666666667,1.2908432835116421,-0.19303398021106732
RMOD-1011-1541-100-152-46170,0.9259259259259259,1.1685817543476849,-0.20764985206979547
RMOD-1011-1541-100-152-49224,1.48,1.3674313336654742,0.08232125706288973
RMOD-1011-1541-39-126-33802,1.1873536299765808,1.2133495526837683,-0.021424924622659658
RMOD-1011-1541-39-127-44317,1.2456140350877194,1.1571484097868951,0.07645140809303475
RMOD-1011-1541-39-127-46281,0.9333333333333333,1.0695819032101626,-0.12738488699921247
RMOD-1011-1541-39-127-49357,1.253968253968254,1.2717261156052846,-0.0139635896590663
RMOD-1011-1641-100-152-46903,1.25,1.5034247297475005,-0.16856496020925704
RMOD-1011-1641-100-152-48947,1.1428571428571428,1.2951329436371264,-0.11757542075359995
RMOD-1011-1641-39-127-25988,1.2048192771084338,1.1819324085809364,0.01936394024001431
RMOD-1011-1641-39-127-31492,1.3185840707964602,1.3031021849395525,0.011880791879437913
RMOD-1011-1779-100-126-24056,1.2737556561085972,1.2690992420469207,0.0036690700832555656
RMOD-1011-1779-100-126-26440,1.2895522388059701,1.2913545276742873,-0.0013956576832259149
RMOD-1011-1779-26-127-26461,1.1195652173913044,1.1608698139659968,-0.03558073099823267
RMOD-1011-1779-26-152-24044,1.1981132075471699,1.2184301302641993,-0.0166746719507207
RMOD-1011-1779-26-152-47883,1.37012987012987,1.3337610276576939,0.027267885114356627
RMOD-1011-2076-100-126-40137,1.1666666666666667,1.103635889631991,0.05711193123276681
RMOD-1011-2076-26-152-40071,1.3218390804597702,1.2856257012536978,0.02816790234572797
RMOD-1011-2082-100-152-33262,1.236842105263158,1.3442103189396228,-0.07987456439194884
RMOD-1011-2082-100-152-43625,1.3333333333333333,1.253519524900951,0.06367177123841694
RMOD-1011-2082-39-127-27783,1.1061224489795918,1.1786041621772783,-0.06149792739895665
RMOD-1011-2082-39-127-33132,1.144859813084112,1.2362104640234168,-0.07389571080153401
RMOD-1011-2082-39-127-43513,1.1294117647058823,1.178818947076017,-0.04191244337621647
RMOD-1011-2195-27-126-43223,1.1564885496183206,1.1842736850099822,-0.02346175191035116
RMOD-1011-2290-27-126-28158,1.1,1.1468301340815232,-0.04083441190619619
RMOD-1011-2465-100-126-25048,1.2739018087855296,1.231229896256947,0.03465795677826633
RMOD-1011-3287-39-126-29828,1.0823970037453183,1.1826465216744322,-0.0847671016587247
RMOD-1011-3287-39-126-32500,1.1065719360568385,1.191996974997897,-0.07166548299437525
RMOD-1011-3287-39-126-34552,0.8226950354609929,0.8304593533601763,-0.009349425553180524
RMOD-1011-3287-39-126-42470,1.2179487179487178,1.2148559564212396,0.0025457845525893585
RMOD-1011-3287-39-127-161584,1.1295180722891567,1.1970599813267577,-0.05642316182246876
RMOD-1011-3287-39-127-29882,1,1.1369676306672702,-0.12046748471360247
RMOD-1011-3287-39-127-32571,1.1578947368421053,1.1797831724476229,-0.018552930840763704
RMOD-1011-3456-100-126-38130,1.38,1.339432809013043,0.030286842844210238
RMOD-1011-4089-39-127-44801,1.1407185628742516,1.194423379424479,-0.044962964954775586
RMOD-1011-4356-100-126-24320,1.3753581661891117,1.2662064201371201,0.08620375344501197
RMOD-1011-4356-100-126-31872,1.3843283582089552,1.3869977185135103,-0.001924559982273033
RMOD-1011-4356-100-126-34911,1.3153153153153154,1.2247655129164092,0.07393235802605935
RMOD-1011-4356-100-126-36620,1.2857142857142858,1.2680562784898355,0.013925255151514104
RMOD-1011-4356-100-126-38097,1.380952380952381,1.2866754972475984,0.07327168653359406
RMOD-1011-4356-100-126-53427,1.5568862275449102,1.369291597482001,0.13700122779390322
RMOD-1011-4356-26-127-48372,1.3125,1.415406399273838,-0.07270448920298311
RMOD-1011-4356-26-152-24331,1.3125,1.2269842266244937,0.06969590278333504
RMOD-1011-4356-26-152-31920,1.211111111111111,1.208822986951518,0.001892852952245283
RMOD-1011-4356-26-152-36581,1.2393162393162394,1.274020812972835,-0.02724019364771213
RMOD-1011-4356-26-152-48267,1.4666666666666666,1.3734471923560916,0.06787263087316875
RMOD-1011-4383-100-126-30240,1.4,1.323354234497965,0.05791779971226818
RMOD-1011-4383-100-126-30244,1.12,1.1689343283485576,-0.04186234176020043
RMOD-1011-4383-26-145-30216,1.1333333333333333,1.2771100294958662,-0.11257972519352
RMOD-1011-5670-26-152-50258,1.2972972972972974,1.3016085514505602,-0.003312250944001782
RMOD-1011-6627-100-126-25756,1.1787709497206704,1.2177456258643735,-0.032005597323364054
RMOD-1011-6627-100-126-27061,1.292604501607717,1.2314087800147577,0.04969570023061398
RMOD-1011-6627-100-126-35925,1.528301886792453,1.3984998036389422,0.09281523159013783
RMOD-1011-6627-100-126-38568,1.4210526315789473,1.3657729679652075,0.040475002002783755
RMOD-1011-6627-100-126-41580,1.380952380952381,1.346052058964057,0.0259279139732409
RMOD-1011-6627-100-126-47673,1.2325581395348837,1.3193438431137485,-0.06577944334362773
RMOD-1011-6627-100-126-49690,1.3658536585365855,1.373126001574528,-0.005296194981089575
RMOD-1011-6627-100-126-53880,1.4466666666666668,1.3048464363208825,0.10868729560672086
RMOD-1011-6627-126-152-27117,1.0547945205479452,1.0990179715477297,-0.04023906082036621
RMOD-1011-6627-26-127-25790,0.9705882352941176,1.0652035149726793,-0.08882366453793422
RMOD-1011-6627-26-127-35821,1.2,1.2557152184748877,-0.04436931053726967
RMOD-1011-6627-26-127-38488,1.2073170731707317,1.2106100481774078,-0.00272009555152275
RMOD-1011-6627-26-127-41511,1.2736842105263158,1.21980707103437,0.04416857449945666
RMOD-1011-6627-26-127-47579,1.236220472440945,1.2785127715683888,-0.03307929343213578
RMOD-1011-6627-26-127-49607,1.275229357798165,1.3735700578060337,-0.0715949648501698
RMOD-1011-6627-26-127-51722,1.126984126984127,1.2719261540292295,-0.11395475011340295
RMOD-1011-6627-26-152-51612,1.2448979591836735,1.3330353346193278,-0.0661178088432468
RMOD-1011-7142-39-126-40830,1.2036082474226804,1.2310193118494304,-0.02226696540249129
RMOD-1011-7142-39-127-40902,1.1016949152542372,1.1742944052456412,-0.06182392564172823
RMOD-1011-8140-100-127-44508,1.1938775510204083,1.1824146795935082,0.009694459671999889
RMOD-1011-8140-27-152-44628,1.213740458015267,1.1538887335741117,0.05186958040206169
RMOD-1011-8242-00-126-46524,1.1428571428571428,1.1306009334851237,0.010840438044075196
RMOD-1011-8242-100-127-46625,1.0918367346938775,1.1980078952589852,-0.0886230892010571
RMOD-1011-8242-27-126-52066,0.8125,0.8960875772133614,-0.0932805892402846
RMOD-1011-8242-27-152-51955,1.0192307692307692,1.0424313802759764,-0.022256247734085854
RMOD-1011-8290-100-127-35608,1.2152777777777777,1.2589889476533942,-0.03471926418185711
RMOD-1011-8290-100-127-41919,1.3010752688172043,1.1956709182982528,0.08815498387212517
RMOD-1011-8290-100-127-45947,1.2527472527472527,1.233972403904418,0.015214966544980335
RMOD-1011-8290-100-127-49917,1.3674418604651162,1.2889908593253,0.060862340933030445
RMOD-1011-8290-100-127-54261,1.4042553191489362,1.328868066117916,0.05673042716065302
RMOD-1011-8290-27-126-35510,1.2407407407407407,1.2787771152404284,-0.02974433468222981
RMOD-1011-8290-27-126-41846,1.2494279176201373,1.24985962512391,-0.0003454047919420056
RMOD-1011-8290-27-145-45908,1.3157894736842106,1.322358455961588,-0.004967626022855276
RMOD-1011-8290-27-152-45819,1.2868217054263567,1.2772429134482728,0.007499585143301513
RMOD-1011-8291-100-127-52693,1.1865671641791045,1.2843068825830457,-0.07610308698756141
RMOD-1011-8387-100-126-24737,1.2805139186295502,1.2363568195544083,0.035715497643355354
RMOD-1011-8387-100-126-29125,1.2763975155279503,1.3195238977770622,-0.032683290027383904
RMOD-1011-8387-100-126-31151,1.274131274131274,1.2750058319818598,-0.0006859245884595078
RMOD-1011-8387-100-126-32852,1.3591549295774648,1.3336203102943172,0.019146843435154715
RMOD-1011-8387-100-126-35200,1.5267857142857142,1.404850190476672,0.08679610440716745
RMOD-1011-8387-100-126-37292,1.5207100591715976,1.3706324906981049,0.10949511958311575
RMOD-1011-8387-100-126-39353,1.450381679389313,1.366009192349509,0.06176568028410179
RMOD-1011-8387-100-126-54618,1.37012987012987,1.350360243152679,0.014640261424636591
RMOD-1011-8387-26-127-24725,1.0946502057613168,1.2333325139539815,-0.1124451894550792
RMOD-1011-8387-26-127-29181,1.1407035175879396,1.2042535380625379,-0.052771296463733575
RMOD-1011-8387-26-127-31234,1.0392156862745099,1.13176186651183,-0.08177177812374437
RMOD-1011-8387-26-127-32938,1.1363636363636365,1.2074622579205163,-0.05888268646949313
RMOD-1011-8387-26-127-35279,1.2524271844660195,1.297285793966445,-0.034578818105508335
RMOD-1011-8387-26-127-37315,1.1465968586387434,1.1937959064756738,-0.03953694897168092
RMOD-1011-8387-26-127-39439,1.1615720524017468,1.2207327884504349,-0.04846329729848997
RMOD-1011-8387-26-127-50962,1.209205020920502,1.3083943996039438,-0.07580999942637079
RMOD-1011-8387-26-152-51028,1.3181818181818181,1.3088077685407988,0.007162281479632826
RMOD-1011-8391-100-126-26782,1.2975206611570247,1.2997578167646595,-0.0017212095813383677
RMOD-1011-8391-100-126-36186,1.3529411764705883,1.3288231878943446,0.018149885399321608
RMOD-1011-8391-100-126-37783,1.2768361581920904,1.289550900494955,-0.009859821972117877
RMOD-1011-8391-26-127-37842,1.1101694915254237,1.2118670932753055,-0.08391811471258315
RMOD-1011-8391-26-145-37830,1.2222222222222223,1.483069279229168,-0.17588325822683226
RMOD-1011-8391-26-152-26689,1.218543046357616,1.2003556171652372,0.015151700822902958
RMOD-1011-8391-26-152-36237,1.1954022988505748,1.3070108527540707,-0.08539221665093277
RMOD-1011-9168-39-126-41149,1.173913043478261,1.2440068823861872,-0.05634521794081726
RMOD-1011-9285-100-126-53039,1.5178571428571428,1.3699747887820293,0.10794531058968437
RMOD-1012-0034-00-130-43324,1.5,1.1657643652315144,0.2867094283690068
RMOD-1012-0034-02-101-45132,1.089820359281437,1.1418131026986014,-0.04553524853961011
RMOD-1012-0034-02-103-24033,1.1700787401574804,1.1790651950271258,-0.007621677671045712
RMOD-1012-0034-02-103-43224,1.194736842105263,1.2666194841163032,-0.05675156818007665
RMOD-1012-0034-02-103-45247,1.3428571428571427,1.237553012564188,0.08509060155311365
RMOD-1012-0034-02-106-24091,1.2439024390243902,1.2378815073204135,0.004863899871167643
RMOD-1012-0034-02-106-43279,1.3333333333333333,1.3269763258417822,0.004790596009705439
RMOD-1012-0034-02-106-45255,1.2564102564102564,1.170524943372502,0.07337333008069247
RMOD-1012-0034-02-107-24045,1,1.2157508194875086,-0.17746302616391152
RMOD-1012-0045-01-103-53881,1.3611111111111112,1.3150102393920984,0.03505742414623647
RMOD-1012-0045-01-106-53977,1.2919708029197081,1.345064416247248,-0.03947291496690697
RMOD-1012-0045-02-101-33803,1.1224105461393596,1.183431683890987,-0.05156287311067831
RMOD-1012-0045-02-106-33891,1.1764705882352942,1.1671164769052025,0.008014719623268052
RMOD-1012-0148-00-119-44509,1.3235294117647058,1.2680303278316927,0.0437679468029093
RMOD-1012-0273-01-103-27784,1.154241645244216,1.1626467853407383,-0.007229315216365606
RMOD-1012-0273-01-106-27865,1.2419354838709677,1.201499976312126,0.03365418922683161
RMOD-1012-0273-100-101-27898,1.2,1.1982597253750187,0.001452335072378963
RMOD-1012-0293-02-101-39440,1.2080200501253133,1.267689494626661,-0.0470694478058451
RMOD-1012-0293-02-101-48573,1.141065830721003,1.173630334523613,-0.027746815027432037
RMOD-1012-0293-02-103-48640,1.1136363636363635,1.2231423499159173,-0.08952840712863996
RMOD-1012-0293-02-104-39323,1.3460620525059666,1.314324215753867,0.024147646654973487
RMOD-1012-0293-02-106-39403,1.4672489082969433,1.3664061030974348,0.07380148915532003
RMOD-1012-0293-02-106-48622,1.3408071748878925,1.3470985825985322,-0.00467033949252893
RMOD-1012-0556-08-103-45820,1.3522727272727273,1.3132328212100293,0.029728091951529256
RMOD-1012-0556-08-158-45910,1.1044776119402986,1.2040173109178187,-0.08267297992720835
RMOD-1012-0600-01-103-50536,1.4609929078014185,1.4329561081066706,0.019565707237042984
RMOD-1012-0600-01-106-50673,1.3859649122807018,1.431558318457713,-0.031848794135142966
RMOD-1012-1289-01-103-47580,1.1920529801324504,1.3114055074264102,-0.09101115300955631
RMOD-1012-1289-01-106-47604,1.3047210300429184,1.3005717795527791,0.0031903279429652542
RMOD-1012-1569-100-101-27495,1.1891891891891893,1.111572336257681,0.06982618260618101
RMOD-1012-1640-05-103-26690,1.195729537366548,1.1631810474901931,0.027982307609451862
RMOD-1012-1640-05-106-26756,1.3518518518518519,1.2459525361861101,0.08499466279020695
RMOD-1012-1810-02-101-30834,1.1853546910755148,1.1532010905522416,0.027882041377428557
RMOD-1012-1810-02-106-30889,1.2237762237762237,1.2448597409343725,-0.016936459959998262
RMOD-1012-1810-02-106-30924,1.1904761904761905,1.231122049842409,-0.03301529638870604
RMOD-1012-1869-01-103-27395,1.1616161616161615,1.1062512078810696,0.050047361160526105
RMOD-1012-1869-01-106-27469,1.0957446808510638,1.1645673816552462,-0.05909722519135119
RMOD-1012-1870-01-103-25375,1.277246653919694,1.2520057707967238,0.020160356854352246
RMOD-1012-1870-01-103-40459,1.3076923076923077,1.2895956320524997,0.014032829508739741
RMOD-1012-1870-01-106-25406,1.073394495412844,1.2029348342744428,-0.1076869130153103
RMOD-1012-1870-01-106-40512,1.2342342342342343,1.2182769227876822,0.013098262922060622
RMOD-1012-1870-100-101-25479,1.3571428571428572,1.211383784985173,0.12032443719681152
RMOD-1012-1968-02-101-49918,1.2764423076923077,1.3239112296149136,-0.03585506404112404
RMOD-1012-1968-02-103-43888,1.1673728813559323,1.215979618149694,-0.039973315397937914
RMOD-1012-1968-02-103-49999,1.3312101910828025,1.346949196341879,-0.011684928653449833
RMOD-1012-1968-02-106-49984,1.36328125,1.337983561636948,0.01890732374327664
RMOD-1012-1999-01-103-31493,1.2122448979591838,1.2303839984763156,-0.01474263363274797
RMOD-1012-1999-01-103-40832,1.2456140350877194,1.2458618094440734,-0.00019887788073758017
RMOD-1012-1999-01-106-31536,1.2662337662337662,1.3002400963060354,-0.026153885093130658
RMOD-1012-1999-01-106-40883,1.1764705882352942,1.3015246640281863,-0.09608275528629084
RMOD-1012-1999-100-101-31552,1.394736842105263,1.2123456953399043,0.1504448339004676
RMOD-1012-2486-01-103-50260,1.4303482587064678,1.381301033787623,0.03550799117579295
RMOD-1012-2486-01-106-50357,1.4744525547445255,1.471870005962645,0.0017546038518472251
RMOD-1012-3035-02-101-46525,1.1391304347826088,1.148285884238307,-0.007973144650969322
RMOD-1012-3035-02-103-46626,1,1.1188541261667726,-0.10622843799483528
RMOD-1012-3035-02-106-46594,1.0784313725490196,1.255071312733434,-0.14074095901348305
RMOD-1012-3375-02-101-36848,1.218146718146718,1.2404614455907048,-0.017989053608482353
RMOD-1012-3375-02-106-36896,1.304093567251462,1.2846824326437525,0.015109675445443171
RMOD-1012-4775-03-101-33133,1.108433734939759,1.18928597679188,-0.06798385201700718
RMOD-1012-4775-03-106-33227,1.2240437158469946,1.2851267772644779,-0.04753076700145087
RMOD-1012-4872-01-103-25989,1.062575210589651,1.1066995490215392,-0.039870205487026356
RMOD-1012-4872-01-106-26037,0.9658119658119658,1.0986601122690487,-0.12091833040403477
RMOD-1012-4872-100-101-26062,0.8518518518518519,1.1117894615752717,-0.23380110956900024
RMOD-1012-4873-05-103-24305,1.3203883495145632,1.2829053710940022,0.02921725893827798
RMOD-1012-4873-05-145-24382,1.2432432432432432,1.3173091474458019,-0.056225149841378386
RMOD-1012-4873-100-105-24326,1,1.1503425404001235,-0.13069371523705442
RMOD-1012-4957-02-101-38489,1.2637254901960784,1.227002381796075,0.02992912560303962
RMOD-1012-4957-02-101-42864,1.2661596958174905,1.2515502220315,0.011673102308492833
RMOD-1012-4957-02-101-44802,1.2639296187683284,1.1929136559791937,0.0595315196813988
RMOD-1012-4957-02-103-29481,1.1401151631477926,1.208094812931738,-0.0562701280199821
RMOD-1012-4957-02-103-44939,1.2945736434108528,1.2575651569673338,0.029428683069405492
RMOD-1012-4957-02-106-29541,1.348314606741573,1.284460109331479,0.04971310276294094
RMOD-1012-4957-02-106-42911,1.4126984126984128,1.3046333301349802,0.08283176588187557
RMOD-1012-4957-02-106-44914,1.152542372881356,1.1221326577996935,0.027099928756454394
RMOD-1012-4977-01-103-31873,1.2863568215892054,1.2762945320427364,0.007883987037352602
RMOD-1012-4977-01-103-34553,0.8857868020304569,0.8762234322326989,0.010914305011667569
RMOD-1012-4977-01-106-31908,1.28,1.2816230521640206,-0.0012664036912258814
RMOD-1012-4977-01-106-34595,1.014218009478673,0.9376464424487404,0.0816635818826974
RMOD-1012-4977-100-101-31933,1.2467532467532467,1.2350752771404854,0.009455269511829956
RMOD-1012-5015-04-101-48268,1.263157894736842,1.2737930920923652,-0.008349234598260757
RMOD-1012-5015-04-106-48352,1.326241134751773,1.3292717618828873,-0.002279915377741415
RMOD-1012-5095-01-103-27032,1.1265141318977119,1.135746001419105,-0.008128463150966714
RMOD-1012-5095-05-101-35511,1.0978915662650603,1.1556461606747803,-0.049976018936451316
RMOD-1012-5095-05-101-37316,0.9700598802395209,1.0339438961031053,-0.061786733404356586
RMOD-1012-5095-05-103-161801,1.1884735202492211,1.2056645321174726,-0.014258536608072303
RMOD-1012-5095-05-103-30491,1.1772853185595569,1.1955029102713342,-0.015238433595818335
RMOD-1012-5095-05-104-37251,1.173780487804878,1.1721062608589845,0.0014283917779491784
RMOD-1012-5095-05-106-35582,1.26007326007326,1.2902039403298036,-0.0233534244584942
RMOD-1012-5095-05-145-27097,1.2149122807017543,1.2502015553383332,-0.02822686828847265
RMOD-1012-5095-05-145-30537,1.2526315789473683,1.2613039693468178,-0.006875733851801291
RMOD-1012-5095-05-145-37297,1.4090909090909092,1.297389037928825,0.08609743715763685
RMOD-1012-5095-05-158-161803,1.2099447513812154,1.2547638450404603,-0.03571914654410513
RMOD-1012-5095-100-105-30557,1.1363636363636365,1.1568597008975547,-0.017716983760447724
RMOD-1012-5096-01-103-47238,1.3359375,1.3453002373174954,-0.006959589434225144
RMOD-1012-5096-01-106-47299,1.2448979591836735,1.4078162003709893,-0.11572408468121287
RMOD-1012-5146-01-103-47884,1.244047619047619,1.3261422983345326,-0.0619048795819378
RMOD-1012-5146-01-106-47933,1.3677130044843049,1.2859072635909838,0.06361713881673947
RMOD-1012-5189-02-103-37622,1.3669354838709677,1.353725526331157,0.009758224457517617
RMOD-1012-5189-02-106-37686,1.3542857142857143,1.308150479369417,0.035267528960839734
RMOD-1012-5509-02-103-24716,1.2914285714285714,1.2636315073039204,0.021997761185900355
RMOD-1012-5509-02-106-24785,1.2655502392344498,1.2586160331882947,0.005509389570216516
RMOD-1012-5509-100-102-24744,1.459016393442623,1.3229928679840761,0.1028150103830976
RMOD-1012-5579-01-103-34169,0.9189686924493554,0.9529896925616754,-0.035699231983160495
RMOD-1012-5579-01-145-34223,1.0280898876404494,1.0254744119166816,0.0025505031557826463
RMOD-1012-5673-01-103-36187,1.278372591006424,1.275078590252702,0.0025833707654594473
RMOD-1012-5673-01-106-36835,1.1643835616438356,1.2444272327750912,-0.06432169677993693
RMOD-1012-5708-02-101-28760,1.089567966280295,1.1314138546903292,-0.03698548346085739
RMOD-1012-5708-02-106-28803,1.2253968253968255,1.2312039760844506,-0.004716643870899095
RMOD-1012-6031-04-103-49608,1.3343151693667157,1.3293768839620033,0.0037147369299779243
RMOD-1012-6031-04-106-49662,1.2359550561797752,1.296860913845885,-0.0469640630046374
RMOD-1012-6124-01-106-28203,1.3647798742138364,1.2439258420868322,0.09715533517999542
RMOD-1012-6124-01-107-28159,1.2107843137254901,1.2077086745760295,0.0025466730629724044
RMOD-1012-6124-01-108-38973,1.2868369351669942,1.3262121671246994,-0.029689994507494877
RMOD-1012-6195-04-101-49016,1.0149253731343284,1.1274137965320439,-0.09977563139969814
RMOD-1012-6195-04-145-48997,1.3626373626373627,1.2941970719387739,0.05288243358182054
RMOD-1012-6195-05-101-42546,1.0843373493975903,1.138963579564735,-0.04796134937696661
RMOD-1012-6195-05-103-162397,1.1888367240479916,1.2172423127268397,-0.023336018130370784
RMOD-1012-6195-05-103-25032,1.1811023622047243,1.2343049471428893,-0.0431032744876505
RMOD-1012-6195-05-103-26397,1.1347517730496455,1.1820252545477647,-0.0399936306912545
RMOD-1012-6195-05-103-33427,1.3155339805825244,1.26066545515882,0.04352346231046034
RMOD-1012-6195-05-104-34912,1.193069306930693,1.213410033155011,-0.016763275124262456
RMOD-1012-6195-05-104-36546,1.217616580310881,1.250743844355172,-0.0264860500363846
RMOD-1012-6195-05-104-38065,1.1963636363636363,1.2080154415093558,-0.009645410766571993
RMOD-1012-6195-05-104-40072,1.1627118644067798,1.2505138229390556,-0.07021270530694079
RMOD-1012-6195-05-104-42471,1.2796610169491525,1.303882974502711,-0.018576787968871633
RMOD-1012-6195-05-104-48948,1.1272727272727272,1.2405599927487394,-0.09131945745324155
RMOD-1012-6195-05-104-51285,1.2613333333333334,1.301030609107524,-0.030512176651571687
RMOD-1012-6195-05-145-162465,1.2582697201017812,1.2691955719339014,-0.008608485621701578
RMOD-1012-6195-05-145-25115,1.2346153846153847,1.2532548188240253,-0.014872820697494404
RMOD-1012-6195-05-145-34954,1.1682242990654206,1.297441100953867,-0.09959357830844684
RMOD-1012-6195-05-145-36566,1.236842105263158,1.2928008555449677,-0.043284895768591514
RMOD-1012-6195-05-145-38125,1.3173652694610778,1.2936225813684614,0.018353643817426546
RMOD-1012-6195-05-145-40113,1.34375,1.2907486212965587,0.04106251041368636
RMOD-1012-6195-05-145-42521,1.3018867924528301,1.3128600315100427,-0.0083582703363978
RMOD-1012-6195-05-145-51340,1.2612612612612613,1.3139787139295802,-0.040120476922082204
RMOD-1012-6195-100-102-25056,1.2537313432835822,1.2223216021131451,0.025696789712409407
RMOD-1012-6195-100-105-38132,1.4,1.2750113776374796,0.09802941727007708
RMOD-1012-6202-05-103-31121,1.1849462365591399,1.1967510688126028,-0.009864066605911215
RMOD-1012-6202-05-145-31214,1.1884057971014492,1.2493113918805336,-0.048751332273858305
RMOD-1012-6374-05-103-54262,1.2941176470588236,1.3051579769449138,-0.008458998896005765
RMOD-1012-6374-05-106-54349,1.2755102040816326,1.3555374431274971,-0.05903727665480463
RMOD-1012-6405-05-103-161585,1.2321219226260258,1.2667995015178406,-0.027374165248932658
RMOD-1012-6405-05-103-25702,1.1693667157584684,1.2111414004853733,-0.034491996318649076
RMOD-1012-6405-05-103-32501,1.3732193732193732,1.3261414626206305,0.03549991605398595
RMOD-1012-6405-05-103-35822,1.333916083916084,1.3279628569464665,0.004482977018880119
RMOD-1012-6405-05-103-41518,1.4144736842105263,1.3526398953038388,0.04571341502003978
RMOD-1012-6405-05-106-25770,1.158371040723982,1.1775112962376428,-0.01625483812751305
RMOD-1012-6405-05-106-32544,1.3852459016393444,1.3278131471622303,0.043253641975045776
RMOD-1012-6405-05-106-35900,1.3764705882352941,1.3748143951045269,0.0012046667074949724
RMOD-1012-6405-05-106-41564,1.4534883720930232,1.3527690007318893,0.07445422781468358
RMOD-1012-6406-05-103-161647,1.2298591549295774,1.254820753705762,-0.019892561310025703
RMOD-1012-6406-05-103-28433,1.1891233766233766,1.2040564674134608,-0.012402317660535678
RMOD-1012-6406-05-103-42190,1.3419117647058822,1.3439986445487144,-0.0015527395442670455
RMOD-1012-6406-05-103-44219,1.2918287937743191,1.3053426539071982,-0.010352730060899207
RMOD-1012-6406-05-103-46171,1.2516411378555798,1.3004649241495638,-0.03754333191716963
RMOD-1012-6406-05-104-42257,1.2450980392156863,1.1938801431440678,0.04290036681298415
RMOD-1012-6406-05-106-161711,1.2601398601398601,1.2836960641255653,-0.01835029696203927
RMOD-1012-6406-05-106-28476,1.2484848484848485,1.225748475406082,0.018548971126588043
RMOD-1012-6406-05-106-46263,1.1155378486055776,1.1879229386777865,-0.06093416308028943
RMOD-1012-6406-05-107-44318,1.1570247933884297,1.259994993961549,-0.08172270609533994
RMOD-1012-6406-05-107-46282,1.1196581196581197,1.2274857844236633,-0.08784432873588965
RMOD-1012-6406-05-158-44277,1.2611940298507462,1.3154304950390752,-0.041230962329726006
RMOD-1012-6406-05-160-42235,1.386046511627907,1.3122404391773792,0.05624432096971144
RMOD-1012-6406-100-105-28507,1.2112676056338028,1.1787638398291376,0.027574451053212545
RMOD-1012-6407-05-101-46906,1.289537712895377,1.3275706709389272,-0.0286485374195945
RMOD-1012-6407-05-103-46968,1.3125,1.3060551227956736,0.004934613472156402
RMOD-1012-6407-05-106-47018,1.453125,1.402799459622632,0.03587507824597114
RMOD-1012-6523-01-103-39667,1.3806228373702423,1.3079056074474527,0.055598224756224335
RMOD-1012-6523-01-106-39710,1.3987341772151898,1.3894655792173918,0.00667062080301295
RMOD-1012-6611-05-103-32826,1.217573221757322,1.2189774920288508,-0.001152006727533017
RMOD-1012-6611-05-103-37784,1.233160621761658,1.2450640554576629,-0.009560499031215919
RMOD-1012-6611-05-106-32914,1.2377622377622377,1.2332695854754299,0.0036428793345097965
RMOD-1012-6611-05-106-37831,1.0555555555555556,1.1884492449358652,-0.11182108949674263
RMOD-1012-6613-02-101-41150,1.3018292682926829,1.2861021813091211,0.0122284894716167
RMOD-1012-6613-02-106-41206,1.3732057416267942,1.3567584947184677,0.012122457292400801
RMOD-1012-6681-05-103-35168,1.4017467248908297,1.2936791038202282,0.08353510600231417
RMOD-1012-6681-05-103-49226,1.4035087719298245,1.3787154851877708,0.017982888426524957
RMOD-1012-6681-05-103-51956,1.078125,1.0166185844335003,0.0605009750050689
RMOD-1012-6681-05-106-35252,1.4029850746268657,1.3602443554733183,0.03142135380423983
RMOD-1012-6681-05-106-49339,1.3109243697478992,1.3076625390173047,0.0024943979301004227
RMOD-1012-6681-05-106-52048,1.153061224489796,1.062153860178953,0.08558775495626092
RMOD-1012-7236-04-101-29829,1.2969613259668509,1.26558235718398,0.02479409467487481
RMOD-1012-7236-04-106-29870,1.3076923076923077,1.3028014671427166,0.0037540950581806953
RMOD-1012-7242-05-103-30172,1.1728187919463087,1.1777568583818534,-0.004192772387952126
RMOD-1012-7242-05-103-52287,0.7663316582914573,0.8955869600642572,-0.14432468039008295
RMOD-1012-7242-05-106-30218,1.2531645569620253,1.2418243088773733,0.009131926314845495
RMOD-1012-7242-05-145-52417,0.9383116883116883,0.9614041348538315,-0.024019499922011578
RMOD-1012-7242-100-105-30246,1.2584269662921348,1.236395228800858,0.017819332344597205
RMOD-1012-7584-02-101-43514,1.2424242424242424,1.2058103504148838,0.030364552764670538
RMOD-1012-7584-02-101-45410,1.0671140939597314,1.1888776228356148,-0.10241889201805543
RMOD-1012-7584-02-103-43626,1.3383458646616542,1.1978521116337142,0.11728806224361432
RMOD-1012-7584-02-103-45549,1.3076923076923077,1.2502198604329233,0.04596987224269733
RMOD-1012-7584-02-145-43576,1.3411764705882352,1.3049468411238152,0.027763299103601202
RMOD-1012-7584-02-145-45523,1.2327586206896552,1.272929559157637,-0.031557864438755856
RMOD-1012-7710-05-103-32158,1.2554517133956387,1.2727021656748705,-0.013554194174003387
RMOD-1012-7710-05-106-32209,1.3068181818181819,1.28630523166925,0.015947187062523183
RMOD-1012-7952-01-103-54619,1.3692528735632183,1.4068786913586628,-0.02674418059392758
RMOD-1012-7952-01-106-54682,1.4205607476635513,1.3538963288829429,0.049238939022466566
RMOD-1012-7960-01-102-52811,1.2972972972972974,1.2611583592519047,0.028655353057192245
RMOD-1012-7960-01-103-41847,1.275436793422405,1.2887019276107692,-0.010293407578707892
RMOD-1012-7960-01-103-52694,1.214975845410628,1.2491768491319426,-0.02737883250484585
RMOD-1012-7960-01-106-52763,1.2753623188405796,1.293643075027402,-0.014131220998833016
RMOD-1012-7960-01-158-41900,1.3497109826589595,1.3513643444244057,-0.0012234759428629838
RMOD-1012-7960-100-101-41920,1.1573033707865168,1.1497154793578814,0.006599799311107324
RMOD-1012-8061-01-103-50963,1.4477272727272728,1.464380246983902,-0.011372028741119866
RMOD-1012-8061-01-103-53040,1.4634146341463414,1.4332471763741907,0.021048328766617885
RMOD-1012-8061-01-106-51012,1.361842105263158,1.3866900141573533,-0.017918863365648963
RMOD-1012-8061-01-106-53119,1.4393939393939394,1.3993491647251024,0.028616713882630984
RMOD-1012-8382-05-103-29095,1.153069153069153,1.1899516707736884,-0.030994971149168493
RMOD-1012-8382-05-106-29144,1.1937639198218264,1.2049661433745136,-0.009296712288791253
RMOD-1012-8968-05-103-51613,1.3147632311977715,1.3245547308551242,-0.0073922952591255475
RMOD-1012-8968-05-145-51688,1.3516483516483517,1.3774045494908205,-0.01869907998488174
RMOD-1012-9564-04-103-53428,1.4198047419804742,1.4068325938360469,0.009220818597226232
RMOD-1012-9564-04-106-53492,1.3556485355648535,1.3969376199465058,-0.02955685622041826
RMOD-1013-0034-02-101-31874,1.1104651162790697,1.1927589224049981,-0.06899450054835621
RMOD-1013-0034-02-103-28160,1.2161458333333333,1.154074909393122,0.05378413778430691
RMOD-1013-0034-02-106-28204,1.1233766233766234,1.1596758766754236,-0.03130120581870122
RMOD-1013-0034-02-106-31909,1.26875,1.2648891884290514,0.003052292332218931
RMOD-1013-0157-18-117-49919,1.3136756481952212,1.2988622137287833,0.011404931416020947
RMOD-1013-0157-18-162-50056,1.5,1.3015147532001317,0.1525032630723837
RMOD-1013-0273-01-103-49227,1.3416666666666666,1.355149621065483,-0.009949421222001598
RMOD-1013-0273-01-106-49340,1.1076923076923078,1.2375510139663348,-0.10493200264757707
RMOD-1013-0293-01-102-50537,1.308411214953271,1.412785428454544,-0.07387831966489677
RMOD-1013-0293-01-103-50692,1.4190476190476191,1.3513674661051944,0.05008271594512115
RMOD-1013-0293-01-106-50674,1.2792792792792793,1.2628538748015172,0.013006575666043352
RMOD-1013-0298-01-103-53882,1.4400656814449917,1.4009544587671996,0.02791755465927781
RMOD-1013-0298-01-106-53978,1.3602941176470589,1.3716543598555049,-0.008282146392654455
RMOD-1013-0934-01-102-47593,1.32,1.2642966408331158,0.04405877336680897
RMOD-1013-0934-01-103-47674,1.2626582278481013,1.2422778394914582,0.0164056603995979
RMOD-1013-0934-01-103-52288,0.8348082595870207,0.9060113296326894,-0.07858960226748546
RMOD-1013-0934-01-106-52418,0.9771863117870723,0.9710921243031001,0.006275601800751485
RMOD-1013-0934-01-158-47605,1.3632478632478633,1.2997917029434514,0.0488202533996116
RMOD-1013-0934-02-101-31122,1.2197659297789336,1.2138920418409898,0.004838888249926843
RMOD-1013-0934-02-101-32827,1.2648171500630516,1.2927111880189386,-0.02157793497450422
RMOD-1013-0934-02-101-34554,0.8748221906116643,0.8300511954489456,0.05393763108612082
RMOD-1013-0934-02-101-35823,1.2092760180995474,1.2282194470526364,-0.015423488854982459
RMOD-1013-0934-02-101-38974,1.3288888888888888,1.2878875706647173,0.03183610057127084
RMOD-1013-0934-02-101-40835,1.268939393939394,1.2721499291632488,-0.002523708212574083
RMOD-1013-0934-02-101-42472,1.2490566037735849,1.2610588636208557,-0.009517604763356502
RMOD-1013-0934-02-101-44510,1.2573099415204678,1.2118380000653504,0.037523118975197445
RMOD-1013-0934-02-101-46175,1.2181303116147308,1.225606093207457,-0.006099660922182393
RMOD-1013-0934-02-103-44630,1.1023391812865497,1.1926019867765676,-0.07568560717728257
RMOD-1013-0934-02-106-35902,1.3344051446945338,1.2874349650665446,0.03648353579208652
RMOD-1013-0934-02-106-39020,1.3880597014925373,1.3395243205793343,0.03623329578085732
RMOD-1013-0934-02-106-40884,1.328125,1.363761550318455,-0.026131071307981535
RMOD-1013-0934-02-106-42522,1.3394495412844036,1.3505031068353592,-0.008184776099373514
RMOD-1013-0934-02-145-31215,1.2844036697247707,1.2716822986730452,0.01000357641605909
RMOD-1013-0934-02-145-32915,1.4225806451612903,1.3853479716205102,0.026876044361062057
RMOD-1013-0934-02-145-34596,0.9115384615384615,0.8801710692724664,0.035637836053760585
RMOD-1013-0934-02-158-44605,1.3642384105960266,1.3127192448449874,0.039246141894661246
RMOD-1013-0934-02-158-46264,1.2604166666666667,1.2768823436795058,-0.012895218650601059
RMOD-1013-0934-100-101-41715,1.2903225806451613,1.292530305315876,-0.0017080641449062073
RMOD-1013-1010-10-117-37623,1.3230240549828178,1.3119448708304082,0.008444854962081694
RMOD-1013-1289-01-103-48949,1.2533333333333334,1.2851468517748565,-0.024754772886528165
RMOD-1013-1289-01-106-48998,1.2836879432624113,1.3730120433222834,-0.06505704046392358
RMOD-1013-1968-02-101-28434,1.0959302325581395,1.1476679738794169,-0.04508075723886451
RMOD-1013-1968-02-103-25376,1.2331395348837209,1.2337135925443576,-0.00046530869409722175
RMOD-1013-1968-02-106-25407,1.248081841432225,1.2219942892581999,0.021348342134938525
RMOD-1013-1968-02-106-28478,1.191740412979351,1.22928112666455,-0.030538753805697372
RMOD-1013-1970-01-103-53041,1.351063829787234,1.3017423026717725,0.03788885635369699
RMOD-1013-1970-01-106-53120,1.2272727272727273,1.3664132300940581,-0.1018290073287369
RMOD-1013-2218-00-117-28761,1.2971428571428572,1.2592326395012698,0.030105809246337545
RMOD-1013-2218-00-119-30514,1.282442748091603,1.2756812477970572,0.005300305469114752
RMOD-1013-2218-100-130-30558,1.4054054054054055,1.300726368039698,0.0804773701354784
RMOD-1013-2248-01-102-50262,1.4233870967741935,1.430901446982646,-0.005251479914495927
RMOD-1013-2248-01-103-50379,1.256140350877193,1.3392275994180596,-0.0620411710279648
RMOD-1013-2248-01-106-50358,1.3003412969283277,1.3339717615210953,-0.02521077699157559
RMOD-1013-2248-02-101-161805,1.208018402891883,1.2249139495276655,-0.013793251878874924
RMOD-1013-2248-02-101-30835,1.1544333529066353,1.1793608178935442,-0.02113641949834466
RMOD-1013-2248-02-101-32502,1.2024820378837362,1.2305336861139,-0.022796326948799406
RMOD-1013-2248-02-101-34170,0.8911465892597968,0.9227461053526009,-0.03424508205399501
RMOD-1013-2248-02-101-37785,1.21160409556314,1.228027564884923,-0.013373860482783329
RMOD-1013-2248-02-101-41848,1.1676942046855734,1.2322609580690669,-0.05239698049402508
RMOD-1013-2248-02-101-44221,1.195246179966044,1.2443875405080265,-0.039490399045557845
RMOD-1013-2248-02-101-46528,1.1996587030716723,1.2463847150974914,-0.03748923703879348
RMOD-1013-2248-02-103-44319,1.25503355704698,1.2401118197731318,0.012032574027540432
RMOD-1013-2248-02-103-46627,1.3333333333333333,1.255512882381033,0.06198299678511976
RMOD-1013-2248-02-106-161806,1.2624254473161034,1.279824479372137,-0.013594857995347431
RMOD-1013-2248-02-106-30890,1.25,1.2243799078591422,0.02092495309372966
RMOD-1013-2248-02-106-32545,1.1783783783783783,1.2518650403060783,-0.05870174464631783
RMOD-1013-2248-02-106-34224,0.958904109589041,0.9214815091527941,0.04061134169762459
RMOD-1013-2248-02-106-37832,1.251700680272109,1.2493996343733402,0.0018417212839370034
RMOD-1013-2248-02-106-41901,1.3109243697478992,1.2742269049091144,0.02879978808907846
RMOD-1013-2248-02-158-44278,1.3709677419354838,1.2657734679046568,0.0831067143514741
RMOD-1013-2248-02-158-46596,1.337837837837838,1.281700973475657,0.043798721795421214
RMOD-1013-2594-01-103-48574,1.3577981651376148,1.2748855676054522,0.06503532523934097
RMOD-1013-2752-01-103-49609,1.3662691652470187,1.3585461434803205,0.005684769563228276
RMOD-1013-2752-01-106-49665,1.4428571428571428,1.3981153777635584,0.032001482713932994
RMOD-1013-2752-01-108-49691,1.3636363636363635,1.2784740220210355,0.06661249282226467
RMOD-1013-3035-02-101-25990,1.15096065873742,1.1345028610316559,0.014506616308396225
RMOD-1013-3035-02-101-35512,1.2668439716312057,1.2910546350850147,-0.018752625021337566
RMOD-1013-3035-02-101-37252,1.2245575221238938,1.2194494629580377,0.004188823990676438
RMOD-1013-3035-02-101-39668,1.2515151515151515,1.2789605298231352,-0.02145912846253273
RMOD-1013-3035-02-101-41519,1.2083333333333333,1.1935687244935966,0.01237013716658919
RMOD-1013-3035-02-101-43225,1.227882037533512,1.2056353199445644,0.018452277584212196
RMOD-1013-3035-02-103-37317,1.0888888888888888,1.1690893964083786,-0.0686008339190125
RMOD-1013-3035-02-103-39724,1.2797619047619047,1.2670531874074589,0.010030137235556236
RMOD-1013-3035-02-103-41578,1.2337662337662338,1.3061828837964264,-0.05544143238174526
RMOD-1013-3035-02-103-43334,1.4183673469387754,1.272340117065778,0.11477059310977311
RMOD-1013-3035-02-106-26038,1.145631067961165,1.1581972556745381,-0.01084978197954245
RMOD-1013-3035-02-106-35583,1.2395833333333333,1.2913386515013772,-0.04007881132332747
RMOD-1013-3035-02-106-37298,1.202247191011236,1.2319536965427675,-0.024113329595825683
RMOD-1013-3035-02-106-39711,1.3376623376623376,1.3532133205618506,-0.01149189315772936
RMOD-1013-3035-02-106-41565,1.3958333333333333,1.275948367316216,0.09395753706654997
RMOD-1013-3035-02-106-43280,1.1285714285714286,1.3180279481386523,-0.1437424144418017
RMOD-1013-3035-100-102-26063,1.3421052631578947,1.156381118562341,0.16060807428821855
RMOD-1013-3041-02-101-24034,1.1925360474978797,1.223335193753563,-0.025176375545268415
RMOD-1013-3130-02-101-38066,1.3310657596371882,1.3443673878678652,-0.009894340156356485
RMOD-1013-3130-02-103-38135,1.4536585365853658,1.3119038817620965,0.1080526224473628
RMOD-1013-3130-02-106-38127,1.316831683168317,1.292803193844359,0.018586347433521944
RMOD-1013-3202-01-102-48269,1.3821138211382114,1.3749178559787607,0.005233741876403242
RMOD-1013-3202-01-103-48373,1.3415637860082306,1.3504746000175762,-0.0065982833066463575
RMOD-1013-3202-01-106-48353,1.3157894736842106,1.3527061392774034,-0.027290972164074945
RMOD-1013-3202-02-101-27396,1.164396003633061,1.1592114296969138,0.0044725007046406695
RMOD-1013-3202-02-101-43515,1.2860824742268042,1.2148836944258745,0.05860542875635244
RMOD-1013-3202-02-101-45133,1.282371294851794,1.198041550312444,0.07038966596555629
RMOD-1013-3202-02-103-43627,1.1879432624113475,1.2149980313241622,-0.022267335596691584
RMOD-1013-3202-02-103-45249,1.2887931034482758,1.21576459642519,0.060067966477900026
RMOD-1013-3202-02-106-162468,1.2421875,1.2645354178661008,-0.01767282873247855
RMOD-1013-3202-02-106-27470,1.2342657342657342,1.203804047874685,0.025304522313934097
RMOD-1013-3202-02-107-162398,1.26621490803485,1.2476041925674293,0.014917163294491553
RMOD-1013-3202-02-158-43579,1.3779527559055118,1.3016754252901748,0.058599347528077494
RMOD-1013-3202-02-158-45257,1.19375,1.2023497940362364,-0.007152489299613318
RMOD-1013-3223-02-101-26783,1.1270036991368682,1.150131444500103,-0.02010878449922504
RMOD-1013-3223-02-106-161619,1.233695652173913,1.2397365174647519,-0.004872700937447849
RMOD-1013-3223-02-106-25116,1.1185897435897436,1.1913116263145989,-0.06104354319937699
RMOD-1013-3223-02-108-161586,1.202842377260982,1.2085735654550047,-0.004742109506478465
RMOD-1013-3223-02-108-25033,1.1869488536155204,1.2102891942563316,-0.01928492855391717
RMOD-1013-3223-02-108-26691,1.1197411003236246,1.139290101021433,-0.017158931408498668
RMOD-1013-3223-08-103-31494,1.2836304700162076,1.2936400101513301,-0.007737500430240796
RMOD-1013-3223-08-103-36551,1.2420537897310513,1.2492627453338354,-0.005770567984765829
RMOD-1013-3223-08-103-45411,1.1978494623655913,1.2327463115602497,-0.028308216270783504
RMOD-1013-3223-08-106-31537,1.2486187845303867,1.2711920325272235,-0.017757543643472595
RMOD-1013-3223-100-102-25057,1.1818181818181819,1.2335286939655234,-0.04192080200510273
RMOD-1013-3223-100-108-31553,1.588235294117647,1.2754352776030304,0.24524961948870705
RMOD-1013-3223-100-108-36583,1.3035714285714286,1.2876488850864602,0.012365594122266677
RMOD-1013-3281-00-117-40073,1.360655737704918,1.2923025544356088,0.052892554483235044
RMOD-1013-3281-00-117-42865,1.4591836734693877,1.4090287745201067,0.035595368849981934
RMOD-1013-3281-00-117-46909,1.2769230769230768,1.3021394530493362,-0.019365342219842763
RMOD-1013-3281-100-130-42975,1.3660714285714286,1.2839759234709986,0.063938508191415
RMOD-1013-3281-100-130-46969,1.3513513513513513,1.349624924430673,0.001279190158263166
RMOD-1013-3991-00-117-33428,1.3665338645418326,1.3905911052180073,-0.017300010467421467
RMOD-1013-4100-08-101-35169,1.293040293040293,1.416436004385461,-0.08711703950133964
RMOD-1013-4100-08-101-36849,1.3288201160541586,1.258907773767658,0.05553412548821335
RMOD-1013-4100-08-103-30173,1.3276923076923077,1.2959988804500133,0.024454826096214966
RMOD-1013-4100-08-106-35254,1.3955223880597014,1.325302550361792,0.05298400556064764
RMOD-1013-4245-19-117-52695,1.3135011441647597,1.3062561410979665,0.0055463877556996
RMOD-1013-4245-19-162-52815,1.1764705882352942,1.3005278509988107,-0.09538993160987685
RMOD-1013-4401-10-109-29482,1.2846715328467153,1.259440977705056,0.02003313818455732
RMOD-1013-4401-10-117-41151,1.3325301204819278,1.3371224181944779,-0.0034344631800813374
RMOD-1013-4401-10-117-47239,1.3846153846153846,1.3485349305658891,0.026755298088092516
RMOD-1013-4472-09-110-29830,1.1844311377245509,1.2438872469638094,-0.04779863237956994
RMOD-1013-4472-09-145-33228,1.2112676056338028,1.2670583958285546,-0.04403174342905403
RMOD-1013-4472-100-109-33135,0.91,1.1387448717628208,-0.20087455709786417
RMOD-1013-4478-17-118-51286,1.4141414141414141,1.4251182300984058,-0.007702389686106037
RMOD-1013-4726-00-117-34913,1.5272727272727273,1.3712107711771502,0.11381325130753006
RMOD-1013-4726-00-117-36188,1.5801526717557253,1.4085962453571967,0.121792477414296
RMOD-1013-4726-00-117-44803,1.4476190476190476,1.3518946958484148,0.07080755036956377
RMOD-1013-4726-100-130-34980,1.2941176470588236,1.2895421426805729,0.003548161961376195
RMOD-1013-4726-100-130-36251,1.537037037037037,1.388719373031235,0.10680175338957132
RMOD-1013-4835-01-103-51957,1.029490616621984,1.0291941015038197,0.00028810417561753177
RMOD-1013-4835-01-106-52049,1.115,1.0855403269794197,0.027138257592468795
RMOD-1013-4835-01-108-52077,1.05,1.0199821558709101,0.029429773801737946
RMOD-1013-4957-01-102-47885,1.3333333333333333,1.3711825046283315,-0.027603306756934898
RMOD-1013-4957-01-103-47963,1.3812154696132597,1.3320928125198563,0.0368763021853411
RMOD-1013-4957-01-106-47934,1.2337662337662338,1.2525684343204144,-0.015010916800232033
RMOD-1013-4957-02-101-25703,1.1364190012180269,1.1383281655550648,-0.0016771651574719604
RMOD-1013-4957-02-101-27899,1.117878192534381,1.1459441393134595,-0.024491548772955674
RMOD-1013-4957-02-103-25791,1.137291280148423,1.157049755501972,-0.017076599566781092
RMOD-1013-4957-02-103-27785,1.20446735395189,1.1800760530899206,0.020669261780291937
RMOD-1013-4973-00-130-38549,1.4615384615384615,1.364212625203207,0.07134213137835266
RMOD-1013-4973-00-130-40563,0.8,0.9919171534303398,-0.19348103091738478
RMOD-1013-4973-00-130-42258,1.5,1.3354531548286759,0.12321423973305445
RMOD-1013-4973-00-130-43959,2,1.516139407386159,0.31913990907209655
RMOD-1013-4973-02-101-38490,1.198776758409786,1.220590428821505,-0.017871408702410108
RMOD-1013-4973-02-101-40460,1.2298959318826868,1.2491573433611252,-0.0154195238740793
RMOD-1013-4973-02-101-42191,1.209366391184573,1.2313163028102394,-0.017826379440903928
RMOD-1013-4973-02-101-43891,1.2167832167832169,1.1516107530730069,0.056592441097220725
RMOD-1013-4973-02-101-45825,1.177177177177177,1.2105071208552574,-0.027533868329937317
RMOD-1013-4973-02-106-38531,1.2947976878612717,1.2983302294791956,-0.0027208344516025385
RMOD-1013-4973-02-106-40513,1.2590361445783131,1.2718933216216368,-0.010108691369596023
RMOD-1013-4973-02-106-42236,1.3353658536585367,1.298539784095058,0.028359600540958763
RMOD-1013-4973-02-106-43940,1.2344827586206897,1.226612467574292,0.00641628163291208
RMOD-1013-4973-02-106-45912,1.198019801980198,1.2576688385100725,-0.04742825353018931
RMOD-1013-5146-01-103-51614,1.3157894736842106,1.2975963209622294,0.014020656831463585
RMOD-1013-5146-01-106-51690,1.2222222222222223,1.2581547117081153,-0.028559674856766915
RMOD-1013-5393-08-101-32159,1.3374384236453203,1.3210214879503017,0.012427455453802638
RMOD-1013-5393-08-101-33804,1.297872340425532,1.266483801532301,0.024784003439486835
RMOD-1013-5393-08-106-33892,1.1058823529411765,1.158085831605598,-0.045077383074487054
RMOD-1013-5509-02-101-27033,1.1623314065510597,1.1774513309711274,-0.012841230904718004
RMOD-1013-5509-02-101-29096,1.1856763925729443,1.2033420529642544,-0.014680497825031114
RMOD-1013-5509-02-106-27100,1.175257731958763,1.217015764996575,-0.034311825893175274
RMOD-1013-5509-02-106-29146,1.1884615384615385,1.226706565551045,-0.031176997143018026
RMOD-1013-5894-02-101-161648,1.1895232489699823,1.2102288791673683,-0.017108854823916775
RMOD-1013-5894-02-101-24726,1.1617122473246135,1.2233343666998546,-0.050372262116265776
RMOD-1013-5894-02-101-26398,1.129496402877698,1.1515144859388,-0.01912097792078693
RMOD-1013-5894-02-101-39324,1.2620689655172415,1.2713283028020865,-0.0072831992054585015
RMOD-1013-5894-02-103-24717,1.2082294264339153,1.2440716660000732,-0.028810429933990522
RMOD-1013-5894-02-106-39404,1.4851485148514851,1.3630674958239075,0.08956344377780479
RMOD-1013-6124-01-103-53429,1.496212121212121,1.3921716817131107,0.07473247794480753
RMOD-1013-6124-01-106-53493,1.4573643410852712,1.4894252878824885,-0.021525716702982867
RMOD-1013-6542-09-145-24383,1.4166666666666667,1.2800669852808482,0.10671291655557247
RMOD-1013-6542-100-109-24321,1.2467532467532467,1.2037032001891328,0.03576466902916753
RMOD-1013-7529-17-118-54263,1.3714285714285714,1.3139729490668064,0.043726640188879395
RMOD-1013-7529-17-145-54352,1.345724907063197,1.35661463674309,-0.008027135624923298
RMOD-1013-7529-17-162-54377,1.5625,1.4392365489692471,0.08564502556513842
RMOD-1013-8243-01-103-50965,1.3743139407244787,1.367398250079083,0.005057554114169305
RMOD-1013-8243-01-103-54620,1.2919954904171365,1.2904944620890169,0.001163142014332763
RMOD-1013-8243-01-106-54684,1.2778993435448578,1.3251991736439366,-0.0356926196754388
RMOD-1014-0273-00-130-39441,1.5333333333333334,1.2465351137778093,0.2300763262787997
RMOD-1014-0273-00-130-43595,0.8,1.1968141250285356,-0.33155869130394366
RMOD-1014-0273-01-103-30174,1.1911764705882353,1.2531346361145566,-0.04944254491155675
RMOD-1014-0273-01-103-32160,1.2927536231884058,1.3099369304501718,-0.013117659989829278
RMOD-1014-0273-01-103-33429,1.2203389830508475,1.2641935394976136,-0.03468974890046794
RMOD-1014-0273-01-103-39325,1.2959183673469388,1.3561625098109078,-0.044422509860097104
RMOD-1014-0273-01-103-43516,1.2816326530612245,1.2119170408900617,0.057525069636748416
RMOD-1014-0273-01-103-46529,1.3542857142857143,1.3129503365552198,0.03148281894572347
RMOD-1014-0273-01-106-30220,1.2791519434628975,1.2579142207171472,0.016883283769256074
RMOD-1014-0273-01-106-32210,1.2971014492753623,1.3113132667114176,-0.01083785072326493
RMOD-1014-0273-01-106-33470,1.2741935483870968,1.2377070121780698,0.029479138317895837
RMOD-1014-0273-01-106-39405,1.308457711442786,1.3055413399513098,0.002233840784838792
RMOD-1014-0273-01-106-43584,1.394736842105263,1.248052902409285,0.1175302260127069
RMOD-1014-0273-01-106-46599,1.2125435540069687,1.2706426811069222,-0.045724205525144446
RMOD-1014-0273-100-101-32233,1,1.1315015834870137,-0.11621864733212106
RMOD-1014-0273-100-101-33492,0.9705882352941176,1.0844812766452014,-0.10502075398056421
RMOD-1014-0298-01-103-161649,1.215442092154421,1.231572973199936,-0.013097787460862431
RMOD-1014-0298-01-103-36554,1.383225806451613,1.3351077352446827,0.03604059053564823
RMOD-1014-0298-01-103-40461,1.380184331797235,1.3548296707793477,0.01871427941440218
RMOD-1014-0298-01-103-47598,1.4212860310421287,1.3563122681269906,0.04790472256426925
RMOD-1014-0298-01-103-49610,1.4285714285714286,1.407234178873872,0.015162543674594131
RMOD-1014-0298-01-103-51615,1.4341372912801484,1.3910859128341366,0.03094803710455296
RMOD-1014-0298-01-106-161712,1.2311320754716981,1.2400394767928502,-0.0071831594782688635
RMOD-1014-0298-01-106-36567,1.3259668508287292,1.3525278530199563,-0.019638044519320497
RMOD-1014-0298-01-106-40514,1.3508771929824561,1.336941064515236,0.010423891401879715
RMOD-1014-0298-01-106-47607,1.393063583815029,1.2708163240772747,0.09619585255683316
RMOD-1014-0298-01-106-49667,1.4153846153846155,1.3561154990001691,0.043705065260402964
RMOD-1014-0298-01-106-51695,1.3392857142857142,1.3454076628678315,-0.004550255473547593
RMOD-1014-0303-00-130-42966,1.3333333333333333,1.2544356980488356,0.06289492192163859
RMOD-1014-0303-01-103-38067,1.1647727272727273,1.2636892985544095,-0.07827602195795857
RMOD-1014-0303-01-103-41152,1.2745098039215685,1.2686746258058872,0.004599428408978312
RMOD-1014-0303-01-103-42866,1.3425925925925926,1.3338004502668754,0.006591797389150722
RMOD-1014-0303-01-106-38129,1.2457142857142858,1.2552108289427115,-0.007565695745650136
RMOD-1014-0303-01-106-41208,1.2467532467532467,1.3174406570032402,-0.05365510004130658
RMOD-1014-0303-01-106-42912,1.2,1.2672994881852189,-0.053104644018749037
RMOD-1014-0303-100-101-38136,1.3333333333333333,1.2928686992978624,0.031298332195254464
RMOD-1014-0303-100-101-41231,1.2083333333333333,1.3484317940165012,-0.10389732821848119
RMOD-1014-0457-01-103-25034,1.2901069518716577,1.274687709038104,0.012096486632941161
RMOD-1014-0457-01-103-30492,1.2436548223350254,1.2674024467781957,-0.0187372404902153
RMOD-1014-0457-01-103-43892,1.2015968063872255,1.1968125520562558,0.003997496786568577
RMOD-1014-0457-01-106-30538,1.253968253968254,1.2031289751189906,0.04225588436537775
RMOD-1014-0457-01-108-25060,1.2333333333333334,1.2187447453102886,0.011970175115979975
RMOD-1014-1289-01-103-24854,1.2827346465816918,1.264633473383831,0.014313375044096244
RMOD-1014-1289-01-103-25704,1.1989966555183946,1.1851536853716538,0.011680316500386922
RMOD-1014-1289-01-103-27397,1.128526645768025,1.1698613932972375,-0.03533302984955422
RMOD-1014-1289-01-103-32503,1.1984536082474226,1.235986822778206,-0.030367002171121427
RMOD-1014-1289-01-106-25771,1.2586206896551724,1.2215505773948592,0.03034676823563931
RMOD-1014-1289-01-106-27471,1.1714285714285715,1.1623080158309747,0.007846935126810006
RMOD-1014-1289-01-106-32546,1.2452830188679245,1.2604153682870154,-0.012005843311524211
RMOD-1014-1289-100-101-25792,1.118421052631579,1.1402841715913083,-0.019173395110114066
RMOD-1014-1289-100-101-27496,1,1.162662071557257,-0.13990485759924143
RMOD-1014-1289-100-101-32573,1.32,1.248372664503508,0.05737656513408118
RMOD-1014-1597-01-106-26040,1.1740412979351031,1.2131118457382846,-0.03220688013264217
RMOD-1014-1597-01-107-25991,1.175946547884187,1.1760021892844845,-0.00004731402781765759
RMOD-1014-1597-100-101-26064,1.3157894736842106,1.1534890151323862,0.1407039481283634
RMOD-1014-1710-01-103-29483,1.2744755244755244,1.2633867359055166,0.008777034185071031
RMOD-1014-1710-01-103-31495,1.3041606886657102,1.2626217585458337,0.0328989500131196
RMOD-1014-1710-01-103-36189,1.2839366515837105,1.2917157701860555,-0.006022314492006742
RMOD-1014-1710-01-160-29542,1.3311688311688312,1.3280417515798315,0.0023546545771468974
RMOD-1014-1710-100-101-29566,1.3137254901960784,1.2625400839377618,0.04054160886415059
RMOD-1014-1710-100-101-31554,1.2758620689655173,1.29786141765769,-0.016950460498221687
RMOD-1014-1848-01-103-31875,1.3428270042194093,1.3230551534392054,0.014944086592919348
RMOD-1014-1848-01-106-31910,1.3458823529411765,1.323302767649236,0.017063053024555908
RMOD-1014-1848-100-101-31934,1.5070422535211268,1.3872658326851022,0.08633991987259804
RMOD-1014-1869-00-130-35927,1.5,1.426711373563991,0.051368922820689944
RMOD-1014-1869-01-103-34171,0.7669902912621359,0.9049811751836828,-0.15247928653713605
RMOD-1014-1869-01-103-35824,1.2077464788732395,1.2428969551286775,-0.028281086465288596
RMOD-1014-1869-01-106-34225,1.1210762331838564,0.9529069067754335,0.17648033109288241
RMOD-1014-1869-01-106-35903,1.1862745098039216,1.2448655647388054,-0.04706617051229722
RMOD-1014-1870-00-130-42549,1,1.3053585188144585,-0.23392693609705673
RMOD-1014-1870-01-103-38491,1.3670668953687821,1.3224637107535446,0.03372734106240438
RMOD-1014-1870-01-103-42473,1.3434343434343434,1.3428752059685236,0.0004163733631650235
RMOD-1014-1870-01-106-38532,1.3348837209302327,1.3466616259329827,-0.008746001798774161
RMOD-1014-1870-01-106-42523,1.36,1.4049009676578186,-0.03196023683624849
RMOD-1014-1872-01-103-33805,1.1904761904761905,1.229532699095215,-0.03176532730505266
RMOD-1014-1872-01-103-37786,1.163978494623656,1.2178170222931677,-0.044209045106080924
RMOD-1014-1872-01-103-45134,1.1155378486055776,1.178459331963005,-0.053393003602947076
RMOD-1014-1872-01-103-46910,1.2391304347826086,1.2271550974252607,0.009758617620929666
RMOD-1014-1872-01-103-48950,1.4027777777777777,1.33264406079004,0.05262749375565434
RMOD-1014-1872-01-103-50966,1.4260089686098654,1.3729146085717863,0.03867273296284024
RMOD-1014-1872-01-106-37833,1.2462686567164178,1.2181920182717825,0.02304779379893418
RMOD-1014-1872-01-106-45258,1.1418439716312057,1.1397730920345581,0.0018169226937538863
RMOD-1014-1872-01-106-47019,1.2828947368421053,1.2643626242309072,0.014657276524977059
RMOD-1014-1872-01-106-49001,1.2252252252252251,1.27244260921709,-0.037107672793916135
RMOD-1014-1872-01-106-51013,1.3253012048192772,1.2903955511929677,0.027050351804172923
RMOD-1014-1872-100-101-33911,1.1764705882352942,1.2459801138836133,-0.055787026513339666
RMOD-1014-1970-01-103-43226,1.145,1.2573942199298256,-0.08938662047937374
RMOD-1014-1970-01-106-43282,1.2348484848484849,1.2820916602685943,-0.03684851628331476
RMOD-1014-1971-01-103-52289,0.9587628865979382,0.9825014551566477,-0.024161357150279894
RMOD-1014-1971-01-106-52420,0.9866666666666667,1.0009733681043302,-0.014292789292444263
RMOD-1014-1999-01-103-35170,1.2077294685990339,1.2513429738063795,-0.0348533584479086
RMOD-1014-1999-01-103-37624,1.352760736196319,1.3106760943474163,0.03210910920737953
RMOD-1014-1999-01-103-46176,1.0795454545454546,1.209505728269203,-0.10744907666516046
RMOD-1014-1999-01-106-37687,1.2246376811594204,1.2407169134531397,-0.012959630129461108
RMOD-1014-1999-100-101-35280,1.3548387096774193,1.2218827506885246,0.10881237083834328
RMOD-1014-2228-01-103-23735,1.1627906976744187,1.0753506188165316,0.08131308740410503
RMOD-1014-2228-01-103-28762,1.2488151658767772,1.2264339120088477,0.01824905007010935
RMOD-1014-2228-01-106-162471,1.2044728434504792,1.2216805885566777,-0.01408530614907133
RMOD-1014-2228-01-108-162399,1.187192118226601,1.1819782714804958,0.004411118945168546
RMOD-1014-2228-100-101-28824,1.0363636363636364,1.0808474055411088,-0.04115638243605935
RMOD-1014-2233-01-106-28206,1.2043478260869565,1.2142562636270875,-0.008160087649483172
RMOD-1014-2233-01-107-28161,1.1329479768786128,1.172087980659729,-0.03339340085979359
RMOD-1014-2233-100-101-28227,1.3,1.1195258602487423,0.16120586951976157
RMOD-1014-2236-01-103-30836,1.1934306569343065,1.1690611332747534,0.020845380079730802
RMOD-1014-2236-01-103-33136,1.308411214953271,1.2718713574030607,0.028729208608658574
RMOD-1014-2236-01-103-34555,0.8390804597701149,0.855137533182239,-0.018777182370151024
RMOD-1014-2236-01-106-30892,1.1645569620253164,1.1880019389498513,-0.019734796851644254
RMOD-1014-2236-01-106-33229,1.3333333333333333,1.2759806268328104,0.044947944580382426
RMOD-1014-2236-01-106-34597,0.8229166666666666,0.8559867282201469,-0.038633848473612176
RMOD-1014-2236-100-101-33263,1.234375,1.27500044010213,-0.0318630792777419
RMOD-1014-2237-01-103-26692,1.2447698744769875,1.20386043866123,0.033981875724109045
RMOD-1014-2237-01-103-29097,1.2865853658536586,1.2241814379904137,0.05097604483015661
RMOD-1014-2237-01-106-26757,1.1896551724137931,1.1784217958190581,0.009532560102494703
RMOD-1014-2237-01-106-29149,1.2227488151658767,1.245083227851162,-0.017938088141972064
RMOD-1014-2237-100-101-29185,1.108695652173913,1.2407241855174882,-0.10641247658802422
RMOD-1014-2594-01-103-36850,1.226890756302521,1.1724700994994273,0.046415389890392955
RMOD-1014-2594-01-106-36897,1.1475409836065573,1.2548732774626932,-0.08553237668201663
RMOD-1014-2752-01-103-35513,1.3488063660477454,1.328365202376966,0.01538821073768104
RMOD-1014-2752-01-103-40836,1.3938172043010753,1.391528143203936,0.0016449980608144177
RMOD-1014-2752-01-103-45827,1.3621867881548975,1.2928362521283296,0.05364216536502564
RMOD-1014-2752-01-103-47886,1.3572496263079223,1.3567141072999072,0.0003947176528451557
RMOD-1014-2752-01-103-51958,1.11482254697286,1.0837763862457053,0.02864627899367811
RMOD-1014-2752-01-103-54264,1.4256756756756757,1.3929248215307024,0.02351229128718013
RMOD-1014-2752-01-106-24787,1.3075657894736843,1.2890588191336643,0.014356963441325199
RMOD-1014-2752-01-106-27101,1.2263681592039801,1.2491787814685837,-0.018260494496861845
RMOD-1014-2752-01-106-35584,1.3566666666666667,1.3758268040216919,-0.013926271314832706
RMOD-1014-2752-01-106-40885,1.509090909090909,1.4379467350510784,0.04947622349676495
RMOD-1014-2752-01-106-45914,1.2923076923076924,1.3177645449836013,-0.019318210353144627
RMOD-1014-2752-01-106-47935,1.3548387096774193,1.3783517774480964,-0.017058829360825145
RMOD-1014-2752-01-106-52050,1.2518518518518518,1.1058471530481677,0.1320297279793463
RMOD-1014-2752-01-106-54355,1.463855421686747,1.4129244395481317,0.03604650094020845
RMOD-1014-2752-01-107-27034,1.2310679611650486,1.196067506446497,0.029262942542881643
RMOD-1014-2752-01-108-24718,1.3245614035087718,1.29764133127485,0.020745387485056943
RMOD-1014-2752-01-108-52068,1.1692307692307693,1.0509500627881416,0.11254645737289559
RMOD-1014-2752-01-108-54379,1.3488372093023255,1.2719112434990683,0.06048060837298008
RMOD-1014-2752-100-101-27118,1.25,1.1458864503673711,0.09085852232500868
RMOD-1014-2752-100-101-41720,1.2857142857142858,1.3031904066952307,-0.013410259077384357
RMOD-1014-3202-01-103-49920,1.4213483146067416,1.3737270554329726,0.03466573580641863
RMOD-1014-3202-01-106-49985,1.2459893048128343,1.3080456200805997,-0.0474420114368348
RMOD-1014-3688-01-103-24046,1.2222222222222223,1.2486021051244431,-0.021127533578514712
RMOD-1014-3688-01-107-24035,1.228486646884273,1.2016632175459743,0.022321919275416713
RMOD-1014-3688-01-107-26399,1.0909090909090908,1.1222897698618204,-0.027961298227456077
RMOD-1014-3688-01-145-24095,1.278637770897833,1.2859639793666666,-0.00569705573902779
RMOD-1014-3688-01-145-26428,1.1785714285714286,1.1831360892286225,-0.0038581027987828476
RMOD-1014-3688-100-101-26462,1.0789473684210527,1.1023522866149218,-0.021231795387063213
RMOD-1014-3688-100-101-27900,1.3061224489795917,1.1070022745256956,0.17987332007895906
RMOD-1014-4874-01-103-48270,1.2806652806652807,1.3020859936131397,-0.016451073932850502
RMOD-1014-4874-01-103-50538,1.4314814814814816,1.3774773039883514,0.03920513052140051
RMOD-1014-4874-01-103-53042,1.4313725490196079,1.3998266469332756,0.02253557764130476
RMOD-1014-4874-01-106-48354,1.202247191011236,1.3257531968233573,-0.09315912351413125
RMOD-1014-4874-01-106-50676,1.4936708860759493,1.404397666640184,0.06356690954161048
RMOD-1014-4874-01-106-53122,1.4324324324324325,1.3644142808679602,0.049851538875130386
RMOD-1014-4957-01-102-50263,1.42,1.4232740758277902,-0.0023003832384749234
RMOD-1014-4957-01-103-50380,1.274390243902439,1.344090362439674,-0.051856720712379456
RMOD-1014-4957-01-106-50359,1.4883720930232558,1.328887938256224,0.12001324579430528
RMOD-1014-4969-01-103-28435,1.2439024390243902,1.2088432336040833,0.029002276263548676
RMOD-1014-4969-01-103-31123,1.1830559757942511,1.2126851976687782,-0.024432739783981194
RMOD-1014-4969-01-103-40074,1.3393393393393394,1.2858465892698607,0.041601191398620285
RMOD-1014-4969-01-103-42192,1.359375,1.345590362311134,0.010244304711866326
RMOD-1014-4969-01-106-28479,1.3333333333333333,1.2319040197452367,0.08233540272810602
RMOD-1014-4969-01-106-31216,1.3529411764705883,1.2279583054160526,0.1017810380884141
RMOD-1014-4969-01-106-40114,1.35,1.2680257975513414,0.06464710939395513
RMOD-1014-4969-01-106-42237,1.4461538461538461,1.402652127795695,0.03101390394389192
RMOD-1014-4969-100-101-28508,1.1076923076923078,1.2440203299092791,-0.10958665139090873
RMOD-1014-4969-100-101-31235,1.1696428571428572,1.2311694881218578,-0.04997413562681707
RMOD-1014-4975-01-103-38975,1.274949083503055,1.282856493763032,-0.006163908666652174
RMOD-1014-4975-01-106-39025,1.1971830985915493,1.2849574100086865,-0.06830912116888277
RMOD-1014-4977-01-106-24384,1.269090909090909,1.3116116820191663,-0.032418720808279566
RMOD-1014-4977-01-107-24306,1.2777777777777777,1.2805301091197383,-0.0021493687046940657
RMOD-1014-4977-100-101-24327,1.3076923076923077,1.2132920320976293,0.07780507338490672
RMOD-1014-5096-01-103-52696,1.2135922330097086,1.2981897807205935,-0.06516577850730476
RMOD-1014-5096-01-106-52764,1.4077669902912622,1.3282615713008223,0.05985674863165458
RMOD-1014-5146-01-103-54621,1.318407960199005,1.3061492245483468,0.00938540208137173
RMOD-1014-5146-01-106-54685,1.2392638036809815,1.2746899282767388,-0.027791954584319933
RMOD-1014-5189-01-103-53883,1.386178861788618,1.370953727757127,0.011105505403453009
RMOD-1014-5189-01-106-53980,1.4203821656050954,1.3778879977791803,0.030840074007760787
RMOD-1014-5199-01-106-35257,1.358695652173913,1.3097540006982102,0.03736705629424519
RMOD-1014-5967-01-103-44222,1.4096385542168675,1.3647954820504795,0.0328569904840359
RMOD-1014-5967-01-103-48575,1.4131147540983606,1.3685984235841282,0.0325269485534343
RMOD-1014-5967-01-106-48623,1.4594594594594594,1.4049672648878608,0.03878538378326413
RMOD-1014-5967-01-108-44320,1.2580645161290323,1.25222782396749,0.004661046536284186
RMOD-1014-5967-01-108-48641,1.3473684210526315,1.281310706206879,0.05155479816547093
RMOD-1014-5967-01-158-44279,1.3258426966292134,1.2892128157317453,0.02841259445336619
RMOD-1014-6124-01-103-44511,1.263157894736842,1.2668429776713603,-0.0029088711067348783
RMOD-1014-6124-01-108-44631,1.2473684210526317,1.2376885717077557,0.007820908721424047
RMOD-1014-6486-01-158-44915,1.1867704280155642,1.2407707508315757,-0.04352159557260682
RMOD-1014-6521-01-103-45412,1.2172949002217295,1.2352024729896685,-0.014497682088180808
RMOD-1014-6521-01-103-47240,1.337837837837838,1.3099774522600778,0.02126783596900328
RMOD-1014-6521-01-103-49228,1.3473193473193472,1.3795861284769722,-0.023388739921041846
RMOD-1014-6521-01-103-51287,1.4027777777777777,1.378226305271293,0.017813817957604616
RMOD-1014-6521-01-103-53430,1.3708133971291867,1.394807128496251,-0.0172021857910436
RMOD-1014-6521-01-106-32916,1.3791469194312795,1.3533115109171776,0.019090511168853297
RMOD-1014-6521-01-106-34955,1.2654320987654322,1.2712072404495478,-0.004543037122785254
RMOD-1014-6521-01-106-37299,1.2809523809523808,1.2846113310520626,-0.002848293496434451
RMOD-1014-6521-01-106-45524,1.2857142857142858,1.300530312848096,-0.011392296655788003
RMOD-1014-6521-01-106-47302,1.3116883116883118,1.3132761872290313,-0.0012090949003422669
RMOD-1014-6521-01-107-32828,1.2894736842105263,1.2810491219459663,0.006576299159990695
RMOD-1014-6521-01-107-34914,1.2,1.186292298963687,0.011555078835365995
RMOD-1014-6521-01-107-37253,1.2040520984081042,1.2043333019314562,-0.00023349310602049922
RMOD-1014-6521-01-107-45550,1.079136690647482,1.156700596817244,-0.06705616508125367
RMOD-1014-6521-01-107-47353,1.1897810218978102,1.249807369934888,-0.048028479813017055
RMOD-1014-6521-01-107-49358,1.2408759124087592,1.3836924972739695,-0.10321410656383201
RMOD-1014-6521-01-107-51364,1.2755102040816326,1.33536853896843,-0.04482532959256158
RMOD-1014-6521-01-107-53561,1.2523364485981308,1.3792620713503105,-0.09202429718662408
RMOD-1014-6521-01-158-49341,1.3122362869198312,1.379018506875273,-0.04842735584946134
RMOD-1014-6521-01-158-51341,1.3576642335766422,1.3801092483580226,-0.016263215979520518
RMOD-1014-6521-01-158-53494,1.194915254237288,1.363130794925517,-0.12340381518372223
RMOD-1014-6521-100-101-32939,1.2461538461538462,1.2075698973659537,0.031951731218254675
RMOD-1014-6521-100-101-34981,1.4615384615384615,1.300150477513235,0.12413023478167617
RMOD-1014-6521-100-101-37318,1.1818181818181819,1.2103662150453496,-0.023586277336812622
RMOD-1014-6523-01-103-29831,1.2534562211981566,1.2403890041854664,0.010534773340135528
RMOD-1014-6523-01-103-41520,1.305699481865285,1.3026686245499137,0.0023266525793683712
RMOD-1014-6523-01-106-29871,1.3403693931398417,1.2960883566430836,0.03416513717586933
RMOD-1014-6523-01-106-41566,1.3661417322834646,1.3649739905584737,0.0008555047444627206
RMOD-1014-6846-01-106-25408,1.217564870259481,1.2372026612197853,-0.015872735790062764
RMOD-1014-6846-01-106-39712,1.2697201017811706,1.3077839402613347,-0.029105601704022988
RMOD-1014-6846-01-106-41902,1.2731829573934836,1.252630704206423,0.01640727240522266
RMOD-1014-6846-01-108-25377,1.1790393013100438,1.2220089315957632,-0.03516310656552046
RMOD-1014-6846-01-108-39669,1.267578125,1.313076997231529,-0.03465057443505459
RMOD-1014-6846-01-108-41849,1.2400881057268722,1.2825016522193973,-0.033070948812523815
RMOD-1014-6846-01-108-44804,1.0987012987012987,1.1883191624457037,-0.0754156514315234
RMOD-1014-6846-100-101-39736,1.3555555555555556,1.2343397320845069,0.0982029665903601
RMOD-1014-6846-100-101-41921,1.2653061224489797,1.364738054526463,-0.07285788781788183
RMOD-1014-6846-100-101-44941,1.2647058823529411,1.203778731391665,0.050613247578181975
RMOD-1014-7390-01-107-161587,1.218543046357616,1.222899618832652,-0.0035624939348617435
RMOD-1014-7390-01-158-161620,1.2693409742120343,1.2979434428455516,-0.022036760377486364
RMOD-1015-0066-100-117-43960,1,1.0499833300978527,-0.047603927286345216
RMOD-1015-0066-17-118-41521,1.2481203007518797,1.2324165721693252,0.012742224453305084
RMOD-1015-0066-17-118-43894,1.2201834862385321,1.2092643498205666,0.00902956943995381
RMOD-1015-0066-17-162-41629,1.4054054054054055,1.219535364500906,0.1524105379105316
RMOD-1015-0066-17-162-43978,1.25,1.248024380770803,0.0015829973032874811
RMOD-1015-0212-100-117-38572,0.8695652173913043,0.9506764620576047,-0.0853195044828885
RMOD-1015-0212-17-118-38492,1.2716763005780347,1.2817876320466013,-0.007888460783805451
RMOD-1015-0212-17-118-42867,1.206405693950178,1.3038602208123706,-0.0747430785191634
RMOD-1015-0212-17-162-38590,1.48,1.2867654131653758,0.15017079636860697
RMOD-1015-0212-17-162-42959,1.3611111111111112,1.2893847170323485,0.05562838858820074
RMOD-1015-0296-17-118-24307,1.3019943019943019,1.2840352711022323,0.01398639998156237
RMOD-1015-0296-17-118-27035,1.1118210862619808,1.1791886239208607,-0.05713041687501985
RMOD-1015-0296-17-118-29832,1.18,1.23078545803122,-0.04126264061687657
RMOD-1015-0296-17-118-52697,1.2745098039215685,1.2860898494747124,-0.009004071961125737
RMOD-1015-0296-17-124-24405,1.0827586206896551,1.1887147571495345,-0.08913503918631882
RMOD-1015-0296-17-124-29883,1.2142857142857142,1.1789977004374568,0.029930519656793386
RMOD-1015-0296-17-154-52765,1.3162393162393162,1.3569054493277537,-0.029969761790391902
RMOD-1015-0296-17-162-52817,1.0769230769230769,1.3764161340717926,-0.21758903411189923
RMOD-1015-0418-17-118-45828,1.2101910828025477,1.2422786442643001,-0.025829600798422447
RMOD-1015-0418-17-118-47603,1.2304964539007093,1.2335154166116213,-0.002447446274490006
RMOD-1015-0418-17-118-49921,1.2131782945736433,1.270272063890012,-0.044946095359704175
RMOD-1015-0418-17-154-49986,1.2826086956521738,1.324451885559898,-0.03159283501645305
RMOD-1015-0418-17-162-45953,1.295774647887324,1.2365136218949868,0.04792589822141902
RMOD-1015-0418-17-162-47695,1.3137254901960784,1.1766850123424362,0.11646317953930141
RMOD-1015-0418-17-162-50057,1.2439024390243902,1.3097395199765245,-0.05026730884116126
RMOD-1015-0428-19-117-26400,1.2108731466227347,1.2323937664324711,-0.017462454286858442
RMOD-1015-0428-19-145-26429,1.2043010752688172,1.2113816637539314,-0.005845051726449446
RMOD-1015-0503-17-118-51959,1.082262210796915,1.0641352015997225,0.017034498219720806
RMOD-1015-0503-17-118-54265,1.352017937219731,1.3502453591580947,0.0013127821914837856
RMOD-1015-0503-17-162-52021,1.1538461538461537,1.124966875545447,0.025671225463153924
RMOD-1015-0503-17-162-54388,1.35,1.2548127799530713,0.07585770687678894
RMOD-1015-0504-00-130-37787,1.3873873873873874,1.2297113413367255,0.12822199873286055
RMOD-1015-0504-17-162-37882,1.0833333333333333,1.1298174680612276,-0.041143048361308554
RMOD-1015-1479-17-119-52290,0.8823529411764706,0.9398929825985926,-0.06121977979135107
RMOD-1015-1479-17-162-52387,1.1333333333333333,1.1157537127431107,0.01575582531292019
RMOD-1015-1624-17-118-162400,1.2076923076923076,1.185061138693274,0.019097047620672436
RMOD-1015-1624-17-118-25378,1.1671554252199414,1.1799982129554918,-0.010883734902770503
RMOD-1015-1963-17-118-46912,1.4,1.3818814527351333,0.013111506221467062
RMOD-1015-1963-17-162-46927,1.5625,1.1928287905243757,0.3099113740481685
RMOD-1015-2085-19-117-48576,1.2485955056179776,1.2305717582454385,0.014646644741983517
RMOD-1015-2085-19-145-48624,1.2794612794612794,1.315543778688042,-0.027427820959897264
RMOD-1015-2085-19-154-48642,1.3137254901960784,1.3212006498689437,-0.0056578534635194355
RMOD-1015-2085-19-162-48689,1.5,1.305416626884895,0.14905844548604974
RMOD-1015-2175-19-117-36851,1.1716751918158568,1.1864250497601792,-0.01243218688555503
RMOD-1015-2181-100-117-27901,1,1.0757649889711665,-0.07042894103072295
RMOD-1015-2181-17-118-24719,1.2132196162046909,1.2423012702602327,-0.023409501987750603
RMOD-1015-2181-17-118-27787,1.152542372881356,1.1734372997673772,-0.017806598520571537
RMOD-1015-2181-17-118-31876,1.1712328767123288,1.1961938905551508,-0.020867030035772616
RMOD-1015-2181-17-118-44224,1.3251231527093597,1.3069330906145349,0.013918128039953181
RMOD-1015-2181-17-145-24789,1.3644859813084111,1.3216855685803226,0.03238320349828916
RMOD-1015-2181-17-145-27870,1.3176470588235294,1.2704315552739347,0.03716493293447365
RMOD-1015-2181-17-145-31911,1.121212121212121,1.3138344498953822,-0.1466108067866534
RMOD-1015-2181-17-145-44281,1.1454545454545455,1.30670842528424,-0.12340463772139376
RMOD-1015-2181-17-147-44321,1.144736842105263,1.1702526660089376,-0.02180368790843623
RMOD-1015-2181-17-162-44291,1.2647058823529411,1.3996406480477799,-0.0964067211702131
RMOD-1015-2683-17-118-161808,1.2164048865619546,1.2474935391282815,-0.024920892646907666
RMOD-1015-2683-17-118-37255,1.1342465753424658,1.2116546695995134,-0.06388626743181969
RMOD-1015-3286-17-118-161650,1.2762589928057555,1.3043309594131292,-0.021522119370688375
RMOD-1015-3286-17-145-161713,1.2799043062200957,1.266093019757965,0.010908587478644316
RMOD-1015-3292-19-117-36190,1.2279151943462898,1.2039166142832511,0.0199337560245616
RMOD-1015-3292-19-145-36226,1.2857142857142858,1.2875629687108296,-0.0014358000668462934
RMOD-1015-3857-100-117-42552,0.8285714285714286,0.9580455295693476,-0.13514399577243386
RMOD-1015-3857-17-118-40838,1.3853658536585365,1.3279318436656484,0.04325072123757967
RMOD-1015-3857-17-118-42474,1.3140794223826715,1.2513543834785887,0.05012571956612
RMOD-1015-3857-17-118-49229,1.4734848484848484,1.3929851971385008,0.05778930853803166
RMOD-1015-3857-17-162-40915,1.5714285714285714,1.3344726565669007,0.17756520802102438
RMOD-1015-3857-17-162-42582,1.2647058823529411,1.2325314174873663,0.02610437706420954
RMOD-1015-3857-17-162-49321,1.2647058823529411,1.3847200113925435,-0.08667032183561074
RMOD-1015-4150-100-117-33493,0.9615384615384616,1.0008770347175935,-0.0393041021170315
RMOD-1015-4150-100-117-34982,1.2857142857142858,1.215157552954039,0.05806385566112282
RMOD-1015-4150-17-118-31496,1.2592592592592593,1.2848267187447793,-0.019899539068193084
RMOD-1015-4150-17-118-33430,1.3399209486166008,1.2828819332816823,0.044461624920548504
RMOD-1015-4150-17-118-34915,1.236842105263158,1.3142179533729625,-0.0588759633904089
RMOD-1015-4150-17-145-31538,1.4318181818181819,1.3359576470829266,0.07175417195639944
RMOD-1015-4150-17-145-33471,1.16,1.2722047650653519,-0.0881970954255843
RMOD-1015-4150-17-145-34956,1.3529411764705883,1.3491770310444982,0.0027899566472577852
RMOD-1015-4245-00-130-35928,1.2916666666666667,1.3229647791876888,-0.02365755537365055
RMOD-1015-4245-19-117-27398,1.1504339440694311,1.1767744897075343,-0.022383681723632254
RMOD-1015-4245-19-117-29484,1.266171792152704,1.2867776908278776,-0.016013565375007532
RMOD-1015-4245-19-117-31124,1.1544799176107106,1.2243642104778274,-0.05707802651291438
RMOD-1015-4245-19-117-33137,1.2761363636363636,1.282100571712815,-0.004651903452849604
RMOD-1015-4245-19-117-34556,0.8243093922651934,0.8495733750383988,-0.02973725815273298
RMOD-1015-4245-19-117-35825,1.244399185336049,1.2458171559630558,-0.001138185182488205
RMOD-1015-4245-19-117-44512,1.1944847605224964,1.2280176162866863,-0.027306494075864718
RMOD-1015-4245-19-145-27472,1.1646341463414633,1.2143659706151928,-0.04095291327089434
RMOD-1015-4245-19-145-31217,1.2758620689655173,1.2940436208027464,-0.014050184665297727
RMOD-1015-4245-19-158-29543,1.308724832214765,1.3077773818904497,0.0007244737043439198
RMOD-1015-4245-19-158-34598,1,0.8775082192729954,0.13959046540724995
RMOD-1015-4245-19-158-35904,1.2023809523809523,1.2968831239411422,-0.07286868786834388
RMOD-1015-4245-19-162-44589,1.325,1.1713626361758283,0.13116122973305244
RMOD-1015-4277-00-130-39442,1.4230769230769231,1.382725118763334,0.029182809920802244
RMOD-1015-4277-00-130-41227,1,1.1998169115032284,-0.16653950247532479
RMOD-1015-4277-00-130-43325,1.2333333333333334,1.2598424196521982,-0.021041588936323685
RMOD-1015-4277-17-118-39326,1.4111675126903553,1.392596046591271,0.013335860132981603
RMOD-1015-4277-17-118-41153,1.356401384083045,1.3865853302347413,-0.021768545716971066
RMOD-1015-4277-17-118-43227,1.4027777777777777,1.3441487178625522,0.04361798596844002
RMOD-1015-4277-17-118-46530,1.4,1.2800663589530834,0.09369329973252771
RMOD-1015-4277-17-118-48271,1.3090128755364807,1.3459237287177468,-0.02742417894395166
RMOD-1015-4277-17-118-50266,1.402542372881356,1.3692895935437726,0.024284694409693053
RMOD-1015-4277-17-154-48356,1.3738317757009346,1.3532475834694413,0.015210958055967616
RMOD-1015-4277-17-154-50360,1.4852941176470589,1.4451984705869396,0.027744041995723334
RMOD-1015-4277-17-162-39389,1.4375,1.5253663952855943,-0.05760346862049692
RMOD-1015-4277-17-162-41274,1.4545454545454546,1.3083392295192955,0.11174947729716656
RMOD-1015-4277-17-162-43310,1.2,1.2043014474959568,-0.003571736548935056
RMOD-1015-4277-17-162-46746,1.12,1.2230028650883036,-0.0842212786483264
RMOD-1015-4277-17-162-48317,1.4193548387096775,1.481571644156386,-0.04199378794275921
RMOD-1015-4277-17-162-50316,1.3548387096774193,1.4197386800434597,-0.045712616890915214
RMOD-1015-4292-17-118-161588,1.2410196987253765,1.2773372321096519,-0.02843222014619684
RMOD-1015-4292-17-118-25992,1.1353383458646618,1.1764518855742712,-0.03494706431580108
RMOD-1015-4292-17-118-30493,1.1716867469879517,1.247906638421203,-0.061078200152602125
RMOD-1015-4292-17-119-33806,1.236417033773862,1.2346952025160718,0.0013945395222088042
RMOD-1015-4292-17-145-26043,1.1901408450704225,1.1898010550606462,0.0002855855677141861
RMOD-1015-4340-17-118-51616,1.3345724907063197,1.3157302232324302,0.014320768149262753
RMOD-1015-4340-17-118-53884,1.2967741935483872,1.2911001409372111,0.004394742461306889
RMOD-1015-4340-17-162-51691,1.2352941176470589,1.2557061861162229,-0.01625544947922608
RMOD-1015-4340-17-162-53994,1.3396226415094339,1.2745030689954964,0.051094088431863804
RMOD-1015-4371-17-118-40462,1.292857142857143,1.2882720289354501,0.0035591193619888273
RMOD-1015-4371-17-118-50967,1.3664596273291925,1.357116590622289,0.006884476080731838
RMOD-1015-4371-17-118-54622,1.2438356164383562,1.2128517050770051,0.02554633120574623
RMOD-1015-4371-17-162-40575,1.3333333333333333,1.3388265557684453,-0.004103012755045765
RMOD-1015-4371-17-162-51066,1.5454545454545454,1.240170685012507,0.24616277753651294
RMOD-1015-4371-17-162-54704,1.1967213114754098,1.2263088560438387,-0.024127318678819898
RMOD-1015-4385-100-117-28229,0.8958333333333334,1.0260908714597254,-0.1269454214528648
RMOD-1015-4385-17-118-28162,1.2103896103896103,1.2249488364960646,-0.011885578950464937
RMOD-1015-4478-17-118-53431,1.3906976744186046,1.3569713042772797,0.024854151325836238
RMOD-1015-4478-17-162-53504,1.6176470588235294,1.510731108215655,0.07077099956864874
RMOD-1015-4480-17-118-35171,1.358974358974359,1.390922591437456,-0.022969094513074162
RMOD-1015-4480-17-118-36557,1.2313432835820894,1.2492655897142837,-0.014346273746556282
RMOD-1015-4480-17-145-35260,1.5,1.4134032077279923,0.0612682862176388
RMOD-1015-5224-18-117-35514,1.265084745762712,1.2763247967747797,-0.008806575756007295
RMOD-1015-5224-18-117-40075,1.2436974789915967,1.2633303256837798,-0.015540548891325612
RMOD-1015-5224-18-145-35585,1.2479338842975207,1.3043596719677708,-0.043259377672360655
RMOD-1015-5224-18-145-40115,1.225609756097561,1.2894529157247387,-0.049511819197597284
RMOD-1015-5224-18-162-40176,1.1875,1.4149939917404624,-0.16077382170410603
RMOD-1015-5897-100-117-30925,1.0408163265306123,0.9991614784812868,0.04168980584864057
RMOD-1015-5897-100-117-32235,1,1.1696089120921709,-0.14501335475358013
RMOD-1015-5897-17-118-25706,1.1345029239766082,1.1525554790954275,-0.0156630682394463
RMOD-1015-5897-17-118-30837,1.1303501945525292,1.2070838969739082,-0.06356948561218168
RMOD-1015-5897-17-118-32161,1.223157894736842,1.2351043223019638,-0.00967240365806199
RMOD-1015-5897-17-118-37625,1.1796690307328606,1.2604301249295502,-0.06407423354880837
RMOD-1015-5897-17-118-41850,1.2134831460674158,1.255561515332503,-0.03351358635259205
RMOD-1015-5897-17-118-45413,1.2012383900928794,1.1917694291966932,0.007945296014656655
RMOD-1015-5897-17-118-47887,1.2483870967741935,1.2636265408233565,-0.012060085442042956
RMOD-1015-5897-17-145-25772,1.1824324324324325,1.1752545143092472,0.006107543545496474
RMOD-1015-5897-17-145-30894,1.3333333333333333,1.2399254020890764,0.07533350884406387
RMOD-1015-5897-17-145-32211,1.31,1.3162972441499332,-0.004784059358872161
RMOD-1015-5897-17-145-37688,1.3779527559055118,1.3200770086766866,0.043842705272810534
RMOD-1015-5897-17-162-41952,1.3725490196078431,1.2974266467234474,0.057901055966525394
RMOD-1015-5897-17-162-45506,1.2264150943396226,1.261448627023228,-0.02777246090970631
RMOD-1015-5897-17-162-48004,1.588235294117647,1.4294903159042334,0.11105005500719223
RMOD-1015-5992-17-118-24036,1.3168044077134986,1.2580221471553346,0.04672593458794316
RMOD-1015-5992-17-118-49611,1.3387096774193548,1.3148271778237173,0.01816398382878548
RMOD-1015-5992-17-145-24096,1.4324324324324325,1.3586645799683517,0.05429438107954443
RMOD-1015-5992-17-162-49650,1.1282051282051282,1.2745139286282812,-0.1147957642021381
RMOD-1015-6158-100-119-32576,1.140625,1.2132560751220338,-0.059864588038208155
RMOD-1015-6158-19-117-32504,1.198300283286119,1.2406188868911412,-0.03411088131268758
RMOD-1015-6158-19-117-34172,0.9094827586206896,0.9374536661140209,-0.02983710929338801
RMOD-1015-6158-19-117-39670,1.1852315394242803,1.2801707710665904,-0.07416138048770649
RMOD-1015-6158-19-117-44805,1.1622377622377622,1.2055994947984738,-0.03596694652560373
RMOD-1015-6158-19-117-47241,1.2552238805970148,1.2706761068925718,-0.012160633391734454
RMOD-1015-6158-19-118-28763,1.1986183074265975,1.2287627483765253,-0.02453235255524744
RMOD-1015-6158-19-145-32547,1.2820945945945945,1.3108823562352703,-0.02196059890786184
RMOD-1015-6158-19-145-34227,1.0042826552462527,0.9678910421057485,0.03759887379609417
RMOD-1015-6158-19-145-39713,1.2875,1.3161440194309955,-0.021763590464346838
RMOD-1015-6158-19-145-44916,1.232258064516129,1.2503059002082197,-0.014434736082653998
RMOD-1015-6158-19-145-47305,1.251572327044025,1.2656248586472103,-0.011103236087038892
RMOD-1015-6158-19-158-28811,1.2083333333333333,1.2380333791887932,-0.02398969717191346
RMOD-1015-6158-19-162-39763,1.4761904761904763,1.2319501177216503,0.19825507133399234
RMOD-1015-6158-19-162-44881,1.35,1.2792611159915057,0.05529667330947308
RMOD-1015-6158-19-162-47328,1.45,1.2975093318734412,0.11752568122680196
RMOD-1015-6769-00-130-39066,1.2142857142857142,1.3150414147081193,-0.07661789149413845
RMOD-1015-6769-17-118-38976,1.3490304709141274,1.3822986301864422,-0.0240672735585562
RMOD-1015-6769-17-118-46177,1.2488479262672811,1.3280834323257087,-0.05966154243764055
RMOD-1015-6769-17-118-50539,1.3298969072164948,1.3553716506877296,-0.018795393468875154
RMOD-1015-6769-17-118-53043,1.4477611940298507,1.444626837597195,0.0021696651004139422
RMOD-1015-6769-17-162-39067,1.1875,1.2989759563305157,-0.08581833696554686
RMOD-1015-6769-17-162-46219,1.2272727272727273,1.4083390824299191,-0.12856730130984062
RMOD-1015-6769-17-162-50647,1.3461538461538463,1.3195963020645236,0.02012550660211243
RMOD-1015-6769-17-162-53162,1.2,1.4344716111362932,-0.16345503760130908
RMOD-1015-6874-17-118-29188,1.3218884120171674,1.2559526006956143,0.05249864627457601
RMOD-1015-6874-17-118-32829,1.2464646464646465,1.2632484897270027,-0.013286256345323877
RMOD-1015-6874-17-118-38068,1.2507122507122508,1.3188147561068821,-0.05163917455372491
RMOD-1015-6874-17-156-29098,1.2592592592592593,1.272239365593179,-0.010202566187588191
RMOD-1015-6874-17-162-38151,1.0434782608695652,1.2559147061504594,-0.1691487839425333
RMOD-1015-7529-117-145-43589,1.3900709219858156,1.2459875478949665,0.11563789247675138
RMOD-1015-7529-17-118-48951,1.4020100502512562,1.315292878218697,0.06592993352932974
RMOD-1015-7529-17-118-51288,1.3565217391304347,1.3712455834991648,-0.010737569218751908
RMOD-1015-7529-17-119-42193,1.3805496828752644,1.3634128576422737,0.012569065295911175
RMOD-1015-7529-17-119-43517,1.165432098765432,1.196415891282221,-0.025897175674909234
RMOD-1015-7529-17-119-45135,1.2342342342342343,1.209792218198163,0.02020348260503324
RMOD-1015-7529-17-145-42238,1.316831683168317,1.3511392417686408,-0.0253915788541641
RMOD-1015-7529-17-145-45259,1.215568862275449,1.254259200314091,-0.03084716303372792
RMOD-1015-7529-17-147-45250,1.099056603773585,1.1124929100594283,-0.012077655654565644
RMOD-1015-7529-17-154-49018,1.4230769230769231,1.3860819345341802,0.026690333104424813
RMOD-1015-7529-17-154-51343,1.3096446700507614,1.3546680152991193,-0.03323570405433729
RMOD-1015-7529-17-158-49002,1.2686567164179106,1.2628851564153718,0.0045701384430876235
RMOD-1015-7529-17-162-42299,1.1612903225806452,1.3207391602728213,-0.12072697053916326
RMOD-1015-7529-17-162-43608,1.375,1.2572878722476362,0.09362384729117879
RMOD-1015-7529-17-162-45208,0.9259259259259259,1.1510647275575152,-0.19559178232254515
RMOD-1015-7529-17-162-49063,1.5862068965517242,1.3543133121180662,0.1712259507151932
RMOD-1015-7529-17-162-51378,1.4333333333333333,1.307620834077784,0.09613834223145412
RMOD-1015-7574-17-118-30171,1.2139423076923077,1.2813195561948807,-0.05258426610038058
RMOD-1015-7575-17-118-25035,1.211087420042644,1.2280489420369558,-0.01381176385867644
RMOD-1015-7575-17-118-26693,1.2713178294573644,1.2121309655971215,0.04882876977826078
RMOD-1015-7575-17-118-28436,1.140495867768595,1.1846833698497325,-0.037298997526016064
RMOD-1015-7575-17-124-25061,0.6792452830188679,1.0300006190038569,-0.34053895649520527
RMOD-1015-7575-17-145-25118,1.2820512820512822,1.2902739049397962,-0.00637277314300011
RMOD-1015-7575-17-145-26758,1.192200557103064,1.1981291114086923,-0.004948176493815182
RMOD-1015-7575-17-145-28480,1.3413654618473896,1.239039911927726,0.08258454706310725
RMOD-1016-0004-00-117-41154,1.5833333333333333,1.4433755957332153,0.0969655701633374
RMOD-1016-0004-00-126-41228,1.7222222222222223,1.4204076177235976,0.2124845014435539
RMOD-1016-0004-00-127-47242,1.1111111111111112,1.415169135916929,-0.2148563144071185
RMOD-1016-0037-00-119-50968,1.0740740740740742,1.170411974951303,-0.08231110321751212
RMOD-1016-0037-00-127-53505,1.5555555555555556,1.3711118622224119,0.1345212585603206
RMOD-1016-0037-00-135-53432,1.4782608695652173,1.375469893395174,0.07473153477486649
RMOD-1016-0037-33-119-28437,1.1015490533562822,1.1688236331884077,-0.05755751160558642
RMOD-1016-0073-00-117-24051,1.3595505617977528,1.3635214960729238,-0.0029122637865318657
RMOD-1016-0183-00-117-50268,1.8,1.4292808479934977,0.25937460263805945
RMOD-1016-0407-00-135-51617,0.956989247311828,1.0762729098683885,-0.11083031214745254
RMOD-1016-0409-00-117-24850,1.3518518518518519,1.3615426924854728,-0.007117544449473212
RMOD-1016-0409-00-119-42497,1.5,1.2958145766903155,0.15757302547961882
RMOD-1016-0409-00-119-48275,1.1538461538461537,1.2693182378556966,-0.09097173629570932
RMOD-1016-0409-00-127-42556,1.6363636363636365,1.4737192135691137,0.11036323697010353
RMOD-1016-0409-00-127-48376,1.2727272727272727,1.2169164516127884,0.04586249207208759
RMOD-1016-0472-00-117-46292,1.4516129032258065,1.353556220030732,0.07244374614365712
RMOD-1016-0472-00-119-46178,1.3650793650793651,1.3575271451088649,0.005563218384037949
RMOD-1016-0491-00-117-49612,1.55,1.29212508712295,0.1995742637047897
RMOD-1016-0499-00-108-52069,1.1818181818181819,1.1007307918270917,0.07366686804181621
RMOD-1016-0499-00-119-48577,1.4736842105263157,1.3676183635684709,0.0775551497283875
RMOD-1016-0499-00-119-51960,0.75,1.1978794486987987,-0.3738935910331457
RMOD-1016-0622-00-117-42259,1.4324324324324325,1.3659878471764764,0.0486421496306122
RMOD-1016-0622-00-119-35197,1.5813953488372092,1.3884900162754035,0.1389317390119018
RMOD-1016-0622-00-127-42194,1.3035714285714286,1.420442087738991,-0.08227766564815953
RMOD-1016-0622-00-127-44513,1.3636363636363635,1.2674449703141115,0.07589394062482491
RMOD-1016-0993-00-117-53044,1.3333333333333333,1.3975875931865243,-0.04597512182165986
RMOD-1016-1016-00-117-41871,1.3652173913043477,1.3118899925327376,0.04064929153751384
RMOD-1016-1102-00-119-37788,1.4827586206896552,1.4351891950141227,0.03314505560715597
RMOD-1016-1563-00-130-36879,1.3333333333333333,1.3793186620300217,-0.03333916227089184
RMOD-1016-1604-00-119-41522,1.3076923076923077,1.3605585102770172,-0.03885625071276477
RMOD-1016-1633-00-127-48952,1.3888888888888888,1.2959861293307566,0.07168499527545635
RMOD-1016-1691-00-108-44322,1.3186813186813187,1.3927222699496589,-0.05316275388560876
RMOD-1016-1724-00-119-29511,1.2098765432098766,1.2316825397291558,-0.017704234505162675
RMOD-1016-1793-00-117-37626,1.5957446808510638,1.4558741868944836,0.09607320139038755
RMOD-1016-1793-00-126-37705,1.2857142857142858,1.3870804648440187,-0.07307880234700881
RMOD-1016-1883-00-119-32505,1.5833333333333333,1.3673811139769836,0.15793125789799722
RMOD-1016-2076-100-106-45830,1.3142857142857143,1.3071162459515144,0.005484950826986967
RMOD-1016-2089-00-119-24730,1.6415094339622642,1.3416168170424327,0.2235307526786514
RMOD-1016-2975-00-107-34582,0.9512987012987013,0.8980886891843065,0.0592480595237459
RMOD-1016-2975-00-107-39671,1.3233830845771144,1.3409248617043439,-0.013081849422146852
RMOD-1016-2975-00-117-39733,1.5333333333333334,1.2807746717531994,0.19719211126686087
RMOD-1016-3179-00-119-161809,1.5757575757575757,1.4236327760646237,0.10685676970255886
RMOD-1016-3208-00-119-30926,1.2471264367816093,1.2708508456053922,-0.01866813002156953
RMOD-1016-3208-00-127-30859,1.2832167832167831,1.2238053247799734,0.04854649447410386
RMOD-1016-3208-00-127-33431,1.3175182481751824,1.2960375690265704,0.01657411765057537
RMOD-1016-3357-00-108-27810,1.1646341463414633,1.2061370096324933,-0.034409741977551755
RMOD-1016-3357-00-130-35849,1.4726027397260273,1.3608744063173566,0.0821004002206327
RMOD-1016-3562-06-101-45414,1.1219512195121952,1.1776265027916653,-0.047277539311052275
RMOD-1016-3680-00-108-26065,1.2758620689655173,1.2817308929338642,-0.004578826960246918
RMOD-1016-3680-00-117-26013,1.1578947368421053,1.2098589618134947,-0.04295064682043492
RMOD-1016-3862-00-119-28767,1.2380952380952381,1.2469897832466332,-0.007132813172083474
RMOD-1016-3938-00-130-27419,1.3,1.2568442677765466,0.034336578786964056
RMOD-1016-4474-00-101-31497,1.379496402877698,1.3642548200644498,0.011172093797350735
RMOD-1016-4474-00-107-31555,1.323076923076923,1.3424489729837283,-0.01443038081644843
RMOD-1016-4625-00-119-37288,1.4,1.3673666354738212,0.023865848178217908
RMOD-1016-4700-00-130-41922,1.3674418604651162,1.3681523832469986,-0.0005193301496110303
RMOD-1016-5114-00-108-54392,1.3333333333333333,1.341032615393344,-0.005741308579398363
RMOD-1016-5114-00-117-25419,1.3554502369668247,1.273820505513504,0.06408260119852138
RMOD-1016-5114-00-117-32183,1.3194444444444444,1.3417440626930113,-0.016619874735133378
RMOD-1016-5114-00-117-36191,1.5277777777777777,1.3514905962861319,0.1304390736983887
RMOD-1016-5114-00-117-40491,1.4421052631578948,1.3816323139500926,0.04376920588583344
RMOD-1016-5114-00-117-43228,1.4563106796116505,1.3542421265760625,0.0753695007949935
RMOD-1016-5114-00-117-51289,1.4056603773584906,1.3743613357602193,0.022773517257714815
RMOD-1016-5114-00-117-54266,1.5609756097560976,1.489235242700001,0.04817262243004028
RMOD-1016-5114-00-126-25481,1.2795698924731183,1.2437859006471228,0.028770218256516378
RMOD-1016-5114-00-130-36247,1.4113475177304964,1.4084384946443702,0.0020654242959050606
RMOD-1016-5114-00-130-40564,1.364963503649635,1.3643282202960998,0.00046563821233380764
RMOD-1016-5242-00-119-46531,1,1.198114096638935,-0.16535495007921508
RMOD-1016-5242-100-161-46628,1.3386243386243386,1.2745424143013073,0.05027837724659823
RMOD-1016-5483-00-108-24319,1.2352941176470589,1.2259367992629573,0.007632790197445116
RMOD-1016-5483-00-130-34916,1.3661971830985915,1.322727467987304,0.03286369729467564
RMOD-1016-5692-00-117-49922,1.3896103896103895,1.380534808137405,0.006573960627062503
RMOD-1016-5704-00-101-30298,1.2808988764044944,1.2720478611244388,0.006958083536441562
RMOD-1016-5704-00-107-30212,1.388235294117647,1.305291904157023,0.06354393963256055
RMOD-1016-5892-00-119-32941,1.3214285714285714,1.3253507919289849,-0.002959382922844811
RMOD-1016-5892-00-119-50542,1.3333333333333333,1.3462309079152626,-0.009580506959168011
RMOD-1016-5892-00-119-52698,1.375,1.306416706177642,0.052497257190641244
RMOD-1016-5892-00-127-32853,1.2916666666666667,1.325044662760504,-0.025190091347034205
RMOD-1016-6023-00-108-54705,1.4583333333333333,1.4778808742185063,-0.013226736488832103
RMOD-1016-6023-00-119-38978,1.25,1.211590029981428,0.03170211793436506
RMOD-1016-6023-00-119-54623,1.6666666666666667,1.5438875773099137,0.07952592608503561
RMOD-1016-6023-00-127-161662,1.4678899082568808,1.3906759705283696,0.05552259431014317
RMOD-1016-6191-00-119-44227,1.5098039215686274,1.3836545140912533,0.09117117473520886
RMOD-1016-6333-00-101-40076,1.4583333333333333,1.284430173025336,0.13539323815352877
RMOD-1016-6333-00-107-40132,1.3513513513513513,1.2138812307096631,0.11324841109975803
RMOD-1016-6351-00-107-29121,1.4244897959183673,1.3008852278165837,0.09501573656058993
RMOD-1016-6351-00-130-29189,1.3509234828496042,1.3203293230464515,0.02317161277048796
RMOD-1016-6352-00-130-33138,1.4191919191919191,1.3724051973236968,0.034091041012858536
RMOD-1016-6607-00-108-52439,0.9879518072289156,0.9674428499527914,0.021199140886849266
RMOD-1016-6607-00-117-52291,1.4666666666666666,0.9885628778921813,0.48363518342293066
RMOD-1016-6852-00-117-47606,1.43,1.359858720727473,0.05157982825966223
RMOD-1016-6866-00-117-30515,1.3805309734513274,1.355135311210928,0.018740314734848385
RMOD-1016-6866-00-119-38493,1.4814814814814814,1.508376764178684,-0.017830613236638704
RMOD-1016-6866-00-130-38554,1.372093023255814,1.4156236730595744,-0.030750156720449562
RMOD-1016-6897-00-117-46970,1.3846153846153846,1.3334952814842502,0.0383354210854312
RMOD-1016-6897-00-117-53885,1.5135135135135136,1.3916147936083156,0.08759515956935693
RMOD-1016-6897-00-119-46916,1.4666666666666666,1.4846245481716798,-0.012095907700790942
RMOD-1016-7123-00-127-31146,1.3928571428571428,1.2020368430613695,0.1587474634386321
RMOD-1016-7339-00-130-33833,1.4090909090909092,1.356657242518237,0.03864916275782693
RMOD-1016-7339-00-130-39350,1.4090909090909092,1.3502994336200105,0.04353958389309609
RMOD-1016-7339-00-130-43518,1.5,1.3888835245817108,0.08000417130137238
RMOD-1016-7339-33-101-162401,1.2555831265508686,1.246257608821906,0.007482817086090332
RMOD-1016-7694-00-108-26463,1.411764705882353,1.2455931266719198,0.13340759165428628
RMOD-1016-7694-00-117-26437,1.25,1.263457574261017,-0.010651385954837611
RMOD-1016-7765-00-117-38095,1.52,1.3656842922793797,0.11299515458515041
RMOD-1016-8016-00-108-28183,1.2478632478632479,1.260431800333846,-0.009971624380842425
RMOD-1016-8232-00-119-47888,1.6875,1.5554300254700255,0.08490897846083767
RMOD-1016-8232-00-130-26712,1.3623188405797102,1.3203621053359837,0.031776688435821265
RMOD-1016-8514-00-101-44822,1.1702127659574468,1.2024562149856803,-0.026814655391520947
RMOD-1016-8514-00-101-45136,1.2222222222222223,1.1850302783189672,0.03138480474609806
RMOD-1016-8514-00-107-44942,1.1081081081081081,1.0920405932767283,0.014713294478521544
RMOD-1016-8766-00-108-42868,1.34037558685446,1.3287129263424442,0.008777411795127144
RMOD-1016-8766-00-117-42968,1.4369747899159664,1.3695255987795745,0.04925004044940673
RMOD-1016-8826-00-119-43895,1.5185185185185186,1.2582111793387158,0.20688684336489005
RMOD-1016-8827-00-101-25046,1.3014084507042254,1.2672708372648027,0.026937898699778362
RMOD-1016-9462-00-119-29858,1.3582089552238805,1.2844471159634183,0.05742691804413935
RMOD-1016-9462-00-119-31878,1.346938775510204,1.3637874338726685,-0.012354314128427135
RMOD-1016-9462-00-127-36636,1.2307692307692308,1.305978852589981,-0.05758869806474787
RMOD-1016-9462-00-127-40860,1.3214285714285714,1.302526493195207,0.014511857019503749
RMOD-1016-9462-100-145-25758,1.2878787878787878,1.2583212079013133,0.02348969388092259
RMOD-1016-9468-00-117-34197,1.1296296296296295,1.0117450808137984,0.1165160582950504
RMOD-1016-9468-100-117-34267,1.5,1.206341406261593,0.2434290924726228
RMOD-1016-9474-00-117-49230,1.3125,1.325765465315444,-0.010005891435924341
RMOD-1016-9562-00-101-27057,1.3379310344827586,1.2493118388291318,0.0709344079670946
RMOD-1016-9562-00-108-27119,1.204724409448819,1.2261811507460911,-0.01749883472292524
RMOD-1016-9570-00-107-35534,1.2253086419753085,1.2801639525135793,-0.04285022276292294
RMOD-1017-0162-15-148-36192,1.4251207729468598,1.327552601084546,0.07349476908305208
RMOD-1017-0162-15-148-36238,1.35,1.3183608276191747,0.023998871718573733
RMOD-1017-0162-15-148-36241,1.2753623188405796,1.3211440576568496,-0.034653101265479935
RMOD-1017-0162-15-148-38977,1.357843137254902,1.375017256969362,-0.012490112125801978
RMOD-1017-0162-15-148-39048,1.1428571428571428,1.2595711906886053,-0.09266173178163517
RMOD-1017-0162-15-148-39068,1.072072072072072,0.93209285344468,0.15017733277331669
RMOD-1017-0162-15-148-41155,1.3716216216216217,1.3698248593163862,0.0013116730164555168
RMOD-1017-0162-15-148-41223,0.90625,1.190244856750054,-0.23860204489813786
RMOD-1017-0162-15-148-41275,0.9285714285714286,1.0724089293584478,-0.13412560903709347
RMOD-1017-0162-15-148-45137,1.3660130718954249,1.3140445195443675,0.039548547692339175
RMOD-1017-0162-15-148-45209,1.2790697674418605,1.2144426104990576,0.053215488639883235
RMOD-1017-0162-15-148-45278,1.0869565217391304,1.1821880733086294,-0.08055533101680779
RMOD-1017-0931-15-148-49231,1.5076923076923077,1.4325018514005765,0.05248890688568153
RMOD-1017-0931-15-148-49323,1.7083333333333333,1.3953101276238542,0.22433952102285848
RMOD-1017-0931-15-148-49359,1.2173913043478262,1.2668314446903834,-0.03902661285348863
RMOD-1017-0932-15-148-53045,1.4179104477611941,1.3596104344534194,0.04287993959917791
RMOD-1017-0932-15-148-53163,1.1875,1.2063098488462616,-0.015592883423982351
RMOD-1017-0932-15-148-53184,1.4285714285714286,1.4123171746258312,0.011508926066769565
RMOD-1017-0932-15-163-53177,1.5217391304347827,1.2455457780645793,0.22174484248934867
RMOD-1017-0990-15-148-35515,1.5096153846153846,1.3370351732503136,0.12907679230721425
RMOD-1017-0990-15-148-35563,0.8870967741935484,1.0938831295612435,-0.18903880111089855
RMOD-1017-0990-15-148-35609,0.6842105263157895,1.0268608990183477,-0.3336872336166691
RMOD-1017-0990-15-148-37789,1.4094488188976377,1.2819122011252229,0.09948935477832821
RMOD-1017-0990-15-148-37843,0.9444444444444444,1.0947688017393902,-0.1373115100248632
RMOD-1017-0990-15-148-37883,0.8823529411764706,0.9829270226143539,-0.10232100565348179
RMOD-1017-1067-17-162-39327,0.8970588235294118,0.949190673442668,-0.05492242114450685
RMOD-1017-1067-17-162-47609,1.5,1.293844406086296,0.15933569210017828
RMOD-1017-1170-17-162-36561,0.95,1.0307506397148674,-0.07834158583418882
RMOD-1017-1170-17-162-41523,0.9090909090909091,0.9119990690808047,-0.003188775173670666
RMOD-1017-1229-100-148-24409,0.6938775510204082,0.9259138015802681,-0.25060243206639854
RMOD-1017-1229-15-148-24308,1.1962025316455696,1.229050629041005,-0.026726398912521487
RMOD-1017-1314-17-162-34173,0.64,0.6911382381433487,-0.0739913309972906
RMOD-1017-1314-17-162-35826,0.6231884057971014,0.862487558076881,-0.27745229486365386
RMOD-1017-1314-17-162-47243,1.1363636363636365,0.9981557696787288,0.13846322476239536
RMOD-1017-1315-15-148-26694,1.3125,1.2398070314172607,0.05863248613749339
RMOD-1017-1315-15-148-26786,1.4705882352941178,1.2609487785386317,0.16625533116297264
RMOD-1017-1406-15-148-41851,1.4285714285714286,1.3013040911185234,0.09779984426508159
RMOD-1017-1406-15-148-41923,0.6666666666666666,1.318779868249209,-0.4944822235179229
RMOD-1017-1406-15-148-41953,1.1363636363636365,1.2883203525062406,-0.1179494803811757
RMOD-1017-1445-15-148-54624,1.2646822204344328,1.1815540331708065,0.07035496044183809
RMOD-1017-1445-15-148-54706,1.3265306122448979,1.3351380048959933,-0.006446818695544421
RMOD-1017-1445-15-14854717,1.4634146341463414,1.2917375657340173,0.13290398372425627
RMOD-1017-1445-15-163-54713,1.2352941176470589,1.217041437292532,0.014997583315759844
RMOD-1017-1844-15-148-37627,1.4475524475524475,1.3257861004901534,0.09184463995909753
RMOD-1017-1877-15-148-37706,1.56,1.4537329537407968,0.07309942722681839
RMOD-1017-1877-15-148-37716,0.7604166666666666,0.9625228708829962,-0.20997548248481812
RMOD-1017-1877-15-148-42475,1.4871794871794872,1.3897597457752076,0.07009826101268946
RMOD-1017-1877-15-148-42558,1.0689655172413792,1.1963869930848243,-0.1065052333232871
RMOD-1017-1877-15-148-42583,0.7666666666666667,0.9177023016663585,-0.16458020724742883
RMOD-1017-1877-15-148-45831,1.180722891566265,1.1836538853088867,-0.0024762253383360244
RMOD-1017-1877-15-148-45873,1.3962264150943395,1.2620002682743032,0.10635984016356925
RMOD-1017-1877-15-148-45932,0.6153846153846154,1.0240375827332164,-0.39906051715199964
RMOD-1017-1877-15-148-47889,1.3125,1.255678380514508,0.04525173035328489
RMOD-1017-1877-15-148-47966,1,1.1037347645342002,-0.0939852289403772
RMOD-1017-1877-15-148-48005,1.509433962264151,1.4677327713005586,0.028411977833431523
RMOD-1017-1877-15-148-50543,1.268796992481203,1.1961150307159703,0.06076502668955408
RMOD-1017-1877-15-148-50649,1.543859649122807,1.3734231272112958,0.12409614963858862
RMOD-1017-1877-15-148-50693,1.2972972972972974,1.273357576004573,0.018800470302960948
RMOD-1017-1877-15-163-50662,1.273972602739726,1.2673362793972163,0.005236434441588056
RMOD-1017-1937-100-126-46536,1.0769230769230769,1.0860510705207027,-0.008404755398150221
RMOD-1017-1938-15-148-35172,1.4642857142857142,1.412180195666416,0.03689721664359524
RMOD-1017-1938-15-148-35256,0.8548387096774194,1.0527637923233897,-0.18800521454975283
RMOD-1017-1938-15-148-35281,1.0454545454545454,1.0136928711886155,0.03133264045616446
RMOD-1017-1938-15-148-48953,1.2696629213483146,1.218327437260499,0.042136032168205384
RMOD-1017-1938-15-148-49019,1.2456140350877194,1.1840220158825914,0.05201931921782399
RMOD-1017-1938-15-148-49064,1.353846153846154,1.3447014095516754,0.006800576120112201
RMOD-1017-2304-15-148-28163,1.24822695035461,1.1893784988398317,0.049478321301571704
RMOD-1017-2304-15-148-28230,0.5471698113207547,0.8024143632781414,-0.318095691750362
RMOD-1017-2518-15-148-30838,1.4421768707482994,1.283871397890886,0.12330321644167319
RMOD-1017-2518-15-148-30891,1.4166666666666667,1.2752984602196353,0.1108510759298531
RMOD-1017-2518-15-148-30995,1.25,1.1900374594608765,0.05038710341629793
RMOD-1017-2518-15-148-34557,0.9090909090909091,0.8816073674106667,0.03117435572364058
RMOD-1017-2518-15-148-34619,0.8260869565217391,0.80882510579537,0.021341882939445167
RMOD-1017-2518-15-148-34630,0.7916666666666666,0.7073589007554754,0.1191866898418168
RMOD-1017-2518-15-148-40839,1.5154639175257731,1.4400613143592544,0.05236068937805527
RMOD-1017-2518-15-148-40903,1.4615384615384615,1.4967250091812454,-0.023509026325438387
RMOD-1017-2518-15-148-40917,1.28,1.3339288509320602,-0.04042858125032556
RMOD-1017-2518-15-148-51290,1.4038461538461537,1.311382808262332,0.07050827950561733
RMOD-1017-2518-15-148-51365,0.9230769230769231,1.1911047337491654,-0.2250245533225177
RMOD-1017-2518-15-148-51380,1.5714285714285714,1.532738316927084,0.025242570159696776
RMOD-1017-2518-15-148-53886,1.2585365853658537,1.2151278259874212,0.03572361561480841
RMOD-1017-2518-15-148-53932,1.4615384615384615,1.4428391406733427,0.012960087051971936
RMOD-1017-2518-15-148-53995,1,1.1743571944335764,-0.14847032509361313
RMOD-1017-2518-15-163-51397,1.1428571428571428,1.211976943633349,-0.05703062351086807
RMOD-1017-2518-15-163-53926,1.7142857142857142,1.1918354886901874,0.43835766811214305
RMOD-1017-2645-100-126-38098,1.2307692307692308,1.2214512226603926,0.0076286370965703565
RMOD-1017-2645-100-126-43673,1.2790697674418605,1.2208065838835669,0.04772515509619035
RMOD-1017-2645-100-126-44826,1.2260869565217392,1.1952136272282752,0.025830804293170306
RMOD-1017-2645-100-126-46179,1.1894736842105262,1.300759923369747,-0.08555478775124226
RMOD-1017-2645-100-126-48277,1.3368421052631578,1.2768765266265576,0.046962707345733934
RMOD-1017-2645-26-138-33432,1.2747252747252746,1.2280915501229008,0.03797251483222652
RMOD-1017-2954-17-162-46918,1.4193548387096775,1.2895197949441213,0.10068480086510201
RMOD-1017-3037-100-148-24745,0.9571428571428572,1.076241200664558,-0.11066138654435453
RMOD-1017-3037-15-148-24720,1.2074303405572755,1.2745191291767433,-0.05263851054381796
RMOD-1017-3037-15-148-27399,1.2905982905982907,1.2721500168182156,0.014501649598068767
RMOD-1017-3037-15-148-27497,1.3333333333333333,1.260972613385236,0.05738484657001086
RMOD-1017-3323-15-148-52699,1.3846153846153846,1.2963966686810637,0.06804916895079138
RMOD-1017-3323-15-148-52814,1.3333333333333333,1.1160477349026852,0.19469202941359365
RMOD-1017-3323-15-148-52818,1.4,1.1250956400358487,0.24433865902759333
RMOD-1017-3323-15-163-52827,1.4444444444444444,1.266788180679156,0.1402414914149599
RMOD-1017-3337-15-148-32162,1.3103448275862069,1.3332221702970959,-0.017159437654559073
RMOD-1017-3337-15-148-32238,1.3181818181818181,1.393531301201672,-0.05407089381837227
RMOD-1017-3337-15-148-32283,1.0634920634920635,1.154459051942968,-0.07879620182093605
RMOD-1017-3358-15-148-28769,1.3136094674556213,1.2336169260007586,0.064843907187776
RMOD-1017-3358-15-148-28818,0.45569620253164556,0.8779366495631524,-0.48094637265867324
RMOD-1017-3358-15-148-29833,1.3073929961089494,1.2778051463600937,0.02315521254014241
RMOD-1017-3358-15-148-29884,0.8135593220338984,1.009754808942706,-0.19430012629921511
RMOD-1017-3358-15-148-33139,1.288659793814433,1.3037459717222493,-0.011571409028315216
RMOD-1017-3358-15-148-33265,1.1363636363636365,1.2631739518349645,-0.10039022360072869
RMOD-1017-3358-15-148-33275,1.1785714285714286,1.1276702646778287,0.04513834006977402
RMOD-1017-3374-15-148-30176,1.40625,1.2910572519090668,0.08922357852109153
RMOD-1017-3374-15-148-30249,1.1538461538461537,1.1917021558926506,-0.03176632840622873
RMOD-1017-3374-15-148-31498,1.3700787401574803,1.2808267432417488,0.06968311474340116
RMOD-1017-3374-15-148-31556,1.0740740740740742,1.3086466741740308,-0.17924823004498924
RMOD-1017-3374-15-148-31609,0.4897959183673469,0.7621429769016136,-0.3573437882239049
RMOD-1017-3471-15-148-36852,1.37,1.260363006059479,0.08698842588477795
RMOD-1017-3471-15-148-36913,1.1176470588235294,1.152118078999759,-0.029919693827004656
RMOD-1017-3471-15-148-36956,0.7751937984496124,0.9228422819074286,-0.1599931931517492
RMOD-1017-3471-15-148-40463,1.4444444444444444,1.3521193580110686,0.06828175773563627
RMOD-1017-3471-15-148-40565,1.4736842105263157,1.2382194214258342,0.19016402507185615
RMOD-1017-3471-15-148-40576,0.7894736842105263,0.9215556686837514,-0.1433250198133732
RMOD-1017-3471-15-148-48578,1.25,1.2218036212616774,0.023077668332007306
RMOD-1017-3471-15-148-48643,1.108433734939759,1.2896687565874305,-0.140528349409064
RMOD-1017-3471-15-148-48690,1.4725274725274726,1.3120729000079634,0.1222908974939847
RMOD-1017-3471-15-148-49923,1.2685714285714285,1.1800974916715965,0.07497171845904838
RMOD-1017-3471-15-148-50000,1.3,1.2831737074708942,0.01311302782401147
RMOD-1017-3471-15-148-50058,1.6,1.3615347201792514,0.17514447210670747
RMOD-1017-3471-15-148-53433,1.297872340425532,1.2036787642989086,0.07825474613360561
RMOD-1017-3471-15-148-53506,1.236842105263158,1.3858274837758546,-0.10750643947886507
RMOD-1017-3471-15-148-53567,1.4722222222222223,1.3301507779345016,0.10680852625469517
RMOD-1017-3471-15-163-50072,1.1875,1.1643708279303582,0.019864094423211798
RMOD-1017-3471-15-163-53562,1.2837837837837838,1.2083712211533126,0.06240843981578337
RMOD-1017-3513-15-148-38494,1.445945945945946,1.4118735823902775,0.024132729715067525
RMOD-1017-3513-15-148-38565,1.1785714285714286,1.1665413685799886,0.010312587547652852
RMOD-1017-3513-15-148-38591,1.318840579710145,1.2759935592751799,0.033579339114614415
RMOD-1017-4087-15-148-25036,1.193103448275862,1.1879961006949338,0.004299128236145533
RMOD-1017-4087-15-148-25062,0.6491228070175439,1.0473133658015148,-0.38020192598156477
RMOD-1017-4106-15-148-50269,1.5106382978723405,1.3326058478539993,0.13359723004745994
RMOD-1017-4106-15-148-50318,0.7777777777777778,1.2954934266579805,-0.3996281557489395
RMOD-1017-4106-15-148-50382,1.5,1.4913650786749941,0.005789944694613247
RMOD-1017-4106-15-148-52292,1.0222222222222221,0.9049303042739154,0.12961431106279253
RMOD-1017-4106-15-148-52388,1.8181818181818181,0.9165378763342414,0.9837497883380073
RMOD-1017-4106-15-148-52440,1.1,0.8322224721067155,0.32176195292518806
RMOD-1017-4106-15-148-54267,1.3333333333333333,1.2483307056132362,0.06809303603434147
RMOD-1017-4106-15-148-54385,1.7333333333333334,1.3832176740193112,0.2531168202157703
RMOD-1017-4106-15-148-54393,1.5,1.424672280495847,0.05287371737024027
RMOD-1017-4106-15-163-50412,1.1764705882352942,1.3676274601980627,-0.13977261902527516
RMOD-1017-4106-15-163-52397,0.5,0.7753220397351418,-0.3551066855125061
RMOD-1017-4106-15-163-54380,1.875,1.31380022379492,0.4271576195839357
RMOD-1017-4341-15-148-32506,1.2790697674418605,1.3224148363967254,-0.03277721011734136
RMOD-1017-4341-15-148-32578,1.2857142857142858,1.3151230856824527,-0.022362013326612695
RMOD-1017-4341-15-148-32612,0.8714285714285714,1.0245452643194257,-0.14944844139469526
RMOD-1017-4341-15-148-33807,1.3333333333333333,1.2980321245592932,0.02719594384925239
RMOD-1017-4341-15-148-33883,1.0121951219512195,1.0488119357743193,-0.03491265933779264
RMOD-1017-4341-15-148-33912,1.1111111111111112,1.2690559695009955,-0.12445854413496815
RMOD-1017-4341-15-148-34917,1.48,1.3790587736925013,0.07319573917594768
RMOD-1017-4341-15-148-34966,0.9333333333333333,0.8646157686747763,0.07947757506653219
RMOD-1017-4341-35-148-34969,1.7692307692307692,1.43516086805656,0.23277523001765932
RMOD-1017-4379-15-148-40077,1.518987341772152,1.3733251606416268,0.10606532619155606
RMOD-1017-4379-15-148-40127,1.2727272727272727,1.2467639108682846,0.020824601700979883
RMOD-1017-4379-15-148-40177,0.6966292134831461,0.9036496135670266,-0.22909366304789014
RMOD-1017-5914-15-148-51961,1.0235849056603774,0.9250853593638672,0.10647617033334433
RMOD-1017-5914-15-148-52022,1.1,1.0052109933708266,0.09429762234425265
RMOD-1017-5914-15-148-52070,1.4545454545454546,1.0157688985206432,0.43196494464817903
RMOD-1017-5914-15-163-52033,1.2962962962962963,0.946824571680275,0.3690987064222826
RMOD-1017-5918-15-148-50969,1.2774725274725274,1.1822346699294315,0.08055748995145007
RMOD-1017-5918-15-148-51029,1.1153846153846154,1.3344130620848154,-0.16413841629967385
RMOD-1017-5918-15-148-51067,1.4666666666666666,1.3798798596244362,0.06289446609203453
RMOD-1017-5918-15-163-51078,1.3736263736263736,1.2137362926651123,0.13173378923207113
RMOD-1017-7618-15-148-49613,1.3405797101449275,1.2189446514158737,0.09978718770189254
RMOD-1017-7618-15-148-49652,1.171875,1.1019608609554683,0.06344521073453713
RMOD-1017-7618-15-148-49692,1.5555555555555556,1.3212191327837663,0.17736378240152328
RMOD-1017-7618-15-163-49669,1.2033898305084745,1.2332231767537312,-0.024191360337378898
RMOD-1017-8385-17-162-45415,1.5555555555555556,1.3644568471186083,0.14005478358696344
RMOD-1017-9502-15-148-51618,1.2320185614849188,1.0955625721972773,0.124553350717306
RMOD-1017-9502-15-148-51692,1.4328358208955223,1.3619029605536297,0.05208363767199509
RMOD-1017-9502-15-148-51725,1.4857142857142858,1.2639386331146123,0.1754639400911191
RMOD-1017-9502-15-163-51787,1.290909090909091,1.06103803281207,0.21664733118735935
RMOD-1018-0004-00-117-29859,1.2456140350877194,1.2424946935734724,0.0025105471519364375
RMOD-1018-0073-00-130-43229,1.3333333333333333,1.3600679873865618,-0.019656851202417003
RMOD-1018-0083-00-117-47244,1.5,1.3887745047720137,0.08008895241509739
RMOD-1018-0083-00-117-50544,1.5510204081632653,1.39788241528692,0.10954998160193119
RMOD-1018-0083-00-117-52700,1.173913043478261,1.3143196014854626,-0.10682832231103623
RMOD-1018-0148-00-101-33140,1.4161490683229814,1.3753406229731642,0.029671518944593522
RMOD-1018-0148-00-107-33266,1.3703703703703705,1.3256465604358578,0.03373735599616223
RMOD-1018-0407-00-118-49232,1.5294117647058822,1.432049601433405,0.0679879825217109
RMOD-1018-0407-00-135-54268,1.2666666666666666,1.314017730373969,-0.036035330888439576
RMOD-1018-0407-44-117-46294,1.1136363636363635,1.2204097788555879,-0.08748980634959225
RMOD-1018-0407-44-118-46181,1.0212765957446808,1.1911472737040045,-0.14261097826391522
RMOD-1018-0473-00-117-33834,1.4409937888198758,1.3467706618139375,0.06996226579440878
RMOD-1018-0622-00-119-40078,1.44,1.3291084878932469,0.08343300273593601
RMOD-1018-0622-33-109-24309,1.179245283018868,1.2144092077763946,-0.02895558147316135
RMOD-1018-0940-00-101-47610,1.3473684210526315,1.3516283913016869,-0.0031517318491310897
RMOD-1018-1072-00-117-49614,1.3333333333333333,1.3577338072849767,-0.017971471153418683
RMOD-1018-1072-00-117-53046,1.7,1.4188402621744314,0.19816165732052138
RMOD-1018-1263-00-117-51291,1.5636363636363637,1.4586451010103016,0.07197862081279527
RMOD-1018-1429-00-117-45834,1.4210526315789473,1.4829911767388952,-0.04176595662298621
RMOD-1018-1633-00-130-32184,1.3823529411764706,1.4607312864210327,-0.053656922373860105
RMOD-1018-1724-00-118-37319,1.6666666666666667,1.4840473338401203,0.12305492463909529
RMOD-1018-1724-00-119-26713,1.2222222222222223,1.2124980131058514,0.008019979423687484
RMOD-1018-1724-00-127-37289,0.875,1.2430149022332313,-0.29606636378377016
RMOD-1018-1874-00-117-26014,1.1176470588235294,1.1707300451440812,-0.045341781857164976
RMOD-1018-1874-100-161-39672,1.338235294117647,1.3566620895844177,-0.013582450345034136
RMOD-1018-1874-100-161-43896,1.296,1.2588136813502822,0.02954076461087518
RMOD-1018-1882-00-117-38096,1.2,1.2562547993285658,-0.04477976868914846
RMOD-1018-1883-00-119-34198,0.8571428571428571,0.8890311985365332,-0.03586864155742642
RMOD-1018-1883-100-161-34297,1.0173410404624277,1.0034610447607322,0.013832122107944045
RMOD-1018-2258-00-119-36880,1.4375,1.2863484152084121,0.11750438917211903
RMOD-1018-2259-00-117-30215,1.0769230769230769,1.2962563202876516,-0.16920514865138903
RMOD-1018-2259-100-161-30252,1.294820717131474,1.204314184741176,0.07515192757590028
RMOD-1018-2262-00-117-50270,1.3333333333333333,1.2936366418588439,0.0306861217362
RMOD-1018-2283-00-119-42195,1.5144927536231885,1.4092254347478335,0.07469870772960574
RMOD-1018-2377-00-127-43519,1.381679389312977,1.299955106233215,0.0628670041664503
RMOD-1018-2651-00-117-41524,1.3026315789473684,1.2276972742391379,0.061036467442408204
RMOD-1018-2651-00-130-41583,1.3109243697478992,1.323933709011577,-0.009826276931486522
RMOD-1018-2975-00-107-44632,1.3433476394849786,1.3060983552498378,0.02851950933512626
RMOD-1018-2975-00-119-44514,1.4666666666666666,1.3045993683212025,0.12422763821664051
RMOD-1018-3562-06-101-25379,1.157216494845361,1.166617791155641,-0.008058591581195818
RMOD-1018-3862-00-117-33433,1.462962962962963,1.3099940334404598,0.11677070705486958
RMOD-1018-3862-00-119-30860,1.2769230769230768,1.3181340397577774,-0.03126462225516424
RMOD-1018-3862-00-127-30895,1.4333333333333333,1.30261717544181,0.10034886715445634
RMOD-1018-3862-00-127-33488,1.105263157894737,1.2650387868998358,-0.12630097247583438
RMOD-1018-3863-00-119-39443,1.4193548387096775,1.3996378625117858,0.014087198357514819
RMOD-1018-3863-00-130-39351,1.4,1.3270212274439284,0.05499442740387894
RMOD-1018-4019-00-117-38979,1.475,1.4166680269661924,0.041175470839647677
RMOD-1018-4019-00-127-39069,1.5352112676056338,1.4367118173158395,0.0685589476627384
RMOD-1018-4295-00-117-35198,1.3235294117647058,1.4234275941294579,-0.07018142881081912
RMOD-1018-4295-00-119-37790,1.3846153846153846,1.3175067205855056,0.05093610755932665
RMOD-1018-4295-00-130-37852,1.4181818181818182,1.35150890757915,0.04933220212517431
RMOD-1018-4474-00-101-24055,1.31740614334471,1.3019742601872837,0.01185267914221777
RMOD-1018-4474-00-107-24052,1.3037542662116042,1.285240484257074,0.014404916574995763
RMOD-1018-4553-00-108-30516,1.3222222222222222,1.2928924550563843,0.02268538813969556
RMOD-1018-4553-00-119-30559,1.475,1.3187045173894463,0.11852198923225177
RMOD-1018-4646-00-117-24731,1.379746835443038,1.3158785945754685,0.04853657558596791
RMOD-1018-4646-00-126-24736,1.4507042253521127,1.3112156731052227,0.10638108978407268
RMOD-1018-4646-00-126-32507,1.2428571428571429,1.3447130339587405,-0.07574544793526772
RMOD-1018-4656-00-106-161598,1.472972972972973,1.3241609729496446,0.11238210690641415
RMOD-1018-4691-00-117-34918,1.4615384615384615,1.4192413780508701,0.029802600277678337
RMOD-1018-4691-00-126-34978,1.2272727272727273,1.1475843941304003,0.0694400634497232
RMOD-1018-4700-00-08-48579,1.1142857142857143,1.1515417089385342,-0.032353143931852624
RMOD-1018-4700-00-119-44823,1.2666666666666666,1.2503050136370153,0.013086129265415858
RMOD-1018-4700-00-130-44944,1.261437908496732,1.309395900226159,-0.03662604390401991
RMOD-1018-4914-00-119-35535,1.4473684210526316,1.4232575074400622,0.016940654439923764
RMOD-1018-4914-100-161-35566,1.321285140562249,1.3260577550711428,-0.0035991000321382582
RMOD-1018-5242-00-119-28770,1.5,1.3199191344255967,0.13643325630912306
RMOD-1018-5242-100-161-28825,1.1167664670658684,1.2357935058343963,-0.09631628440073581
RMOD-1018-5362-00-117-48957,1.4166666666666667,1.367939136196935,0.03562112463950773
RMOD-1018-5483-00-101-26464,1.3396739130434783,1.2073930438236078,0.10955907845962032
RMOD-1018-5483-00-108-26438,1.2970873786407766,1.21369004802985,0.0687138621152108
RMOD-1018-5892-00-101-37628,1.4482758620689655,1.3904437536694567,0.04159255507235482
RMOD-1018-5892-00-102-25751,1.216848673946958,1.1742662973109799,0.036262964144921694
RMOD-1018-5892-00-119-37707,1.4705882352941178,1.4291393574209101,0.029002684488381947
RMOD-1018-5892-00-127-27122,1.233695652173913,1.207559049065701,0.021644161524385863
RMOD-1018-5892-00-147-27058,1.2510288065843622,1.256643031865957,-0.004467637299717775
RMOD-1018-5901-00-119-28459,1.1851851851851851,1.1835678476366316,0.0013664933123884726
RMOD-1018-5902-100-161-45138,1.2486187845303867,1.2290107826309795,0.01595429607007337
RMOD-1018-6023-00-119-42498,1.411764705882353,1.5396797421811559,-0.08307898895753141
RMOD-1018-6161-00-117-162408,1.3076923076923077,1.272750339183394,0.02745390626360611
RMOD-1018-6161-00-117-46537,1.2857142857142858,1.1368887850565816,0.1309059449032186
RMOD-1018-6340-00-107-36193,1.48,1.3956284058866073,0.060454196659743165
RMOD-1018-6340-00-119-36248,1.5,1.426741431096034,0.05134677335870741
RMOD-1018-6607-00-108-25066,1.2857142857142858,1.2886283057567773,-0.0022613348080852136
RMOD-1018-6607-00-108-50001,1.4558823529411764,1.4363831685511737,0.013575196936950196
RMOD-1018-6607-00-117-25047,1.51,1.3483410965986635,0.11989466449486597
RMOD-1018-6607-00-117-49924,1.105263157894737,1.209901652625712,-0.08648512422798171
RMOD-1018-6852-00-117-51962,1.0869565217391304,1.1228925643916445,-0.03200309966606951
RMOD-1018-6852-00-117-53434,1.3880597014925373,1.377746594319186,0.0074854891428328685
RMOD-1018-6866-00-119-50970,1.763157894736842,1.4954170257767418,0.17904093931325393
RMOD-1018-7339-00-130-31147,1.3478260869565217,1.3157027054639507,0.02441537997844545
RMOD-1018-7339-00-130-35850,1.3636363636363635,1.2832053189046206,0.06267979375303812
RMOD-1018-7339-33-101-29099,1.0736196319018405,1.2505401711153774,-0.14147529467665054
RMOD-1018-7346-100-145-42869,1.411764705882353,1.358729927206849,0.039032612451930015
RMOD-1018-7382-00-119-27420,1.3243243243243243,1.2080951333624972,0.09620864098535509
RMOD-1018-7383-00-117-48279,1.4545454545454546,1.3490849895959653,0.07817184666851373
RMOD-1018-7387-100-161-161810,1.25,1.262549937458465,-0.009940151344609904
RMOD-1018-7391-00-117-46971,1.5,1.4050206692506892,0.06759995267540364
RMOD-1018-7391-00-119-46921,1.375,1.370448477177001,0.0033211922219613665
RMOD-1018-7399-00-119-31879,1.2796610169491525,1.2218552891548564,0.047309798719519236
RMOD-1018-7418-00-108-40566,1.335820895522388,1.3734949574108328,-0.027429341247429018
RMOD-1018-7418-00-117-40492,1.2727272727272727,1.4178706426333534,-0.10236714516954226
RMOD-1018-7928-00-108-32854,1.1938325991189427,1.2502796996796228,-0.04514757823800897
RMOD-1018-7948-00-119-45416,1.3035714285714286,1.302230548634553,0.0010296793745789845
RMOD-1018-8232-00-108-36639,1.3493975903614457,1.4043289737682612,-0.039115751674208554
RMOD-1018-8232-00-119-40861,1.5,1.50512095313083,-0.003402353226282462
RMOD-1018-8232-00-130-36589,1.5,1.38980937735393,0.07928470223439055
RMOD-1018-8232-00-130-40904,1.553191489361702,1.5225644159659923,0.020115453293500396
RMOD-1018-8233-00-109-44323,1.4137931034482758,1.3617788967091093,0.03819577970026167
RMOD-1018-8233-00-119-44229,1.3333333333333333,1.341376675180758,-0.005996333465647097
RMOD-1018-8753-00-117-54625,1.525,1.3204652239004062,0.15489599604557291
RMOD-1018-8753-00-147-51619,1.4183006535947713,1.3771997413329,0.029843828043485177
RMOD-1018-8766-00-108-31499,1.310693641618497,1.3500387277222903,-0.02914367217463021
RMOD-1018-8821-00-117-28185,1.32,1.2561751977522158,0.05080883809996517
RMOD-1018-8823-00-108-29512,1.3003003003003002,1.2915876664348382,0.006745677503650516
RMOD-1018-8826-00-101-34620,1.2,0.862303132110495,0.3916219891988433
RMOD-1018-8826-00-119-34583,1.0769230769230769,0.9995296578621259,0.07742983757629185
RMOD-1018-9462-00-119-38495,1.425,1.4531352463033738,-0.01936175340522983
RMOD-1018-9462-00-127-38557,1.42,1.3258305797625738,0.07102673725800601
RMOD-1018-9462-00-127-52293,0.9857142857142858,0.951553347085942,0.03590018229977221
RMOD-1018-9462-100-145-27812,1.1428571428571428,1.206571021154367,-0.05280574220675949
RMOD-1018-9465-00-117-41872,1.1875,1.5031090386533776,-0.20997082083687624
RMOD-1018-9465-00-117-47890,0.875,1.2108596191469096,-0.2773728794288588
RMOD-1018-9465-00-127-47969,1.5416666666666667,1.3486346211759594,0.14313146233958496
RMOD-1018-9468-00-117-53887,1.4,1.3600006404320746,0.029411279949998814
RMOD-1018-9468-00-135-53996,1.4761904761904763,1.3131877038788726,0.12412754995354325
RMOD-1018-9482-00-117-161663,1.38,1.3468864592181287,0.024585250341809584
RMOD-1018-9571-00-130-41156,1.4444444444444444,1.3546639357568977,0.06627511541257891
RMOD-1019-0607-02-101-29485,1.198019801980198,1.2279028363885256,-0.024336644173099886
RMOD-1019-0607-02-160-29545,1.3189655172413792,1.3127373793130328,0.0047443898730190615
RMOD-1019-0778-00-117-24732,1.3639455782312926,1.3611303946617026,0.0020682688305477814
RMOD-1019-0778-00-117-30219,1.3255813953488371,1.2906522978776944,0.02706313507408531
RMOD-1019-0778-00-117-32855,1.5405405405405406,1.417055450003496,0.08714203141220755
RMOD-1019-0778-00-156-32942,1.5238095238095237,1.460341909256751,0.04346079103151612
RMOD-1019-0789-00-117-25420,1.4736842105263157,1.3213966851110501,0.11524739476886725
RMOD-1019-0789-00-126-25499,1.4,1.3563300911011673,0.032197109822564185
RMOD-1019-0790-09-145-27102,1.1666666666666667,1.2827239118754603,-0.0904771822949082
RMOD-1019-0790-100-109-27062,1.3053435114503817,1.2372375721019706,0.05504677588533324
RMOD-1019-0836-09-117-38069,1.2255747126436782,1.2209955445597864,0.0037503560961336113
RMOD-1019-0836-09-117-47253,1.2233009708737863,1.2656376854227847,-0.03345089596858497
RMOD-1019-0838-00-117-162409,1.4126984126984128,1.325524161405024,0.06576587121655053
RMOD-1019-0838-00-117-28771,1.4460431654676258,1.2914810178401432,0.11967821864387163
RMOD-1019-0838-00-117-31880,1.387218045112782,1.3467681532723468,0.0300347849346978
RMOD-1019-0838-00-117-34199,1.1682242990654206,1.0294901948447983,0.13476000540397282
RMOD-1019-0838-00-119-36881,1.3924050632911393,1.3730986189217393,0.014060493618849312
RMOD-1019-0838-100-130-34299,1.25,1.0099528432941385,0.23768154948988074
RMOD-1019-0838-100-130-36919,1.44,1.3557226701761163,0.06216413701552659
RMOD-1019-0838-100-130-42500,1.4461538461538461,1.4188215356517735,0.019264093344563582
RMOD-1019-0838-100-130-47611,1.3289473684210527,1.2814853568017743,0.037036717873804026
RMOD-1019-0870-02-103-27400,1.109452736318408,1.11693716203454,-0.006700847613037575
RMOD-1019-0870-02-106-27473,1.1566265060240963,1.1798329613060896,-0.019669271874133365
RMOD-1019-0870-100-102-27499,0.7916666666666666,1.0924996300724963,-0.27536207347353236
RMOD-1019-2450-02-103-38980,1.3101736972704714,1.3246421630362082,-0.010922546608793993
RMOD-1019-3870-09-110-24855,1.1976878612716764,1.1949104374530255,0.0023243782392350365
RMOD-1019-4137-09-117-46539,1.2639296187683284,1.2416179928020488,0.017969799161759337
RMOD-1019-4137-09-145-46601,1.359375,1.2946195571843948,0.05001889740986054
RMOD-1019-4142-02-101-28438,1.0959692898272553,1.1092997438686418,-0.012016999115944227
RMOD-1019-4142-02-101-44806,1.047872340425532,1.1398525772256278,-0.08069485356077666
RMOD-1019-4142-02-101-48958,1.2222222222222223,1.2306400540177034,-0.006840206255272818
RMOD-1019-4142-02-103-24310,1.220231822971549,1.258131800479075,-0.030124012041579662
RMOD-1019-4142-02-103-30839,1.154518950437318,1.1485865782894151,0.005164932500550057
RMOD-1019-4142-02-103-44946,1.2252747252747254,1.2083933286476412,0.013970117367311907
RMOD-1019-4142-02-103-49020,1.2813559322033898,1.3314869070448119,-0.03765037010591865
RMOD-1019-4142-02-106-44917,1.2134146341463414,1.2618950219667584,-0.03841871706955191
RMOD-1019-4142-02-106-49003,1.384,1.300017325936974,0.06460119598982761
RMOD-1019-4142-02-160-24386,1.2658730158730158,1.2720184061440767,-0.004831211750850106
RMOD-1019-4143-02-101-161590,1.155668358714044,1.1791984489188192,-0.019954308985352998
RMOD-1019-4143-02-101-25038,1.1649484536082475,1.2419260730600568,-0.061982448973101456
RMOD-1019-4143-02-106-25119,1.2016806722689075,1.1623582878310794,0.03382983099918557
RMOD-1019-4143-02-160-161622,1.2601626016260163,1.2048693546268152,0.045891487559933
RMOD-1019-4143-100-102-25058,1.3214285714285714,1.1722465917792224,0.12726160237576156
RMOD-1019-4935-00-107-48644,1.24,1.1849769592827053,0.04643384859617994
RMOD-1019-4935-00-107-50694,1.3,1.2506915010057436,0.039424989259625676
RMOD-1019-4935-00-107-52816,1.5,1.5176779443431374,-0.01164802085253247
RMOD-1019-4935-00-117-26714,1.4685314685314685,1.2425355138201153,0.18188289364586407
RMOD-1019-4935-00-117-33141,1.4661654135338347,1.3592522745843725,0.07865584700393735
RMOD-1019-4935-00-117-35536,1.4333333333333333,1.3890524144068401,0.03187850830337613
RMOD-1019-4935-00-117-37629,1.431578947368421,1.3709818780157506,0.044199759547787654
RMOD-1019-4935-00-119-41525,1.3454545454545455,1.3415607264731713,0.0029024545102855903
RMOD-1019-4935-100-130-37708,1.4932432432432432,1.4452176567339707,0.033230694550054896
RMOD-1019-4935-100-130-39354,1.5,1.4375574780494955,0.04343653934117997
RMOD-1019-4935-100-130-41610,1.4635761589403973,1.4419509844753327,0.01499716335568313
RMOD-1019-4935-100-130-43520,1.3793103448275863,1.2802749960177893,0.07735474731431924
RMOD-1019-4935-100-130-46182,1.2222222222222223,1.3117285060273327,-0.06823537294023352
RMOD-1019-4935-100-130-48580,1.3296703296703296,1.2786144937947759,0.03993059371947694
RMOD-1019-4935-100-130-50545,1.5238095238095237,1.4611892582316428,0.04285568431680442
RMOD-1019-4935-100-130-52701,1.4537037037037037,1.3671406896599618,0.06331682956877827
RMOD-1019-4935-30-106-46265,1.1946902654867257,1.2461243298929197,-0.04127522685526386
RMOD-1019-4935-30-107-46283,1.183673469387755,1.2297996557936028,-0.03750707376485818
RMOD-1019-4981-00-117-28188,1.425531914893617,1.2302559174873555,0.1587279480883037
RMOD-1019-5019-00-117-42196,1.36,1.287896245541725,0.05598568573196361
RMOD-1019-5019-00-126-42324,1.4772727272727273,1.337872567738767,0.10419539416191959
RMOD-1019-5020-00-117-26015,1.2847682119205297,1.2287317198664682,0.04560514809542915
RMOD-1019-5020-00-117-33434,1.458100558659218,1.4028096172536397,0.03941442995937283
RMOD-1019-5020-00-117-36194,1.525974025974026,1.4141446178175878,0.07907918804586034
RMOD-1019-5020-00-117-37791,1.6582278481012658,1.328802304404254,0.24791162884437057
RMOD-1019-5020-00-117-39673,1.4,1.3805917634270153,0.014057911315368266
RMOD-1019-5020-100-130-36252,1.4,1.3616988976988147,0.028127438720786158
RMOD-1019-5020-100-130-37847,1.507462686567164,1.4487283877492383,0.04054196722767078
RMOD-1019-5020-100-130-39737,1.4741784037558685,1.4228816732030112,0.03605129753156833
RMOD-1019-5020-100-130-41874,1.50920245398773,1.3798415796777093,0.09375052630334246
RMOD-1019-5020-100-130-43881,1.3488372093023255,1.3279970138178137,0.015692953574194535
RMOD-1019-5020-100-130-49233,1.496,1.4748295251580346,0.014354523340381897
RMOD-1019-5020-100-130-51620,1.4503311258278146,1.3565770521074785,0.06911076195390953
RMOD-1019-5020-100-130-53888,1.5343915343915344,1.476213066329658,0.039410617199403974
RMOD-1019-5053-00-117-31500,1.3397435897435896,1.3065848416425137,0.025378182146512662
RMOD-1019-5053-00-117-31557,1.3376623376623376,1.2432823571030793,0.07591194391205658
RMOD-1019-5053-00-117-38496,1.4278350515463918,1.372855848157003,0.04004732431536473
RMOD-1019-5053-00-117-45417,1.3576642335766422,1.3014423505341044,0.04319967228626376
RMOD-1019-5364-00-119-29860,1.5,1.3296063042020707,0.12815349570727763
RMOD-1019-5365-00-117-34584,1.0402684563758389,0.8969938289883449,0.1597275508005258
RMOD-1019-5365-00-117-40079,1.5,1.4311323985480726,0.04812105541164158
RMOD-1019-5365-00-117-44515,1.2913385826771653,1.3276473300712592,-0.02734818695575203
RMOD-1019-5365-00-117-47891,1.4523809523809523,1.3368008420334265,0.08646023155679305
RMOD-1019-5365-00-117-51366,1.2916666666666667,1.4644099740657746,-0.11796102898664707
RMOD-1019-5365-100-130-40138,1.3986013986013985,1.2777315277016457,0.09459723602279024
RMOD-1019-5365-100-130-51292,1.408450704225352,1.473182899930216,-0.043940365930075775
RMOD-1019-5365-100-130-53435,1.4166666666666667,1.3481034447409157,0.05085902138535636
RMOD-1019-5431-10-117-41157,1.2489795918367348,1.2650977939582906,-0.012740676806592521
RMOD-1019-5431-10-117-46923,1.3647058823529412,1.3097103881464882,0.04199057646956805
RMOD-1019-5431-10-117-49615,1.3175965665236051,1.36731181835467,-0.03635984942402437
RMOD-1019-5431-10-154-49671,1.353846153846154,1.3289767969012298,0.018713161134875866
RMOD-1019-5432-09-110-161651,1.2457879088206145,1.260991359808765,-0.01205674477456864
RMOD-1019-5432-09-145-161714,1.3076923076923077,1.2344336078608555,0.05934600238112586
RMOD-1019-5528-02-101-49925,1.233009708737864,1.228905272072043,0.0033399129771007896
RMOD-1019-5528-02-101-54269,1.272189349112426,1.2774513472727265,-0.004119137821987917
RMOD-1019-5528-02-103-33808,1.1670886075949367,1.173426601466291,-0.005401269975842227
RMOD-1019-5528-02-103-35827,1.2681912681912682,1.2555440293940041,0.010073114523405646
RMOD-1019-5528-02-103-50006,1.2650602409638554,1.3114293368091599,-0.03535767772141285
RMOD-1019-5528-02-106-35905,1.368421052631579,1.3234772893162936,0.03395884740757671
RMOD-1019-5528-02-106-49987,1.3217391304347825,1.2936914758220877,0.021680327293547297
RMOD-1019-5528-02-106-54356,1.3442622950819672,1.3392213099452084,0.003764116579779486
RMOD-1019-5663-09-117-40464,1.3253968253968254,1.2759823977475604,0.03872657470549301
RMOD-1019-5830-02-103-32163,1.256916996047431,1.2707727705457963,-0.010903424136491702
RMOD-1019-7177-02-101-50971,1.1779661016949152,1.2086112724997453,-0.025355688385602426
RMOD-1019-7177-02-101-53047,1.2376237623762376,1.256115103918589,-0.01472105660115497
RMOD-1019-7177-02-103-37256,1.1505560307955518,1.2157047005804247,-0.053589222574995765
RMOD-1019-7177-02-103-51030,1.3246445497630333,1.3399095927516818,-0.011392591762329096
RMOD-1019-7177-02-103-53178,1.3529411764705883,1.4057088035917724,-0.03753809251699636
RMOD-1019-7177-02-104-44233,1.282392026578073,1.2649116984948776,0.013819405816228425
RMOD-1019-7177-02-106-51014,1.3350785340314135,1.3855859321344934,-0.0364520142213578
RMOD-1019-7177-02-106-53123,1.2526315789473683,1.3843577155360014,-0.09515325057268931
RMOD-1019-7177-02-145-37300,1.2798353909465021,1.3174681552114378,-0.028564458363622536
RMOD-1019-7177-02-158-44285,1.237037037037037,1.3170646143787927,-0.06076207383303023
RMOD-1019-7565-02-101-26401,1.2311557788944723,1.1588443838610287,0.06239957326497714
RMOD-1019-7565-02-101-27788,1.0053763440860215,1.0617727074254673,-0.0531152881827156
RMOD-1019-7565-02-106-26430,1.1209677419354838,1.2064340679355345,-0.07084210258278079
RMOD-1019-7565-02-106-27871,1.21,1.1994663749950158,0.008781926050263733
RMOD-1019-7566-02-101-30494,1.2307692307692308,1.2242524682127338,0.005323054456251697
RMOD-1019-7566-02-101-34919,1.3035714285714286,1.2538815318850263,0.03962886079971284
RMOD-1019-7566-02-101-42954,1.3311258278145695,1.308433737498803,0.017342941920119204
RMOD-1019-7566-02-101-48281,1.2,1.3016138118672944,-0.07806755808892296
RMOD-1019-7566-02-101-50272,1.3143939393939394,1.3161429263640645,-0.0013288731300307166
RMOD-1019-7566-02-101-52294,1.021097046413502,0.9339487818072624,0.09331161012662936
RMOD-1019-7566-02-101-54626,1.2659574468085106,1.2571621419311292,0.006996157921102419
RMOD-1019-7566-02-103-25708,1.1684110371075167,1.1680267381364093,0.00032901555979814034
RMOD-1019-7566-02-103-32508,1.2496413199426113,1.2654503429994726,-0.012492803960516885
RMOD-1019-7566-02-103-36564,1.2548512289780078,1.2796044460147518,-0.01934442875205411
RMOD-1019-7566-02-103-40840,1.3500784929356358,1.3228722680110137,0.020566025596354454
RMOD-1019-7566-02-103-42870,1.3868131868131868,1.3363829597089365,0.037736358981436124
RMOD-1019-7566-02-103-45836,1.2975047984644914,1.2866867955795163,0.008407642731814047
RMOD-1019-7566-02-103-48377,1.3650793650793651,1.322845753410741,0.031926331214150894
RMOD-1019-7566-02-106-24098,1.2564102564102564,1.271530134637363,-0.011891089180846581
RMOD-1019-7566-02-106-25773,1.1184668989547037,1.2081096565774434,-0.07420084520861803
RMOD-1019-7566-02-106-30539,1.2523364485981308,1.2839069333160213,-0.024589387204531743
RMOD-1019-7566-02-106-32548,1.2901234567901234,1.2823333556712049,0.006074942279607809
RMOD-1019-7566-02-106-34957,1.3428571428571427,1.3434726208719432,-0.00045812471742134875
RMOD-1019-7566-02-106-36570,1.3588235294117648,1.3901773878963222,-0.022553854463136958
RMOD-1019-7566-02-106-40886,1.318840579710145,1.3992961473074421,-0.05749716938198657
RMOD-1019-7566-02-106-42914,1.2837837837837838,1.3699287802138849,-0.06288282841729298
RMOD-1019-7566-02-106-50361,1.3612903225806452,1.3629082226133842,-0.001187093896635849
RMOD-1019-7566-02-106-52421,1.1865671641791045,1.0113239928465756,0.17328093921639454
RMOD-1019-7566-02-106-54686,1.3858695652173914,1.362682261700895,0.017015928194114904
RMOD-1019-7566-02-107-24037,1.2611012433392539,1.278259548014539,-0.013423177399250474
RMOD-1019-7566-02-158-48357,1.2702702702702702,1.3252788598893945,-0.04150718108015028
RMOD-1019-7566-100-102-25793,1.303030303030303,1.3116449906792271,-0.006567850073870285
RMOD-1019-7566-100-102-32580,1.6521739130434783,1.3748332479985623,0.20172676609956852
RMOD-1019-7588-10-117-45139,1.1722222222222223,1.1547574141867856,0.015124222473805071
RMOD-1019-7762-00-117-31148,1.4175824175824177,1.2574194303619026,0.12737435365892003
RMOD-1019-7762-00-117-31236,1.1733333333333333,1.2407281642358776,-0.05431877251214856
RMOD-1019-7762-00-117-51963,0.9629629629629629,1.0941282675315793,-0.11988110394454321
RMOD-1019-8374-02-101-29100,1.2074766355140187,1.204332862197371,0.002610385729167719
RMOD-1019-8374-02-106-29150,1.3953488372093024,1.25762450641642,0.10951148780117625
RMOD-1019-9959-02-101-43230,1.1906354515050168,1.2782545931432037,-0.06854592356498646
RMOD-1019-9959-02-103-35173,1.3362573099415205,1.3379295142799568,-0.001249844868947525
RMOD-1019-9959-02-106-35261,1.2289156626506024,1.2564986989242755,-0.02195229990869685
RMOD-1019-9959-02-106-43283,1.2727272727272727,1.3160445720338725,-0.03291476613110089
RMOD-1020-1643-100-126-51621,1.2291666666666667,1.0326514712123516,0.19030156924446429
RMOD-1020-1879-15-148-37257,1.41,1.2188450832978188,0.15683282422157774
RMOD-1020-1879-15-148-37320,1.2857142857142858,1.2833755580987536,0.0018223251960609588
RMOD-1020-1879-15-148-37353,0.6891891891891891,0.8776792155946223,-0.21475958762192204
RMOD-1020-1937-100-126-51964,1.0789473684210527,0.9629787554920427,0.12042696920115836
RMOD-1020-2045-46-162-46541,1.3846153846153846,1.3997472716331258,-0.010810442230822503
RMOD-1020-4374-100-126-35538,1.2754491017964071,1.2814147327614054,-0.0046555036495814495
RMOD-1020-4374-100-126-38981,1.0762331838565022,1.1099593383063355,-0.03038503599717035
RMOD-1020-4374-100-126-47612,1.3513513513513513,1.1378552311861072,0.1876303015654237
RMOD-1020-4374-100-126-49616,1.273972602739726,1.1618607565426171,0.09649335823229244
RMOD-1020-4374-26-138-33809,1.1884057971014492,1.2349248857076935,-0.03766956933545451
RMOD-1020-5139-100-126-47892,1.1590909090909092,1.1531645368893846,0.005139225159933147
RMOD-1020-5139-100-126-51293,0.9782608695652174,0.9928079493723847,-0.014652461048849763
RMOD-1020-5745-15-148-38070,1.4435483870967742,1.3776861534372826,0.04780641330768076
RMOD-1020-5745-15-148-38137,0.9259259259259259,1.0592632755946516,-0.12587744023682168
RMOD-1020-5745-15-148-38154,1.1923076923076923,1.2960472230848845,-0.08004301766896171
RMOD-1020-5823-15-148-27036,1.1888111888111887,1.2267104463615064,-0.030895031229846492
RMOD-1020-5823-15-148-27123,1,1.0441165220523212,-0.04225248918157665
RMOD-1020-5953-19-162-40080,1.105263157894737,1.1038144999306934,0.001312410703188327
RMOD-1020-5953-19-162-42871,1.4427480916030535,1.3756084042174646,0.04880726751868192
RMOD-1020-5953-19-162-47254,1.2380952380952381,1.2121195831178189,0.021429944156668546
RMOD-1020-5953-19-162-48581,1.456140350877193,1.1949477069147185,0.21858081525329487
RMOD-1020-5953-19-162-50546,1.36,1.3164787912669786,0.03305879974802828
RMOD-1020-5953-19-162-54270,1.5826771653543308,1.3073169852658684,0.21063000266340337
RMOD-1020-6311-100-126-46926,1.3448275862068966,1.219299561626765,0.10295093062500116
RMOD-1020-6311-100-126-49234,1.4230769230769231,1.420322789733162,0.0019390897362692172
RMOD-1020-6311-100-126-52295,0.9696969696969697,0.9278339547904362,0.04511908051046576
RMOD-1020-6356-17-162-35174,0.95,0.9936974907166353,-0.043974641301671724
RMOD-1020-6356-17-162-40841,0.8372093023255814,0.8870086966459225,-0.056143073352774686
RMOD-1020-6356-17-162-45095,1.5,1.3395678194448544,0.11976413454126722
RMOD-1020-6356-17-162-46183,1.1818181818181819,1.096045321156697,0.07825667333807473
RMOD-1020-6522-17-162-41527,1.3820224719101124,1.2130390133121434,0.13930587288909035
RMOD-1020-7449-100-126-52702,0.9512195121951219,1.0766150895406263,-0.11647206003680355
RMOD-1020-7451-17-118-32830,1.127659574468085,1.2422113988215888,-0.09221604669074213
RMOD-1020-7451-17-162-34558,0.8823529411764706,0.821721386999337,0.07378602423692615
RMOD-1020-7451-17-162-36195,1.152542372881356,1.1328015985469169,0.01742650642421517
RMOD-1020-7451-17-162-39328,1.0285714285714285,1.0697916023441236,-0.038531031354493206
RMOD-1020-7451-17-162-42197,1.5277777777777777,1.3913587599865962,0.09804733452966197
RMOD-1020-7451-17-162-44735,1.2,1.1796853239089982,0.01722041944515107
RMOD-1020-7478-15-148-25993,1.2597402597402598,1.223053194957073,0.0299962952833579
RMOD-1020-7478-15-148-26066,1.2307692307692308,1.0960527446432602,0.12291058690776557
RMOD-1020-7478-15-148-31881,1.4036697247706422,1.3563470580812917,0.034889791965408756
RMOD-1020-7478-15-148-31921,1.1714285714285715,1.26580096202664,-0.07455547390876638
RMOD-1020-7478-15-148-31924,0.6538461538461539,0.8432360382931507,-0.22459889739811567
RMOD-1020-7478-15-148-35828,1.3859649122807018,1.3299176315204344,0.04214342259391746
RMOD-1020-7478-15-148-35885,0.5294117647058824,0.8170771734516519,-0.3520663874754436
RMOD-1020-7478-15-148-35894,0.7692307692307693,0.9685635040417482,-0.20580244246162205
RMOD-1020-7515-17-162-33142,1.2222222222222223,1.2036399369095203,0.015438408732443731
RMOD-1020-8383-17-162-50972,0.42857142857142855,0.6423383282481706,-0.33279486880339504
RMOD-1020-8632-17-162-53436,0.918918918918919,0.9990567090881873,-0.080213454792179
RMOD-1021-0132-01-103-24311,1.2532005689900427,1.2358757791315145,0.014018229138451632
RMOD-1021-0132-01-106-24388,1.1282051282051282,1.2214509179624744,-0.076340185582644
RMOD-1021-0132-100-101-24408,1.3225806451612903,1.163546978705102,0.13668005621326507
RMOD-1021-0411-01-103-31882,1.2836468885672938,1.278560340537723,0.003978340222434484
RMOD-1021-0776-01-103-34920,1.2976190476190477,1.2627363518565793,0.027624686428945333
RMOD-1021-1446-01-103-32509,1.375,1.3276084626128504,0.0356969232433777
RMOD-1021-1446-01-103-38984,1.416,1.3787751266230213,0.02699850951630678
RMOD-1021-1446-01-103-41158,1.4398340248962656,1.357496640664445,0.06065384013880082
RMOD-1021-1446-01-103-51294,1.4602803738317758,1.4211078266925379,0.02756479586099192
RMOD-1021-1446-01-103-53444,1.398611111111111,1.3788542532152583,0.014328459915022185
RMOD-1021-1446-01-106-37301,1.2987012987012987,1.2881226738368308,0.008212435880006863
RMOD-1021-1446-01-106-39026,1.3274336283185841,1.3682244104857217,-0.02981293262605711
RMOD-1021-1446-01-106-41209,1.3333333333333333,1.377386013267032,-0.03198281346650944
RMOD-1021-1446-01-106-51344,1.5522388059701493,1.4965509956769678,0.037210766926115246
RMOD-1021-1446-01-107-37258,1.2007874015748032,1.2317766985195402,-0.025158210073289
RMOD-1021-3038-01-102-25380,1.3027522935779816,1.197858975957915,0.08756733449042642
RMOD-1021-3038-01-103-27401,1.1584699453551912,1.1691659204738531,-0.00914838085113423
RMOD-1021-3038-01-106-25409,1.192,1.2083212979542088,-0.013507415603649653
RMOD-1021-3038-01-145-27474,1.0289855072463767,1.1177952512052096,-0.07945081522137243
RMOD-1021-3324-01-103-34174,1.0116731517509727,0.9658361132228783,0.04745840200066831
RMOD-1021-3324-01-103-38072,1.3387096774193548,1.302339370031832,0.027926904633647
RMOD-1021-3324-01-106-38131,1.3709677419354838,1.3158747814198735,0.04186793553119328
RMOD-1021-3420-01-102-162402,1.2620320855614973,1.296503062348294,-0.026587655508010233
RMOD-1021-3420-01-103-32831,1.322349570200573,1.305004832259797,0.013290937713036133
RMOD-1021-3420-01-103-36196,1.3758561643835616,1.318786607592836,0.043274292036445505
RMOD-1021-3420-01-103-37792,1.3148751357220412,1.3093828244514178,0.0041945802007326005
RMOD-1021-3420-01-103-39674,1.3570347957639939,1.3560280822156807,0.0007423987463950343
RMOD-1021-3420-01-104-41852,1.3895781637717122,1.3577977915874082,0.023405821088535728
RMOD-1021-3420-01-106- 162453,1.1964285714285714,1.206889294444942,-0.00866750833280161
RMOD-1021-3420-01-106-32917,1.3603603603603605,1.3705126161985646,-0.007407633989071849
RMOD-1021-3420-01-106-36227,1.400709219858156,1.3288803940119913,0.05405213755115157
RMOD-1021-3420-01-106-37834,1.3412698412698412,1.2749178524151963,0.05204412874833331
RMOD-1021-3420-01-106-39714,1.3355704697986577,1.3581027509899308,-0.01659099885840687
RMOD-1021-3420-01-106-41903,1.4038461538461537,1.339668937602219,0.04790528050818388
RMOD-1021-3420-100-101-32943,1.3389830508474576,1.2326688679993691,0.08624715494002633
RMOD-1021-3420-100-101-41924,1.3181818181818181,1.3416217373817405,-0.01747133230389275
RMOD-1021-3448-01-103-35829,1.3058542413381122,1.264072401322272,0.03305335989626457
RMOD-1021-3448-01-103-42476,1.3689189189189188,1.3407552466101882,0.021005826663693217
RMOD-1021-3448-01-103-44807,1.2242990654205608,1.2575179978046895,-0.02641626795172758
RMOD-1021-3448-01-103-46928,1.3300248138957815,1.34911005878035,-0.01414654405721516
RMOD-1021-3448-01-103-48959,1.3410041841004183,1.3382274444814977,0.002074938479532218
RMOD-1021-3448-01-103-50973,1.3707865168539326,1.402475982122822,-0.022595371095712857
RMOD-1021-3448-01-103-53048,1.3333333333333333,1.3877581647439616,-0.039217806670710176
RMOD-1021-3448-01-106-35906,1.3011152416356877,1.304654963820807,-0.002713148137460597
RMOD-1021-3448-01-106-47024,1.353846153846154,1.3107253747947163,0.032898408683200486
RMOD-1021-3448-01-106-49004,1.326086956521739,1.3173378817872914,0.006641481168504493
RMOD-1021-3448-01-106-51015,1.419889502762431,1.4533824283738972,-0.023044812540454096
RMOD-1021-3448-01-106-53124,1.3516483516483517,1.350113688546695,0.001136691757646524
RMOD-1021-3448-01-107-44947,1.1063829787234043,1.1240863231347464,-0.01574909688605819
RMOD-1021-3448-01-158-42524,1.3641304347826086,1.3694861891280503,-0.003910776456133247
RMOD-1021-3448-01-158-44918,1.2347826086956522,1.2564943033816147,-0.017279580677389217
RMOD-1021-3453-01-102-161652,1.1693290734824282,1.226593833800309,-0.046686000483517676
RMOD-1021-3453-01-103-26402,1.194767441860465,1.1753352689308183,0.016533301980569348
RMOD-1021-3453-01-103-35175,1.305084745762712,1.2936924291283336,0.008806047231840308
RMOD-1021-3453-01-103-36853,1.173396674584323,1.2041329331887016,-0.02552563571447619
RMOD-1021-3453-01-103-38497,1.2337662337662338,1.2831150187390112,-0.038460141337348874
RMOD-1021-3453-01-103-40842,1.31651376146789,1.2853843915651553,0.02421794609224248
RMOD-1021-3453-01-103-42872,1.1973684210526316,1.2439062885945371,-0.03741267969188233
RMOD-1021-3453-01-103-46184,1.328358208955224,1.2268189341657425,0.08276630883475056
RMOD-1021-3453-01-103-47893,1.2835249042145593,1.2652272596710423,0.0144619430253774
RMOD-1021-3453-01-103-48284,1.2317880794701987,1.251467199828692,-0.015724839101805443
RMOD-1021-3453-01-103-50273,1.2912087912087913,1.328499990553157,-0.02807015401546109
RMOD-1021-3453-01-103-52296,0.8260869565217391,0.9027262730931298,-0.08489762495644593
RMOD-1021-3453-01-106-26431,1.1383399209486167,1.1994864970535661,-0.05097729424645514
RMOD-1021-3453-01-106-35262,1.3516483516483517,1.3873143100736336,-0.02570863586305039
RMOD-1021-3453-01-106-36898,1.2530120481927711,1.2361174559121053,0.013667465174820093
RMOD-1021-3453-01-106-38533,1.2945736434108528,1.2852417557891211,0.007260803331122778
RMOD-1021-3453-01-106-40887,1.44,1.3324604823662927,0.08070747242179355
RMOD-1021-3453-01-106-42916,1.2698412698412698,1.2903608765032708,-0.015902223196356258
RMOD-1021-3453-01-106-46266,1.2702702702702702,1.2294981909277043,0.033161561068912215
RMOD-1021-3453-01-106-47936,1.2600896860986548,1.26776325104289,-0.006052837497792174
RMOD-1021-3453-01-106-48358,1.1388888888888888,1.256142055197698,-0.09334387446358938
RMOD-1021-3453-01-106-50362,1.2483660130718954,1.2585453530323383,-0.00808817889312996
RMOD-1021-3453-01-106-52423,1.0828025477707006,0.9762859897246764,0.1091038478141666
RMOD-1021-3453-100-101-26465,1.121212121212121,1.158246881962604,-0.03197484174334986
RMOD-1021-3465-01-103-40081,1.419398907103825,1.3483375215490532,0.05270296525838147
RMOD-1021-3645-01-103-29101,1.1826771653543307,1.2485628784843648,-0.052769239151185476
RMOD-1021-3645-01-106-29153,1.171875,1.2627295044635636,-0.07195088428868279
RMOD-1021-3645-01-106-29191,0.8387096774193549,0.9988268377097731,-0.16030522433453387
RMOD-1021-3726-01-102-161816,1.261467889908257,1.2603081659623945,0.0009201907733231707
RMOD-1021-3726-01-158-161811,1.1692789968652038,1.2720972768505094,-0.08082579992613914
RMOD-1021-3785-01-103-28439,1.2152542372881356,1.1966487741748828,0.01554797323557322
RMOD-1021-3785-01-106-28481,1.2061855670103092,1.259326840725503,-0.042198158569048516
RMOD-1021-4131-01-103-24038,1.2504930966469427,1.274729870554465,-0.01901326270559578
RMOD-1021-4131-01-106-24099,1.3190184049079754,1.2801597288732462,0.03035455276267074
RMOD-1021-4135-01-103-29834,1.182492581602374,1.195502077424456,-0.010882035311983174
RMOD-1021-4135-01-106-29872,1.2784810126582278,1.2852497089698818,-0.0052664445394654535
RMOD-1021-4177-01-103-26695,1.1090909090909091,1.0807721596585649,0.026202330601567958
RMOD-1021-4177-01-103-28164,1.1028368794326242,1.1565250052853344,-0.046421932606173555
RMOD-1021-4177-01-103-49235,1.3952095808383234,1.391633821569245,0.002569468500734251
RMOD-1021-4177-01-103-51622,1.3241379310344827,1.2812331805165864,0.0334870741488269
RMOD-1021-4177-01-103-53889,1.3121387283236994,1.2110354536190155,0.08348498336902566
RMOD-1021-4177-01-104-29486,1.1400966183574879,1.152818158035636,-0.011035165944840108
RMOD-1021-4177-01-104-44516,1.3285714285714285,1.2398004716067066,0.0716010027401266
RMOD-1021-4177-01-104-45140,1.028301886792453,1.1334758028076977,-0.09278884979698876
RMOD-1021-4177-01-106-26760,1.098360655737705,1.1055066283864239,-0.006463979921268459
RMOD-1021-4177-01-106-28207,1.197674418604651,1.1797014853978183,0.01523515349374338
RMOD-1021-4177-01-106-29546,1.2307692307692308,1.2158888612716088,0.012238264508862784
RMOD-1021-4177-01-106-44606,1.0895522388059702,1.2379927748968267,-0.11990420227066945
RMOD-1021-4177-01-106-45261,1.3174603174603174,1.2564782658525746,0.04853410780357903
RMOD-1021-4177-01-106-49343,1.364864864864865,1.2787041073661038,0.06738130972006995
RMOD-1021-4177-01-106-51697,1.1833333333333333,1.1978869697363748,-0.012149423752596977
RMOD-1021-4177-01-106-53981,1.4090909090909092,1.2351875673324995,0.14079103964264283
RMOD-1021-4368-01-103-35516,1.3212121212121213,1.3455658472576486,-0.01809924508351768
RMOD-1021-4368-01-103-40465,1.3371647509578544,1.3314791040387775,0.004270173600044336
RMOD-1021-4368-01-106-40515,1.2133333333333334,1.2834008758137962,-0.05459521167619086
RMOD-1021-4368-01-145-35586,1.2698412698412698,1.3401166657354457,-0.052439759679885234
RMOD-1021-4928-01-103-27037,1.2506811989100817,1.2519598197406872,-0.001021295420543411
RMOD-1021-4928-01-103-34559,0.908641975308642,0.9168031094488128,-0.008901730432696042
RMOD-1021-4928-01-103-42198,1.4134275618374559,1.3640091997669137,0.03623022636429929
RMOD-1021-4928-01-103-44236,1.345679012345679,1.3499596360545527,-0.0031709271851894094
RMOD-1021-4928-01-103-47256,1.4202898550724639,1.3387871685100885,0.060878000984337266
RMOD-1021-4928-01-103-49926,1.4548494983277591,1.382097147611823,0.0526391005448843
RMOD-1021-4928-01-103-51965,1.1801242236024845,1.141022259102477,0.03426923899868939
RMOD-1021-4928-01-103-54271,1.4963235294117647,1.3744190518503032,0.08869527630408514
RMOD-1021-4928-01-106-27103,1.099009900990099,1.1315923331370343,-0.028793436640392578
RMOD-1021-4928-01-106-47306,1.3333333333333333,1.2926518710620187,0.03147132122888707
RMOD-1021-4928-01-106-49988,1.087719298245614,1.3541348441714873,-0.19674225729630102
RMOD-1021-4928-01-106-54359,0.96875,1.2504567217192362,-0.22528306404073017
RMOD-1021-4928-01-107-47354,1.1666666666666667,1.178564185684467,-0.010094926659332315
RMOD-1021-4928-01-107-50014,1.5121951219512195,1.4183277082894745,0.06618175271704341
RMOD-1021-4928-01-107-52071,1.0638297872340425,1.0195364634495439,0.043444570520444925
RMOD-1021-4928-01-158-52052,1.225,1.0720061290175231,0.14271734726245766
RMOD-1021-4928-01-160-42239,1.4285714285714286,1.358103598762218,0.051886932538456776
RMOD-1021-4928-100-101-27124,1.2,1.1711729543388298,0.024613824588738176
RMOD-1021-4928-100-101-34622,0.8,0.9080388546858917,-0.11898043143017767
RMOD-1021-4945-01-103-30495,1.242537313432836,1.2499684545590808,-0.0059450629327011395
RMOD-1021-4945-01-106-30540,1.0533333333333332,1.240970967951547,-0.1512022758501308
RMOD-1021-5315-01-106-36601,1.3006993006993006,1.3890070846406617,-0.06357619404382397
RMOD-1021-5315-01-107-36569,1.4381443298969072,1.3626343218523762,0.05541472633823141
RMOD-1021-6354-01-103-30840,1.162988115449915,1.1877683303671498,-0.020862835187375972
RMOD-1021-6354-01-145-30896,1.3202416918429003,1.2711666494933442,0.03860630104567031
RMOD-1021-7141-01-103-24721,1.31640625,1.263073989485542,0.04222417764788311
RMOD-1021-7141-01-106-24790,1.3972602739726028,1.3026033638616838,0.07266748477472063
RMOD-1021-7502-01-102-31125,1.1875,1.182214560035488,0.004470795863276589
RMOD-1021-7502-01-106-31218,1.067357512953368,1.202078262400352,-0.11207319328607535
RMOD-1021-7502-100-101-31237,1.1,1.220970144910723,-0.09907707032391722
RMOD-1021-7573-01-103-25713,1.1152416356877324,1.1269856795445559,-0.01042075695369038
RMOD-1021-7573-01-103-30177,1.0879120879120878,1.151855174312016,-0.05551313031876626
RMOD-1021-7573-01-103-33810,1.1743119266055047,1.1415700121163175,0.02868147738787208
RMOD-1021-7573-01-103-39329,1.28,1.270711438668621,0.007309732995802065
RMOD-1021-7573-01-103-41528,1.1772151898734178,1.2155760884348414,-0.031557792989179934
RMOD-1021-7573-01-103-43521,1.2784810126582278,1.203819575684134,0.06202045429578895
RMOD-1021-7573-01-103-45418,1.1911764705882353,1.1590496240625507,0.027718266637348776
RMOD-1021-7573-01-103-50547,1.2893081761006289,1.2832379568871068,0.004730392505102765
RMOD-1021-7573-01-10332164,1.1310043668122272,1.165807048291714,-0.029852865901337733
RMOD-1021-7573-01-106-25774,1.2926829268292683,1.1958624472967192,0.08096288979674404
RMOD-1021-7573-01-106-28805,1.2278481012658229,1.1816843288491723,0.03906607821532915
RMOD-1021-7573-01-106-32212,1.3333333333333333,1.2936849360222777,0.03064764550243848
RMOD-1021-7573-01-106-41567,1.2191780821917808,1.2782404800643468,-0.0462060142779962
RMOD-1021-7573-01-106-45525,1.146067415730337,1.106158876065504,0.03607848793546187
RMOD-1021-7573-01-106-50677,1.2413793103448276,1.2983414872398717,-0.04387303144424615
RMOD-1021-7573-01-107-28772,1.1923076923076923,1.1704065952799125,0.018712383470927074
RMOD-1021-7573-02-106-43592,1.106060606060606,1.237662954355937,-0.10633133021567664
RMOD-1021-7573-100-101-28826,1.2,1.0393632982437997,0.1545529864558679
RMOD-1021-7573-100-101-32240,1.28,1.1056121519891668,0.15772967735302346
RMOD-1021-7581-01-103-161591,1.2582417582417582,1.2074044897620142,0.04210458790803773
RMOD-1021-7581-01-103-31501,1.1340996168582376,1.2072370382821918,-0.06058248637568575
RMOD-1021-7581-01-103-33435,1.388646288209607,1.3215635970721606,0.050760093033785036
RMOD-1021-7581-01-103-37630,1.3563218390804597,1.3017240696252537,0.041942659530697535
RMOD-1021-7581-01-103-43883,1.410071942446043,1.2602590061559715,0.11887471984590658
RMOD-1021-7581-01-103-45837,1.28,1.23006170084727,0.04059820667396785
RMOD-1021-7581-01-103-47613,1.3563218390804597,1.3139209270767036,0.03227052034104694
RMOD-1021-7581-01-103-49617,1.2868217054263567,1.3841046844467388,-0.07028585345715277
RMOD-1021-7581-01-103-54627,1.446969696969697,1.3477170954051418,0.07364498224660299
RMOD-1021-7581-01-106-161623,1.2516129032258065,1.1844843189603134,0.05667325703764092
RMOD-1021-7581-01-106-31539,1.1014492753623188,1.1964976861323657,-0.0794388588224415
RMOD-1021-7581-01-106-33473,1.3846153846153846,1.3399575238086348,0.033327818242936846
RMOD-1021-7581-01-106-37689,1.3695652173913044,1.3141397511237514,0.04217623446833363
RMOD-1021-7581-01-106-43941,1.253968253968254,1.286884657731125,-0.025578363659183867
RMOD-1021-7581-01-106-45915,1.0625,1.2731232117327804,-0.16543819937593662
RMOD-1021-7581-01-106-47659,1.2698412698412698,1.30819526526435,-0.029318249684484265
RMOD-1021-7581-01-106-49673,1.48,1.3428057471953674,0.10216984332334111
RMOD-1021-7581-01-106-54690,1.4166666666666667,1.3683832451046234,0.035285013708532764
RMOD-1021-7581-01-107-43962,1.3636363636363635,1.2473823996421698,0.0931983359934716
RMOD-1021-7581-100-101-31558,1.608695652173913,1.3962949892801726,0.15211732801765532
RMOD-1021-7581-100-101-33494,1.4375,1.3182261247724296,0.09048058825883243
RMOD-1021-8841-01-103-25039,1.257918552036199,1.2737828626501069,-0.012454485830420081
RMOD-1021-8841-01-160-25120,1.234375,1.2577866778282119,-0.01861339306649057
RMOD-1021-9028-01-103-25994,1.1481481481481481,1.1384371456491849,0.008530117394777825
RMOD-1021-9028-01-103-27789,1.1736434108527132,1.1647834870797062,0.007606498436220077
RMOD-1021-9028-01-103-33143,1.3024282560706402,1.276378095176768,0.02040943901521941
RMOD-1021-9028-01-103-43231,1.293010752688172,1.2801885941537179,0.010015835630007519
RMOD-1021-9028-01-103-46543,1.4047619047619047,1.3138347686903753,0.06920743630659532
RMOD-1021-9028-01-103-52703,1.297029702970297,1.3179749601817428,-0.01589199935069907
RMOD-1021-9028-01-10348582,1.328358208955224,1.2734976367562987,0.043078660388141454
RMOD-1021-9028-01-106-26044,1.146341463414634,1.1649663634395273,-0.015987500248422326
RMOD-1021-9028-01-106-33230,1.3576158940397351,1.3153056354152997,0.03216762513989857
RMOD-1021-9028-01-106-52766,1.394736842105263,1.3847576888942579,0.007206425565308594
RMOD-1021-9028-01-145-27873,1.2462311557788945,1.181175115574965,0.055077388057114485
RMOD-1021-9028-01-158-43284,1.2976190476190477,1.2878776267674379,0.0075639335983037626
RMOD-1021-9028-01-158-46604,1.2666666666666666,1.2947501447950243,-0.02169026838209287
RMOD-1021-9028-100-101-26067,1.3728813559322033,1.1410124531289239,0.2032132972496843
RMOD-1021-9028-100-101-27902,1.2894736842105263,1.1659387813109718,0.1059531639908684
RMOD-1021-9028-100-101-33267,1.2962962962962963,1.2836339411676918,0.009864459580342544
RMOD-1022-0185-100-126-53890,1.432,1.3004492015506848,0.10115796779485975
RMOD-1022-0358-26-152-49927,1.2025862068965518,1.3235740460402399,-0.09140995134019858
RMOD-1022-0391-100-127-44517,1.1857142857142857,1.1959660005070252,-0.008571911566376711
RMOD-1022-0421-100-127-44948,1.3142857142857143,1.1923665415897755,0.10224974321519009
RMOD-1022-0421-27-126-35557,1.1538461538461537,1.1719346079236468,-0.015434695720387248
RMOD-1022-0421-27-145-44920,1.2941176470588236,1.3191889140385376,-0.019005061908048737
RMOD-1022-0421-27-152-35517,1.2638297872340425,1.3044676910539448,-0.031152863423599908
RMOD-1022-0421-27-152-44808,1.2212389380530972,1.2652669364775337,-0.03479739899551071
RMOD-1022-0438-100-127-36920,1.2857142857142858,1.263661055203756,0.017451855796073446
RMOD-1022-0438-27-126-36854,1.104417670682731,1.1592944085165884,-0.047336325812247115
RMOD-1022-0445-100-127-52704,1.2727272727272727,1.2353760479856701,0.03023470044000387
RMOD-1022-0462-100-126-161600,1.1963696369636965,1.2357718082302256,-0.0318846659262747
RMOD-1022-0462-26-152-52297,0.9212962962962963,0.8966083659240032,0.027534798146625628
RMOD-1022-0502-100-126-33436,1.5125,1.3583399232293596,0.11349153045883797
RMOD-1022-0502-100-126-37793,1.5185185185185186,1.2830240948574771,0.18354637656840023
RMOD-1022-0502-26-152-33486,1.1578947368421053,1.1469130838242823,0.00957496533321045
RMOD-1022-0935-100-127-41159,1.4230769230769231,1.3691525075148099,0.039385251289495216
RMOD-1022-0935-27-126-41224,1.064516129032258,1.2792830404235274,-0.16788068363680264
RMOD-1022-1357-100-127-36593,1.3291139240506329,1.2574301869284414,0.05700812487832452
RMOD-1022-1357-27-126-36573,1.1164658634538152,1.1833697396071774,-0.056536747488212025
RMOD-1022-1408-27-152-35176,1.175257731958763,1.278359708034691,-0.08065177228906384
RMOD-1022-1541-100-152-27063,1.1653543307086613,1.2093696358468025,-0.03639524578217268
RMOD-1022-1725-100-126-30863,1.3474387527839644,1.2812055002411775,0.05169604136910033
RMOD-1022-1725-26-152-30897,1.145374449339207,1.1942841930846892,-0.04095318687853877
RMOD-1022-2163-27-126-50695,1.25,1.323966167874402,-0.055867113276129254
RMOD-1022-2163-27-152-25714,1.0704225352112675,1.1279603745879314,-0.051010514795507333
RMOD-1022-2163-27-152-50548,1.1041666666666667,1.1838977795386858,-0.06734628128374975
RMOD-1022-2166-100-152-43963,1.4193548387096775,1.3172624812386942,0.0775034276957316
RMOD-1022-2166-100-152-46629,1.183673469387755,1.29747522968051,-0.0877101602323288
RMOD-1022-2166-100-152-48681,1.4615384615384615,1.3894553327156915,0.051878694568672
RMOD-1022-2166-39-127-26403,1.093841642228739,1.1464506017481988,-0.045888553278473077
RMOD-1022-2166-39-127-43890,1.2777777777777777,1.1706569532957427,0.09150488038400861
RMOD-1022-2166-39-127-46544,1.3857142857142857,1.2454437884970115,0.11262691942648906
RMOD-1022-2166-39-127-48583,1.12987012987013,1.160242839978995,-0.026177890577988805
RMOD-1022-2174-00-126-26016,1.192,1.2133535750559201,-0.01759880672452463
RMOD-1022-2174-100-126-26068,1.25,1.1797843403864725,0.05951567350904674
RMOD-1022-2174-100-126-33145,1.4666666666666666,1.346870220628774,0.08894431267621838
RMOD-1022-2174-100-126-38985,1.2121212121212122,1.2666048511032497,-0.04301549842840158
RMOD-1022-2174-100-126-41875,1.4727272727272727,1.4015773713248958,0.05076416247725213
RMOD-1022-2174-26-152-30496,1.2580645161290323,1.220416240285414,0.030848717511997137
RMOD-1022-2174-26-152-39052,1.3461538461538463,1.2723103361126973,0.05803891389168747
RMOD-1022-2556-100-126-26716,1.205655526992288,1.2124432248836374,-0.00559836349615539
RMOD-1022-3512-100-152-28827,1.3047619047619048,1.3322778762563752,-0.020653327646473207
RMOD-1022-3512-39-126-28773,1.0634615384615385,1.1673307309189909,-0.0889800891095196
RMOD-1022-3512-39-126-33811,1.127946127946128,1.1895415969613032,-0.051780844967945217
RMOD-1022-3512-39-127-24312,1.108695652173913,1.196420966359537,-0.07332311673921443
RMOD-1022-3512-39-127-31502,1.1065573770491803,1.2445328205740673,-0.11086525099534372
RMOD-1022-3860-27-126-29835,0.9452054794520548,1.1288780943255727,-0.16270367526552965
RMOD-1022-3860-27-126-32243,1.1911764705882353,1.1987063706109073,-0.006281688499606863
RMOD-1022-3860-27-152-32165,1.2816901408450705,1.3386011324174292,-0.042515272245124414
RMOD-1022-3860-27-152-53049,1.46875,1.4973295906819746,-0.01908704059535593
RMOD-1022-4859-100-127-42561,1.3125,1.2672759535131037,0.03568602904641849
RMOD-1022-4859-27-126-42477,1.1875,1.2708910089790055,-0.06561617667434694
RMOD-1022-5086-27-126-51368,1.1554054054054055,1.2687484651048302,-0.08933453936439628
RMOD-1022-5086-27-126-54272,1.1620111731843576,1.2743781785757808,-0.08817398734573623
RMOD-1022-5086-27-152-51295,1.2962962962962963,1.3524385221784485,-0.0415118506028066
RMOD-1022-5349-39-126-25040,1.0839612486544672,1.1425634266066609,-0.0512900873487947
RMOD-1022-5349-39-126-35830,1.1425233644859814,1.2389300600089164,-0.0778144776971843
RMOD-1022-5352-26-152-49618,1.394736842105263,1.3574766258047293,0.027448145767110743
RMOD-1022-5352-39-126-34560,0.8373983739837398,0.8508887868373143,-0.015854495983802064
RMOD-1022-5352-39-126-39675,1.2613240418118468,1.269937961501585,-0.006782945270454976
RMOD-1022-5352-39-126-42873,1.2307692307692308,1.2434800877540044,-0.010222002836999367
RMOD-1022-5352-39-126-45419,1.1267123287671232,1.1716071342121912,-0.03831899288941765
RMOD-1022-5352-39-126-47614,1.2415458937198067,1.238958916998411,0.002088024619624207
RMOD-1022-6020-27-152-27790,1.1015625,1.1635873775165262,-0.05330487311482135
RMOD-1022-6061-27-126-53445,1.375,1.3458293958687064,0.02167481570906271
RMOD-1022-6088-27-152-51966,0.9642857142857143,1.008719525778284,-0.04404971883367337
RMOD-1022-6089-100-127-161667,1.2208121827411167,1.2487378276652967,-0.02236309680502846
RMOD-1022-6089-100-127-45141,1.1142857142857143,1.1766591565013924,-0.053008929451699105
RMOD-1022-6089-100-127-47258,1.3015873015873016,1.250685104084841,0.04069945131369179
RMOD-1022-6705-100-127-37709,1.4852941176470589,1.4148301412421622,0.049803841712781294
RMOD-1022-6705-27-126-37631,1.2771739130434783,1.2970755883259257,-0.015343496910718568
RMOD-1022-7136-39-127-162403,1.1028571428571428,1.1732697422030032,-0.06001399065627422
RMOD-1022-7136-39-127-31126,1.0373563218390804,1.124438736912386,-0.07744522864129233
RMOD-1022-7136-39-127-32832,1.1515151515151516,1.2121844487584525,-0.05004955912892617
RMOD-1022-7334-100-127-34983,1.1875,1.161529177684705,0.022359164809844012
RMOD-1022-7334-100-127-38138,1.278688524590164,1.2677434697826366,0.008633493343415788
RMOD-1022-7334-100-127-45948,1.2,1.1871817138443685,0.010797240225443705
RMOD-1022-7334-100-127-47894,1.3583333333333334,1.393389738632919,-0.025159081000539207
RMOD-1022-7334-100-127-51623,1.314516129032258,1.2582140879893473,0.04474758435814574
RMOD-1022-7334-27-126-25381,1.0929878048780488,1.1590835717482553,-0.05702415984596676
RMOD-1022-7334-27-126-34921,1.3235294117647058,1.254728333346921,0.05483344608490803
RMOD-1022-7334-27-126-38073,1.25,1.2319857288129015,0.014622142745481792
RMOD-1022-7334-27-126-45838,1.2081218274111676,1.194523599177475,0.011383808777872595
RMOD-1022-7335-100-127-49021,1.12,1.2870085296555203,-0.1297648972848856
RMOD-1022-7335-27-126-48960,1.032258064516129,1.2572352891069891,-0.1789459988437493
RMOD-1022-7336-100-127-39355,1.3846153846153846,1.333648712008007,0.038215965080219405
RMOD-1022-7336-27-126-39431,1.0614035087719298,1.1981457674026355,-0.11412823243296866
RMOD-1022-8505-100-127-49360,1.36986301369863,1.3109614902669884,0.0449300180584602
RMOD-1022-8505-27-152-49236,1.3801652892561984,1.408144354672612,-0.01986945821539632
RMOD-1022-8506-100-127-40863,1.3716814159292035,1.2633677082382706,0.08573411128417496
RMOD-1022-8506-27-126-40905,1.2281553398058251,1.2176611519509442,0.008618315397569631
RMOD-1022-8554-00-130-42199,1.37012987012987,1.3867495433887211,-0.011984625008953365
RMOD-1022-8659-00-130-43232,1.25,1.4702617426302138,-0.14981124533389423
RMOD-1022-8762-100-126-28232,1.3399209486166008,1.2496452875372066,0.0722410286980788
RMOD-1022-8762-26-127-28165,1.1035856573705178,1.1596326123864682,-0.048331647814395695
RMOD-1022-8763-100-126-28509,1.295373665480427,1.232663853801959,0.05087340841953747
RMOD-1022-8763-100-126-38561,1.3509933774834437,1.2587855993967845,0.07325137666878745
RMOD-1022-8763-26-152-28440,1.1388888888888888,1.1766795684805729,-0.03211637271860046
RMOD-1022-8763-26-152-38498,1.2974358974358975,1.3050529294414512,-0.0058365694093448495
RMOD-1022-8763-26-152-50274,1.303030303030303,1.3616665188899795,-0.04306209710397835
RMOD-1022-8907-39-126-43522,1.0787671232876712,1.0840012763275593,-0.00482854877959249
RMOD-1022-8907-39-127-43597,1.0755395683453237,1.1124399534163127,-0.03317067582629296
RMOD-1022-8915-100-152-29193,1.28,1.3990972656110703,-0.0851243645016011
RMOD-1022-8915-39-127-29102,1.0864197530864197,1.2297513752801545,-0.11655333352327557
RMOD-1022-9032-39-126-32510,1.2676767676767677,1.2521411793398665,0.012407217806774673
RMOD-1022-9032-39-127-32582,1.1981132075471699,1.1709412273442315,0.023205246829139492
RMOD-1022-9166-00-127-24053,1.2857142857142858,1.244183123468536,0.03338026490020929
RMOD-1022-9166-100-152-31935,1.3394495412844036,1.3342166955900214,0.00392203583696582
RMOD-1022-9166-100-152-46929,1.4722222222222223,1.3657426008942783,0.07796463349552218
RMOD-1022-9166-39-126-34175,0.8751047778709137,0.8891137643411099,-0.01575612371784363
RMOD-1022-9166-39-126-36197,1.1478816946442845,1.1895263992256007,-0.03500948327706499
RMOD-1022-9166-39-127-31883,1.1308089500860585,1.1878149825854794,-0.04799235010097069
RMOD-1022-9166-39-127-46973,1.1827956989247312,1.2496284565104523,-0.05348210281026211
RMOD-1022-9167-100-152-29567,1.3577235772357723,1.3127396073505215,0.0342672451058601
RMOD-1022-9167-100-152-44240,1.3095238095238095,1.3467811351527788,-0.02766397943697263
RMOD-1022-9167-39-126-29487,1.2361111111111112,1.2368296037028037,-0.0005809147756018485
RMOD-1022-9167-39-126-37260,1.125,1.1779210216750884,-0.044927478753907235
RMOD-1022-9167-39-126-41529,1.1649214659685865,1.2516354618497592,-0.06928055214496753
RMOD-1022-9167-39-126-50974,1.3044925124792013,1.3164693409054833,-0.009097688836448015
RMOD-1022-9167-39-127-37321,1.1102873030583873,1.1880938962550687,-0.06548858927895473
RMOD-1022-9167-39-127-41612,1.2299794661190966,1.2457078971361675,-0.012626098825599508
RMOD-1022-9167-39-127-44324,1.184407796101949,1.2259064315116495,-0.03385138893392459
RMOD-1022-9167-39-127-51031,1.2684989429175475,1.3202555137209973,-0.03920193497816149
RMOD-1022-9171-100-126-27422,1.1807692307692308,1.1787178680641786,0.0017403339345496427
RMOD-1022-9171-100-126-40486,1.4320987654320987,1.3361017981190466,0.07184854286417086
RMOD-1022-9171-26-127-40567,1.217616580310881,1.2304977500584762,-0.010468259488473741
RMOD-1022-9171-26-127-48378,1.0880503144654088,1.200852974951614,-0.09393544658599873
RMOD-1022-9171-26-152-48286,1.3409090909090908,1.3339631651339838,0.005206984687923688
RMOD-1022-9182-39-127-24722,1.2121807465618861,1.205322648688092,0.005689844027455093
RMOD-1022-9183-39-127-161818,1.1891891891891893,1.2228765391475682,-0.02754762960933199
RMOD-1022-9185-39-127-30178,1.1928429423459244,1.2259216541066613,-0.02698272899408205
RMOD-1022-9186-39-127-46185,1.2162162162162162,1.2038209712789185,0.010296584984833101
RMOD-1022-9286-100-126-54746,1.3580786026200873,1.32215394715882,0.027171310525877956
RMOD-1022-9295-100-126-40139,1.3846153846153846,1.3813265970614357,0.002380890631473731
RMOD-1022-9295-26-127-40082,1.141025641025641,1.2041644919348424,-0.05243374250950572
RMOD-1023-0157-18-117-41530,1.2285948381810734,1.2533348099851676,-0.019739315948933966
RMOD-1023-0157-18-117-45839,1.2360024081878387,1.2460377276876373,-0.008053784630118743
RMOD-1023-0157-18-162-41635,1.305084745762712,1.310236410720483,-0.00393185910238758
RMOD-1023-0157-18-162-45879,1.2545454545454546,1.3341530921508236,-0.05966904253621408
RMOD-1023-0535-17-118-48961,1.2635135135135136,1.3272772713721042,-0.04804102295270474
RMOD-1023-1740-17-119-52298,0.9785522788203753,0.9462261470097665,0.034163219768091224
RMOD-1023-1740-17-162-53364,1.15625,1.0332749001115036,0.1190148912697151
RMOD-1023-1800-18-110-51032,1.3076923076923077,1.3143406195455407,-0.005058286835517456
RMOD-1023-1800-18-117-50975,1.3995253164556962,1.3921900178490425,0.00526889182698409
RMOD-1023-1800-18-117-54273,1.3547351524879614,1.3897447029466534,-0.025191353767682445
RMOD-1023-1800-18-162-51068,1.4102564102564104,1.3935648849373148,0.011977573128822083
RMOD-1023-1800-18-162-54394,1.4666666666666666,1.4598397777824608,0.004676464491586874
RMOD-1023-2083-19-117-27791,1.1340388007054674,1.1878033555287266,-0.04526385160726121
RMOD-1023-2083-19-145-27874,1.1706161137440758,1.2224596747956704,-0.042409219805356835
RMOD-1023-2085-19-117-37632,1.38755980861244,1.3721839973514978,0.011205356782049591
RMOD-1023-2085-19-117-43233,1.3055555555555556,1.3037415377197805,0.001391393756578152
RMOD-1023-2085-19-117-50550,1.337620578778135,1.3413686467057482,-0.0027942116709064324
RMOD-1023-2085-19-145-37690,1.4563106796116505,1.4508271299790376,0.0037796023518612554
RMOD-1023-2085-19-145-43285,1.3468634686346863,1.3561536072860636,-0.006850358692013336
RMOD-1023-2085-19-147-50696,1.175531914893617,1.2417992761024885,-0.05336398762999628
RMOD-1023-2085-19-154-50678,1.3596059113300492,1.3971731378812917,-0.026888025207964072
RMOD-1023-2085-19-162-43311,1.435897435897436,1.3509865997435022,0.06285098325183602
RMOD-1023-2085-19-162-50650,1.4193548387096775,1.4064118766304896,0.009202824787143404
RMOD-1023-2086-19-117-37261,1.3010546500479387,1.2802867749169662,0.016221268186043192
RMOD-1023-2086-19-117-46186,1.3243847874720358,1.2773318175703212,0.03683691994083138
RMOD-1023-2086-19-145-37302,1.383495145631068,1.3572453707955172,0.01934047844286635
RMOD-1023-2086-19-162-46220,1.4722222222222223,1.2943274443307364,0.1374418650169862
RMOD-1023-2289-17-118-27038,1.2760180995475112,1.24391169513138,0.025810838938000513
RMOD-1023-2289-17-145-27104,1.0961538461538463,1.1755988461162277,-0.0675783242088408
RMOD-1023-2324-18-117-37794,1.2318899231080533,1.2277794285118253,0.0033479096495454552
RMOD-1023-2324-18-162-37884,1.2432432432432432,1.164720341636555,0.06741781593369911
RMOD-1023-2683-17-118-34561,0.8528301886792453,0.8417388396837179,0.013176710486229926
RMOD-1023-2691-100-118-26466,1.631578947368421,1.413370337527839,0.15438884207960402
RMOD-1023-2691-18-117-161653,1.2716482330725654,1.264316963004068,0.005798601365814227
RMOD-1023-2691-18-117-26404,1.1908082408874803,1.2075053132373104,-0.013827742343481164
RMOD-1023-2691-18-117-31503,1.25,1.2703419519581187,-0.016012973457078528
RMOD-1023-2691-18-117-36575,1.2377428307123035,1.2607079162425643,-0.018216023897673628
RMOD-1023-2691-18-117-38986,1.2900323857502698,1.2960748710346934,-0.004662142148932902
RMOD-1023-2691-18-117-41160,1.23906083244397,1.25787570860964,-0.014957659200260931
RMOD-1023-2691-18-145-161715,1.1454545454545455,1.1949209309160185,-0.04139720393344548
RMOD-1023-2691-18-145-26432,1.1946308724832215,1.1956279239154317,-0.0008339144747850913
RMOD-1023-2691-18-145-36604,1.2783505154639174,1.3170920594521416,-0.029414454145550883
RMOD-1023-2691-18-145-39027,1.4821428571428572,1.3212694789626767,0.12175667472958018
RMOD-1023-2691-18-156-31560,1.183673469387755,1.2224438701732374,-0.0317154854561853
RMOD-1023-2691-18-162-39070,1.4230769230769231,1.2559937029155366,0.13302870848280257
RMOD-1023-2691-18-162-41276,1.0857142857142856,1.176077912637174,-0.0768347283389259
RMOD-1023-2904-100-117-28828,1.3818181818181818,1.2404323387738354,0.11398110047993915
RMOD-1023-2904-17-118-28776,1.2657657657657657,1.2444173301299486,0.01715536670771689
RMOD-1023-3030-19-117-40843,1.3603515625,1.3418310156963105,0.013802443517135998
RMOD-1023-3030-19-162-40918,1.6842105263157894,1.3175992419658034,0.27824187558199953
RMOD-1023-3292-19-117-24723,1.2719465648854962,1.265837958731222,0.004825741013799956
RMOD-1023-3292-19-117-32511,1.2292263610315186,1.2407207239239346,-0.009264262835929404
RMOD-1023-3292-19-117-38074,1.3508771929824561,1.264776546463047,0.06807577730642622
RMOD-1023-3292-19-117-40466,1.3271028037383177,1.307903219577791,0.014679667327927026
RMOD-1023-3292-19-117-42874,1.437017994858612,1.3285917544557644,0.0816099001361501
RMOD-1023-3292-19-118-30179,1.25,1.242213459079527,0.006268279307038549
RMOD-1023-3292-19-145-24792,1.2,1.2942129030221174,-0.07279552135674183
RMOD-1023-3292-19-145-30222,1.121212121212121,1.1367222273926203,-0.01364458775128874
RMOD-1023-3292-19-145-32549,1.1333333333333333,1.2405174060534236,-0.08640271567094349
RMOD-1023-3292-19-145-38133,1.2195121951219512,1.2772870258566353,-0.04523245720431279
RMOD-1023-3292-19-145-40516,1.5517241379310345,1.4047191296403387,0.10465081964700995
RMOD-1023-3292-19-162-38157,1.2222222222222223,1.0326092360642913,0.18362511154812622
RMOD-1023-3292-19-162-40577,1.125,1.3363471265491023,-0.15815286488838542
RMOD-1023-3292-19-162-42960,1.6,1.566453033195317,0.021415877842345665
RMOD-1023-4083-18-145-33476,1.4807692307692308,1.4133816933471361,0.04767822997799631
RMOD-1023-4083-19-117-33437,1.2639109697933226,1.2670456200773053,-0.0024739837574209167
RMOD-1023-4245-19-117-47616,1.2280701754385965,1.2757892185362258,-0.03740354786222433
RMOD-1023-4245-19-162-47696,1.457142857142857,1.2965118323208802,0.12389476194323046
RMOD-1023-4268-19-117-45420,1.2451154529307282,1.2230121635989892,0.01807282870081628
RMOD-1023-4268-19-145-45526,1.0594594594594595,1.2027162606534105,-0.1191110537710055
RMOD-1023-4268-19-162-45507,1.3333333333333333,1.262588503700114,0.0560315806978251
RMOD-1023-4272-17-118-161819,1.2259136212624584,1.2557698760896407,-0.023775259620140154
RMOD-1023-4272-17-145-161814,1.3037974683544304,1.2845870856146582,0.01495451959224714
RMOD-1023-4277-17-118-25382,1.2626146788990826,1.2575785227579175,0.004004645475433666
RMOD-1023-4339-18-117-25041,1.2397905759162304,1.2418739909457464,-0.001677638025037731
RMOD-1023-4339-18-117-27402,1.1317764804003336,1.161699536208116,-0.025757999271871723
RMOD-1023-4339-18-117-32166,1.2477688057798555,1.2576208907719901,-0.007833906914576527
RMOD-1023-4339-18-117-34176,0.8856088560885609,0.9459209538933773,-0.06376018794865879
RMOD-1023-4339-18-117-36198,1.2281818181818183,1.2543552519082073,-0.0208660454736187
RMOD-1023-4339-18-117-39330,1.2972972972972974,1.3003245830138872,-0.0023281000422011866
RMOD-1023-4339-18-117-53446,1.3518367346938776,1.3590420186830272,-0.0053017374666104455
RMOD-1023-4339-18-145-25121,1.386100386100386,1.3611519063378323,0.01832894598052426
RMOD-1023-4339-18-145-32213,1.2420382165605095,1.3114137704106572,-0.05290134617728115
RMOD-1023-4339-18-145-34230,1.0535714285714286,0.9692286169687582,0.08702055441413892
RMOD-1023-4339-18-145-36228,1.3435114503816794,1.2810599338451343,0.04874987882034154
RMOD-1023-4339-18-145-39406,1.5036496350364963,1.4217460351020532,0.05760775687942332
RMOD-1023-4339-18-145-53495,1.4329896907216495,1.4019741800779297,0.02212274026472838
RMOD-1023-4339-18-162-39391,1.625,1.3318885726299032,0.22007203409766385
RMOD-1023-4339-18-162-53563,1.5,1.3976921094015673,0.07319773068064084
RMOD-1023-4365-17-118-38499,1.3271115258982735,1.303839207207643,0.01784907108329059
RMOD-1023-4365-17-162-38592,1.3,1.3841230219020386,-0.06077712787873313
RMOD-1023-4365-18-117-41853,1.3277591973244147,1.3405866211755357,-0.009568515490534168
RMOD-1023-4365-18-117-43899,1.2441511697660468,1.2591933012815197,-0.011945847790140074
RMOD-1023-4365-18-117-45142,1.2431834929992631,1.2058536673317823,0.03095717720880775
RMOD-1023-4365-18-117-47259,1.3247767857142858,1.3014195146597847,0.017947534051390823
RMOD-1023-4365-18-162-41954,1.6774193548387097,1.4447032352974902,0.16108229971070775
RMOD-1023-4365-18-162-43979,1.3055555555555556,1.282356202869866,0.01809119231752465
RMOD-1023-4365-18-162-45210,1.2121212121212122,1.2044200455632286,0.006394087001750481
RMOD-1023-4365-18-162-47329,1.1176470588235294,1.1818520791871645,-0.0543257667302941
RMOD-1023-4371-17-118-31884,1.2530795072788354,1.2449551571051058,0.006525817518296062
RMOD-1023-4382-18-117-43530,1.180430528375734,1.2078586530377626,-0.02270805825917388
RMOD-1023-4382-18-162-43609,1.392156862745098,1.2244217323244502,0.13699130454195574
RMOD-1023-4518-17-118-48288,1.4007782101167314,1.4307729756960728,-0.020964028597722728
RMOD-1023-5347-19-117-50275,1.3718459495351925,1.3575140447683294,0.010557463344188722
RMOD-1023-5347-19-117-52705,1.2990196078431373,1.2725672285258145,0.020786626218534776
RMOD-1023-5347-19-154-50364,1.2826086956521738,1.3740662834961757,-0.06655980788008053
RMOD-1023-5347-19-154-52767,1.372093023255814,1.3935623610493562,-0.015406083282398453
RMOD-1023-5347-19-162-50320,1.2857142857142858,1.4145594873805756,-0.09108503588271155
RMOD-1023-5347-19-162-52819,1.173913043478261,1.24669297898919,-0.05837839527253841
RMOD-1023-5527-19-117-35518,1.2777777777777777,1.2560378212427399,0.017308361394347216
RMOD-1023-5578-19-117-34922,1.2394957983193278,1.2224169303579477,0.013971393505143093
RMOD-1023-5578-19-158-34958,1.3076923076923077,1.2015933889243462,0.08829852073582067
RMOD-1023-5600-100-119-28234,0.7910447761194029,0.9686579008340401,-0.18336001240655508
RMOD-1023-5600-19-117-31127,1.1717514124293786,1.1959388208361652,-0.02022462017737281
RMOD-1023-5600-19-127-28166,1,1.1131103422681274,-0.10161646871203112
RMOD-1023-5600-19-145-31219,1.2173913043478262,1.232429613780489,-0.012202164946793936
RMOD-1023-5600-19-158-28208,1.0930232558139534,1.2013820714956576,-0.09019513296615367
RMOD-1023-5600-34-117-162410,1.1733333333333333,1.1852827471237812,-0.01008148799891373
RMOD-1023-5600-34-145-162454,1.2794871794871794,1.2603828698389634,0.015157544667880885
RMOD-1023-5896-17-118-40083,1.160220994475138,1.2361384279793852,-0.061414993487697966
RMOD-1023-5896-17-162-40179,1.21875,1.2049583415468486,0.011445755407150981
RMOD-1023-5896-19-145-40116,1.3313953488372092,1.4232198674362275,-0.0645188566433027
RMOD-1023-5897-100-117-29568,0.8947368421052632,1.037401703544365,-0.1375213294442028
RMOD-1023-5897-100-117-33913,0.8,1.0375958328073174,-0.22898688033902226
RMOD-1023-5897-100-117-35886,1.4482758620689655,1.3457284356896837,0.0762021695162638
RMOD-1023-5897-17-118-29488,1.2334437086092715,1.259566564137717,-0.02073955936288996
RMOD-1023-5897-17-118-33812,1.2392996108949417,1.2034582843175679,0.029781943457805937
RMOD-1023-5897-17-118-35831,1.2254495159059475,1.2686098065200266,-0.03402172235486167
RMOD-1023-5897-17-118-39676,1.2478070175438596,1.3074833481831556,-0.04564213435086628
RMOD-1023-5897-17-118-51624,1.2819767441860466,1.2855969278389354,-0.002815955432449835
RMOD-1023-5897-17-124-24039,1.2131578947368422,1.2242411771211241,-0.009053185427356003
RMOD-1023-5897-17-145-24047,0.8313253012048193,1.0987518718961489,-0.24339123102454763
RMOD-1023-5897-17-145-24100,1.2677595628415301,1.2740249880887582,-0.004917819749067354
RMOD-1023-5897-17-145-29547,1.3898305084745763,1.349220269155148,0.030099043312518114
RMOD-1023-5897-17-145-33893,1.2621359223300972,1.2380143253340294,0.019484101679970056
RMOD-1023-5897-17-145-39715,1.5063291139240507,1.3751517289169919,0.0953912082926065
RMOD-1023-5897-17-162-39764,1.375,1.3269586062439578,0.03620413894599661
RMOD-1023-5897-17-162-51693,1.4848484848484849,1.3104081991569916,0.13311904321394952
RMOD-1023-5950-17-118-53050,1.3856502242152466,1.4417509873983203,-0.03891154830024357
RMOD-1023-5950-17-145-53125,1.3013698630136987,1.383119307610377,-0.0591051286370351
RMOD-1023-5950-17-162-53179,1.3125,1.3839798474792964,-0.05164804069183937
RMOD-1023-5957-100-147-24411,0.8360655737704918,0.9559437962699134,-0.1254030027363383
RMOD-1023-5957-34-117-24313,1.2052545155993433,1.2513219649610103,-0.0368150249509146
RMOD-1023-5957-34-117-25995,1.0895522388059702,1.1329830260274787,-0.03833313140955674
RMOD-1023-5957-34-117-30497,1.1706730769230769,1.1889563505319984,-0.01537758186054572
RMOD-1023-5957-34-145-24389,1.3347639484978542,1.2659919129974553,0.05432264992717761
RMOD-1023-5957-34-145-26045,1.0780141843971631,1.1352405976751272,-0.0504090616519165
RMOD-1023-5957-34-145-30541,1.28125,1.2739057943040113,0.005765108949834952
RMOD-1023-5992-17-118-42200,1.3503937007874016,1.3414062362903831,0.006700031842608034
RMOD-1023-5992-17-118-47895,1.226775956284153,1.284675441305416,-0.04506934838143151
RMOD-1023-5992-17-145-42240,1.4105960264900663,1.3258591767636454,0.06391089733470734
RMOD-1023-5992-17-162-42300,1.5,1.4199486402904828,0.05637623603987607
RMOD-1023-5992-17-162-48006,1.4242424242424243,1.3438275695990332,0.059840158412127975
RMOD-1023-6024-18-119-161592,1.266680227827502,1.276846718063755,-0.007962185352733409
RMOD-1023-6024-18-145-161624,1.260174418604651,1.3052396893995852,-0.03452643308422865
RMOD-1023-6024-19-117-36855,1.2928779069767442,1.2631168002183613,0.023561642718423315
RMOD-1023-6024-19-117-42478,1.2976744186046512,1.2946876978128619,0.002306904434818513
RMOD-1023-6024-19-118-26696,1.1536144578313252,1.2244071829018561,-0.05781795962904379
RMOD-1023-6024-19-145-26763,1.1955445544554455,1.2127664892073833,-0.014200536463695679
RMOD-1023-6024-19-145-36899,1.3235294117647058,1.3087906248136938,0.011261378765690777
RMOD-1023-6024-19-145-42525,1.4664179104477613,1.3795487602488044,0.06296924958512506
RMOD-1023-6024-19-162-42584,1.2826086956521738,1.2752659750081379,0.005757795462228321
RMOD-1023-6160-100-117-29890,0.7142857142857143,0.9299871448027348,-0.23194022812301807
RMOD-1023-6160-17-118-25716,1.1067708333333333,1.129457102567579,-0.020085994574449262
RMOD-1023-6160-17-118-29836,1.1911764705882353,1.208539144976449,-0.01436666280971155
RMOD-1023-6160-17-118-49237,1.401360544217687,1.3755641884348728,0.018753291194768318
RMOD-1023-6160-17-124-25794,1.0129870129870129,1.081191898343968,-0.06308305256580493
RMOD-1023-6160-17-145-25775,1.1515151515151516,1.2118408096256452,-0.04978018369354076
RMOD-1023-6160-17-145-49344,1.4193548387096775,1.430028028508227,-0.007463622800235381
RMOD-1023-6160-17-154-49361,1.1176470588235294,1.3289953738606837,-0.1590286310953778
RMOD-1023-6160-17-162-49308,1.4736842105263157,1.4690905511573686,0.0031268728570394977
RMOD-1023-6166-17-118-44518,1.2053231939163498,1.2112127829820907,-0.004862555240905175
RMOD-1023-6166-17-147-44633,1.0416666666666667,1.0956508277730495,-0.049271318688370314
RMOD-1023-6166-17-162-44590,1.6111111111111112,1.3075470345203417,0.2321630263206007
RMOD-1023-6171-17-118-44370,1.2911877394636015,1.2819100889727983,0.007237364438123173
RMOD-1023-6171-17-118-48584,1.1371841155234657,1.2007022951358124,-0.052900856331887125
RMOD-1023-6171-17-118-53892,1.3053435114503817,1.3652886835761726,-0.043906591219062485
RMOD-1023-6171-17-162-44374,1.22,1.3160099037716768,-0.07295530489285296
RMOD-1023-6171-17-162-48692,1.2459016393442623,1.2518004635713633,-0.004712271962475478
RMOD-1023-6171-17-162-53997,1.4210526315789473,1.4034012948119274,0.012577540602444426
RMOD-1023-6188-100-118-35282,1.3,1.319311481508079,-0.014637545248984307
RMOD-1023-6188-18-117-35177,1.271043771043771,1.3023880331048618,-0.024066761413928828
RMOD-1023-6188-18-145-35263,1.2847682119205297,1.3330338518072122,-0.036207362492143735
RMOD-1023-6247-19-117-51296,1.439102564102564,1.4113827785297226,0.019640161403781553
RMOD-1023-6247-19-162-51381,1.35,1.4371745369088846,-0.06065688938267866
RMOD-1023-6247-34-117-33147,1.3961748633879782,1.347021701940025,0.03649025207029788
RMOD-1023-6247-34-145-33232,1.445945945945946,1.3636064974070985,0.060383584777145005
RMOD-1023-6248-19-117-32833,1.322930800542741,1.301791401297938,0.016238699398172463
RMOD-1023-6248-19-145-32920,1.3722627737226278,1.388201194151609,-0.011481347585730828
RMOD-1023-6358-17-124-28441,1.1388888888888888,1.2143610511368028,-0.06214968948259825
RMOD-1023-6388-19-117-51976,1.0763546798029557,1.0773823322457772,-0.0009538419297070444
RMOD-1023-6388-19-162-52023,1.2647058823529411,1.127647037840504,0.12154410016002104
RMOD-1023-7235-17-118-46545,1.2923832923832923,1.3148811639778635,-0.017110193841783472
RMOD-1023-7235-17-162-46572,1.4444444444444444,1.279391292621325,0.1290091254919712
RMOD-1023-7342-18-117-54747,1.2730885391829598,1.309248845817434,-0.02761912431696467
RMOD-1023-7342-18-162-54707,1.5,1.3515990212951488,0.10979660118623658
RMOD-1023-7343-18-117-49928,1.3795309168443497,1.356714712148344,0.016817245727273278
RMOD-1023-7343-18-162-50059,1.4285714285714286,1.4152221354972725,0.009432648585209868
RMOD-1023-7379-17-118-44809,1.2568093385214008,1.2574467898055717,-0.0005069409611117015
RMOD-1023-7379-17-145-44922,1.5833333333333333,1.4404067475618805,0.09922654556664567
RMOD-1023-7379-17-147-44949,1.0879120879120878,1.109322064408067,-0.01930005467564866
RMOD-1023-7379-17-162-44882,1.3846153846153846,1.2720578188583027,0.08848463024904363
RMOD-1023-7417-19-117-49619,1.3972972972972972,1.414412744233347,-0.012100744288278231
RMOD-1023-7417-19-162-49653,1.6388888888888888,1.3723419566979391,0.1942277803939636
RMOD-1023-8147-17-118-30841,1.2016528925619834,1.17218808211083,0.025136589341613558
RMOD-1023-8157-100-117-29195,0.9078947368421053,1.034373183640301,-0.12227545029065467
RMOD-1023-8157-17-118-29103,1.2141982864137086,1.2571546980924233,-0.03416955108539588
RMOD-1023-9492-18-117-46931,1.2838611217092712,1.2828262676195101,0.0008066985498211832
RMOD-1023-9492-18-158-47025,1.2142857142857142,1.249425946993168,-0.028125102405645586
RMOD-1023-9492-18-162-46989,1.4166666666666667,1.2682618115791715,0.11701436858901348
RMOD-1024-0258-09-110-161822,1.2001582278481013,1.19533137219946,0.004038089989857552
RMOD-1024-0258-09-145-161815,1.467741935483871,1.316984364662683,0.11447180002004131
RMOD-1024-0260-02-101-43531,1.152958152958153,1.1910776245159338,-0.03200418744603062
RMOD-1024-0260-02-103-43598,1.16,1.181421473096762,-0.018131948322059666
RMOD-1024-0260-02-158-43594,1.2426470588235294,1.2789937458930731,-0.028418189835763497
RMOD-1024-0262-07-106-49345,1.4137931034482758,1.3894817715893975,0.017496690029311646
RMOD-1024-0262-08-101-49238,1.423529411764706,1.4490494549188764,-0.01761157500010868
RMOD-1024-0293-01-103-52706,1.4108108108108108,1.313790319532714,0.07384777451595537
RMOD-1024-0293-01-106-52768,1.287037037037037,1.265011268257822,0.017411519827447153
RMOD-1024-0298-01-103-28167,1.1980033277870217,1.2325430895980398,-0.02802316779227776
RMOD-1024-0298-01-106-28209,1.3076923076923077,1.23989376325324,0.054680930292912766
RMOD-1024-0298-100-101-28239,1.1710526315789473,1.220253082998316,-0.040319874708676706
RMOD-1024-0303-01-103-32834,1.1706161137440758,1.2194381245633823,-0.04003648060190601
RMOD-1024-0303-01-106-32921,1.1791044776119404,1.2665801065371827,-0.0690644266981264
RMOD-1024-0303-100-101-32901,0.8918918918918919,0.9905626232454418,-0.09961079596388245
RMOD-1024-0503-09-110-162411,1.199713672154617,1.211934015313478,-0.010083340350588443
RMOD-1024-0503-09-110-34177,0.938347718865598,0.9380718996422969,0.0002940278068304103
RMOD-1024-0503-09-117-38075,1.2357247437774523,1.263585440203876,-0.02204892169533723
RMOD-1024-0503-09-145-162456,1.3243243243243243,1.215176141706643,0.0898208735931807
RMOD-1024-0553-02-101-42479,1.200716845878136,1.2354466670607465,-0.028111145635477897
RMOD-1024-0553-02-106-42526,1.375,1.4272992702636196,-0.03664211938815054
RMOD-1024-0594-09-110-24040,1.2045616535994297,1.2543519599933841,-0.03969404758949546
RMOD-1024-0594-09-145-24102,1.307909604519774,1.2396377506586127,0.05507403580190173
RMOD-1024-1256-10-117-39677,1.315136476426799,1.3602796061913707,-0.03318665483118377
RMOD-1024-1846-01-103-45840,1.3211009174311927,1.2153539536167004,0.08700919061464041
RMOD-1024-1846-01-106-45916,1.2857142857142858,1.2621010203161434,0.018709489191465423
RMOD-1024-1848-01-103-161244,1.2664700098328416,1.2496264868825255,0.013478845980878784
RMOD-1024-1848-01-106-161299,1.154040404040404,1.2272239296819092,-0.059633391976372296
RMOD-1024-1872-01-103-27039,1.087248322147651,1.1328439659191087,-0.04024882962100129
RMOD-1024-1872-01-103-30180,1.1522556390977443,1.1506891950897942,0.0013613093914799368
RMOD-1024-1872-01-103-31504,1.1716621253405994,1.1764043405696434,-0.004031109938567146
RMOD-1024-1872-01-103-44519,1.1273584905660377,1.1255261616619152,0.001627975400782411
RMOD-1024-1872-01-106-31540,1.2152777777777777,1.298027058430251,-0.06375004289397834
RMOD-1024-1872-01-106-44607,1.127659574468085,1.2239822282469335,-0.07869612119843272
RMOD-1024-1872-01-160-27105,1.053941908713693,1.1745532552044884,-0.10268699691253858
RMOD-1024-1872-100-101-27126,1.2307692307692308,1.172920391483108,0.0493203457849134
RMOD-1024-1872-100-101-30254,1.188235294117647,1.1613772204284103,0.023126055184145455
RMOD-1024-1971-01-103-43234,1.2201834862385321,1.2284471154391632,-0.0067268904756041525
RMOD-1024-2228-00-130-36249,1.5384615384615385,1.1936876050451433,0.2888309570772132
RMOD-1024-2228-01-103-36199,1.1753554502369667,1.2669580812219683,-0.07230123264745403
RMOD-1024-2228-01-106-30899,1.0091743119266054,1.094225446520638,-0.07772724977697587
RMOD-1024-2228-01-106-36229,1.2605042016806722,1.2300908303202809,0.024724492379536445
RMOD-1024-2228-01-108-30842,1.0924369747899159,1.1449766088102193,-0.04588708067573444
RMOD-1024-2248-01-103-52299,0.8636363636363636,0.9061974116066656,-0.046966640408784954
RMOD-1024-2248-01-106-52424,0.9497206703910615,0.9371150804237335,0.013451485554611065
RMOD-1024-2248-02-101-25042,1.2137150466045272,1.2209151204819715,-0.0058972763598847955
RMOD-1024-2248-02-101-27792,1.0791161796151105,1.1463358659620566,-0.05863873611817283
RMOD-1024-2248-02-101-35832,1.2157728706624606,1.2540440732420928,-0.030518227705258694
RMOD-1024-2248-02-101-40084,1.1457364341085272,1.1717191462473464,-0.02217486350891662
RMOD-1024-2248-02-106-25122,1.2486910994764397,1.2585234493896607,-0.007812607637934232
RMOD-1024-2248-02-106-27877,1.094488188976378,1.1965646767983966,-0.08530795685456871
RMOD-1024-2248-02-106-35907,1.301775147928994,1.293823205770979,0.006146080950276689
RMOD-1024-2248-02-106-40117,1.2714285714285714,1.1943356243460201,0.06454881317365446
RMOD-1024-2594-01-103-29489,1.2416107382550337,1.2460478289954255,-0.0035609313199231885
RMOD-1024-2594-01-106-29548,1.3934426229508197,1.3069947458487379,0.06614248249784982
RMOD-1024-2594-100-101-29569,1.0476190476190477,1.3168959363161574,-0.20447848707801197
RMOD-1024-3035-02-101-33813,1.2182481751824819,1.2376812752889452,-0.015701215243744127
RMOD-1024-3035-02-106-33894,1.2142857142857142,1.3021604606624828,-0.06748380789573483
RMOD-1024-3202-02-101-32512,1.1845360824742268,1.1958738251372492,-0.009480718136565147
RMOD-1024-3202-02-101-37262,1.2166666666666666,1.1871272227221619,0.024883132472329983
RMOD-1024-3202-02-106-32550,1.381679389312977,1.313576864426943,0.05184510075529114
RMOD-1024-3202-02-106-37303,1.2692307692307692,1.2306807407414369,0.03132415029596358
RMOD-1024-3223-08-103-53893,1.3346456692913387,1.3673179191131066,-0.023895137601180894
RMOD-1024-3223-08-106-53982,1.1538461538461537,1.4025580010266256,-0.17732731694405723
RMOD-1024-3225-01-103-51625,1.3410138248847927,1.2869381082224025,0.042018894550479136
RMOD-1024-3225-01-108-51729,1.2606060606060605,1.270886981214251,-0.00808956324217558
RMOD-1024-3383-01-103-33438,1.1504065040650406,1.2183771788979056,-0.05578787588121803
RMOD-1024-3383-01-106-33477,1.310077519379845,1.289755956386707,0.01575613036908896
RMOD-1024-3383-100-101-33526,1.5384615384615385,1.49746351013786,0.02737831542880409
RMOD-1024-3444-01-103-41854,1.3857142857142857,1.366545261413706,0.014027361436056207
RMOD-1024-3444-01-106-41904,1.4137931034482758,1.3379157331638996,0.05671311608313445
RMOD-1024-3584-01-106-26764,1.2902208201892744,1.237979609996856,0.04219876464084171
RMOD-1024-3584-01-106-32219,1.2901554404145077,1.3605548308735251,-0.05174314835501226
RMOD-1024-3584-01-106-34599,0.9415584415584416,0.9305291105267423,0.011852752274945866
RMOD-1024-3584-01-108-26697,1.2375,1.2310473245296356,0.0052416144706946
RMOD-1024-3584-01-108-32167,1.3,1.3168081232845799,-0.012764291917226722
RMOD-1024-3584-01-108-34562,0.966542750929368,0.8645260737743559,0.1180030079481893
RMOD-1024-3584-100-101-32245,1.0952380952380953,1.171508260302141,-0.06510424864129849
RMOD-1024-3584-100-101-34623,1.0588235294117647,0.8806018035162172,0.2023862830894887
RMOD-1024-4472-09-110-25719,1.1108968177434908,1.1655424786967474,-0.046884315202616045
RMOD-1024-4472-09-110-27403,1.1515499425947187,1.1758861926448096,-0.020696093042264385
RMOD-1024-4472-09-117-39332,1.2363636363636363,1.289399518633432,-0.04113223365090568
RMOD-1024-4472-09-145-25776,0.9705882352941176,1.1188490946752394,-0.13251193578000475
RMOD-1024-4472-09-145-27476,1.1764705882352942,1.1649360957929857,0.009901395006956859
RMOD-1024-4477-09-117-47896,1.2166910688140555,1.2701005865829043,-0.042051407843643474
RMOD-1024-4477-09-145-47937,1.2285714285714286,1.3134834217895692,-0.06464641411495808
RMOD-1024-4781-01-103-53447,1.354679802955665,1.3576252130215325,-0.002169531058805463
RMOD-1024-4781-01-106-53496,1.2738095238095237,1.3748320038685515,-0.07347987228604436
RMOD-1024-4782-02-101-54748,1.3446475195822454,1.3564512811657097,-0.008701942891248149
RMOD-1024-4782-02-106-54694,1.311764705882353,1.3551137428276676,-0.03198922391183179
RMOD-1024-4794-01-108-25383,1.2741679873217115,1.2733705982890915,0.0006262034271025119
RMOD-1024-4794-01-108-37633,1.397810218978102,1.353245456430222,0.032931765878925656
RMOD-1024-4794-01-160-25456,1.2938144329896908,1.3024668481542536,-0.006643098192345098
RMOD-1024-4835-02-101-28442,1.1104240282685511,1.1459188179440247,-0.03097496011031331
RMOD-1024-4835-02-101-43900,1.1645962732919255,1.129249162361227,0.0313014276289465
RMOD-1024-4835-02-101-46547,1.1837455830388692,1.1537230261825409,0.026022326134607532
RMOD-1024-4835-02-103-43964,1.0394736842105263,1.154796978292657,-0.09986456169346225
RMOD-1024-4835-02-103-46630,1.193798449612403,1.1631451605723742,0.026353794933853925
RMOD-1024-4835-02-106-28483,1.2469635627530364,1.2347494859970345,0.009891947228582554
RMOD-1024-4835-02-158-43942,1.2276422764227641,1.2169192383730503,0.008811626697635244
RMOD-1024-4835-02-158-46637,1.1044776119402986,1.2056780755638912,-0.08393655460331861
RMOD-1024-4937-09-117-36577,1.1840942562592047,1.2123705318900386,-0.023323130088581334
RMOD-1024-4972-09-117-42201,1.2953020134228188,1.3327402139481843,-0.028091146446655668
RMOD-1024-4973-02-101-49929,1.13,1.2135036241793664,-0.06881201054165431
RMOD-1024-4973-02-106-49989,1.2436974789915967,1.3018370271363922,-0.04465962093018916
RMOD-1024-5653-01-103-45143,1.1235294117647059,1.1857359356184398,-0.05246237546244992
RMOD-1024-5653-01-103-51297,1.2955665024630543,1.3115429114646735,-0.012181384887954172
RMOD-1024-5653-01-106-51345,1.3140495867768596,1.3131804982124975,0.0006618195789116488
RMOD-1024-5721-02-101-44810,1.0492957746478873,1.1088899731854769,-0.053742210659904366
RMOD-1024-5721-02-104-44871,1.0909090909090908,1.120412192216252,-0.02633236367126801
RMOD-1024-5721-02-106-44923,1.2162162162162162,1.1995342053002875,0.013907073964391614
RMOD-1024-5893-01-103-31885,1.2112676056338028,1.1771087221275014,0.02901931050562845
RMOD-1024-5893-01-106-31912,1.1018518518518519,1.2789807034625242,-0.13849220018029973
RMOD-1024-5967-01-103-30498,1.2853333333333334,1.259262535788849,0.020703226534213304
RMOD-1024-5967-01-103-40568,1.434782608695652,1.3716063092755806,0.046060082250160006
RMOD-1024-5967-01-106-30542,1.2719298245614035,1.288302709776907,-0.012708880522605548
RMOD-1024-5967-01-106-33233,1.4067796610169492,1.3693394728063883,0.027341787010513263
RMOD-1024-5967-01-106-35264,1.3333333333333333,1.408159075932826,-0.05313727964287329
RMOD-1024-5967-01-106-40517,1.5617977528089888,1.4511976460844052,0.07621298657905262
RMOD-1024-5967-01-108-33149,1.338487972508591,1.3540005903197192,-0.011456876697125584
RMOD-1024-5967-01-108-35178,1.2252252252252251,1.2945480753598806,-0.05354984604599089
RMOD-1024-5967-01-108-40467,1.2876254180602007,1.2885386526801075,-0.0007087366902089887
RMOD-1024-5967-100-101-33270,1,1.0899064011986457,-0.08249002033547959
RMOD-1024-5968-02-101-48962,1.19,1.2159851294267823,-0.021369611188445825
RMOD-1024-5968-02-101-53051,1.2571428571428571,1.2950398785268853,-0.029263208038918576
RMOD-1024-5968-02-103-24314,1.1983539094650206,1.2401891825150362,-0.03373297690371402
RMOD-1024-5968-02-103-41161,1.2553191489361701,1.2298820630671232,0.020682540735337707
RMOD-1024-5968-02-103-44246,1.2163120567375887,1.187476728717153,0.024282857358886467
RMOD-1024-5968-02-103-45421,1.2,1.1808668895574796,0.016202597101939498
RMOD-1024-5968-02-103-49022,1.2876712328767124,1.3192089470228407,-0.02390653445559321
RMOD-1024-5968-02-145-24390,1.2169117647058822,1.27500181929617,-0.04556076211903359
RMOD-1024-5968-02-145-41210,1.2976190476190477,1.3144079987233432,-0.012773013493985408
RMOD-1024-5968-02-145-44287,1.403225806451613,1.3744297010204847,0.020951311958514518
RMOD-1024-5968-02-145-45527,1.180094786729858,1.1877674921720418,-0.006459770529797182
RMOD-1024-5968-02-145-49006,1.2568493150684932,1.2732265975263355,-0.012862818362152195
RMOD-1024-5968-02-145-53127,1.317948717948718,1.3381017040518655,-0.015060877691226993
RMOD-1024-6002-09-117-48290,1.2541436464088398,1.2954602748109196,-0.031893396660202744
RMOD-1024-6040-07-101-25996,1.1333333333333333,1.1662108885507256,-0.028191775209927883
RMOD-1024-6040-07-106-26047,1.1428571428571428,1.1782471567949961,-0.030036154752216326
RMOD-1024-6042-07-103-29837,1.1812865497076024,1.2206109852130043,-0.03221700933532046
RMOD-1024-6042-07-106-29873,1.2772277227722773,1.3145199477892102,-0.028369462996474026
RMOD-1024-6577--07-101-50276,1.3586206896551725,1.3542494370087976,0.003227804662064182
RMOD-1024-6577-07-103-50383,1.6764705882352942,1.3981002673312195,0.1991061209332612
RMOD-1024-6577-07-106-50365,1.2717391304347827,1.342740157292384,-0.05287771164956745
RMOD-1024-6597-09-110-34923,1.2166666666666666,1.2400179072116555,-0.01883137365128651
RMOD-1024-6597-09-117-35519,1.13022351797862,1.1943074820141126,-0.05365784356254699
RMOD-1024-6597-09-118-29104,1.0846774193548387,1.1788462964007838,-0.07988223514249349
RMOD-1024-6597-09-145-29156,1.223529411764706,1.2108227860107552,0.010494207658425792
RMOD-1024-6597-09-145-31220,1.152542372881356,1.2652155860123024,-0.08905455669106088
RMOD-1024-6597-100-109-31152,1.2105263157894737,1.1595753758365028,0.04393930831466264
RMOD-1024-6846-01-106-48625,1.2139639639639639,1.2874773051348816,-0.057098747199443745
RMOD-1024-6846-01-108-48585,1.1756007393715342,1.2063534982806128,-0.02549232787313982
RMOD-1024-7074-02-104-38500,1.307116104868914,1.2530032645776026,0.04318651181611499
RMOD-1024-7074-02-104-38584,1.3592233009708738,1.2279241889139079,0.106927702249354
RMOD-1024-7074-02-106-38534,1.2463768115942029,1.3613004345410102,-0.08442193951517851
RMOD-1024-7078-02-104-28777,1.1509803921568627,1.151142585526273,-0.00014089772322689598
RMOD-1024-7078-02-158-28812,1.2146892655367232,1.1927902806613242,0.018359459521465338
RMOD-1024-7094-02-101-41614,1.3203883495145632,1.282408791308642,0.02961579682182669
RMOD-1024-7094-02-101-46933,1.2741935483870968,1.2429520366167288,0.02513492946631013
RMOD-1024-7094-02-101-49620,1.183673469387755,1.1845031057662694,-0.0007004087827845451
RMOD-1024-7094-02-104-41531,1.435483870967742,1.268036558399608,0.13205243291996993
RMOD-1024-7094-02-106-49675,1.4230769230769231,1.3160269256015829,0.08134331858476629
RMOD-1024-7094-02-145-41568,1.3404255319148937,1.2796786820395558,0.04747039294154631
RMOD-1024-7094-02-158-47026,1.303030303030303,1.339150191734305,-0.026972246225215324
RMOD-1024-7100-07-101-46188,1.298780487804878,1.2743964096195928,0.019133825237756197
RMOD-1024-7100-07-158-46268,1.2670454545454546,1.2721590464133654,-0.004019616794242564
RMOD-1024-7527-09-117-40844,1.2691176470588235,1.2811073358388194,-0.009358847962684935
RMOD-1024-7951-01-103-50976,1.4184782608695652,1.340858959117366,0.057887745183350825
RMOD-1024-7951-01-106-51016,1.4541984732824427,1.393223610550842,0.04376530965298042
RMOD-1024-8243-02-104-42875,1.3206896551724139,1.2744528430071658,0.03627973558923436
RMOD-1024-8243-02-158-42919,1.4457831325301205,1.3059552431533195,0.107069434507707
RMOD-1024-8244-02-101-161654,1.2328358208955223,1.213848200170399,0.01564250020921709
RMOD-1024-8244-02-101-24724,1.1820175438596492,1.220370407133269,-0.03142723147778814
RMOD-1024-8244-02-103-26405,1.1707920792079207,1.1939686380988963,-0.01941136320622172
RMOD-1024-8244-02-160-161716,1.1555555555555554,1.2187044607623632,-0.051816422471535506
RMOD-1024-8244-02-160-24794,1.2114537444933922,1.2547778944121397,-0.03452734552599446
RMOD-1024-8244-02-160-26442,1.2833333333333334,1.2012199255287748,0.06835834642720595
RMOD-1024-8552-01-106-50679,1.1851851851851851,1.3387949608026568,-0.11473734224796961
RMOD-1024-8552-02-103-50551,1.219435736677116,1.3141058859701202,-0.07204149247312397
RMOD-1024-8557-01-103-38987,1.2165898617511521,1.244865022962447,-0.022713435344184907
RMOD-1024-8557-01-103-47617,1.1691542288557213,1.1715985061825955,-0.0020862755576893655
RMOD-1024-8557-01-103-51978,0.9560439560439561,0.9833978654827453,-0.027815709591113902
RMOD-1024-8557-01-103-54274,1.3087557603686637,1.3333025911566194,-0.01841054757619709
RMOD-1024-8557-01-106-52053,1.015625,1.0654836019475484,-0.046794340012754954
RMOD-1024-8557-01-106-54362,1.0514285714285714,1.2306432613832756,-0.14562684051368568
RMOD-1024-8557-01-158-47660,1.1875,1.2548183443870862,-0.05364788033917989
RMOD-1024-8607-01-103-47412,1.206896551724138,1.242482089170349,-0.028640684446383236
RMOD-1024-8607-01-104-37795,1.236024844720497,1.2186323154554495,0.01427217138792769
RMOD-1024-8607-01-104-47261,1.3265306122448979,1.2585728378507366,0.05399590103200769
RMOD-1024-8607-01-106-37835,1.2222222222222223,1.2902088070108195,-0.05269424950377599
RMOD-1024-8607-01-106-47307,1.1693121693121693,1.2799489448794164,-0.08643842866534812
RMOD-1024-9941-09-117-36856,1.1037991858887382,1.1665535103349713,-0.053794638557311925
RMOD-1025-0021-15-148-28443,1.2857142857142858,1.253280989444072,0.025878710794616344
RMOD-1025-0021-15-148-28510,1.2083333333333333,1.1324275231455962,0.06702928764649752
RMOD-1025-0021-15-148-43235,1.523076923076923,1.456267725917617,0.04587700185225807
RMOD-1025-0021-15-148-43313,1.105263157894737,1.227880226751304,-0.09986077321318587
RMOD-1025-0021-15-148-43335,1.3333333333333333,1.4028317195047348,-0.04954149895893267
RMOD-1025-0337-15-148-33439,1.4433962264150944,1.323356845176544,0.09070824825222124
RMOD-1025-0337-15-148-33528,1.4444444444444444,1.4905299029049706,-0.030918841930448915
RMOD-1025-0337-15-148-33534,0.6176470588235294,0.9441819253028401,-0.3458389296899289
RMOD-1025-0932-15-148-51626,1.218978102189781,1.140817364777157,0.06851292750780646
RMOD-1025-0932-15-148-51694,0.92,1.2539870704073737,-0.2663401228681518
RMOD-1025-0932-15-148-51731,0.75,0.9031891793749228,-0.16960918362744526
RMOD-1025-0932-15-148-54708,1.5454545454545454,1.2123033124155944,0.2748084820251173
RMOD-1025-0932-15-148-54718,1.4137931034482758,1.3939270775938748,0.01425184012401326
RMOD-1025-0932-15-148-54749,1.3134796238244515,1.1972816929092813,0.0970514554789692
RMOD-1025-0932-15-163-51788,1.3333333333333333,1.2144320935805164,0.09790686558872119
RMOD-1025-0932-15-163-54714,1.4827586206896552,1.2817750103825067,0.15680100538640618
RMOD-1025-1405-15-148-32835,1.4351851851851851,1.3894664964317622,0.032903771966313444
RMOD-1025-1405-15-148-32902,1.380952380952381,1.2124535892061943,0.13897339514373042
RMOD-1025-1405-15-148-32919,0.8032786885245902,0.9414268806023177,-0.1467434114366284
RMOD-1025-1564-15-148-37796,1.4455445544554455,1.342046303334235,0.07711973190796417
RMOD-1025-1564-15-148-37844,1.3076923076923077,1.4530546521029852,-0.10003914457057539
RMOD-1025-1564-15-148-37885,1.096774193548387,1.1110848437738108,-0.012879889691247537
RMOD-1025-1877-15-148-49239,1.304259634888438,1.2606149922277639,0.034621706809582875
RMOD-1025-1877-15-148-52707,1.1543408360128617,1.1721511751950728,-0.015194575204215521
RMOD-1025-1877-15-148-52820,1.2682926829268293,1.3373480756806986,-0.05163606544146748
RMOD-1025-1877-15-148-52830,1.2972972972972974,1.2643383346401371,0.026068151027423436
RMOD-1025-1877-15-163-52828,1.4285714285714286,1.208567136140497,0.18203729511751
RMOD-1025-2366-15-148-36579,1.3777777777777778,1.3556279043380535,0.016339198513724895
RMOD-1025-2366-15-148-36596,1.2592592592592593,1.229914282120042,0.023859367734663905
RMOD-1025-2366-15-148-36629,0.6081081081081081,0.8681206957308989,-0.2995120251152148
RMOD-1025-2518-15-148-29105,1.2197802197802199,1.2527688604644558,-0.026332583547778787
RMOD-1025-2518-15-148-29198,1.5384615384615385,1.3621107350550632,0.12946877142066304
RMOD-1025-2518-15-148-49930,1.3333333333333333,1.3220306311142316,0.008549501012374838
RMOD-1025-2518-15-148-50016,1.5,1.351337359652669,0.11001149290029355
RMOD-1025-2518-15-148-50061,1.4,1.2846467837004465,0.08979372210568015
RMOD-1025-2518-15-163-50073,1.6153846153846154,1.44308159073737,0.11939936435555532
RMOD-1025-2918-15-148-52390,1.0731707317073171,0.8768536215521995,0.22388812149466708
RMOD-1025-2973-17-162-36857,1.5396825396825398,1.364824955525976,0.1281172237132615
RMOD-1025-2973-19-162-33814,1.472972972972973,1.3858702997612327,0.06285052304443428
RMOD-1025-2973-19-162-38076,1.5555555555555556,1.4104739830612414,0.10286015498097623
RMOD-1025-2973-19-162-40468,1.4390243902439024,1.361406410693737,0.057013085101173866
RMOD-1025-2973-19-162-42876,1.540983606557377,1.4435430254820918,0.0675009884397062
RMOD-1025-3471-15-148-51298,1.2830882352941178,1.1829171470993973,0.08468140684269176
RMOD-1025-3471-15-148-51369,1.1071428571428572,1.3605065975892068,-0.18622749856215737
RMOD-1025-3471-15-148-51382,1.4150943396226414,1.4600592971850395,-0.030796665347146757
RMOD-1025-3471-15-163-51398,1.309090909090909,1.196954850261526,0.09368445167742312
RMOD-1025-3567-15-148-54357,1.4615384615384615,1.3200223391743486,0.10720736927272667
RMOD-1025-3597-15-148-54275,1.284366576819407,1.2041415252093115,0.06662427125926951
RMOD-1025-3597-15-148-54386,1.5909090909090908,1.3831288231254915,0.15022481225868267
RMOD-1025-3597-15-163-54382,1.2244897959183674,1.2691832958764453,-0.035214377705164
RMOD-1025-3632-15-148-31886,1.453125,1.3254410443672031,0.09633318371678778
RMOD-1025-3632-15-148-31922,1.4,1.2485301151731745,0.12131856731851132
RMOD-1025-3632-15-148-31925,1.375,1.5164904998140782,-0.09330127675143696
RMOD-1025-4456-100-148-40225,1.4146341463414633,1.3573674421692519,0.04218953718286622
RMOD-1025-4456-100-148-44470,1.4,1.276981873231837,0.09633506108964873
RMOD-1025-4456-15-148-32513,1.53125,1.3611804053380947,0.12494272911580939
RMOD-1025-4456-15-148-32584,1.5555555555555556,1.378418438109215,0.12850750726268623
RMOD-1025-4456-15-148-32613,1.6842105263157894,1.3751251944023788,0.2247688669886796
RMOD-1025-4456-15-148-40226,1.6666666666666667,1.481109463487778,0.12528257212126026
RMOD-1025-4456-15-148-40229,1,0.9774552643047729,0.023064723797116438
RMOD-1025-4456-15-148-43674,1.4942528735632183,1.3657029038868345,0.09412733128891104
RMOD-1025-4456-15-148-43675,0.9,1.2344694189308882,-0.27094184254524123
RMOD-1025-4456-15-148-43676,1.6875,1.4254015268312914,0.183876941503887
RMOD-1025-4456-15-148-44467,1.305084745762712,1.2591823387006766,0.03645413825403643
RMOD-1025-4456-15-148-44471,1.1,1.120400675893973,-0.01820837521156915
RMOD-1025-4456-15-148-45842,1.391304347826087,1.370831904184233,0.014934320961866643
RMOD-1025-4456-15-148-45881,1.8666666666666667,1.435885614283534,0.3000107028707022
RMOD-1025-4456-15-148-45933,0.8888888888888888,0.8169626468043405,0.08804104124698675
RMOD-1025-4456-15-148-48586,1.3039772727272727,1.2911440823538465,0.009939394486501163
RMOD-1025-4456-15-148-48682,1.1363636363636365,1.1553873036825009,-0.016465186399600706
RMOD-1025-4456-15-148-48693,1.3703703703703705,1.3530549621951449,0.012797268890787361
RMOD-1025-4968-15-148-51980,1.0831099195710456,1.0672902633133772,0.014822262323050284
RMOD-1025-4968-15-148-52024,1.2419354838709677,1.171410419719486,0.06020525595834325
RMOD-1025-4968-15-148-52072,1.4090909090909092,1.0473484167031553,0.34538887596397694
RMOD-1025-4968-15-163-52034,1.2666666666666666,1.0486258602715808,0.2079300298188489
RMOD-1025-5666-15-148-53052,1.620253164556962,1.4532784955080138,0.11489516260307697
RMOD-1025-5666-15-148-53164,1.6470588235294117,1.585053396278655,0.0391188255211663
RMOD-1025-5666-15-148-53185,1.6153846153846154,1.4859788393007303,0.08708453489471002
RMOD-1025-5666-15-163-53180,1.5483870967741935,1.2195650771160662,0.26962236442166776
RMOD-1025-5918-15-148-34178,1.0493827160493827,0.9757777548189468,0.07543209595313338
RMOD-1025-5918-15-148-34294,1.1898734177215189,0.9537083306218451,0.24762821034150706
RMOD-1025-5918-15-148-34302,0.8181818181818182,0.9636162777779098,-0.15092569827842894
RMOD-1025-5918-15-148-39678,1.4516129032258065,1.390108972340911,0.04424396368100858
RMOD-1025-5918-15-148-39725,1.3461538461538463,1.3438062013473913,0.0017470114396711534
RMOD-1025-5918-15-148-39765,1.134020618556701,1.065002918071811,0.06480517500350746
RMOD-1025-5918-15-148-46940,1.4059405940594059,1.3910377969516268,0.010713437938521642
RMOD-1025-5918-15-148-46974,1.2962962962962963,1.3505587575188787,-0.04017778635730618
RMOD-1025-5918-15-148-46990,1.0555555555555556,1.1275694964566463,-0.06386652097932088
RMOD-1025-5918-15-148-48293,1.4910714285714286,1.3814749311769599,0.07933296140314106
RMOD-1025-5918-15-148-48319,1.263157894736842,1.3468694826082124,-0.062152709636915104
RMOD-1025-5918-15-148-48379,1.3636363636363635,1.198426855551652,0.13785531200288692
RMOD-1025-5918-15-148-49621,1.2836676217765044,1.2226970361412695,0.04986565259669962
RMOD-1025-5918-15-148-49655,1.3584905660377358,1.3122728228472815,0.03521961469123025
RMOD-1025-5918-15-148-49693,1.3181818181818181,1.3784790877307065,-0.04374188196656026
RMOD-1025-5918-15-148-52300,0.9372693726937269,0.843298678033501,0.11143228029167229
RMOD-1025-5918-15-148-52441,0.8571428571428571,0.6812291968730524,0.25822977211968556
RMOD-1025-5918-15-163-49672,1.2903225806451613,1.2633706961921825,0.021333314548305005
RMOD-1025-5918-15-163-52398,0.8222222222222222,0.9065713915668855,-0.09304194918270825
RMOD-1025-5952-34-162-38501,1.38,1.3103338910661082,0.05316668477315378
RMOD-1025-6118-15-148-50977,1.3201970443349753,1.275606921735642,0.034956005521404654
RMOD-1025-6118-15-148-51033,0.9259259259259259,1.211051246998427,-0.23543621442872875
RMOD-1025-6118-15-148-51069,1.564102564102564,1.4062751284526926,0.1122308376622767
RMOD-1025-6118-15-163-51079,1.2105263157894737,1.3349492060194685,-0.09320421306590176
RMOD-1025-6127-15-148-46189,1.3737373737373737,1.321531139053725,0.0395043545633218
RMOD-1025-6127-15-148-46221,1.0609756097560976,1.1185879192566206,-0.05150449822380565
RMOD-1025-6127-15-148-46284,1.3783783783783783,1.4073735059175025,-0.020602297412314452
RMOD-1025-6127-15-148-53894,1.297165991902834,1.222810035658138,0.06080744684490291
RMOD-1025-6127-15-148-53917,1.3636363636363635,1.3214381488331162,0.031933552728525605
RMOD-1025-6127-15-148-53933,1.542857142857143,1.3783559805874759,0.11934591976707942
RMOD-1025-6127-15-163-53928,1.4227642276422765,1.3200802593982581,0.07778615543484113
RMOD-1025-6312-15-148-33150,1.5217391304347827,1.3923788218563176,0.09290597253267774
RMOD-1025-6312-15-148-33271,1.2,1.360636230665564,-0.11805964521978651
RMOD-1025-6312-15-148-33276,0.581081081081081,0.7838275093950814,-0.258662047304859
RMOD-1025-6312-15-148-47262,1.5238095238095237,1.3546239507003999,0.12489486327304888
RMOD-1025-6312-15-148-47330,1.1935483870967742,1.1987381849212198,-0.004329383921966801
RMOD-1025-6312-15-148-47388,1.2,1.2262351054105178,-0.021394841245990004
RMOD-1025-7692-15-148-48963,1.3278688524590163,1.3121214329574638,0.012001495521690053
RMOD-1025-7692-15-148-49023,1.2666666666666666,1.3433099787895553,-0.05705556672180101
RMOD-1025-7692-15-148-49066,1.303030303030303,1.358562953240389,-0.040876022769229525
RMOD-1025-7692-15-148-49309,1.4133333333333333,1.3464193930210628,0.04969769498204468
RMOD-1025-7692-15-148-49362,1.3269230769230769,1.407923962038035,-0.05753214470311707
RMOD-1025-7762-15-148-50552,1.5769230769230769,1.4701756522633904,0.07260861958592835
RMOD-1025-7762-15-148-50651,1.375,1.4459142837323973,-0.049044597269862655
RMOD-1025-7762-15-148-50697,1.8571428571428572,1.6340996026887178,0.1364930595951115
RMOD-1025-7762-15-148-53448,1.64,1.4571007132490126,0.12552274876261804
RMOD-1025-7762-15-148-53507,1.3333333333333333,1.3116735050390302,0.016513124806663226
RMOD-1025-7762-15-148-53568,1.6363636363636365,1.5098855989418674,0.08376663603547518
RMOD-1025-7762-15-163-50665,1.6666666666666667,1.2985379215481505,0.28349479750242756
RMOD-1025-7762-15-163-53564,1.6,1.4937581307787042,0.07112387677241383
RMOD-1025-8280-15-148-35520,1.5444444444444445,1.4413525184533402,0.07152443602188896
RMOD-1025-8280-15-148-35558,1.8888888888888888,1.608045639493727,0.17464880504485047
RMOD-1025-8280-15-148-35564,0.9259259259259259,1.1738277281033052,-0.2111909577889628
RMOD-1025-8280-15-148-41532,1.588235294117647,1.5348031696399516,0.03481366570947997
RMOD-1025-8280-15-148-41616,1.5,1.1594346788855945,0.2937339440646576
RMOD-1025-8280-15-148-41636,0.8867924528301887,0.9309619963820465,-0.04744505546253419
RMOD-1025-8368-15-148-46549,1.346938775510204,1.263022425736103,0.06644090244493794
RMOD-1025-8368-15-148-46573,0.918918918918919,1.0140460177760617,-0.09380944965966065
RMOD-1025-8834-00-148-44737,1.4545454545454546,1.5009063555892546,-0.030888603323688923
RMOD-1025-8834-15-148-31128,1.3461538461538463,1.2474856106423087,0.07909368626763946
RMOD-1025-8834-15-148-31238,1.0909090909090908,1.2003279220814138,-0.09115744885996357
RMOD-1025-8834-15-148-31243,1.2857142857142858,1.4689458746803243,-0.12473678719164105
RMOD-1025-8834-15-148-34924,1.4736842105263157,1.371658753589823,0.07438107814314443
RMOD-1025-8834-15-148-34967,1.2727272727272727,1.260353513759924,0.009817689110442451
RMOD-1025-8834-15-148-34970,1.4285714285714286,1.2973499476827615,0.10114578654976314
RMOD-1025-8834-15-148-35833,1.5396825396825398,1.339624381130256,0.14933899484831148
RMOD-1025-8834-15-148-35887,1,1.243642401540713,-0.19591033663605506
RMOD-1025-8834-15-148-35895,0.6818181818181818,1.041634691046285,-0.34543445252066285
RMOD-1025-8834-15-148-44736,1.275,1.3246254924112244,-0.037463790856758106
RMOD-1025-8834-15-148-44738,0.9090909090909091,1.2108409428668947,-0.24920699581031291
RMOD-1025-8834-15-148-47618,1.275,1.2549660250582992,0.015963758812331363
RMOD-1025-8834-15-148-47675,1.2666666666666666,1.1474910160776042,0.10385758922665311
RMOD-1025-8834-15-148-47697,1.4615384615384615,1.2760827512627355,0.14533204064721517
RMOD-1025-8834-15-148-50278,1.2406417112299466,1.1594644188201166,0.07001274993193563
RMOD-1025-8834-15-148-50321,1.2666666666666666,1.2877592810434615,-0.0163793145871981
RMOD-1025-8834-15-148-50384,1.1304347826086956,1.2628683410768122,-0.10486727251012895
RMOD-1025-8834-15-163-50413,1.309090909090909,1.2927525051572044,0.012638462403689488
RMOD-1025-9094-100-126-42202,1.1704545454545454,1.2465355374343436,-0.06103395346143958
RMOD-1026-1104-04-102-161594,1.2559139784946236,1.2586888203101059,-0.002204549504776443
RMOD-1026-1210-100-117-29570,1.3333333333333333,1.2886913057064153,0.03464136634525272
RMOD-1026-1210-100-117-32247,1.5,1.362485669955906,0.10092901017340195
RMOD-1026-1210-17-118-161655,1.3498233215547704,1.3117654896275168,0.029012679650582962
RMOD-1026-1210-17-118-25385,1.2975460122699387,1.1954961778888218,0.08536190769035423
RMOD-1026-1210-17-118-28168,1.1372549019607843,1.2059998818318198,-0.057002476456811335
RMOD-1026-1210-17-118-29490,1.276243093922652,1.303386883113998,-0.020825581063463883
RMOD-1026-1210-17-118-32168,1.2452107279693487,1.2282028593632235,0.013847768287189144
RMOD-1026-1210-17-118-37634,1.316205533596838,1.2953124817306823,0.016129738700765284
RMOD-1026-1210-17-118-43236,1.2864583333333333,1.2550475614437633,0.02502755501427867
RMOD-1026-1210-17-118-45144,1.1549295774647887,1.2072202913278114,-0.04331497261821904
RMOD-1026-1210-17-118-54276,1.2826086956521738,1.3348108411016426,-0.039108272005331735
RMOD-1026-1210-17-145-161717,1.316546762589928,1.2702083697287128,0.03648093806145525
RMOD-1026-1210-17-145-25457,1.2087912087912087,1.2022355470846784,0.005452892923044406
RMOD-1026-1210-17-145-29551,1.3488372093023255,1.3605156226451984,-0.008583814216088892
RMOD-1026-1210-17-145-32220,1.3863636363636365,1.4607397433623588,-0.05091674087508702
RMOD-1026-1210-17-145-43286,1.4204545454545454,1.4130938771892312,0.005208902525255743
RMOD-1026-1210-17-145-45263,1.3108108108108107,1.27214871888204,0.03039117310336703
RMOD-1026-1210-17-162-43314,1.46875,1.3075490874204112,0.1232847884109749
RMOD-1026-1210-17-162-45211,1,1.115832627707889,-0.10380824581714287
RMOD-1026-1210-17-162-54358,1.3157894736842106,1.3236449624011695,-0.005934740009668982
RMOD-1026-1269-17-118-33151,1.2325581395348837,1.2720962157854114,-0.031081042267008363
RMOD-1026-1269-17-118-38077,1.401639344262295,1.3259890828608445,0.05705194890310383
RMOD-1026-1269-17-158-38134,1.3278688524590163,1.28337961729443,0.0346656862592043
RMOD-1026-1269-17-162-38160,1.0909090909090908,1.1686130028104793,-0.06649242453619186
RMOD-1026-1413-17-118-32836,1.2741433021806854,1.2448318602036907,0.023546506893066255
RMOD-1026-1739-100-117-27903,0.7297297297297297,0.8439282258252755,-0.13531778248543747
RMOD-1026-1739-100-117-29891,1.434782608695652,1.3465050589870748,0.06556050355650744
RMOD-1026-1739-100-117-33529,1.565217391304348,1.4432400973176491,0.08451628680037437
RMOD-1026-1739-100-117-40140,1.5,1.2591703985452913,0.1912605329135253
RMOD-1026-1739-17-118-29838,1.2708333333333333,1.270747016182154,0.0000679263064009561
RMOD-1026-1739-17-118-31887,1.2830882352941178,1.267433110905223,0.012351834786542337
RMOD-1026-1739-17-118-33440,1.3517241379310345,1.3131259801873512,0.0293941010428993
RMOD-1026-1739-17-118-36582,1.3068493150684932,1.3455220300696016,-0.02874179250644293
RMOD-1026-1739-17-118-40085,1.3027210884353742,1.327198826356047,-0.018443158202511967
RMOD-1026-1739-17-118-42480,1.2987012987012987,1.3026355142007127,-0.00302019671391196
RMOD-1026-1739-17-118-45844,1.375,1.3017502213803738,0.05627022559055317
RMOD-1026-1739-17-118-47897,1.3036649214659686,1.3275103376165795,-0.017962508821907308
RMOD-1026-1739-17-118-49931,1.2913907284768211,1.3633342557717036,-0.052770277714586866
RMOD-1026-1739-17-118-53053,1.4421052631578948,1.3712001361706325,0.0517102683385664
RMOD-1026-1739-17-119-27793,1.091503267973856,1.1691054408913224,-0.06637739437625279
RMOD-1026-1739-17-145-27879,1.0238095238095237,1.2598733825698514,-0.18737109778350247
RMOD-1026-1739-17-145-31913,1.4385964912280702,1.277572632196462,0.1260389076703754
RMOD-1026-1739-17-145-33660,1.3958333333333333,1.3199196587273845,0.05751386010807802
RMOD-1026-1739-17-145-36614,1.5686274509803921,1.3973543020615165,0.12256959359998865
RMOD-1026-1739-17-162-40181,1.1891891891891893,1.2508719305721334,-0.04931179593640034
RMOD-1026-1739-17-162-42585,1.5348837209302326,1.4149968350326358,0.08472590392389945
RMOD-1026-1739-17-162-45889,1.5,1.3641482317450233,0.09958724799371299
RMOD-1026-1739-17-162-48007,1.5945945945945945,1.342724118029063,0.18758170288565545
RMOD-1026-1739-17-162-50062,1.411764705882353,1.3761647366036667,0.02586897362778373
RMOD-1026-1739-17-162-53165,1.1,1.45935414970921,-0.246241907614279
RMOD-1026-2301-17-118-24749,1.2666666666666666,1.2849380276755389,-0.014219643761283374
RMOD-1026-2301-17-145-24796,1.2745098039215685,1.2924423415761819,-0.01387492275496316
RMOD-1026-2610-17-118-47263,1.3404255319148937,1.2736194174846343,0.05245374992962959
RMOD-1026-2610-17-118-51627,1.3833333333333333,1.3835389729758663,-0.00014863306820378508
RMOD-1026-2610-17-162-47332,1.2857142857142858,1.2782301099230664,0.005855108351085381
RMOD-1026-2610-17-162-51696,1.5,1.3181509490365524,0.13795768314422774
RMOD-1026-3045-17-118-34179,0.9074889867841409,0.9394726673384571,-0.03404429066034087
RMOD-1026-3045-17-118-40845,1.2682926829268293,1.2540626121669218,0.011347177263596908
RMOD-1026-3045-17-118-47619,1.36986301369863,1.3208313807340126,0.03712179592323861
RMOD-1026-3045-17-118-49622,1.25,1.3071828901442077,-0.0437451335810396
RMOD-1026-3045-17-118-51981,1.074766355140187,1.094729483041763,-0.01823567210970478
RMOD-1026-3045-17-162-40919,1.5588235294117647,1.292597200527385,0.20596232823013882
RMOD-1026-3045-17-162-47698,1.40625,1.3656334082561645,0.029741943554017602
RMOD-1026-3045-17-162-49656,1.263157894736842,1.1508248415678062,0.09761090403297246
RMOD-1026-3045-17-162-52025,1.2692307692307692,0.9682008171494572,0.3109168539720859
RMOD-1026-3107-100-117-27500,1.2,1.2266613339584027,-0.02173487760665549
RMOD-1026-3107-100-117-32587,1.7083333333333333,1.3954675134111587,0.22420143565892703
RMOD-1026-3107-100-117-37322,1.1333333333333333,1.185895377254902,-0.04432266532924567
RMOD-1026-3107-100-117-39075,1.0508474576271187,1.0260807245383767,0.024137216981523713
RMOD-1026-3107-17-118-24058,1.2756892230576442,1.2517783215120115,0.01910154628397054
RMOD-1026-3107-17-118-25721,1.111969111969112,1.1771072072793738,-0.055337436477697066
RMOD-1026-3107-17-118-27404,1.2574257425742574,1.2013060969652953,0.046715525502392774
RMOD-1026-3107-17-118-30499,1.2162162162162162,1.2241515036296058,-0.006482275592409437
RMOD-1026-3107-17-118-32514,1.2705882352941176,1.2186054249500247,0.04265762262319206
RMOD-1026-3107-17-118-37263,1.2829581993569132,1.2548920722740577,0.022365371256187094
RMOD-1026-3107-17-118-38988,1.308411214953271,1.3023314033806257,0.004668405873392123
RMOD-1026-3107-17-118-43901,1.2281553398058251,1.247478226524788,-0.015489558300982975
RMOD-1026-3107-17-118-46943,1.2989690721649485,1.2860352164436972,0.010057155166417253
RMOD-1026-3107-17-118-49240,1.4296296296296296,1.4064028893874096,0.016514997528437325
RMOD-1026-3107-17-118-52708,1.36,1.3319522423928385,0.021057630081972034
RMOD-1026-3107-17-124-25795,1.0512820512820513,1.0863893258265025,-0.03231555549180509
RMOD-1026-3107-17-145-27477,1.4565217391304348,1.1917881782865338,0.22213138682455758
RMOD-1026-3107-17-162-39071,1.4516129032258065,1.466339406660791,-0.010043038718109853
RMOD-1026-3107-17-162-43981,1.0810810810810811,1.2236586744052396,-0.1165174540142565
RMOD-1026-3107-17-162-46991,1.0909090909090908,1.3046849568703183,-0.1638524801221235
RMOD-1026-3107-17-162-49312,1.25,1.4475228217120535,-0.13645575651680153
RMOD-1026-3107-17-162-52821,1.0833333333333333,1.2694761595029265,-0.1466296352051848
RMOD-1026-3350-100-117-29200,1.5714285714285714,1.2516004570460348,0.25553531287243136
RMOD-1026-3376-18-117-41855,1.3075471698113208,1.3093443003350487,-0.0013725423658759173
RMOD-1026-3376-18-117-44811,1.1904145077720207,1.2090691654674066,-0.015428941724913159
RMOD-1026-3376-18-145-44924,1.2127659574468086,1.2832218592674924,-0.05490547196640072
RMOD-1026-3376-18-162-41955,1.5897435897435896,1.368740880583965,0.1614642422788859
RMOD-1026-3376-18-162-44883,1.0555555555555556,1.1416386596926733,-0.07540310886133716
RMOD-1026-3625-19-117-28778,1.21826280623608,1.2076241206081764,0.008809600144907614
RMOD-1026-3625-19-117-33815,1.218585005279831,1.242906955830141,-0.019568601202384683
RMOD-1026-3625-19-117-35521,1.2222222222222223,1.255605315440577,-0.026587250633485215
RMOD-1026-3625-19-117-39333,1.299713876967096,1.3280101446065595,-0.021307267684951836
RMOD-1026-3625-19-117-41162,1.2630992196209587,1.287804335198146,-0.019183904652243733
RMOD-1026-3625-19-117-46551,1.2287769784172662,1.2506635130687123,-0.01749993857080223
RMOD-1026-3625-19-117-50279,1.2384105960264902,1.302151251740372,-0.048950270276736485
RMOD-1026-3625-19-118-52301,0.9,0.9436308720129181,-0.0462372240109592
RMOD-1026-3625-19-118-54001,1.2299651567944252,1.306879671562927,-0.05885355510696566
RMOD-1026-3625-19-145-28807,1.2777777777777777,1.2953069095043808,-0.013532801838685549
RMOD-1026-3625-19-145-35588,1.3818181818181818,1.310623570100271,0.05432117454782537
RMOD-1026-3625-19-154-52425,0.8644859813084113,0.9215116877944352,-0.061882781565701483
RMOD-1026-3625-19-158-33895,1.2758620689655173,1.2172627875468391,0.048140206057538215
RMOD-1026-3625-19-158-39408,1.4240506329113924,1.3892776524742223,0.025029539901719078
RMOD-1026-3625-19-162-39393,1.2571428571428571,1.307441346654322,-0.038470933812959296
RMOD-1026-3625-19-162-41277,1.394736842105263,1.3863155757497605,0.006074566644718171
RMOD-1026-3625-19-162-46574,1.4736842105263157,1.2861305603118187,0.1458278467226728
RMOD-1026-3625-19-162-50322,1.46875,1.2173919429984084,0.20647258136315783
RMOD-1026-3625-19-162-52391,1.0222222222222221,1.01464965093542,0.007463237463119388
RMOD-1026-3625-19-162-54002,1.5222222222222221,1.3259511126678816,0.14802288536824948
RMOD-1026-3656-17-118-162412,1.2266949152542372,1.246869768929997,-0.01618040165740231
RMOD-1026-3656-17-118-26698,1.1612903225806452,1.2419753913163338,-0.06496511066147048
RMOD-1026-3656-17-145-26765,1.2553191489361701,1.1657560571546772,0.07682833062012517
RMOD-1026-3656-17-156-26784,1.04,1.131240691043351,-0.08065541821979472
RMOD-1026-3760-100-117-27127,0.8888888888888888,1.2512295451479065,-0.2895876761095708
RMOD-1026-3760-17-118-27040,1.226027397260274,1.2339594744001952,-0.006428150441307401
RMOD-1026-3760-17-145-27106,1.2195121951219512,1.21601372893604,0.0028769956314327327
RMOD-1026-3847-17-118-44248,1.1985559566787003,1.3152891827296604,-0.08875099680261944
RMOD-1026-3847-17-145-44289,1.4476190476190476,1.388750249585664,0.042389765943118274
RMOD-1026-3847-17-147-44280,1.16289592760181,1.157502058407115,0.004659921902962161
RMOD-1026-3847-17-162-44295,1.3611111111111112,1.3751787433485798,-0.010229675455289411
RMOD-1026-3986-17-118-30175,1.2316176470588236,1.2639007479414508,-0.025542433561502098
RMOD-1026-3986-17-145-30181,1.349056603773585,1.2822951956400632,0.052063993034144884
RMOD-1026-4542-100-117-35283,1.3157894736842106,1.3044644465917865,0.008681744544294157
RMOD-1026-4542-100-117-36946,0.86,0.8746614996395554,-0.01676248428174487
RMOD-1026-4542-17-118-24349,1.2036199095022624,1.2298677229034116,-0.021341980858872067
RMOD-1026-4542-17-118-26406,1.1352657004830917,1.230331994768926,-0.07726881418189002
RMOD-1026-4542-17-118-35179,1.1956521739130435,1.2551800719711532,-0.047425783269986366
RMOD-1026-4542-17-118-36858,1.1323529411764706,1.184332670859767,-0.04388946700724028
RMOD-1026-4542-17-118-38502,1.1602564102564104,1.2411178276929478,-0.06515208760383928
RMOD-1026-4542-17-118-40469,1.098901098901099,1.2672860545468967,-0.13287051888691537
RMOD-1026-4542-17-118-42877,1.1726190476190477,1.2663763312575778,-0.07403587805958456
RMOD-1026-4542-17-118-45422,1.2352941176470589,1.2745901874021117,-0.030830356410594062
RMOD-1026-4542-17-118-48296,1.3870967741935485,1.2333220206894153,0.1246833762184627
RMOD-1026-4542-17-118-51299,1.3076923076923077,1.3527881325149416,-0.03333546749763183
RMOD-1026-4542-17-118-53449,1.0980392156862746,1.3073131440657852,-0.1600794188672059
RMOD-1026-4542-17-145-24391,1.2758620689655173,1.2417572106110972,0.027464997233747734
RMOD-1026-4542-17-145-26444,1.3088235294117647,1.1760886431143003,0.11286129415039703
RMOD-1026-4542-17-145-36900,1.1176470588235294,1.239369900952411,-0.09821348899577287
RMOD-1026-4542-17-154-48359,1.1764705882352942,1.287737656926814,-0.0864050748947256
RMOD-1026-4542-17-154-51346,1.2685185185185186,1.1916741398540063,0.06448438889000863
RMOD-1026-4542-17-154-53497,1.2115384615384615,1.2783223376839017,-0.05224337725838446
RMOD-1026-4542-17-158-38535,1.3571428571428572,1.2818782022565272,0.05871435738109865
RMOD-1026-4542-17-158-40518,1.2830188679245282,1.3153726956201608,-0.024596700086114143
RMOD-1026-4542-17-158-42928,1.3548387096774193,1.3032495772740236,0.03958499837867091
RMOD-1026-4542-17-158-45529,1.1666666666666667,1.0826243165068008,0.077628359975358
RMOD-1026-4542-17-162-38593,1.75,1.5377934655847327,0.13799417097573463
RMOD-1026-4542-17-162-40578,1.3043478260869565,1.2441740788121607,0.0483644116201527
RMOD-1026-4542-17-162-42961,1.3793103448275863,1.2401890009815673,0.11217753401772579
RMOD-1026-4542-17-162-45508,1.4444444444444444,1.343070740878261,0.07547904997162935
RMOD-1026-4542-17-162-48321,1.4761904761904763,1.1288326593851588,0.3077141805894532
RMOD-1026-4542-17-162-51384,1.6153846153846154,1.5242798885655329,0.059769027658574725
RMOD-1026-4848-17-118-25997,1.2608695652173914,1.161298257794877,0.0857413732899115
RMOD-1026-4848-17-145-26048,1.4545454545454546,1.2055789068352314,0.206512030277459
RMOD-1026-5350-00-119-161824,1.2442748091603053,1.3004154145427407,-0.043171285694253214
RMOD-1026-5350-17-118-29106,1.3302752293577982,1.281632553428533,0.03795368321375703
RMOD-1026-5350-17-118-30843,1.2666666666666666,1.2630836454987533,0.0028367251691383544
RMOD-1026-5350-17-118-34563,0.8829787234042553,0.8634502831469975,0.022616751234457944
RMOD-1026-5350-17-118-36200,1.2689655172413794,1.2430383675336778,0.020857883702450675
RMOD-1026-5350-17-118-37797,1.2842105263157895,1.2669454471639094,0.013627326409774376
RMOD-1026-5350-17-118-39679,1.3454545454545455,1.3270734569645724,0.013850844799515816
RMOD-1026-5350-17-145-161817,1.1666666666666667,1.2454795223187887,-0.06327912602319719
RMOD-1026-5350-17-145-30916,1.1875,1.2733604626847683,-0.06742824612579779
RMOD-1026-5350-17-158-34600,1.0571428571428572,0.9140946572935443,0.1564916704281487
RMOD-1026-5350-17-158-39716,1.459016393442623,1.4479959560396432,0.00761082056687612
RMOD-1026-5350-17-162-37886,1.0666666666666667,1.377180254290895,-0.2254705487221138
RMOD-1026-5350-17-162-39767,1.4761904761904763,1.4213236311220274,0.038602640431113944
RMOD-1026-5688-17-118-25092,1.3074324324324325,1.2601326187689177,0.03753558392109868
RMOD-1026-5688-17-118-48587,1.2585034013605443,1.3332821297253015,-0.05608620013542365
RMOD-1026-5688-17-154-48626,1.2484848484848485,1.3361182972004437,-0.06558809118864162
RMOD-1026-5688-17-162-48694,1.4736842105263157,1.31979619108979,0.11659983600153945
RMOD-1026-6475-17-118-43532,1.3008474576271187,1.2211151151698818,0.06529469782719421
RMOD-1026-6475-17-145-43596,1.1555555555555554,1.2622777741987816,-0.08454733246885138
RMOD-1026-6475-17-162-43611,1.4705882352941178,1.2800371859615542,0.14886368257295812
RMOD-1026-6497-100-118-31239,1.3461538461538463,1.200284679115525,0.12152880860381421
RMOD-1026-6497-18-117-31129,1.165609348914858,1.2025198651801299,-0.030694308954091865
RMOD-1026-6497-18-117-41533,1.2746196957566054,1.290412798187735,-0.012238798664512385
RMOD-1026-6497-18-117-44520,1.2328308207705192,1.2372753435853054,-0.0035921857150300607
RMOD-1026-6497-18-145-31222,1.3217391304347825,1.194562598990533,0.10646284384905425
RMOD-1026-6497-18-145-44608,1.4015748031496063,1.3552839229204896,0.03415585431675816
RMOD-1026-6497-18-147-44581,1.08008658008658,1.153495626405453,-0.06364050685448341
RMOD-1026-6497-18-162-41637,1.2608695652173914,1.3856685878692374,-0.09006412048623502
RMOD-1026-6497-18-162-44591,1.2647058823529411,1.2021883950466943,0.05200307003780269
RMOD-1026-6781-100-117-31605,1.2352941176470589,1.3099825185467462,-0.05701480732929498
RMOD-1026-6781-17-118-31505,1.2437275985663083,1.2868253927074682,-0.033491563335164454
RMOD-1026-6781-17-118-34925,1.2844036697247707,1.307786399629406,-0.017879624617033296
RMOD-1026-6781-17-145-31541,1.3544303797468353,1.3478842438013947,0.004856600984502135
RMOD-1026-6781-17-145-34959,1.1973684210526316,1.2617871837262773,-0.051053587724203875
RMOD-1026-6887-18-110-51034,1.4,1.3824152784070014,0.012720288807327229
RMOD-1026-6887-18-117-35834,1.3829201101928374,1.3372138524498853,0.03418021557226192
RMOD-1026-6887-18-117-42203,1.4060975609756097,1.3863897054159895,0.014215235068920862
RMOD-1026-6887-18-117-46191,1.2821869488536155,1.3069685019868338,-0.01896109439175142
RMOD-1026-6887-18-117-48964,1.3631284916201116,1.3538907975781618,0.006823071741439035
RMOD-1026-6887-18-117-50978,1.4339339339339339,1.4128738813704071,0.014905826232062491
RMOD-1026-6887-18-117-54750,1.4122257053291536,1.3890139029137307,0.016710993580936417
RMOD-1026-6887-18-162-42301,1.4666666666666666,1.3390805165218311,0.0952789235379452
RMOD-1026-6887-18-162-46222,1.25,1.335668679960109,-0.06413916957509813
RMOD-1026-6887-18-162-49067,1.53125,1.3458323992085355,0.13777168754482805
RMOD-1026-6887-18-162-51070,1.5833333333333333,1.4865945927919015,0.06507405651177
RMOD-1026-6887-18-162-54711,1.4333333333333333,1.4457838499195859,-0.008611603032462334
RMOD-1026-6936-17-118-28444,1.205298013245033,1.1998646343342336,0.004528326575617525
RMOD-1026-8168-17-118-50553,1.459016393442623,1.4224091048045278,0.02573611805102005
RMOD-1026-8168-17-147-50698,1.3185185185185184,1.317648630721844,0.0006601819152638466
RMOD-1026-8168-17-162-50652,1.435897435897436,1.298623703435875,0.10570708982006449
RMOD-1027-0063-03-102-31156,1.328358208955224,1.2095092403715764,0.09826214188089688
RMOD-1027-0063-03-106-31223,1.1195652173913044,1.2691178432564723,-0.11783982603335375
RMOD-1027-0064-03-101-32837,1.1,1.1883124061332853,-0.0743174990663018
RMOD-1027-0064-03-106-32924,1.2984293193717278,1.2799154514156725,0.014464914800096818
RMOD-1027-0299-03-101-31506,1.187214611872146,1.2196710180106245,-0.026610787383812062
RMOD-1027-0299-03-101-45845,1.2605633802816902,1.2661699697387527,-0.004427991178956314
RMOD-1027-0299-03-106-45917,1.3095238095238095,1.2839647010024022,0.019906395013393308
RMOD-1027-3052-24-117-41534,1.190101237345332,1.2314884964474402,-0.03360750767993448
RMOD-1027-3052-46-117-37798,1.1419437340153453,1.2069034216312728,-0.05382343479325524
RMOD-1027-3409-24-117-53054,1.1788079470198676,1.255037057619071,-0.0607385336842704
RMOD-1027-3409-46-117-48965,1.1580645161290322,1.2243808296907748,-0.054163142670643705
RMOD-1027-3409-46-117-50979,1.2288401253918495,1.257331468985793,-0.022660169014083187
RMOD-1027-3409-46-154-51017,1.3179916317991631,1.3387877029334643,-0.015533509225349351
RMOD-1027-3409-46-154-53128,1.1857142857142857,1.2555163566526504,-0.055596305510877575
RMOD-1027-3526-03-101-24059,1.2191780821917808,1.2179072006089202,0.0010434962386502988
RMOD-1027-3526-03-101-29491,1.233115468409586,1.2399738986767623,-0.005531108577765398
RMOD-1027-3526-03-106-29553,1.364864864864865,1.3001823891873872,0.04974877079969087
RMOD-1027-3691-03-101-28779,1.0568181818181819,1.145117890981903,-0.07710971058884342
RMOD-1027-3691-03-160-28808,1.4220183486238531,1.329664601684265,0.06945642293748766
RMOD-1027-3716-03-101-38503,1.2293577981651376,1.238127092998976,-0.0070827097504162495
RMOD-1027-3716-03-106-38536,1.5357142857142858,1.3652963239712739,0.12482122653587213
RMOD-1027-3764-24-162-51700,1.6923076923076923,1.3801894555137078,0.2261415891471319
RMOD-1027-3764-46-117-51628,1.3592233009708738,1.3237509576715696,0.02679684051877773
RMOD-1027-3873-03-101-43533,1.2267441860465116,1.2513009680790022,-0.019625000426707895
RMOD-1027-3873-03-106-43599,1.3,1.2791320079990733,0.016314181703239727
RMOD-1027-3934-03-101-30182,1.1569767441860466,1.1829187596789392,-0.021930513216253056
RMOD-1027-3934-03-106-30224,1.2403100775193798,1.2795720718406143,-0.030683691200572683
RMOD-1027-3966-03-101-26699,1.2506963788300836,1.2008651990945247,0.04149606448178589
RMOD-1027-3966-03-101-29839,1.2354651162790697,1.207185074876191,0.023426433934149893
RMOD-1027-3966-03-101-31888,1.3066361556064072,1.281612708800181,0.01952496774915158
RMOD-1027-3966-03-101-36201,1.2661290322580645,1.2817129808239522,-0.01215868825473665
RMOD-1027-3966-03-101-38989,1.3689655172413793,1.3149182915047413,0.04110310586278976
RMOD-1027-3966-03-101-41163,1.3371428571428572,1.2537736807323656,0.06649459762290832
RMOD-1027-3966-03-101-43237,1.228395061728395,1.2770218325195488,-0.03807826111728552
RMOD-1027-3966-03-101-45145,1.146341463414634,1.197354598825476,-0.04260486865034152
RMOD-1027-3966-03-101-50554,1.3181818181818181,1.2799432079809638,0.029875239746905313
RMOD-1027-3966-03-106-26766,1.1919191919191918,1.189534622679933,0.002004623651799653
RMOD-1027-3966-03-106-29874,1.3822222222222222,1.3014109934154567,0.062095086959948365
RMOD-1027-3966-03-106-45267,1.3206106870229009,1.210376236321051,0.09107453318557224
RMOD-1027-3966-03-145-31914,1.3697478991596639,1.3194876442007368,0.03809073558197018
RMOD-1027-3966-03-145-36230,1.4166666666666667,1.3701215161287337,0.03397154923122869
RMOD-1027-3966-03-145-39029,1.534351145038168,1.4233989094750332,0.07794879905033447
RMOD-1027-3966-03-145-41211,1.5689655172413792,1.4482860475564563,0.08332571448059789
RMOD-1027-3966-03-158-43287,1.2608695652173914,1.2995244287334098,-0.029745391976735425
RMOD-1027-3966-03-158-50680,1.3012048192771084,1.3488745529908925,-0.0353403758771228
RMOD-1027-3966-100-103-31936,1.2727272727272727,1.2193561545817166,0.04376991738223057
RMOD-1027-4528-24-145-46269,1.4375,1.3286148421128217,0.0819538924569172
RMOD-1027-4528-46-118-46192,1.0769230769230769,1.2093775114005885,-0.10952281916017703
RMOD-1027-4561-24-117-54751,1.2408759124087592,1.2090124345800588,0.026354962874941767
RMOD-1027-4561-24-145-47661,1.3212435233160622,1.3451509340909815,-0.01777303213269177
RMOD-1027-4561-46-110-50385,1.1129032258064515,1.3083718293060165,-0.14939835841868043
RMOD-1027-4561-46-110-52333,0.734375,0.903160136255631,-0.18688284555537327
RMOD-1027-4561-46-117-47620,1.2242152466367713,1.2554557000445423,-0.024883756078898367
RMOD-1027-4561-46-117-50280,1.2831541218637992,1.2584571846549673,0.019624773500421577
RMOD-1027-4838-04-108-39681,1.3937677053824362,1.3739487501849652,0.014424814022213628
RMOD-1027-5741-24-117-44202,1.2267441860465116,1.2815436442926316,-0.04276050877406312
RMOD-1027-5945-03-101-38078,1.1935483870967742,1.3083447230854572,-0.08774165857294847
RMOD-1027-5945-03-101-40470,1.288659793814433,1.3078256308206353,-0.014654734205030162
RMOD-1027-5945-03-106-38140,1.31,1.3431735774628732,-0.024697908013895598
RMOD-1027-5945-03-106-40519,1.3541666666666667,1.3960271495439927,-0.02998543609341664
RMOD-1027-6153-03-101-46552,1.167785234899329,1.1281494315538074,0.035133469234594816
RMOD-1027-6153-03-101-53895,1.2008733624454149,1.2543669669744923,-0.042645897044070846
RMOD-1027-6153-03-106-46638,1.0760233918128654,1.1737003858957258,-0.08322140407947176
RMOD-1027-6153-03-106-53983,1.1075949367088607,1.3060319704609924,-0.15193887917007798
RMOD-1027-6558-03-101-37635,1.1686746987951808,1.1619058097023178,0.005825677982105315
RMOD-1027-6558-03-101-42204,1.231578947368421,1.2975946977623147,-0.05087547791905833
RMOD-1027-6558-03-106-37691,1.3380281690140845,1.3384141816637152,-0.0002884104598702697
RMOD-1027-6558-03-106-42241,1.3424657534246576,1.3124753824607316,0.022850235032749744
RMOD-1027-6617-03-101-25723,1.1736641221374047,1.1616570083350712,0.01033619537968633
RMOD-1027-6617-03-101-46949,1.270042194092827,1.2759912358903764,-0.0046622904846194135
RMOD-1027-6617-03-106-25777,1.2057761732851986,1.1930949101571562,0.010628880418551034
RMOD-1027-6617-03-106-47028,1.3737373737373737,1.3370426327402676,0.027444705276076675
RMOD-1027-6617-03-107-161657,1.190721649484536,1.2284389245050455,-0.030703419004494914
RMOD-1027-6617-03-145-161718,1.2901960784313726,1.2781666694612135,0.009411455686940906
RMOD-1027-7095-03-101-24351,1.1827956989247312,1.2194176230392062,-0.030032306752464932
RMOD-1027-7095-03-101-30844,1.259375,1.2051713395643424,0.04497589567243754
RMOD-1027-7095-03-101-40086,1.1846846846846846,1.2306385204674686,-0.03734145731544947
RMOD-1027-7095-03-101-42481,1.1923076923076923,1.265370353987603,-0.05774014022824692
RMOD-1027-7095-03-101-44521,1.2653061224489797,1.1461068122519265,0.10400366608313272
RMOD-1027-7095-03-101-51300,1.2882882882882882,1.2971826573336869,-0.006856682052534313
RMOD-1027-7095-03-101-54277,1.2098765432098766,1.2933887594978204,-0.06456853415083708
RMOD-1027-7095-03-106-30917,1.3011363636363635,1.2600928819499952,0.032571790757879304
RMOD-1027-7095-03-106-40118,1.4642857142857142,1.404308813136429,0.04270919657288985
RMOD-1027-7095-03-106-42527,1.569767441860465,1.411016508534472,0.11250820409668849
RMOD-1027-7095-03-106-51347,1.6521739130434783,1.4426753667718808,0.145215306989243
RMOD-1027-7095-03-106-54364,1.53125,1.3568453729549708,0.12853684769194196
RMOD-1027-7095-03-107-44582,1.2682926829268293,1.186374739852243,0.06904896094196067
RMOD-1027-7095-03-107-51370,1.1904761904761905,1.2406132177016755,-0.04041310096499484
RMOD-1027-7095-03-158-44609,1.4259259259259258,1.3489967959230493,0.05702691825167605
RMOD-1027-7121-03-101-32515,1.291005291005291,1.274125799475109,0.013247900275730862
RMOD-1027-7121-03-101-35522,1.263157894736842,1.28972318335392,-0.020597666972221873
RMOD-1027-7121-03-101-37264,1.2419354838709677,1.1273761590258577,0.10161588386266596
RMOD-1027-7121-03-102-161182,1.2735849056603774,1.1947828915979868,0.06595509076715622
RMOD-1027-7121-03-104-25093,1.0443213296398892,1.1537340730563164,-0.09483358944803089
RMOD-1027-7121-03-104-27041,0.9724409448818898,1.098148869679777,-0.11447257131407318
RMOD-1027-7121-03-104-29107,1.0467289719626167,1.1470247489323815,-0.08743994152098034
RMOD-1027-7121-03-104-33441,1.1868686868686869,1.2006620456629848,-0.011488127607699572
RMOD-1027-7121-03-106-25123,1.116564417177914,1.2195781638970047,-0.08446670313440463
RMOD-1027-7121-03-106-27107,1.1382113821138211,1.190483916522601,-0.043908643941589554
RMOD-1027-7121-03-106-29160,1.144736842105263,1.2440833626329368,-0.07985519581052836
RMOD-1027-7121-03-106-32552,1.2515337423312884,1.2787769781358438,-0.021304133770276068
RMOD-1027-7121-03-106-33478,1.2416666666666667,1.3335071047996345,-0.06887135269276834
RMOD-1027-7121-03-106-35589,1.1333333333333333,1.2923701896940014,-0.12305828285804377
RMOD-1027-7121-03-106-37304,1.3018867924528301,1.293304586632783,0.0066358736439586785
RMOD-1027-7121-03-160-161195,1.260204081632653,1.2380389713982594,0.01790340267670243
RMOD-1027-7121-100-103-33530,1.391304347826087,1.2077548251003096,0.1519758140569074
RMOD-1027-7641-00-130-34585,0.9008620689655172,0.8843897656949489,0.01862561498280635
RMOD-1027-7641-03-101-49241,1.3097345132743363,1.3463976547492464,-0.02723054466530417
RMOD-1027-7641-03-106-49346,1.4242424242424243,1.4128779835309304,0.008043469318626428
RMOD-1027-7642-03-101-27794,1.0654205607476634,1.1286511273691715,-0.05602312804036713
RMOD-1027-7642-03-101-33816,1.1759530791788857,1.219509112541187,-0.035716037637094966
RMOD-1027-7642-03-101-36585,1.158102766798419,1.2213909982684925,-0.05181652031150896
RMOD-1027-7642-03-101-47266,1.2024539877300613,1.2913006449737179,-0.06880400593733538
RMOD-1027-7642-03-101-51982,0.9922480620155039,0.9699176932718803,0.023022952255149942
RMOD-1027-7642-03-106-27881,1.1042654028436019,1.1717567738658075,-0.057598447499937366
RMOD-1027-7642-03-106-33896,1.2865853658536586,1.2862762031341608,0.00024035484660633877
RMOD-1027-7642-03-106-36618,1.1862745098039216,1.267045379665889,-0.06374741675256035
RMOD-1027-7642-03-106-47308,1.2238805970149254,1.3004291163424924,-0.05886404600264761
RMOD-1027-7642-03-106-52054,0.9913793103448276,1.04481032888118,-0.05113944326485398
RMOD-1027-7675-03-101-162413,1.1937046004842615,1.2066080449345904,-0.010693981781820794
RMOD-1027-7675-03-101-25389,1.2136150234741785,1.212917338003453,0.0005752127114233563
RMOD-1027-7675-03-101-28169,1.1613691931540342,1.1922050734529623,-0.025864577316064175
RMOD-1027-7675-03-101-36859,1.2089136490250696,1.2465167429775235,-0.03016653740456965
RMOD-1027-7675-03-101-39334,1.2654545454545454,1.2795452305463408,-0.011012260258888129
RMOD-1027-7675-03-101-41856,1.2222222222222223,1.252997482000644,-0.02456131015465668
RMOD-1027-7675-03-101-43902,1.236842105263158,1.2026722305861268,0.02841162688222898
RMOD-1027-7675-03-101-44812,1.2794117647058822,1.2655506787304198,0.01095261233581546
RMOD-1027-7675-03-101-47898,1.2033898305084745,1.2427760351950603,-0.03169211794497129
RMOD-1027-7675-03-101-49932,1.2926829268292683,1.3108500031688666,-0.013859004688317467
RMOD-1027-7675-03-101-53450,1.4371584699453552,1.3124486046861976,0.09502076105218271
RMOD-1027-7675-03-106-25458,1.3225806451612903,1.2231786451606323,0.08126531671717019
RMOD-1027-7675-03-106-36901,1.3031674208144797,1.2530646046077414,0.039984224294981496
RMOD-1027-7675-03-106-39409,1.3915343915343916,1.3834302734459991,0.0058579881067701844
RMOD-1027-7675-03-106-41905,1.219298245614035,1.3174600802973737,-0.07450839395542197
RMOD-1027-7675-03-106-49990,1.375,1.350251700244443,0.018328656613486594
RMOD-1027-7675-03-106-53498,1.4078947368421053,1.4080948479015707,-0.0001421147586496696
RMOD-1027-7675-03-107-43967,1.1136363636363635,1.144833259551231,-0.027250165606733323
RMOD-1027-7675-03-107-44872,1.2727272727272727,1.1756963247718188,0.08253062114001741
RMOD-1027-7675-03-107-47971,1.3695652173913044,1.2914872107469295,0.06045588837013627
RMOD-1027-7675-03-107-50017,1.105263157894737,1.2072693333868099,-0.0844933045767926
RMOD-1027-7675-03-158-162457,1.3088235294117647,1.2840475438088315,0.019295224481673756
RMOD-1027-7675-03-158-43943,1.3057851239669422,1.3224386504850467,-0.0125930427940808
RMOD-1027-7675-03-158-44926,1.1904761904761905,1.244387910723518,-0.04332388621164118
RMOD-1027-7675-03-158-47938,1.3364928909952607,1.3034569360070885,0.025344876440162256
RMOD-1027-7680-03-101-161601,1.2055335968379446,1.216474334765557,-0.008993809088229443
RMOD-1027-7680-03-101-24752,1.204724409448819,1.2194598592476344,-0.012083587407220597
RMOD-1027-7680-03-101-26407,1.0490196078431373,1.1631951928411397,-0.09815685768020155
RMOD-1027-7680-03-101-28445,1.1532846715328466,1.0931029595291752,0.05505584947788722
RMOD-1027-7680-03-101-30500,1.2028985507246377,1.1530119601519981,0.0432663253259431
RMOD-1027-7680-03-101-32169,1.1136363636363635,1.190721143522989,-0.06473789459936397
RMOD-1027-7680-03-101-34926,1.3968253968253967,1.2973584958017255,0.07666878611081529
RMOD-1027-7680-03-106-24798,1.2222222222222223,1.2293118220117425,-0.005767128943670485
RMOD-1027-7680-03-106-26445,1.0853658536585367,1.0934759755625416,-0.007416826784724551
RMOD-1027-7680-03-106-28484,1.3103448275862069,1.2320420569522064,0.06355527410135986
RMOD-1027-7680-03-106-30543,1.1866666666666668,1.1505468650665678,0.03139359438262335
RMOD-1027-7680-03-106-34960,1.2307692307692308,1.2107376263513423,0.01654495902490072
RMOD-1027-7680-03-160-32221,1.144927536231884,1.2673547151479907,-0.09660056293064778
RMOD-1027-7680-100-103-26467,1.1578947368421053,1.276640265988918,-0.0930140872964158
RMOD-1027-7680-100-103-28513,1.1818181818181819,1.1903272096426045,-0.007148477960927768
RMOD-1027-7680-100-103-32249,1.2105263157894737,1.2940155102643043,-0.06451946967604572
RMOD-1027-7695-03-101-33152,1.2072538860103628,1.2609233683168637,-0.04256363523355222
RMOD-1027-7695-03-101-35180,1.2686567164179106,1.2883765467896735,-0.015305952612145957
RMOD-1027-7695-03-101-48588,1.1904761904761905,1.220005088514357,-0.024203913832953616
RMOD-1027-7695-03-102-25998,1.1605839416058394,1.1941769003804674,-0.028130638571157496
RMOD-1027-7695-03-106-33234,1.2602739726027397,1.279627544959807,-0.015124379303412927
RMOD-1027-7695-03-106-48627,1.2574257425742574,1.3000391626516776,-0.03277856644756916
RMOD-1027-7818-03-06-49677,1.2181818181818183,1.3823645258626125,-0.11876947404906979
RMOD-1027-7818-03-101-27405,1.2180851063829787,1.1958702137172454,0.01857634081936066
RMOD-1027-7818-03-101-34180,0.9701492537313433,0.9748903210618773,-0.004863180224591757
RMOD-1027-7818-03-101-35835,1.1746031746031746,1.2752031323816193,-0.07888935905494543
RMOD-1027-7818-03-101-40846,1.3416666666666666,1.3344746711326498,0.00538938332033867
RMOD-1027-7818-03-101-42878,1.316831683168317,1.315288152855081,0.001173530157543956
RMOD-1027-7818-03-101-45423,1.264,1.2315191635633884,0.026374609017555617
RMOD-1027-7818-03-101-48298,1.2976190476190477,1.2961495187763796,0.0011337649101279546
RMOD-1027-7818-03-101-49623,1.28,1.323256113369384,-0.032689146819236625
RMOD-1027-7818-03-101-52709,1.5,1.3387645871937355,0.12043597085596636
RMOD-1027-7818-03-106-27480,1.2615384615384615,1.2530187424010824,0.006799354909132083
RMOD-1027-7818-03-106-34232,1.0555555555555556,0.9806788829743893,0.07635187611470329
RMOD-1027-7818-03-106-40888,1.4361702127659575,1.4178191727039569,0.012943145653054433
RMOD-1027-7818-03-106-42932,1.2580645161290323,1.3614676022553565,-0.0759497221638109
RMOD-1027-7818-03-106-48360,1.4454545454545455,1.3597587443787693,0.06302279829421353
RMOD-1027-7818-03-106-52769,1.2222222222222223,1.3961619290253031,-0.12458419269784315
RMOD-1027-7818-03-145-35908,1.3257575757575757,1.3668886100992008,-0.03009099208064958
RMOD-1027-7818-03-158-45530,1.3513513513513513,1.23813703199248,0.09143924818780391
RMOD-1027-7818-100-101-27501,1.2941176470588236,1.2019443773068506,0.07668680139633577
RMOD-1028-2336-27-126-50387,1.0987654320987654,1.2380824321260573,-0.11252643314553312
RMOD-1028-2336-27-126-52442,0.6823529411764706,0.7732797304727196,-0.11758589513352935
RMOD-1028-2336-27-152-44813,1.2848101265822784,1.1844974433563844,0.08468796939033374
RMOD-1028-2336-27-152-50283,1.2658227848101267,1.30149659556862,-0.027409837935770898
RMOD-1028-2336-27-152-52334,0.8454545454545455,0.9051572854573684,-0.06595841514180123
RMOD-1028-2725-26-152-33817,1.1940298507462686,1.1836904468080045,0.008734888387539108
RMOD-1028-2943-100-127-46194,1.2950819672131149,1.260091147303969,0.027768483243462372
RMOD-1028-2943-100-127-49243,1.272,1.3331521520489231,-0.04587034717300531
RMOD-1028-3023-100-127-29201,1.1761363636363635,1.2087105737272545,-0.02694955334960225
RMOD-1028-3023-100-127-35889,1.221476510067114,1.2537298513853954,-0.025725909997788454
RMOD-1028-3023-100-127-37710,1.4579439252336448,1.3083989294609446,0.11429617711038054
RMOD-1028-3023-100-127-40569,1.2075471698113207,1.2820770028427213,-0.0581321035055985
RMOD-1028-3023-100-127-43338,1.2444444444444445,1.2517414885356428,-0.005829513648009543
RMOD-1028-3023-100-127-45279,1.2222222222222223,1.1438389157178512,0.06852652539381321
RMOD-1028-3023-100-127-51371,1.1944444444444444,1.2201549962525489,-0.021071545735639297
RMOD-1028-3023-27-126-24355,1.1307692307692307,1.1793791578862238,-0.04121653905103395
RMOD-1028-3023-27-126-25999,1.0942528735632184,1.1294124280917723,-0.03113083728674626
RMOD-1028-3023-27-126-35836,1.1862745098039216,1.2006361605015388,-0.011961700946619858
RMOD-1028-3023-27-126-37636,1.3425925925925926,1.2565563296699338,0.06846988144595034
RMOD-1028-3023-27-126-40471,1.2616279069767442,1.2927126298790577,-0.024046119906186547
RMOD-1028-3023-27-126-43238,1.2105263157894737,1.200789491228231,0.008108685687516548
RMOD-1028-3023-27-152-29108,1.1487179487179486,1.2256330551640886,-0.06275541127261974
RMOD-1028-3023-27-152-30845,1.1833333333333333,1.1604506095716909,0.01971882609470832
RMOD-1028-3023-27-152-32838,1.2128712871287128,1.234124207863551,-0.017221054898218013
RMOD-1028-3023-27-152-45146,1.1347150259067358,1.1826437851401155,-0.04052679245906776
RMOD-1028-3023-27-152-51301,1.198237885462555,1.261069737597065,-0.04982424862104318
RMOD-1028-3045-26-152-27795,1.1636363636363636,1.1493758216901377,0.012407205438910385
RMOD-1028-3769-100-126-161787,1.3051948051948052,1.2394109256645354,0.05307673037898897
RMOD-1028-3769-100-126-25094,1.45,1.3294672356188435,0.0906624557205058
RMOD-1028-3769-100-126-27424,1.1911764705882353,1.1868273864744212,0.0036644622152961492
RMOD-1028-3769-100-126-31507,1.3716216216216217,1.2811293970315505,0.07063472651532843
RMOD-1028-3769-100-126-35559,1.4477611940298507,1.2978534238465107,0.11550439165853654
RMOD-1028-3769-100-126-39738,1.2934782608695652,1.297578343205948,-0.0031597955975841696
RMOD-1028-3769-100-126-53451,1.1272727272727272,1.311979203748394,-0.14078460691141337
RMOD-1028-3769-26-127-34564,0.9090909090909091,0.8171662544291741,0.11249198576604025
RMOD-1028-3769-26-127-35523,1,1.2145136990025018,-0.17662517860332505
RMOD-1028-3769-26-127-39682,1.1328125,1.282554395876678,-0.11675286160032483
RMOD-1028-3769-26-127-49933,1.2277227722772277,1.2945606732213981,-0.05162979405040191
RMOD-1028-3769-26-152-27502,1.1428571428571428,1.1819923309696108,-0.03310951102395443
RMOD-1028-3769-26-152-31606,1.2560975609756098,1.2396796026008912,0.013243710988124047
RMOD-1028-3774-39-126-45847,1.2412587412587412,1.2615140577472128,-0.016056354159574848
RMOD-1028-3774-39-127-45936,1.2222222222222223,1.276562636467399,-0.042567761810381355
RMOD-1028-3775-27-126-36590,1.0948275862068966,1.213339952942909,-0.09767449464477385
RMOD-1028-3775-27-152-36598,1.280701754385965,1.2869972535808103,-0.004891618204568404
RMOD-1028-3796-26-152-34624,0.725,0.7700576378951145,-0.05851203296713692
RMOD-1028-3952-27-126-26408,1.0850439882697946,1.1479838740204857,-0.05482645460015212
RMOD-1028-4012-100-127-46554,1.1907894736842106,1.150312779551094,0.03518755494389336
RMOD-1028-4020-27-152-28170,1.1546961325966851,1.2028007876978906,-0.039993867308048436
RMOD-1028-4098-100-126-34288,1.024,0.9637030623586184,0.06256796309623391
RMOD-1028-4098-26-127-34181,0.8711656441717791,0.8747328308059051,-0.004078029894956092
RMOD-1028-4124-100-127-28829,1.2638888888888888,1.284399299737068,-0.015968874206313988
RMOD-1028-4124-27-126-28780,1.088339222614841,1.1971446168311346,-0.09088742720516396
RMOD-1028-4185-100-126-31240,1.4090909090909092,1.300869436364208,0.08319164837108373
RMOD-1028-4185-100-126-42576,1.3473684210526315,1.3199506228226716,0.020771836276214595
RMOD-1028-4185-26-152-31154,1.255813953488372,1.2244024143672028,0.025654587701383846
RMOD-1028-4185-26-152-42482,1.244186046511628,1.3111973292020256,-0.05110693958717849
RMOD-1028-4630-100-152-48966,1.2272727272727273,1.3635204428746392,-0.09992348579289945
RMOD-1028-4630-39-127-25725,1.0257510729613735,1.1185891132346455,-0.08299565870510794
RMOD-1028-4630-39-127-49024,1.2459016393442623,1.3437828163677192,-0.0728400272955062
RMOD-1028-4632-100-127-44204,1.3211678832116789,1.2455386282507357,0.060720119991106714
RMOD-1028-4632-100-127-47267,1.2291666666666667,1.2407377877960493,-0.009326000419425218
RMOD-1028-4655-27-152-162415,1.1161473087818696,1.1601479637442884,-0.037926761359309724
RMOD-1028-4655-27-152-28446,1.0980392156862746,1.1285718610168958,-0.027054232331390815
RMOD-1028-5053-27-152-30501,1.3057553956834533,1.2757218337751342,0.02354240643467187
RMOD-1028-5100-100-126-24060,1.3644444444444443,1.2973792604499912,0.05169281338071641
RMOD-1028-5100-100-126-26717,1.218978102189781,1.1933656016025769,0.02146240896570939
RMOD-1028-5100-100-126-34943,1.1304347826086956,1.1441686948460164,-0.012003398012186417
RMOD-1028-5100-100-126-36947,1.3928571428571428,1.278261887442226,0.08964927808668333
RMOD-1028-5100-100-126-38585,1.312,1.2561743007734274,0.044441045476094176
RMOD-1028-5100-100-126-41232,1.421875,1.3628892409737305,0.043279935927974966
RMOD-1028-5100-26-145-26768,1.2435897435897436,1.1176803785430174,0.11265238923748377
RMOD-1028-5100-26-152-36860,1.1295774647887324,1.1845009077389033,-0.04636842622182069
RMOD-1028-5100-26-152-38504,1.2627450980392156,1.252370455766232,0.008284004325729732
RMOD-1028-5100-26-152-41165,1.2485875706214689,1.2685459429510075,-0.015733267242264537
RMOD-1028-5100-26-152-43903,1.2291666666666667,1.1985009657176857,0.02558671359152198
RMOD-1028-5100-26-152-47899,1.2677595628415301,1.2799789621615458,-0.009546562624264232
RMOD-1028-5100-26-152-49624,1.236842105263158,1.2846207947886623,-0.03719283520812433
RMOD-1028-5100-26-152-51983,1.0051546391752577,1.0316140498534212,-0.025648555951640173
RMOD-1028-5120-100-127-27128,1.2151898734177216,1.1766951209945582,0.032714295943223615
RMOD-1028-5120-100-127-30256,1.2461538461538462,1.160123549008613,0.07415615105714424
RMOD-1028-5120-100-127-36253,1.3902439024390243,1.3403158048620065,0.03725099517285635
RMOD-1028-5120-100-127-41876,1.2642487046632125,1.2772139910626203,-0.010151224845744933
RMOD-1028-5120-100-127-41925,1.3943661971830985,1.302362593528431,0.07064361654107887
RMOD-1028-5120-100-127-44522,1.4142857142857144,1.2573066691579124,0.12485342596085913
RMOD-1028-5120-100-127-46952,1.2804878048780488,1.2429373144186013,0.030211089508574318
RMOD-1028-5120-27-126-30183,1.1085714285714285,1.1541961159563288,-0.03952940644501912
RMOD-1028-5120-27-126-36202,1.1946308724832215,1.2236091856929936,-0.023682654191060304
RMOD-1028-5120-27-152-27042,1.1692307692307693,1.184479899805469,-0.01287411510925951
RMOD-1028-5120-27-152-44583,1.290909090909091,1.1797771540385864,0.09419739693219187
RMOD-1028-5144-100-127-35244,1.3137254901960784,1.122184122666842,0.17068622132528777
RMOD-1028-5144-100-127-37348,1.2903225806451613,1.1920393991919482,0.08244960822589986
RMOD-1028-5144-100-127-41617,1.2702702702702702,1.290856911607246,-0.015948042848020427
RMOD-1028-5144-100-127-43600,1.16,1.168460735371177,-0.007240923990902592
RMOD-1028-5144-100-127-45554,1.1527777777777777,1.101774470979929,0.046291966406233565
RMOD-1028-5144-100-127-48683,1.38,1.2784260977079231,0.07945230660903091
RMOD-1028-5144-100-127-50699,1.146341463414634,1.1985792312444425,-0.043583074416842504
RMOD-1028-5144-27-126-37265,1.0564516129032258,1.1789521815471704,-0.10390630812793777
RMOD-1028-5144-27-126-38990,1.2488479262672811,1.2629997097389651,-0.011204898435494437
RMOD-1028-5144-27-126-41535,1.1575757575757575,1.2248251354312447,-0.05490528885317936
RMOD-1028-5144-27-126-52831,0.8928571428571429,1.0274480969362836,-0.13099538018560097
RMOD-1028-5144-27-152-161602,1.2256637168141593,1.2451474324974514,-0.01564771783226726
RMOD-1028-5144-27-152-24755,1.2535885167464116,1.1924009143621879,0.051314622160410384
RMOD-1028-5144-27-152-29840,1.207070707070707,1.2021306379892103,0.004109427815399469
RMOD-1028-5144-27-152-31889,1.1585365853658536,1.2553050825774241,-0.0770876327632507
RMOD-1028-5144-27-152-33442,1.2163461538461537,1.246017946708282,-0.023813294937295892
RMOD-1028-5144-27-152-35181,1.4848484848484849,1.4201375290070009,0.04556668246541706
RMOD-1028-5144-27-152-43534,1.1057692307692308,1.1575916330838878,-0.04476742992397009
RMOD-1028-5144-27-152-45424,1.2093023255813953,1.2609354932138372,-0.04094830220128132
RMOD-1028-5144-27-152-48589,1.2941176470588236,1.2467439100857447,0.03799796942246192
RMOD-1028-5144-27-152-50557,1.3793103448275863,1.3263701606645735,0.03991358199470296
RMOD-1028-5144-27-152-52710,1.0833333333333333,1.1920987532491338,-0.09123859883197938
RMOD-1028-5519-27-152-32170,1.187793427230047,1.2226429981117688,-0.028503472342738645
RMOD-1028-5603-100-126-40864,1.375,1.3085661427484476,0.05076843659734154
RMOD-1028-5603-100-126-42879,1.356164383561644,1.3224045934410007,0.02552909320497565
RMOD-1028-5603-26-152-42956,1.2880434782608696,1.2533732443155323,0.027661539850621697
RMOD-1028-5603-26-152-48303,1.2447257383966244,1.2925094432788453,-0.03696971432642138
RMOD-1028-6002-100-126-39356,1.5918367346938775,1.3777624330005327,0.15537823979358123
RMOD-1028-6002-26-127-39432,1.1741573033707866,1.2955487752540884,-0.09369888205057664
RMOD-1028-6718-100-127-29571,1.359375,1.2777515129495711,0.06388056380540585
RMOD-1028-6718-27-126-29492,1.1219512195121952,1.2073536410899095,-0.07073521681735218
RMOD-1028-6718-27-145-29554,1.347305389221557,1.2659489287030095,0.06426519954631882
RMOD-1028-6736-100-126-37848,1.3603603603603605,1.2507545906024773,0.0876317149514414
RMOD-1028-6736-100-126-53896,1.4285714285714286,1.4188691107984472,0.006838063989934584
RMOD-1028-6736-26-127-38759,0.9743589743589743,1.078387088031765,-0.09646639395753442
RMOD-1028-6736-26-127-47685,1.1666666666666667,1.2718903756547355,-0.08273017156364793
RMOD-1028-6736-26-152-47621,1.255813953488372,1.243880342273141,0.009593857873356981
RMOD-1028-6739-100-126-161669,1.3221153846153846,1.2978511138322968,0.01869572751795867
RMOD-1028-6739-100-126-42205,1.4193548387096775,1.4481448110327464,-0.019880589360767975
RMOD-1028-6739-100-126-54752,1.3764705882352941,1.349021219690418,0.02034761806873231
RMOD-1028-6739-26-127-42288,1.0353982300884956,1.2543892016919929,-0.17457976464410696
RMOD-1028-6739-26-127-51629,1.164835164835165,1.2840072956907367,-0.09281265866286437
RMOD-1028-6777-100-126-40141,1.2666666666666666,1.3590418237783122,-0.06797079787789795
RMOD-1028-6777-26-127-40087,1.1693121693121693,1.2625242500640321,-0.07382993296733531
RMOD-1028-7232-100-127-25422,1.1851851851851851,1.2405073498677268,-0.04459640218047922
RMOD-1028-8557-27-152-33153,1.298360655737705,1.2608350003857396,0.029762542553533722
RMOD-1028-8563-27-152-54278,1.4684684684684686,1.290288199517649,0.13809338798683046
RMOD-1028-8630-39-126-38079,1.2453416149068324,1.2192296488535823,0.021416774171955755
RMOD-1028-8630-39-127-38139,1.1584158415841583,1.2827861504384834,-0.09695326755111322
RMOD-1028-9616-27-152-32516,1.1776649746192893,1.2498989694692775,-0.057791866874375875
RMOD-1028-9619-100-127-32607,1.3503649635036497,1.261403668097704,0.07052563557239844
RMOD-1028-9972-100-127-50980,1.297872340425532,1.2878616913969951,0.007773077726753286
RMOD-1028-9972-100-127-53055,1.6071428571428572,1.2260258249610925,0.3108556316045459
RMOD-1028-9972-27-145-53129,1.415929203539823,1.3661813511834597,0.03641379844137749
RMOD-1029-0440-17-162-33819,1.3488372093023255,1.2483170516683062,0.08052454102079265
RMOD-1029-0440-17-162-37800,1.275,1.2357318711929455,0.03177722426884233
RMOD-1029-1744-17-162-54753,1.3846153846153846,1.1265525046391285,0.22907310481629284
RMOD-1029-2127-100-126-50558,1.1755725190839694,1.2399757736246797,-0.05193912325597094
RMOD-1029-2127-100-126-51985,1.0285714285714285,0.9702146333693413,0.06014833542494302
RMOD-1029-2127-100-126-53452,1.3137254901960784,1.3272779181942014,-0.010210693489545397
RMOD-1029-2211-100-126-50981,1.3318181818181818,1.2829067132244991,0.03812550678041671
RMOD-1029-2211-100-126-52336,0.9038461538461539,0.9155756986618294,-0.012811114179656635
RMOD-1029-2211-100-126-53897,1.375,1.231223193925263,0.11677558283836587
RMOD-1029-2231-19-118-32839,1.3444444444444446,1.2790273514059707,0.05114596882276512
RMOD-1029-2231-19-162-35837,1.4651162790697674,1.3259149834223576,0.10498508380085836
RMOD-1029-2231-19-162-41166,1.3191489361702127,1.2917585725823684,0.02120393405486598
RMOD-1029-2231-19-162-43239,1.4285714285714286,1.3947537662937126,0.02424633157118472
RMOD-1029-2645-26-138-32171,1.2272727272727273,1.2064505023754295,0.017259079304372538
RMOD-1029-3942-100-126-45147,1.1224489795918366,1.1882349001354802,-0.055364406933462895
RMOD-1029-4375-100-126-35201,1.2072538860103628,1.2366194735901836,-0.02374666435954309
RMOD-1029-4375-100-126-36886,1.5,1.3214956150551393,0.1350775461615228
RMOD-1029-4375-100-126-38100,1.3680981595092025,1.286101913862477,0.06375563613032109
RMOD-1029-4375-100-126-39357,1.127659574468085,1.1804106249498902,-0.04468872896162246
RMOD-1029-4375-100-126-40865,1.0364963503649636,1.0674665290715144,-0.029012786689891823
RMOD-1029-4375-100-126-42880,1.1744186046511629,1.3356733930829483,-0.12072920615689109
RMOD-1029-4375-100-126-44827,1.26,1.135338098130138,0.10980156666562646
RMOD-1029-4375-100-126-45848,1.1973684210526316,1.2117507141784276,-0.011869019722878682
RMOD-1029-4375-100-126-47900,1.3299492385786802,1.2455245510860526,0.06778243545581852
RMOD-1029-4375-100-126-49245,1.318840579710145,1.337839853846882,-0.014201456237161514
RMOD-1029-4375-26-138-31890,1.3421052631578947,1.2975235002447927,0.03435911789242452
RMOD-1029-5120-26-151-30296,1.3209876543209877,1.2773705513642406,0.034146006348873215
RMOD-1029-5272-100-126-35539,1.2,1.2621691255324825,-0.04925578060408864
RMOD-1029-5272-100-126-37293,1.1861471861471862,1.2211830665726753,-0.02869011320622017
RMOD-1029-5272-100-126-38991,1.3366336633663367,1.3412285044962122,-0.0034258451221937936
RMOD-1029-5272-100-126-40485,1.2649006622516556,1.2561910841390602,0.00693332266290092
RMOD-1029-5272-100-126-41877,1.588785046728972,1.4501586588319015,0.09559394556781364
RMOD-1029-5272-100-126-45338,1.266990291262136,1.261601569905613,0.00427133374360511
RMOD-1029-5272-100-126-46957,1.3085106382978724,1.2903780310660282,0.01405216672579579
RMOD-1029-5272-100-126-48305,1.2825112107623318,1.2720021553306637,0.00826182203200454
RMOD-1029-5272-100-126-49625,1.271186440677966,1.2875753651478457,-0.012728516647254828
RMOD-1029-5272-100-126-51302,1.2857142857142858,1.3078283586981225,-0.016909002497736192
RMOD-1029-5272-100-126-52712,1.4244604316546763,1.3357580580519923,0.06640601796708867
RMOD-1029-5272-100-126-54279,1.465986394557823,1.3040846931513532,0.12414968311239849
RMOD-1029-5272-26-138-33443,1.4787234042553192,1.4083620762000075,0.04995968667741901
RMOD-1029-5294-100-126-50286,1.236842105263158,1.179544109311615,0.048576391081281534
RMOD-1029-5294-100-126-51630,1.1774193548387097,1.1610594281639326,0.014090516194031677
RMOD-1029-5294-100-126-53056,1.4225352112676057,1.3570914482772658,0.048223546816551055
RMOD-1029-5669-100-126-40088,0.9223300970873787,1.033365236726245,-0.10745004350120324
RMOD-1029-5669-100-126-42206,1.4383561643835616,1.3330177338437053,0.07902252750690497
RMOD-1029-5669-100-126-47268,1.40625,1.275913140016213,0.10215182828364866
RMOD-1029-5669-100-126-48590,1.2151898734177216,1.1848486612170188,0.025607668889575885
RMOD-1029-5669-100-126-49934,1.313868613138686,1.222272772569353,0.07493895194669897
RMOD-1029-5669-26-138-32517,1.0775862068965518,1.167271411136886,-0.07683320552928119
RMOD-1029-5919-100-126-46555,1.1694915254237288,1.1912450685498814,-0.018261182103052498
RMOD-1029-6348-100-126-41536,1.4622641509433962,1.3755990306109998,0.0630017311759099
RMOD-1029-6348-100-126-46195,1.2857142857142858,1.2079233153509406,0.06440058683753791
RMOD-1029-6348-100-126-47622,1.2083333333333333,1.2481849751262453,-0.03192767305092836
RMOD-1029-6348-100-126-48967,1.1741573033707866,1.2240802839611025,-0.040784073760886
RMOD-1029-8566-100-126-39683,0.9894736842105263,0.9565605324878715,0.034407808606793155
RMOD-1029-8632-17-162-34565,0.90625,0.7665018323839061,0.18231941753023806
RMOD-1029-8635-17-162-34182,0.864406779661017,0.7958279368742209,0.08617295222903798
RMOD-1029-8747-19-162-37639,1.3846153846153846,1.374979478650349,0.007008036203197676
RMOD-1029-8747-19-162-42483,1.5625,1.5517659002623196,0.00691734477208561
RMOD-1030-0477-01-103-41167,1.217741935483871,1.27388575652817,-0.04407288546605037
RMOD-1030-0477-01-103-50559,1.3654390934844192,1.3434978898048597,0.016331401668778556
RMOD-1030-0481-01-103-29109,1.2562929061784898,1.2627191293887108,-0.005089194469820146
RMOD-1030-0481-01-106-29163,1.2796208530805686,1.2904731495937656,-0.008409548479651141
RMOD-1030-0485-01-103-42207,1.1465968586387434,1.2044293948696327,-0.048016543333492034
RMOD-1030-0485-01-106-42242,1.2969696969696969,1.4021147529652156,-0.07499033568625979
RMOD-1030-0486-01-103-161775,1.2518740629685157,1.2333210851043153,0.015043104418044795
RMOD-1030-0486-01-106-161821,1.2836257309941521,1.251088677622054,0.02600699211341384
RMOD-1030-1359-01-103-43535,1.1654135338345866,1.176838688908577,-0.00970834421205713
RMOD-1030-2334-01-103-40847,1.229426433915212,1.2407189551948108,-0.009101594871520069
RMOD-1030-2334-01-103-48306,1.2054794520547945,1.2531379252594002,-0.038031307044466334
RMOD-1030-2334-01-106-40889,1.3893805309734513,1.3534079727869053,0.026579242113131674
RMOD-1030-2334-01-106-48361,1.2339449541284404,1.2869137748302664,-0.04115957241098933
RMOD-1030-3157-00-130-42958,1,1.302872093504409,-0.23246494802859474
RMOD-1030-3157-02-101-27406,1.2026315789473685,1.1564102068062987,0.03996970267905264
RMOD-1030-3157-02-101-33154,1.206896551724138,1.2019759704345787,0.004093743477900036
RMOD-1030-3157-02-101-35182,1.1675675675675676,1.2127643075231245,-0.037267538032896175
RMOD-1030-3157-02-101-42881,1.139240506329114,1.2673105569797982,-0.10105656419046605
RMOD-1030-3157-02-101-46959,1.1746031746031746,1.2238035466536825,-0.04020283499344257
RMOD-1030-3157-02-106-27484,1.1358024691358024,1.1862016178853565,-0.04248784354164059
RMOD-1030-3157-02-106-33235,1.25,1.2567888693670048,-0.005401758029910053
RMOD-1030-3157-02-106-35265,1.3142857142857143,1.3223821069459825,-0.0061225818299724954
RMOD-1030-3157-02-106-42934,1.352112676056338,1.346331735477761,0.004293845585185974
RMOD-1030-3157-02-106-47029,1.0757575757575757,1.2473412934979975,-0.13755955858659874
RMOD-1030-3205-00-117-54721,1.1818181818181819,1.2045857113212735,-0.018900713572402195
RMOD-1030-3205-07-101-54754,1.2781316348195328,1.2673523991018987,0.008505318430195752
RMOD-1030-3308-07-101-25095,1.2312332439678284,1.2533256861584667,-0.017627056107302197
RMOD-1030-3308-07-106-25124,1.2905759162303665,1.2887358954460693,0.001427771811741252
RMOD-1030-3356-01-103-42484,1.1390532544378698,1.1632195822261757,-0.02077537909227445
RMOD-1030-3356-01-103-45850,1.0267379679144386,1.1219144106313794,-0.08483396042963609
RMOD-1030-3356-01-106-42528,1.4578313253012047,1.3616948697997997,0.07060058580931527
RMOD-1030-3356-01-106-45919,1.234375,1.2567281453320034,-0.017786778640258794
RMOD-1030-3360-02-101-31891,1.0223880597014925,1.0580780616934582,-0.03373097249067214
RMOD-1030-3360-02-103-162416,1.1742857142857144,1.1842130764973144,-0.00838308781470598
RMOD-1030-3360-02-103-28782,1.1058394160583942,1.127228819340802,-0.01897520974926481
RMOD-1030-3360-02-106-162460,1.1280788177339902,1.168916260503569,-0.03493615766110236
RMOD-1030-3360-02-106-28809,1.2039473684210527,1.1761110445518697,0.023668108549893985
RMOD-1030-3360-02-106-31915,1.1746031746031746,1.2468072827690326,-0.05791120180618459
RMOD-1030-3372-00-130-35560,2,1.2077954788741263,0.6559094937698764
RMOD-1030-3372-00-130-41926,1.6666666666666667,1.6832869346940835,-0.009873698705109568
RMOD-1030-3372-02-101-33820,1.0996168582375478,1.0194604531685816,0.07862630160869144
RMOD-1030-3372-02-101-35524,1.1035294117647059,1.1228476180377802,-0.0172046553448042
RMOD-1030-3372-02-101-37801,1.125,1.103051604533101,0.019897886351554206
RMOD-1030-3372-02-101-39684,1.148936170212766,1.19688935662522,-0.040064844880619455
RMOD-1030-3372-02-101-41857,1.2184615384615385,1.1786290707995302,0.03379559239531371
RMOD-1030-3372-02-101-44523,1.1623376623376624,1.1018959645516122,0.054852454070512424
RMOD-1030-3372-02-101-48591,1.1538461538461537,1.1875441113242298,-0.028376173277891437
RMOD-1030-3372-02-101-51303,1.1885245901639345,1.1460373176292018,0.03707320161495775
RMOD-1030-3372-02-101-54280,1.2560975609756098,1.2177667990533172,0.031476274400066284
RMOD-1030-3372-02-106-33897,1.2784810126582278,1.2398260995783605,0.031177689430003985
RMOD-1030-3372-02-106-35590,1.0666666666666667,1.2186283677340877,-0.1246989690138085
RMOD-1030-3372-02-106-37836,1.2876712328767124,1.2625829782569018,0.019870578846585607
RMOD-1030-3372-02-106-39718,1.3103448275862069,1.2330581193591823,0.06267888513413333
RMOD-1030-3372-02-106-41906,1.3185185185185184,1.2808115668526066,0.029439890021114357
RMOD-1030-3372-02-106-44610,1.2358490566037736,1.2628514702730331,-0.021382097819802603
RMOD-1030-3372-02-106-51348,1.2933333333333332,1.2778324040660933,0.012130643437993749
RMOD-1030-3372-02-106-54366,1.5454545454545454,1.458323310629531,0.05974754307904573
RMOD-1030-3382-100-108-36600,1.608695652173913,1.3581624406068138,0.18446483577852701
RMOD-1030-3382-100-108-36949,1.2826086956521738,1.2771902525228906,0.004242471408296478
RMOD-1030-3382-100-130-36616,1.358974358974359,1.3619230858356928,-0.0021651199630884355
RMOD-1030-3382-100-130-36887,1.3444976076555024,1.245631400262482,0.07937035576671181
RMOD-1030-3434-02-103-41618,1.1735537190082646,1.1989984706963652,-0.02122167151165988
RMOD-1030-3444-01-103-45148,1.1871657754010696,1.1772330249508582,0.00843736986619592
RMOD-1030-3444-01-103-47901,1.26875,1.2731930587956968,-0.0034896976267679847
RMOD-1030-3444-01-103-51631,1.3229166666666667,1.3509080285097046,-0.02072040527726937
RMOD-1030-3444-01-103-53898,1.3277777777777777,1.325948089879469,0.0013799091474802072
RMOD-1030-3444-01-106-30918,1.1875,1.1707707618608623,0.014289080906451535
RMOD-1030-3444-01-106-40119,1.3529411764705883,1.369261942323842,-0.011919389087492571
RMOD-1030-3444-01-106-45268,1.3630136986301369,1.2963171453355826,0.05145079931600249
RMOD-1030-3444-01-106-47939,1.2397260273972603,1.308289187510013,-0.05240673145303976
RMOD-1030-3444-01-106-51698,1.2748091603053435,1.2872722009966362,-0.009681744608206033
RMOD-1030-3444-01-106-53984,1.3464566929133859,1.3208609019996265,0.019378112316755125
RMOD-1030-3444-01-108-30846,1.1746724890829694,1.1664459809416594,0.007052626761737235
RMOD-1030-3444-01-108-40089,1.1856540084388185,1.2465038373139763,-0.04881639915868985
RMOD-1030-3505-18-117-32518,1.2010309278350515,1.181449832886766,0.01657378451731706
RMOD-1030-3505-18-158-32555,1.36,1.2366717898232265,0.09972590237091317
RMOD-1030-3514-00-130-37711,1.3571428571428572,1.1673560727923114,0.1625783158831533
RMOD-1030-3514-07-101-161697,1.1730434782608696,1.1786719739967697,-0.00477528596596255
RMOD-1030-3514-07-101-32172,1.0414201183431953,1.0810445453254123,-0.036653833695899585
RMOD-1030-3514-07-101-34928,0.9183673469387755,0.976003621204032,-0.059053340595349835
RMOD-1030-3514-07-101-37640,1.0283687943262412,1.109553930287608,-0.07316916622549652
RMOD-1030-3514-07-106-161719,1.2557471264367817,1.1751541586672096,0.06858076208569597
RMOD-1030-3514-07-106-32222,1.0705882352941176,1.1881882919932554,-0.09897425979669994
RMOD-1030-3514-07-106-34961,1.1176470588235294,1.1833848453062379,-0.055550640810933194
RMOD-1030-3514-07-106-37692,1.1875,1.1830038817650768,0.003800594659262746
RMOD-1030-3934-02-101-24757,1.1693472090823085,1.232524244532265,-0.05125824966950798
RMOD-1030-3934-02-101-32840,1.1634146341463414,1.2081156918576461,-0.037000643243504605
RMOD-1030-3934-02-101-39335,1.2207792207792207,1.2722486653092355,-0.04045549107925739
RMOD-1030-3934-02-101-41537,1.1827111984282908,1.1823174053940135,0.000333068795638658
RMOD-1030-3934-02-101-45425,1.0855148342059338,1.1784320439819795,-0.07884816969341224
RMOD-1030-3934-02-101-47623,1.2053571428571428,1.2255420289547985,-0.0164701704394995
RMOD-1030-3934-02-101-50982,1.2459546925566343,1.292487693822597,-0.036002664851948585
RMOD-1030-3934-02-101-53453,1.307909604519774,1.3030924273470303,0.003696727163514435
RMOD-1030-3934-02-103-30184,1.1025280898876404,1.0898295501272768,0.011651858548780147
RMOD-1030-3934-02-103-45552,1.2517985611510791,1.1927344567572358,0.049519911208421696
RMOD-1030-3934-02-103-47686,1.1203703703703705,1.178895000414616,-0.04964363240463532
RMOD-1030-3934-02-106-24800,1.2161016949152543,1.2532013242267193,-0.0296038861388509
RMOD-1030-3934-02-106-32925,1.2794117647058822,1.274246697353623,0.0040534280865598404
RMOD-1030-3934-02-106-41569,1.4210526315789473,1.3358722737194033,0.06376384893623133
RMOD-1030-3934-02-106-45531,1.378787878787879,1.283824063572374,0.07396949310270595
RMOD-1030-3934-02-106-47662,1.271186440677966,1.2435191308262659,0.02224920322159951
RMOD-1030-3934-02-106-51018,1.6170212765957446,1.4786848691841665,0.09355367752420585
RMOD-1030-3934-02-106-53499,1.2340425531914894,1.398486524812301,-0.11758709769683529
RMOD-1030-3934-02-107-161603,1.2550066755674232,1.2344230009136274,0.016674733570713807
RMOD-1030-3934-02-108-28171,1.1529790660225443,1.1808151067829757,-0.023573581164851753
RMOD-1030-3934-02-160-28210,1.0971428571428572,1.229980602942067,-0.10799987047069448
RMOD-1030-4147-07-101-26700,1.219435736677116,1.2300959634799404,-0.008666174932130177
RMOD-1030-4147-07-101-44205,1.3741935483870968,1.3095082044083135,0.04939666949853949
RMOD-1030-4147-07-103-24358,1.2225274725274726,1.2761524939436122,-0.04202085696704294
RMOD-1030-4147-07-106-24392,1.165938864628821,1.220649594624494,-0.044820995506497985
RMOD-1030-4147-07-106-26769,1.183673469387755,1.2383740494818096,-0.04417129066693837
RMOD-1030-4147-07-158-44292,1.1875,1.3005656121059337,-0.08693572323725585
RMOD-1030-4217-00-119-34625,1.3888888888888888,0.9186132634285697,0.5119408179510649
RMOD-1030-4217-100-130-34589,1,0.9531762428016606,0.04912392388286024
RMOD-1030-4453-01-103-33444,1.128654970760234,1.125140954584292,0.0031231786218646196
RMOD-1030-4453-01-103-43240,1.0675675675675675,1.0461908224505387,0.02043293121895018
RMOD-1030-4453-01-106-33479,1.0512820512820513,1.0762467054414855,-0.023196033059347143
RMOD-1030-4453-01-106-43288,1.5833333333333333,1.2610482494031663,0.2555691933934321
RMOD-1030-4467-01-103-27043,1.1450381679389312,1.1500970351383837,-0.004398643805601732
RMOD-1030-4467-01-145-27109,1.0251256281407035,1.1380993004949367,-0.09926521552653911
RMOD-1030-4467-100-101-27129,1.2941176470588236,1.1116105998369283,0.16418253590661025
RMOD-1030-4467-22-102-24061,1.2021347565043363,1.2561432598858093,-0.04299549669707481
RMOD-1030-4467-22-145-24104,1.1855670103092784,1.2550576517292602,-0.05536848552274498
RMOD-1030-4690-00-119-30517,1.286764705882353,1.227601918755171,0.048193788412431715
RMOD-1030-4690-00-119-30560,1.4485981308411215,1.2460274530207467,0.16257320601506997
RMOD-1030-4690-100-130-37294,1.4745762711864407,1.4014889534665325,0.05214976367750124
RMOD-1030-4723-00-117-31149,1.365,1.2570521550684814,0.08587379966397468
RMOD-1030-4723-00-117-35851,1.414448669201521,1.3385511572630369,0.05670124113423736
RMOD-1030-4767-01-103-51988,1.081419624217119,1.0264441732958831,0.05355912416036346
RMOD-1030-4767-01-106-52055,1.144578313253012,1.0497962274394281,0.09028617491298108
RMOD-1030-4771-01-103-46556,1.2461538461538462,1.2448929089958833,0.001012888055551553
RMOD-1030-4794-01-106-46270,1.305263157894737,1.3272662842698648,-0.01657777842765884
RMOD-1030-4794-01-108-46196,1.3194444444444444,1.2691010688737425,0.03966853137660564
RMOD-1030-5576-02-103-47270,1.15625,1.2371009772619004,-0.06535519634043896
RMOD-1030-5576-02-106-47309,1.2540983606557377,1.2228602572767995,0.025545112937517933
RMOD-1030-5583-07-101-25390,1.2857142857142858,1.2239873814118147,0.050430997279785394
RMOD-1030-5583-07-101-27796,1.1589147286821706,1.1208580902594694,0.03395312819118024
RMOD-1030-5583-07-103-36203,1.2571428571428571,1.2081068797121703,0.040589105363235234
RMOD-1030-5583-07-103-44814,1.2531645569620253,1.180193252586123,0.06182996235235416
RMOD-1030-5583-07-106-25459,1.3146067415730338,1.294953576867632,0.0151767330169017
RMOD-1030-5583-07-106-27882,1.3146067415730338,1.1384425100783773,0.15474143835557252
RMOD-1030-5746-09-117-38505,1.1687587168758717,1.2033917321277492,-0.028779502407451196
RMOD-1030-6037-100-126-38992,1.3604240282685511,1.274472790450626,0.06744062208463064
RMOD-1030-6135-01-103-49626,1.3383233532934131,1.3326412766001259,0.004263770598329053
RMOD-1030-6135-01-103-49935,1.3754266211604096,1.2923295480463208,0.06430021911958206
RMOD-1030-6135-01-106-49679,1.3206106870229009,1.3752457983079183,-0.03972752460123108
RMOD-1030-6135-01-106-49991,1.3482142857142858,1.380739233140779,-0.02355618399609638
RMOD-1030-6171-17-118-38080,1.2291666666666667,1.2028301867449145,0.02189542647996201
RMOD-1030-7075-00-130-40570,1.375,1.459617112347839,-0.057972129561929986
RMOD-1030-7075-02-101-26409,1.0964285714285715,1.1255961007262092,-0.025912962277338636
RMOD-1030-7075-02-101-31508,1.0604534005037782,1.1430942114789058,-0.07229571293883885
RMOD-1030-7075-02-101-34183,0.8313253012048193,0.8500772619061451,-0.022059125142669833
RMOD-1030-7075-02-101-50289,1.0763358778625953,1.141901644356978,-0.057418050686233735
RMOD-1030-7075-02-101-53057,1.2535211267605635,1.2377285498017812,0.012759321873371476
RMOD-1030-7075-02-103-40472,1.243781094527363,1.2273770142132332,0.013365151965669897
RMOD-1030-7075-02-103-53181,1.6666666666666667,1.4965384640627677,0.11368114264302887
RMOD-1030-7075-02-106-26446,1.0424242424242425,1.1441106915637211,-0.08887815653614606
RMOD-1030-7075-02-106-28485,1.1440677966101696,1.0958153131565498,0.04403340861757621
RMOD-1030-7075-02-106-31542,1.2307692307692308,1.1968220173265844,0.028364462677981317
RMOD-1030-7075-02-106-34233,0.8375,0.9470829143490231,-0.11570572405938173
RMOD-1030-7075-02-106-40520,1.2876712328767124,1.2555793696552797,0.025559406276517205
RMOD-1030-7075-02-108-28447,1.0251256281407035,1.0593902285183132,-0.032343700607407766
RMOD-1030-7695-02-106-48628,1.3203883495145632,1.3349333070497236,-0.010895643593840432
RMOD-1030-8010-02-103-25727,1.0855365474339036,1.1382423878034196,-0.046304584097617174
RMOD-1030-8010-02-103-26000,1.0109439124487005,1.0442822398985288,-0.03192463318448058
RMOD-1030-8010-02-103-43904,1.1641541038525962,1.1794563148465396,-0.01297395316920602
RMOD-1030-8010-02-106-25778,1.0919540229885059,1.1311905675231595,-0.03468606056410595
RMOD-1030-8010-02-106-26049,1.0158730158730158,1.0293056900236366,-0.013050228208018821
RMOD-1030-8010-02-106-43944,1.2076502732240437,1.2100283345428042,-0.0019652939116165946
RMOD-1030-8221-01-103-29493,1.2394822006472492,1.2210632794612013,0.015084329777057315
RMOD-1030-8221-01-106-29555,1.2647058823529411,1.2521174580305754,0.010053708812722606
RMOD-1030-8221-01-106-29875,1.1163636363636364,1.1399688635295342,-0.020706905180560953
RMOD-1030-8221-01-107-29841,1.0753138075313808,1.118906584526677,-0.0389601577094455
RMOD-1030-8221-100-101-29892,1.0649350649350648,1.0736899721216226,-0.00815403646665136
RMOD-1031-0056-19-117-41538,1.2488151658767772,1.2414659965479762,0.005919750802064749
RMOD-1031-0056-19-162-41638,0.9047619047619048,1.1716900997578221,-0.22781467134619393
RMOD-1031-0129-19-117-34566,0.8385481852315394,0.8686877456707043,-0.0346955054786624
RMOD-1031-0129-19-145-34601,0.9113924050632911,0.8994542442738802,0.013272671584365403
RMOD-1031-0145-100-119-33872,1.5555555555555556,1.2403393488827468,0.25413706898579336
RMOD-1031-0145-19-117-33821,1.2188365650969528,1.231806392755988,-0.010529112152127151
RMOD-1031-0145-19-145-33898,1.3651685393258426,1.3032468637561498,0.04751338928315185
RMOD-1031-0964-46-117-43536,1.12,1.1518996638519052,-0.02769309242198581
RMOD-1031-0964-46-162-43612,1.3571428571428572,1.2459675613240127,0.08922808207037547
RMOD-1031-1117-19-162-44884,1.4642857142857142,1.2356643269861796,0.18501900743315058
RMOD-1031-1435-18-117-43241,1.245582238332578,1.2618169296970483,-0.012866122638224509
RMOD-1031-1435-18-162-43319,1.186046511627907,1.2177241145499844,-0.026013776473322148
RMOD-1031-1664-18-117-46557,1.1947254335260116,1.2117101975119122,-0.01401718333375157
RMOD-1031-1664-18-162-46575,1.15625,1.201430179589891,-0.03760533101084018
RMOD-1031-1782-100-118-33272,1.2777777777777777,1.407271889900185,-0.09201783468551483
RMOD-1031-1782-18-117-33155,1.2185877466251298,1.2129510546726145,0.004647089370013013
RMOD-1031-1782-18-145-33236,1.3115577889447236,1.2962812018620566,0.011784932976519835
RMOD-1031-1921-100-117-161698,1.2,1.2945225529120115,-0.07301730873624745
RMOD-1031-1921-100-117-32608,1.5555555555555556,1.2628332897132704,0.2317980276784979
RMOD-1031-1921-100-117-34984,0.875,1.1637879230030403,-0.24814480138086625
RMOD-1031-1921-100-117-36610,0.8484848484848485,0.9233125349631901,-0.0810426411911811
RMOD-1031-1921-17-118-30847,1.0707317073170732,1.10311482109827,-0.029356068073635333
RMOD-1031-1921-17-118-32519,1.141643059490085,1.1584592579603823,-0.014516003350781959
RMOD-1031-1921-17-118-34929,1.2032967032967032,1.2446658115070537,-0.033237121023080296
RMOD-1031-1921-17-118-36591,1.085427135678392,1.1913396396241691,-0.088902022918661
RMOD-1031-1921-17-118-38081,1.2141057934508817,1.183061033785834,0.026241046555056657
RMOD-1031-1921-17-118-40090,1.1822660098522169,1.218384892349526,-0.02964488703373347
RMOD-1031-1921-17-118-47624,1.2300884955752212,1.2145191192409792,0.012819375247029585
RMOD-1031-1921-17-118-50560,1.1590909090909092,1.2501756131148216,-0.07285752742926599
RMOD-1031-1921-17-118-53454,1.2186495176848875,1.3150717126950304,-0.07332086461850895
RMOD-1031-1921-17-124-30898,1.0142857142857142,1.036746001927559,-0.021664214378532054
RMOD-1031-1921-17-145-161720,1.2283464566929134,1.2480921876119537,-0.015820731124694398
RMOD-1031-1921-17-145-32559,1.2560975609756098,1.275242897584001,-0.015013090168675136
RMOD-1031-1921-17-145-36623,1.2936507936507937,1.2464330114775828,0.03788232639733802
RMOD-1031-1921-17-154-53500,1.131578947368421,1.376611001069555,-0.1779965825572779
RMOD-1031-1921-17-158-34962,1.3098591549295775,1.2906080071558292,0.014916339947535828
RMOD-1031-1921-17-158-38142,1.2538461538461538,1.2860562222314824,-0.025045614513990455
RMOD-1031-1921-17-158-40120,1.2291666666666667,1.3058017237654542,-0.05868812676843471
RMOD-1031-1921-17-162-40182,1.5925925925925926,1.413758016068735,0.1264958886112253
RMOD-1031-1921-17-162-47699,1.6,1.2969507583510727,0.2336628740124418
RMOD-1031-1921-17-162-50653,1.2608695652173914,1.129197552815295,0.1166067107334885
RMOD-1031-1921-17-162-53565,1.45,1.2443774685611104,0.1652412846052682
RMOD-1031-2781-100-117-30561,0.8181818181818182,0.941350602388309,-0.13084262536614755
RMOD-1031-2781-17-118-30502,1.079059829059829,1.1323491088455606,-0.0470608219403823
RMOD-1031-2781-17-118-34184,0.888135593220339,0.913142900427244,-0.02738597342782223
RMOD-1031-2781-17-118-51632,1.2041884816753927,1.2608881437060597,-0.044968034883739016
RMOD-1031-2781-17-145-30544,1.2413793103448276,1.1931544873604016,0.04041792030729652
RMOD-1031-2781-17-154-51705,1.25,1.2580535265490702,-0.0064015770228486035
RMOD-1031-2781-17-158-34236,0.972972972972973,0.94915728609637,0.025091401841891292
RMOD-1031-2781-17-162-51701,1.2777777777777777,1.1903802645547001,0.07341982711362549
RMOD-1031-3354-18-117-162443,1.1718797449134528,1.2015095242928704,-0.02466046151141066
RMOD-1031-3354-18-145-162464,1.2416452442159382,1.2417836831199198,-0.0001114839129097156
RMOD-1031-3378-17-118-44524,1.2259615384615385,1.2117800142075628,0.011703051781432272
RMOD-1031-3378-17-118-46197,1.1428571428571428,1.1907010173139594,-0.04018126612904471
RMOD-1031-3378-17-162-44592,1.2758620689655173,1.1794422951238777,0.08175031049866877
RMOD-1031-3382-00-117-54722,1.5625,1.3443012028469787,0.16231391944819884
RMOD-1031-3382-100-130-54755,1.4356846473029046,1.4167133372188723,0.01339107184610433
RMOD-1031-3382-19-117-31131,1.0524271844660193,1.1040484949034441,-0.04675637952111811
RMOD-1031-3382-19-156-31241,0.9875,1.0694509248891637,-0.07662897191627271
RMOD-1031-3505-100-118-35246,1.391304347826087,1.3052972262233014,0.06589083304163257
RMOD-1031-3505-18-117-35183,1.2760267430754537,1.2610174413416941,0.01190253301951949
RMOD-1031-3505-18-117-37267,1.189762443438914,1.1943804434426704,-0.003866439733763105
RMOD-1031-3505-18-145-35266,1.7222222222222223,1.5004760632550433,0.1477838696647622
RMOD-1031-3505-18-145-37305,1.2833333333333334,1.3202807660776008,-0.02798452699877918
RMOD-1031-3558-18-117-24759,1.1722017220172203,1.1995970043975137,-0.02283707134968438
RMOD-1031-3558-18-117-26410,1.1203301476976542,1.1508008037533053,-0.0264777848227703
RMOD-1031-3560-24-117-28448,1.1071428571428572,1.14589290961234,-0.033816469361514945
RMOD-1031-3575-100-117-29202,1.4210526315789473,1.3158999705493708,0.0799093117888563
RMOD-1031-3575-17-118-29110,1.304,1.267811147415298,0.028544355883351136
RMOD-1031-3575-17-124-25729,1.2,1.1951158918709686,0.004086723440172246
RMOD-1031-3575-17-145-25779,1.1956521739130435,1.1576563070925578,0.03282137071918334
RMOD-1031-3708-18-117-26001,1.1118928733545166,1.1304731119655544,-0.016435807640513
RMOD-1031-3708-18-145-26050,1.186046511627907,1.154408580172419,0.027406181831013843
RMOD-1031-3710-18-117-44208,1.1588541666666667,1.2344016874280825,-0.061201731600692866
RMOD-1031-3710-18-117-46962,1.2160356347438752,1.2400925106321086,-0.019399259072995112
RMOD-1031-3710-18-162-44296,1.4642857142857142,1.3139668183246773,0.11440083102912402
RMOD-1031-3710-18-162-46992,1.4838709677419355,1.3356116719817392,0.1110047919394217
RMOD-1031-4010-100-117-31607,1.1,1.341749864375033,-0.18017506153252827
RMOD-1031-4010-17-162-38661,1.625,1.4619235280757712,0.11154924918601927
RMOD-1031-4010-18-117-31509,1.1966053748231966,1.2331740110455036,-0.029654076306152022
RMOD-1031-4010-18-117-32841,1.1922718808193669,1.2127911540973362,-0.01691904925975607
RMOD-1031-4010-18-117-38506,1.2425323227819884,1.223765937478519,0.015334946601092803
RMOD-1031-4010-18-117-40473,1.1772366930917326,1.2164885090431745,-0.032266491347555104
RMOD-1031-4010-18-117-47902,1.2403314917127073,1.245863568703443,-0.004440355372533289
RMOD-1031-4010-18-117-51304,1.3104938271604938,1.300232750442455,0.007891723012320107
RMOD-1031-4010-18-117-53899,1.2948100588550027,1.2812465461754512,0.010586184774537655
RMOD-1031-4010-18-145-31543,1.287292817679558,1.293412634214013,-0.004731526793979368
RMOD-1031-4010-18-145-32926,1.2241379310344827,1.287837842199996,-0.04946268006591237
RMOD-1031-4010-18-145-36902,1.2182539682539681,1.2579048291584483,-0.03152135200165096
RMOD-1031-4010-18-145-38537,1.3234200743494424,1.2990391108949897,0.018768459894679568
RMOD-1031-4010-18-145-40521,1.256578947368421,1.2610950754930679,-0.0035811162952017472
RMOD-1031-4010-18-145-47940,1.2769953051643192,1.293349445551477,-0.012644796379979395
RMOD-1031-4010-18-145-53985,1.3053221288515406,1.3520399314671372,-0.03455356719006197
RMOD-1031-4010-18-162-40579,1.1470588235294117,1.1297355673986467,0.015333903464378018
RMOD-1031-4010-18-162-48008,1.5416666666666667,1.4283023671177861,0.07936995846169581
RMOD-1031-4010-18-162-51386,1,1.293269548360235,-0.22676598914130308
RMOD-1031-4010-18-162-53929,1.2926829268292683,1.3521185139600127,-0.04395737985768167
RMOD-1031-4010-19-117-36861,1.1494252873563218,1.161469662940475,-0.010369944190931957
RMOD-1031-4016-100-117-43968,1.8571428571428572,1.1570776263487474,0.6050287507530696
RMOD-1031-4016-100-117-45950,1.75,1.455226655087199,0.20256180979253546
RMOD-1031-4016-17-118-41858,1.1333333333333333,1.1407319962666973,-0.006485890601453992
RMOD-1031-4016-17-118-43905,1.114864864864865,1.2787875924610905,-0.12818604791179444
RMOD-1031-4016-17-118-45852,1.2765957446808511,1.2618834474154423,0.011658998535516218
RMOD-1031-4016-17-162-41956,1.1578947368421053,1.2412537298232498,-0.06715709365321665
RMOD-1031-4016-17-162-45893,0.9285714285714286,1.144571987499497,-0.1887173207863988
RMOD-1031-4025-18-117-27797,1.0909335485606673,1.120486169705426,-0.026374820094859475
RMOD-1031-4173-17-124-24063,1.192,1.245124608295314,-0.04266609778763142
RMOD-1031-4173-17-145-24106,1.3076923076923077,1.149451454983836,0.1376664077655172
RMOD-1031-4220-18-117-27044,1.13022917424518,1.1562392821705214,-0.022495436996842533
RMOD-1031-4220-18-117-42485,1.2811860940695297,1.2960066378611326,-0.011435546206817304
RMOD-1031-4220-18-117-45426,1.1913946587537092,1.2131180590054567,-0.017907078450020708
RMOD-1031-4220-18-145-27110,1.302325581395349,1.2315158568996942,0.05749802091376721
RMOD-1031-4220-18-162-42586,1.3846153846153846,1.3372626460770347,0.03541020058943767
RMOD-1031-4220-18-162-45509,1.5625,1.3041647051478769,0.1980848690601782
RMOD-1031-4221-17-124-28172,1.1171548117154813,1.1136143986758764,0.003179209108479908
RMOD-1031-4324-100-117-31937,1.1515151515151516,1.140115049632275,0.009999080256464898
RMOD-1031-4324-17-118-31892,1.1496503496503496,1.1823414616204828,-0.027649467629535462
RMOD-1031-4324-17-118-36204,1.1397557666214382,1.2437270929691993,-0.08359657591726666
RMOD-1031-4324-17-145-31916,1.337386018237082,1.2935947430825148,0.0338523910898223
RMOD-1031-4324-17-145-36231,1.31615925058548,1.3169687154208487,-0.0006146424177660981
RMOD-1031-5050-19-117-47271,1.3313953488372092,1.3086683801359784,0.017366484165277418
RMOD-1031-5050-19-162-47333,1.75,1.3972859829638813,0.25242793625393145
RMOD-1031-5070-19-117-25391,1.1904902539870053,1.203458293326808,-0.010775644998842648
RMOD-1031-5117-19-117-24360,1.2812210915818687,1.27379513114166,0.005829791823393826
RMOD-1031-5117-19-117-28783,1.2647245091830273,1.250857249595381,0.011086204754484852
RMOD-1031-5117-19-117-42882,1.3142414860681115,1.338722951468875,-0.018287178369431722
RMOD-1031-5117-19-117-44815,1.3053763440860215,1.2299286464801191,0.06134315012649161
RMOD-1031-5117-19-145-28813,1.329268292682927,1.2802962791488501,0.03825053179615101
RMOD-1031-5117-19-162-42963,1.4827586206896552,1.3966602235695857,0.06164591478091852
RMOD-1031-5122-19-117-26785,1.1944444444444444,1.1805845861915627,0.011739826535930087
RMOD-1031-5122-19-124-26701,1.1506024096385543,1.1326074547103717,0.015888077421125635
RMOD-1031-5141-24-119-27407,1.1860776439089693,1.1758110319304111,0.008731515268829204
RMOD-1031-5361-100-126-29572,1.380952380952381,1.2914492097864059,0.06930444533763591
RMOD-1031-5361-26-152-29494,1.2105263157894737,1.2337176501884473,-0.018797927058457176
RMOD-1031-5925-18-117-30297,1.1192,1.1346240040396065,-0.013593934188499857
RMOD-1031-5925-18-117-32173,1.1708428246013667,1.1682508258029787,0.0022187005916358693
RMOD-1031-5925-18-117-35525,1.2394485683987275,1.2323630997025303,0.0057494976098420025
RMOD-1031-5925-18-117-38993,1.2286620530565167,1.2529542269589085,-0.019387918073712984
RMOD-1031-5925-18-117-50294,1.2437971952535058,1.262861119602714,-0.015095820160498263
RMOD-1031-5925-18-117-54281,1.2563160312356454,1.276276883071306,-0.015639907061252845
RMOD-1031-5925-18-145-30226,1.275,1.2360689579315962,0.031495849659997965
RMOD-1031-5925-18-145-32223,1.3392226148409894,1.2670293979043958,0.05697832825031335
RMOD-1031-5925-18-145-35592,1.3004032258064515,1.3053967275159732,-0.0038252751858997014
RMOD-1031-5925-18-145-39030,1.338289962825279,1.3459724022533583,-0.005707724330170527
RMOD-1031-5925-18-145-50366,1.4444444444444444,1.327635075078697,0.08798303958550013
RMOD-1031-5925-18-145-54368,1.4621848739495797,1.3246609121928934,0.10381823792854572
RMOD-1031-5925-18-162-39072,1.4,1.1217507911314466,0.24804904179109077
RMOD-1031-5925-18-162-50324,1.3220338983050848,1.3690006847041165,-0.0343073505541619
RMOD-1031-5927-100-119-29893,1.2857142857142858,1.2027606089681229,0.06896939933652368
RMOD-1031-5927-18-117-39685,1.3338509316770186,1.3139886268070373,0.015116040173229095
RMOD-1031-5927-19-117-162350,1.2338187702265373,1.2425809031135673,-0.007051559270768171
RMOD-1031-5927-19-117-29842,1.1917024320457796,1.2208097303523169,-0.023842616570673214
RMOD-1031-5927-19-117-37803,1.324733595064498,1.2686171643685127,0.044234330318176474
RMOD-1031-5927-19-145-162353,1.2861538461538462,1.2728782404108618,0.010429595951533699
RMOD-1031-5927-19-145-29876,1.1274509803921569,1.2576601932809248,-0.10353290466249421
RMOD-1031-5927-19-162-39772,1.44,1.362748068655622,0.05668834403162171
RMOD-1031-5931-18-110-51035,0.7777777777777778,0.936057900863751,-0.1690922355763672
RMOD-1031-5931-18-117-33445,1.142064372918979,1.1952144860612115,-0.044469100535575845
RMOD-1031-5931-18-117-35838,1.1953441295546559,1.167422024153719,0.02391774767242194
RMOD-1031-5931-18-117-37641,1.193126022913257,1.2516406881918993,-0.04675036999889459
RMOD-1031-5931-18-117-39336,1.2232472324723247,1.2533080837838728,-0.023985204995080833
RMOD-1031-5931-18-117-41168,1.2076271186440677,1.2381770506517482,-0.02467331468597289
RMOD-1031-5931-18-117-48592,1.2236842105263157,1.2282686073444742,-0.0037324057545277123
RMOD-1031-5931-18-117-50987,1.259927797833935,1.255377896688251,0.0036243279077055046
RMOD-1031-5931-18-117-53058,1.152,1.195506885877413,-0.03639199940323401
RMOD-1031-5931-18-145-33480,1.3611111111111112,1.3537993274935889,0.005400936068611584
RMOD-1031-5931-18-145-37693,1.3777777777777778,1.368035229467977,0.00712156244221096
RMOD-1031-5931-18-145-39411,1.2794117647058822,1.3742880552161993,-0.06903668423094256
RMOD-1031-5931-18-154-48629,1.2040816326530612,1.2433254897027073,-0.03156362302121696
RMOD-1031-5931-18-154-51019,1.4615384615384615,1.3616664477574996,0.07334543194880006
RMOD-1031-5931-18-154-53130,1.6538461538461537,1.5258878685269937,0.08385824932384045
RMOD-1031-5931-18-162-39394,1.1666666666666667,1.425238063686421,-0.18142330296101672
RMOD-1031-5931-18-162-41278,0.7333333333333333,0.9513940498712957,-0.22920126163019583
RMOD-1031-5931-18-162-48696,2,1.676683573936793,0.19283091400726948
RMOD-1031-5931-18-162-51071,1.1666666666666667,1.1685799584049363,-0.0016372792674634873
RMOD-1031-5931-18-162-53182,1.75,1.2816749813402781,0.3654007649973656
RMOD-1031-5933-18-117-40848,1.2860158311345646,1.30428637502589,-0.014008076938596181
RMOD-1031-5933-18-117-48307,1.318151373074347,1.306829421910522,0.008663679416761827
RMOD-1031-5933-18-117-51990,0.9704739704739704,1.0276865308391592,-0.05567121748542492
RMOD-1031-5933-18-154-52056,1.0763052208835342,1.0537915817089585,0.021364413576036467
RMOD-1031-5933-18-162-40921,1.5625,1.3009788921147887,0.20101871711392572
RMOD-1031-5933-18-162-48322,1.5,1.5091431813930687,-0.006058524801224374
RMOD-1031-5933-18-162-52026,1.4705882352941178,1.123336434952149,0.3091253782369845
RMOD-1031-6134-17-118-49627,1.4145985401459853,1.3778450037319885,0.026674652311724056
RMOD-1031-6134-17-118-49936,1.3341121495327102,1.3186348691488579,0.011737351063560553
RMOD-1031-6134-17-162-49658,1.445945945945946,1.3256849236025352,0.09071614242741965
RMOD-1031-6134-17-162-50063,1.1521739130434783,1.2737267444365816,-0.09543085432101117
RMOD-1031-7075-02-101-161776,1.192090395480226,1.187447542203008,0.003909943902536073
RMOD-1031-7075-02-106-161823,1.2327586206896552,1.2602166879210441,-0.02178836980542287
RMOD-1031-8223-17-118-25096,1.2546583850931676,1.2809704402341078,-0.020540719999855295
RMOD-1031-8223-17-118-42208,1.2075471698113207,1.2752591558552417,-0.053096647636699745
RMOD-1031-8223-17-118-45149,1.1652173913043478,1.152373829104499,0.01114530881860576
RMOD-1031-8223-17-145-25125,1.25,1.1943429576416755,0.046600553050711424
RMOD-1031-8223-17-162-42304,1.3846153846153846,1.2110590343279095,0.14330957068809802
RMOD-1031-8223-17-162-45212,1.3333333333333333,1.3912267176231659,-0.04161319183744561
RMOD-1032-0274-00-117-51305,1.5,1.3520693370552146,0.10941055971802172
RMOD-1032-0941-00-108-40862,1.4081632653061225,1.366014567475458,0.030855233051108488
RMOD-1032-0941-00-108-44824,1.3333333333333333,1.2596821924622157,0.05846803369281317
RMOD-1032-0941-00-108-45202,1.28,1.233451009968446,0.03773882355712277
RMOD-1032-0941-00-119-45150,1.3333333333333333,1.192801128847169,0.11781696134207009
RMOD-1032-0991-00-101-38507,1.4339622641509433,1.3419080654557005,0.06859948238255953
RMOD-1032-0991-00-101-45854,1.5454545454545454,1.391582721685516,0.11057324970423332
RMOD-1032-0991-00-101-52443,1.1904761904761905,0.9637197872718671,0.23529287890438955
RMOD-1032-0991-00-107-38586,1.3333333333333333,1.2406290301759921,0.07472362882254213
RMOD-1032-0991-00-107-45952,1.375,1.2705089106195384,0.08224349196379
RMOD-1032-0991-00-135-52337,0.8863636363636364,0.9529517311410831,-0.06987562181949425
RMOD-1032-1101-00-108-24362,1.2307692307692308,1.1996227452304464,0.025963567015229616
RMOD-1032-1101-00-108-28460,1.2340425531914894,1.1898758384497998,0.03711875921376051
RMOD-1032-1103-00-119-27059,1.2,1.1249463290138595,0.06671755714064465
RMOD-1032-1168-00-107-26715,1.1797752808988764,1.1950614715020271,-0.012791133316295555
RMOD-1032-1179-00-107-39686,1.376068376068376,1.3113503839499852,0.04935217384346258
RMOD-1032-1333-00-117-27421,1.0238095238095237,1.2202620194493743,-0.16099205949923512
RMOD-1032-1551-00-119-41539,1.6666666666666667,1.4247306707719187,0.16981174116485276
RMOD-1032-1551-00-119-47625,1.7,1.4264632040975114,0.19175874646941815
RMOD-1032-1551-00-119-51633,1.2,1.2526266787635307,-0.042013059162589794
RMOD-1032-1551-00-127-41619,1.4150943396226414,1.2669973619480384,0.11688814998549035
RMOD-1032-1551-00-127-47687,1.1136363636363635,1.249219676857263,-0.10853440410256299
RMOD-1032-1551-00-127-51732,1.1538461538461537,1.2917867265730858,-0.10678277604916053
RMOD-1032-1689-00-117-49937,1.4805194805194806,1.4070711548300063,0.05219943955026762
RMOD-1032-2076-00-101-32856,1.328719723183391,1.313763455470143,0.011384292698182641
RMOD-1032-2461-00-117-47358,1.2,1.3892907900468432,-0.13624994234681476
RMOD-1032-2461-00-119-47272,1.53125,1.4588807346722965,0.0496060189210461
RMOD-1032-2653-00-119-36622,1.2692307692307692,1.4238322912827557,-0.10858127252662819
RMOD-1032-2653-00-119-41873,1.5,1.4484916804808814,0.035559969182576534
RMOD-1032-2653-00-119-43907,1.5,1.2642167300202698,0.18650541824102396
RMOD-1032-3096-00-108-34586,0.9726027397260274,0.8947273971678669,0.08703806634810096
RMOD-1032-3096-00-119-34626,1.1764705882352942,0.9525692273195581,0.23504996224345165
RMOD-1032-3613-00-106-160645,1.4356435643564356,1.3529372639238986,0.06113092058139147
RMOD-1032-3613-00-108-31893,1.184873949579832,1.2623138003663006,-0.06134754350621607
RMOD-1032-3613-00-108-53059,1.4814814814814814,1.4309053023078935,0.03534558093537998
RMOD-1032-4298-00-108-54723,1.435897435897436,1.3521568498415437,0.06193111846876742
RMOD-1032-4298-00-117-54756,1.411764705882353,1.3979326655901516,0.009894639872630728
RMOD-1032-4298-00-119-27811,1.1724137931034482,1.1603916847007474,0.010360388273379817
RMOD-1032-4298-00-119-34945,1.5714285714285714,1.4975806752326528,0.04931146442875023
RMOD-1032-4298-00-119-39352,1.6451612903225807,1.518252319355339,0.08358885367692248
RMOD-1032-4298-00-119-41169,1.6666666666666667,1.4454406750317583,0.1530508968346609
RMOD-1032-4458-00-117-53900,1.6363636363636365,1.4231383305026175,0.14982753348067912
RMOD-1032-4479-00-117-25753,1.2439024390243902,1.2002503273965308,0.03636917285625363
RMOD-1032-4479-00-117-35199,1.2857142857142858,1.2296750126061866,0.04557242566824948
RMOD-1032-4479-00-117-50561,1.2352941176470589,1.4413537798412117,-0.14296258495041636
RMOD-1032-4543-00-101-50989,1.5339805825242718,1.4959272715991223,0.025437941835548594
RMOD-1032-4543-00-108-46631,1.319327731092437,1.3290301515992693,-0.007300376515278595
RMOD-1032-4543-00-119-46559,1.6666666666666667,1.419602400688644,0.17403765016047634
RMOD-1032-5056-00-117-53455,1.4761904761904763,1.4259184147455155,0.03525591711636111
RMOD-1032-5056-00-127-53508,1.5,1.3567820144754772,0.10555710791898276
RMOD-1032-5452-00-117-162444,1.305084745762712,1.3303290922157827,-0.018976016235970672
RMOD-1032-5460-00-117-24064,1.3080568720379147,1.31035171049214,-0.0017513148842789317
RMOD-1032-5460-00-117-30259,1.3557692307692308,1.3003581239716218,0.042612189500819575
RMOD-1032-5460-00-119-40091,1.3235294117647058,1.3232082007003938,0.00024275171824217345
RMOD-1032-5460-00-119-44525,1.2748538011695907,1.2854980678302035,-0.008280266557365912
RMOD-1032-5460-00-119-48593,1.300578034682081,1.3226993771849096,-0.016724391713186848
RMOD-1032-5460-00-127-30221,1.2401574803149606,1.2519272542578472,-0.009401324160694835
RMOD-1032-5460-00-127-33156,1.3161764705882353,1.2873959949401375,0.022355573390948846
RMOD-1032-5460-00-127-40133,1.294478527607362,1.2784602243325178,0.012529371637828746
RMOD-1032-5460-00-135-54283,1.4299065420560748,1.3710071262018433,0.04296069271164393
RMOD-1032-5902-00-101-29123,1.28125,1.283874729508815,-0.002044381315783994
RMOD-1032-5902-100-161-29203,1.2149532710280373,1.2368688166198905,-0.017718569097524672
RMOD-1032-6004-00-119-42883,1.4078947368421053,1.4144092755809499,-0.00460583711611251
RMOD-1032-6350-00-117-38994,1.2790697674418605,1.3363413211275599,-0.042856980309024295
RMOD-1032-6351-00-117-37804,1.2830188679245282,1.2893417406924885,-0.004903954140633271
RMOD-1032-6351-00-117-45427,1.5,1.3249174200972271,0.1321460320824559
RMOD-1032-6351-00-117-51993,1.25,1.0567424168614807,0.18288050148729074
RMOD-1032-6351-100-161-45555,1.2713178294573644,1.2393821419646955,0.025767425890164786
RMOD-1032-6351-100-161-52073,1.0874125874125875,1.058998984620411,0.02683062326293073
RMOD-1032-6571-00-101-30861,1.2662337662337662,1.2605205060126923,0.004532461149042488
RMOD-1032-6571-00-101-48308,1.5217391304347827,1.4351259898464097,0.060352290461719305
RMOD-1032-6571-00-101-50302,1.4225352112676057,1.3897189109528023,0.023613624349620554
RMOD-1032-6571-00-101-52713,1.2,1.3359296776779435,-0.10174912643172263
RMOD-1032-6571-00-107-48381,1.38,1.2926531235531684,0.06757178306794143
RMOD-1032-6571-00-107-52832,1.565217391304348,1.3893170156101093,0.1266092430437793
RMOD-1032-6571-00-147-30900,1.4615384615384615,1.342291055607605,0.08883871007907262
RMOD-1032-6572-00-119-32185,1.3333333333333333,1.3023452458093354,0.023794065071232717
RMOD-1032-6989-00-117-161699,1.3762376237623761,1.3559653336611897,0.014950448656714688
RMOD-1032-6989-00-117-25097,1.3507109004739337,1.3012463698426557,0.03801319394824443
RMOD-1032-6989-00-119-36882,1.3047619047619048,1.239643852571912,0.0525296455549642
RMOD-1032-7173-100-158-43537,1.3,1.3222927479266895,-0.016859162210216883
RMOD-1032-7337-00-119-29861,1.2846715328467153,1.2741331307840194,0.00827103683914987
RMOD-1032-7381-100-145-43242,1.2926829268292683,1.2732006835705134,0.015301785107528998
RMOD-1032-7564-00-119-35852,1.1515151515151516,1.3389778451342473,-0.14000432815249497
RMOD-1032-7564-00-119-42209,1.3846153846153846,1.4421144058034563,-0.039871331259628384
RMOD-1032-7863-100-145-46198,1.4074074074074074,1.3573852998875342,0.036851811732466544
RMOD-1032-8013-00-119-37290,1.3478260869565217,1.3876791661508778,-0.028719231481221907
RMOD-1032-8031-100-158-44211,1.48,1.3423774533003203,0.10252149748293671
RMOD-1032-9386-00-107-49374,1.5185185185185186,1.451933596556762,0.045859481535286184
RMOD-1032-9386-00-117-49246,1.3333333333333333,1.4629841024223882,-0.08862076414527054
RMOD-1032-9386-06-101-26003,1.1097954790096878,1.133673920425205,-0.021062883237678576
RMOD-1032-9386-06-101-31132,1.166810717372515,1.219973628240881,-0.043577098420580884
RMOD-1032-9386-06-101-33822,1.2195286195286195,1.2567648495934316,-0.029628637431145632
RMOD-1032-9386-06-101-36205,1.2027027027027026,1.247769393123957,-0.03611780403462517
RMOD-1032-9386-06-101-40474,1.1965811965811965,1.2607893068938991,-0.05092691535502214
RMOD-1032-9386-49-101-38082,1.2327365728900255,1.2558748782012583,-0.01842405299513017
RMOD-1032-9386-49-101-42487,1.241917502787068,1.2881955511379726,-0.03592470747940657
RMOD-1032-9473-06-101-28244,1.2050359712230216,1.2315102867469445,-0.02149743758442768
RMOD-1032-9473-06-145-34185,1.0139372822299653,0.9972250803106825,0.01675870598248097
RMOD-1032-9473-100-106-28190,1.0625,1.3212406144551112,-0.19583156286927916
RMOD-1032-9474-00-101-28784,1.2108938547486034,1.2196721228091416,-0.0071972359590544155
RMOD-1032-9572-00-119-31510,1.2325581395348837,1.336298834871802,-0.07763285623673433
RMOD-1032-9572-00-119-37642,1.26,1.4216287692252392,-0.11369266908781239
RMOD-1032-9572-06-145-24761,1.188976377952756,1.2008833360152587,-0.00991516636579537
RMOD-1032-9574-100-106-161605,1.3857142857142857,1.2558791380509824,0.1033818810501117
RMOD-1032-9952-00-101-25421,1.1728395061728396,1.215561955897516,-0.03514625438662411
RMOD-1032-9952-00-108-25483,1.2692307692307692,1.2593834556972323,0.007819154276633933
RMOD-1032-9953-00-107-26439,1.1875,1.2031064891673076,-0.012971826939533138
RMOD-1032-9958-00-107-29513,1.3,1.258560446096343,0.032926153076071385
RMOD-1032-9964-00-101-32520,1.4285714285714286,1.2778283934547423,0.1179681371057475
RMOD-1032-9964-00-101-49628,1.1875,1.2964634939567177,-0.08404671204753211
RMOD-1032-9964-00-103-32610,1.5454545454545454,1.412206626397494,0.09435440718541588
RMOD-1032-9964-00-103-49694,1.8571428571428572,1.5926725009168865,0.16605445003521924
RMOD-1032-9965-00-101-30518,1.369186046511628,1.3983876477508375,-0.020882336372305188
RMOD-1032-9965-00-101-35537,1.50920245398773,1.3930271444084465,0.08339773567629782
RMOD-1032-9965-00-101-46964,1.6444444444444444,1.4768396132481578,0.11348885125559227
RMOD-1032-9965-00-101-48968,1.2592592592592593,1.3658328156379538,-0.07802825877259079
RMOD-1032-9965-00-103-46976,1.5789473684210527,1.45766389963401,0.08320400115382864
RMOD-1032-9965-00-103-49025,1.5555555555555556,1.395533999126672,0.11466689921494244
RMOD-1032-9966-00-107-33446,1.5,1.4184172101465757,0.05751677945658429
RMOD-1032-9966-00-119-47903,1.4,1.2911946656240851,0.08426718083080442
RMOD-1033-0598-01-104-38083,1.1728665207877462,1.2274034853151732,-0.044432792622731476
RMOD-1033-0598-01-106-38145,1.2511848341232228,1.2883331114321368,-0.028834372864653957
RMOD-1033-0598-01-107-38141,1.111842105263158,1.1636841560965947,-0.04454993269594154
RMOD-1033-0600-01-103-39687,1.3524027459954233,1.3566493101170778,-0.0031301855903262954
RMOD-1033-0600-01-106-39719,1.4754901960784315,1.4226470391332875,0.03714424976228625
RMOD-1033-1137-09-117-46967,1.3956043956043955,1.356556776726319,0.028784360188968572
RMOD-1033-1639-05-101-53930,1.0987124463519313,1.2098911427694445,-0.09189148716555184
RMOD-1033-1639-05-103-51634,1.298050139275766,1.3049975971806578,-0.0053237323347576915
RMOD-1033-1639-05-103-53901,1.2303664921465969,1.2957124282539656,-0.050432437539728925
RMOD-1033-1639-05-106-51709,1.3350253807106598,1.3070626164469579,0.021393591945666923
RMOD-1033-1639-05-106-53986,1.2455089820359282,1.299853709068237,-0.04180834093343033
RMOD-1033-1671-05-103-50307,1.491139240506329,1.425208774657282,0.04626021606196007
RMOD-1033-1671-05-103-52339,1.00836820083682,0.9700996524572251,0.03944805905523441
RMOD-1033-1671-05-103-54757,1.2245762711864407,1.2684498382566,-0.034588334317154135
RMOD-1033-1671-05-106-52428,1.2142857142857142,1.0394323228046543,0.1682200828710625
RMOD-1033-1671-05-106-54695,1.4,1.393369749496431,0.004758428626691069
RMOD-1033-2184-09-117-36206,1.1911602209944752,1.2357833532690525,-0.036109187064653714
RMOD-1033-2184-09-145-36232,1.26890756302521,1.3140912256264028,-0.034383961874225655
RMOD-1033-2218-00-117-161700,1.3295454545454546,1.2886847457622073,0.03170729607657452
RMOD-1033-2260-05-101-44282,1,1.1308459269769633,-0.11570623712352013
RMOD-1033-2260-05-103-26004,1.0696202531645569,1.0892732321880159,-0.018042285849604545
RMOD-1033-2260-05-103-41859,1.1158536585365855,1.2245106286714045,-0.08873501592445299
RMOD-1033-2260-05-103-44214,1.2156862745098038,1.2710066577044854,-0.043524857135361805
RMOD-1033-2260-05-106-41907,1.087719298245614,1.2792513316521235,-0.14972197305368462
RMOD-1033-2261-09-145-27485,1.3434343434343434,1.2286901057911266,0.09338745148381866
RMOD-1033-2261-100-109-27425,1.3113207547169812,1.204524766122052,0.08866234352221514
RMOD-1033-2393-07-101-43538,1.1421319796954315,1.208700429968204,-0.05507439943123349
RMOD-1033-2393-07-101-45428,1.1680672268907564,1.1940436294581458,-0.021754986104802088
RMOD-1033-2393-07-106-45532,1.1914893617021276,1.2411541992807105,-0.04001504213365692
RMOD-1033-2487-01-103-26702,1.181556195965418,1.1900121216761357,-0.007105747543821317
RMOD-1033-2487-01-106-26770,1.1896551724137931,1.1683306180837818,0.018252157394442303
RMOD-1033-3359-100-101-28515,1.1466666666666667,1.1786736315512258,-0.027155069925875575
RMOD-1033-3387-09-117-44526,1.2179775280898877,1.2266232382356899,-0.007048382809246134
RMOD-1033-3559-01-106-28449,1.2172619047619047,1.2304431741450048,-0.01071261937168222
RMOD-1033-3559-01-106-28486,1.0976744186046512,1.1621944719645612,-0.05551571179894366
RMOD-1033-3694-02-103-44816,1.2056737588652482,1.1996688733563974,0.0050054524562686
RMOD-1033-3991-00-117-29862,1.2457142857142858,1.21664535915052,0.023892686841843647
RMOD-1033-3991-100-130-29894,1.3037974683544304,1.3075096054461923,-0.002839089729283706
RMOD-1033-4038-09-117-45151,1.1094736842105264,1.1391698299402964,-0.026068234032608273
RMOD-1033-4734-00-117-47360,1.4615384615384615,1.3060686894263047,0.11903644377268341
RMOD-1033-4734-100-130-47274,1.4605809128630705,1.3828289747454652,0.05622672039535259
RMOD-1033-4734-100-130-49247,1.4691358024691359,1.4675553891458357,0.0010769019929257606
RMOD-1033-4845-01-103-35526,1.2646048109965635,1.23976904301583,0.020032576325925033
RMOD-1033-4845-01-103-41170,1.2790697674418605,1.3140755027113766,-0.026639059321391767
RMOD-1033-4845-01-103-53456,1.4489795918367347,1.3505767356106002,0.07285987802954863
RMOD-1033-4845-01-106-24108,1.2967032967032968,1.2944475786357033,0.001742610596846772
RMOD-1033-4845-01-106-35595,1.3714285714285714,1.3420950882789373,0.021856486478354142
RMOD-1033-4845-01-107-24065,1.2475247524752475,1.2499906833098136,-0.0019727593713231295
RMOD-1033-4845-01-107-30848,1.137715179968701,1.1204410287359459,0.015417278366040676
RMOD-1033-4845-01-107-30919,1.2777777777777777,1.1783124357029113,0.08441338567010148
RMOD-1033-4845-01-158-41212,1.3955223880597014,1.463495288478039,-0.04644558882661376
RMOD-1033-4845-01-158-53501,1.421383647798742,1.3646283416764904,0.04159030293371013
RMOD-1033-4845-100-101-30901,1.0555555555555556,1.076803065829189,-0.019732029883544056
RMOD-1033-4873-05-103-51306,1.411764705882353,1.3340898527460436,0.05822310467051839
RMOD-1033-4873-05-106-51349,1.309090909090909,1.4344297804928061,-0.08737888260994986
RMOD-1033-4941-08-101-53060,1.35,1.315485310452231,0.026237229160623432
RMOD-1033-5000-01-108-32842,1.343608340888486,1.3164164347503218,0.020656006276100314
RMOD-1033-5000-01-160-32927,1.3934426229508197,1.3464174954232506,0.03492611146796376
RMOD-1033-5000-100-101-32905,1.2906976744186047,1.273049327018667,0.013863050728182058
RMOD-1033-5015-04-101-33447,1.2786516853932584,1.252586820117818,0.020808829261822037
RMOD-1033-5015-04-106-33481,1.4466019417475728,1.3601337017256618,0.06357333835063783
RMOD-1033-5051-09-110-27045,1.052697616060226,1.129870089067205,-0.06830207627736296
RMOD-1033-5051-09-110-29495,1.1428571428571428,1.1732256880291874,-0.025884657557283974
RMOD-1033-5051-09-117-43908,1.1690476190476191,1.1957875928120896,-0.022361809007891753
RMOD-1033-5051-09-117-45856,1.0714285714285714,1.1960243362301963,-0.10417494111728853
RMOD-1033-5051-100-109-24763,1.2283464566929134,1.2317127189639547,-0.00273299302606278
RMOD-1033-5051-100-109-29573,1.625,1.3208744702823947,0.23024559605015704
RMOD-1033-5091-08-103-28785,1.2361111111111112,1.2449028967865452,-0.007062226056448462
RMOD-1033-5091-08-106-28814,1.4,1.2794069131880346,0.09425702297595895
RMOD-1033-5095-05-103-34567,0.8242530755711776,0.8606342536569775,-0.04227251928587594
RMOD-1033-5095-05-103-50991,1.3571428571428572,1.3439817198324264,0.00979264607265029
RMOD-1033-5095-05-106-51020,1.3346613545816732,1.3829083796117234,-0.03488808495295703
RMOD-1033-5095-05-145-34602,1.1194029850746268,0.9445104948519382,0.18516733395334573
RMOD-1033-5131-100-109-25098,1.3333333333333333,1.2222489887620733,0.09088520063638517
RMOD-1033-5131-100-109-28191,1.150943396226415,1.0748090871115554,0.07083519299177432
RMOD-1033-5271-05-101-42210,1.2173913043478262,1.2650508420103734,-0.0376740096760132
RMOD-1033-5271-05-103-25731,1.2151162790697674,1.2533364858801987,-0.030494769154980617
RMOD-1033-5271-05-103-27798,1.0272727272727273,1.1295457057910647,-0.09054346184841788
RMOD-1033-5271-05-103-29111,1.2203389830508475,1.1986060528380336,0.01813183753023373
RMOD-1033-5271-05-103-46560,1.0476190476190477,1.176079335018971,-0.10922756958215862
RMOD-1033-5271-05-106-25780,0.9651162790697675,1.1082788538224717,-0.12917558993292544
RMOD-1033-5271-05-106-27883,1.0579710144927537,1.1315175508632749,-0.06499814016531169
RMOD-1033-5271-05-106-29164,1.3058823529411765,1.3034994862463902,0.0018280534207559818
RMOD-1033-5271-05-106-42243,1.3829787234042554,1.3796477674042196,0.0024143524736772726
RMOD-1033-5271-05-106-46639,1.4285714285714286,1.2852644287952404,0.11150001242197205
RMOD-1033-5284-01-103-42488,1.274247491638796,1.2928500795106759,-0.014388820611683562
RMOD-1033-5284-01-106-42529,1.2554744525547445,1.3200966039302438,-0.04895259269897645
RMOD-1033-5284-100-101-42577,1.0943396226415094,1.1411601113740075,-0.04102885148703994
RMOD-1033-5306-09-117-43243,1.2508833922261484,1.3050985465078186,-0.04154104257240898
RMOD-1033-5393-08-101-162445,1.2945454545454544,1.2404056355201751,0.043646866375752325
RMOD-1033-5393-08-106-162466,1.1941747572815533,1.1905838614233548,0.0030160797357909885
RMOD-1033-5818-05-101-46285,1.088235294117647,1.2311103367714522,-0.11605380800269327
RMOD-1033-5818-05-103-26411,1.2305555555555556,1.211131864382199,0.016037635326574762
RMOD-1033-5818-05-103-42884,1.2579617834394905,1.3244842272671218,-0.05022516875485239
RMOD-1033-5818-05-103-46199,1.1965317919075145,1.243157469776237,-0.03750585022596942
RMOD-1033-5818-05-106-26447,1.1597938144329898,1.183750136531627,-0.02023765096984831
RMOD-1033-5818-05-106-42937,1.2346938775510203,1.3012128629784125,-0.05112075611912836
RMOD-1033-6405-00-130-37712,1,1.2577885449073296,-0.20495380241066097
RMOD-1033-6405-05-103-30186,1.2354312354312353,1.193459893823067,0.035167785549726105
RMOD-1033-6405-05-103-34186,1.0365448504983388,0.9953836050346282,0.04135214328980097
RMOD-1033-6405-05-103-37643,1.3060109289617485,1.345408607226329,-0.029283057989202277
RMOD-1033-6405-05-103-39337,1.348051948051948,1.3607327914597487,-0.00931912825750092
RMOD-1033-6405-05-103-48311,1.474025974025974,1.4516721469091853,0.0153986746693342
RMOD-1033-6405-05-103-52714,1.4789915966386555,1.3681755389308765,0.08099549696259967
RMOD-1033-6405-05-106-30228,1.2622950819672132,1.2703204742309213,-0.006317612308474274
RMOD-1033-6405-05-106-34239,0.9146341463414634,0.9452509090579595,-0.03239009074004362
RMOD-1033-6405-05-106-37694,1.417142857142857,1.3330622056394468,0.06307331431925078
RMOD-1033-6405-05-106-39415,1.421875,1.4115787334221823,0.007294149687885776
RMOD-1033-6405-05-106-48362,1.5476190476190477,1.4661731407141079,0.05554999245537351
RMOD-1033-6405-05-106-52770,1.6,1.547441503282742,0.033964771272943395
RMOD-1033-6405-05-107-48309,1.0888888888888888,1.279421362157262,-0.14892081600631701
RMOD-1033-6405-05-107-52833,1.2444444444444445,1.324171493298028,-0.06020900559867248
RMOD-1033-6405-100-105-30261,1.2195121951219512,1.203552177666274,0.013260760731307997
RMOD-1033-6406-05-103-31894,1.2527472527472527,1.2546172836181786,-0.001490518977654176
RMOD-1033-6406-05-103-33823,1.2436670687575393,1.2510893307696491,-0.0059326395242648156
RMOD-1033-6406-05-103-36595,1.326660600545951,1.2897764056651455,0.028597355881839093
RMOD-1033-6406-05-103-40092,1.318244170096022,1.2859729962425235,0.025094752337561976
RMOD-1033-6406-05-106-31917,1.20703125,1.258976491573843,-0.041259897957988456
RMOD-1033-6406-05-106-33899,1.1793893129770991,1.3036747332308158,-0.09533468516775478
RMOD-1033-6406-05-106-36626,1.2407407407407407,1.2619081006050215,-0.016774089851814167
RMOD-1033-6406-05-106-40121,1.2391304347826086,1.274652307915858,-0.027867892218647494
RMOD-1033-6407-04-103-35839,1.3835125448028673,1.3480744482849172,0.02628793725972356
RMOD-1033-6407-05-145-35909,1.1612903225806452,1.33070276571273,-0.12731050652122666
RMOD-1033-6610-08-101-47904,1.2645429362880887,1.288625938228046,-0.01868890049898675
RMOD-1033-6610-08-103-47975,1.273972602739726,1.275714411740779,-0.001365359664375232
RMOD-1033-6610-08-106-47941,1.2525597269624573,1.30872327199707,-0.04291475993156968
RMOD-1033-6618-02-103-32174,1.3101449275362318,1.2479636790063267,0.04982616848225607
RMOD-1033-6618-02-145-32224,1.4666666666666666,1.2954453164454722,0.1321718084488528
RMOD-1033-7240-05-103-37268,1.2268518518518519,1.2584600666786978,-0.025116581498104806
RMOD-1033-7240-05-106-37306,1.2619047619047619,1.2703198799450302,-0.006624408680931948
RMOD-1033-7241-04-160-41570,1.2608695652173914,1.3529028906305243,-0.0680265568582239
RMOD-1033-7241-05-103-41540,1.4300411522633745,1.3681179386055244,0.04526160494684128
RMOD-1033-7242-01-158-162354,1.2518115942028984,1.2469961223862995,0.0038616574102763312
RMOD-1033-7242-05-103-161606,1.245137946630484,1.2534994266311195,-0.006670509633265431
RMOD-1033-7242-05-103-33157,1.1916971916971917,1.2158089559889185,-0.019831869285840797
RMOD-1033-7242-05-103-40475,1.2409867172675522,1.2241102826982522,0.013786694555085521
RMOD-1033-7242-05-103-47626,1.1276190476190475,1.1959307836605544,-0.057120141880130815
RMOD-1033-7242-05-103-49629,1.2442748091603053,1.2913757792629412,-0.03647348111912008
RMOD-1033-7242-05-104-35184,1.2124542124542124,1.2552587630403624,-0.03410018065316911
RMOD-1033-7242-05-104-37805,1.2268760907504364,1.2051232804164267,0.018050278081503057
RMOD-1033-7242-05-145-33237,1.3183856502242153,1.265877939249665,0.041479284334217326
RMOD-1033-7242-05-145-35267,1.4246575342465753,1.3445476101395688,0.05958132200219435
RMOD-1033-7242-05-145-40522,1.3459119496855345,1.3168285338573857,0.02208595506580857
RMOD-1033-7242-05-145-47663,1.258312020460358,1.2881422576186263,-0.023157564299936206
RMOD-1033-7242-05-145-49680,1.2962962962962963,1.336458813079062,-0.030051443703106306
RMOD-1033-7582-00-107-48684,1.3265306122448979,1.3031419923354435,0.017947867574690246
RMOD-1033-7582-100-130-48594,1.4373464373464373,1.3771124372661006,0.04373934796487333
RMOD-1033-7583-08-101-48969,1.2540983606557377,1.25054260989274,0.0028433663394344943
RMOD-1033-7583-08-101-49938,1.3943661971830985,1.4034046111538907,-0.006440347921730538
RMOD-1033-7583-08-106-49007,1.238532110091743,1.2795791332412596,-0.03207853432678409
RMOD-1033-7583-08-107-49027,1.2828282828282829,1.3086614833074621,-0.0197401702492912
RMOD-1033-7583-08-107-50019,1.218487394957983,1.2636398969081983,-0.03573209587691217
RMOD-1033-7583-09-145-31544,1.4509803921568627,1.414980816299712,0.025441741288968478
RMOD-1033-7583-100-109-31511,1.2252252252252251,1.1894420493820967,0.030084001033692687
RMOD-1033-7584-02-101-31133,1.124031007751938,1.0949383803683972,0.026570104679089157
RMOD-1033-7584-02-101-36862,1.131687242798354,1.1832276376407906,-0.043559153963984465
RMOD-1033-7584-02-145-31225,1.3493975903614457,1.2511301983226883,0.07854289838939099
RMOD-1033-7584-02-145-36903,1.3235294117647058,1.3013972056862662,0.01700649577372393
RMOD-1033-7619-09-110-32521,1.1774647887323944,1.1785428263942679,-0.0009147208211107705
RMOD-1033-8382-05-103-38508,1.1635926222935045,1.20920100199019,-0.037717781925106
RMOD-1033-8382-05-103-51997,0.9174800354924578,0.9802423626980151,-0.06402735649254176
RMOD-1033-8382-05-106-38538,1.2753036437246963,1.3009581751880626,-0.019719720397358365
RMOD-1033-8382-05-145-52057,0.9845644983461963,1.0379616682297301,-0.051444259954805616
RMOD-1033-8384-05-104-40849,1.3251833740831296,1.3068989512231515,0.01399069365146044
RMOD-1033-8384-05-106-40890,1.4736842105263157,1.3602487729411423,0.08339315560631055
RMOD-1033-8495-01-107-24364,1.107033639143731,1.1163165179290246,-0.008315633278019652
RMOD-1033-8496-01-108-25392,1.1846153846153846,1.2239783255737775,-0.03215983497088515
RMOD-1033-8515-08-101-50700,1.402061855670103,1.4020938844329836,-0.00002284352227488462
RMOD-1033-8515-08-103-161777,1.2609126984126984,1.2757940906039937,-0.011664415363650149
RMOD-1033-8515-08-103-50562,1.4459016393442623,1.43876494366088,0.004960293003263727
RMOD-1033-8515-08-106-161825,1.3621495327102804,1.3289945471564437,0.024947420307160684
RMOD-1033-8968-05-103-38995,1.3569131832797428,1.329147040766654,0.020890196239742753
RMOD-1033-8968-05-103-54284,1.357843137254902,1.327649949047276,0.022741829071204034
RMOD-1033-8968-05-145-39032,1.3109243697478992,1.3341700245686514,-0.017423307668951504
RMOD-1033-8968-05-145-54371,1.3623188405797102,1.3484166640877775,0.010310000508142458
RMOD-1033-9023-05-103-30503,1.2130841121495326,1.1590866265685307,0.04658623811480034
RMOD-1033-9023-05-106-30545,1.2513966480446927,1.2032931897306458,0.03997650674380937
RMOD-1033-9944-08-105-34930,1.1923076923076923,1.253363083012562,-0.04871325119782355
RMOD-1033-9944-08-106-34963,1.4222222222222223,1.2876767404189464,0.1044870017295656
RMOD-1034-0055-100-130-53457,1.320754716981132,1.3899256647483245,-0.04976593318730982
RMOD-1034-0065-03-101-32177,1.280373831775701,1.2189015070877636,0.05043256106460059
RMOD-1034-0065-03-160-32225,1.4,1.2648711791081453,0.10683208149871315
RMOD-1034-0065-100-103-32280,1.4615384615384615,1.232417577478915,0.18591173012011541
RMOD-1034-0068-09-117-36597,1.3205521472392638,1.3058583221901936,0.011252235253534693
RMOD-1034-0068-09-117-41541,1.276872964169381,1.2941083474593549,-0.013318346430429173
RMOD-1034-0068-09-117-43539,1.2653061224489797,1.243941712983984,0.017174767307823746
RMOD-1034-0068-09-117-45429,1.3003003003003002,1.2445664148306348,0.044781768819665446
RMOD-1034-0068-09-117-48595,1.1902439024390243,1.2218335304295678,-0.025854281457996287
RMOD-1034-0068-09-145-45533,1.1666666666666667,1.2569670364717969,-0.07183988695407317
RMOD-1034-0068-09-145-48630,1.5,1.2735645736540342,0.17779658058192616
RMOD-1034-0582-02-101-31512,1.1675392670157068,1.1609111323423305,0.005709424682665443
RMOD-1034-0607-02-101-26703,1.1692111959287532,1.1578233147900965,0.009835594941980608
RMOD-1034-0607-02-101-30902,1.1511627906976745,1.1754236251371546,-0.020640077262909506
RMOD-1034-0607-02-101-49939,1.295031055900621,1.2891940764234582,0.00452761890851705
RMOD-1034-0607-02-101-54286,1.2972560975609757,1.300969621216216,-0.0028544276474102848
RMOD-1034-0607-02-103-30849,1.2605042016806722,1.1867499370826262,0.06214810912849544
RMOD-1034-0607-02-103-46200,1.2932960893854748,1.2898049785408876,0.002706696673272946
RMOD-1034-0607-02-103-50020,1.2355555555555555,1.3277370552111476,-0.06942752655263706
RMOD-1034-0607-02-106-26772,1.1581632653061225,1.1661224165030601,-0.0068253136071300124
RMOD-1034-0607-02-106-46272,1.445945945945946,1.3314779139617894,0.0859706577058863
RMOD-1034-0607-02-106-49992,1.4661016949152543,1.3422937168887443,0.09223613019174381
RMOD-1034-0607-02-106-54373,1.2769230769230768,1.3510755121832172,-0.05488400506964752
RMOD-1034-0778-00-117-49630,1.5066666666666666,1.465199080234096,0.028301673808002414
RMOD-1034-0836-09-110-34187,0.9077922077922078,0.9217892203555678,-0.015184612983389911
RMOD-1034-0836-09-118-31895,1.3071593533487298,1.2847739702867735,0.017423596352095894
RMOD-1034-0836-09-145-31918,1.4285714285714286,1.3333737050757106,0.07139613083213803
RMOD-1034-0836-13-117-35840,1.1759259259259258,1.216678324356989,-0.033494801062228685
RMOD-1034-0840-02-103-28450,1.1592592592592592,1.1896541043162225,-0.025549312986595685
RMOD-1034-0840-02-106-28487,1.2352941176470589,1.25628556631627,-0.01670913782028316
RMOD-1034-2330-02-101-49251,1.4180327868852458,1.3947905442513442,0.016663607829645155
RMOD-1034-2330-02-103-49363,1.4248927038626609,1.3990226548891962,0.018491515404025716
RMOD-1034-2330-02-106-49347,1.510204081632653,1.4417249999646837,0.04749801915736129
RMOD-1034-2450-02-103-33824,1.1841409691629956,1.2126206503836494,-0.02348605989156094
RMOD-1034-2933-09-117-34931,1.206896551724138,1.2543063134881351,-0.03779759477743061
RMOD-1034-2933-09-117-44817,1.2735849056603774,1.2236361523428771,0.04081993918033899
RMOD-1034-3288-02-101-161701,1.196138996138996,1.2260849638915046,-0.024424055945896472
RMOD-1034-3288-02-101-24764,1.2029520295202951,1.2288181505922646,-0.021049592292808006
RMOD-1034-3288-02-101-29843,1.1570934256055363,1.2086653737038344,-0.04266850794298915
RMOD-1034-3288-02-106-24801,1.235897435897436,1.231442379629877,0.003617754546418883
RMOD-1034-3288-02-158-161721,1.2150943396226415,1.2353139322692193,-0.01636797911720722
RMOD-1034-3568-02-01-36207,1.2075892857142858,1.2496090128217656,-0.03362629964759478
RMOD-1034-3568-02-106-36233,1.1333333333333333,1.2099764238431274,-0.06334263131041873
RMOD-1034-3716-03-101-27408,1.1796875,1.180360900099568,-0.0005705035633688516
RMOD-1034-3716-03-101-34568,0.7760416666666666,0.8100000715490444,-0.04192395294167772
RMOD-1034-3766-02-101-30190,1.1529051987767585,1.1312620140141638,0.019131893844641867
RMOD-1034-3766-02-104-28173,1.129203539823009,1.1716643874909674,-0.03623976978500243
RMOD-1034-3766-02-106-28211,1.2061855670103092,1.211531760581618,-0.004412755608439234
RMOD-1034-3766-02-106-30229,1.2897196261682242,1.263643207306352,0.020635903165624025
RMOD-1034-3816-09-117-51307,1.2802013422818792,1.3412018217240445,-0.04548195391186716
RMOD-1034-3816-09-118-47275,1.2355769230769231,1.285568419645254,-0.03888668685726249
RMOD-1034-3937-03-104-29496,1.2470588235294118,1.2184118552637215,0.023511728108956742
RMOD-1034-3937-03-106-29558,1.352112676056338,1.2966723358339485,0.042755859510747785
RMOD-1034-4137-09-117-44527,1.23992673992674,1.2381766568978037,0.0014134356508714863
RMOD-1034-4137-09-118-32522,1.2186788154897494,1.2372551910976672,-0.015014182798810616
RMOD-1034-4858-09-110-26005,1.2380136986301369,1.1825484663686288,0.04690313660617318
RMOD-1034-4967-09-110-26412,1.190899001109878,1.1969817564232814,-0.005081744379780151
RMOD-1034-4967-09-117-40850,1.2814285714285714,1.3084188747330503,-0.020628182477102852
RMOD-1034-4967-09-117-42885,1.2791970802919708,1.3247732133586057,-0.03440296996275216
RMOD-1034-4967-09-117-45152,1.2098298676748582,1.189774569606218,0.016856384882455444
RMOD-1034-4967-09-117-47627,1.2564102564102564,1.2817855031104268,-0.01979679645197574
RMOD-1034-4967-09-117-50311,1.328018223234624,1.287960912190802,0.031101340626622953
RMOD-1034-4967-09-117-52340,1.01067615658363,0.9576661644657523,0.0553533100414485
RMOD-1034-4967-09-117-54758,1.2238493723849373,1.2356706572886402,-0.00956669548959077
RMOD-1034-4967-09-145-26449,1.1607142857142858,1.2019047252762716,-0.03427096898426596
RMOD-1034-4981-00-117-43333,1.4230769230769231,1.2244036575017097,0.1622612480434671
RMOD-1034-4981-100-130-43244,1.1515151515151516,1.3819356195157346,-0.16673748382093834
RMOD-1034-5173-03-101-40476,1.2388059701492538,1.2441790723540314,-0.004318592334631943
RMOD-1034-5173-03-102-162446,1.1394557823129252,1.1455373684740888,-0.005308937384787882
RMOD-1034-5173-03-106-40523,1.5161290322580645,1.4386284614951856,0.053871150778104004
RMOD-1034-5528-02-101-37645,1.2708933717579252,1.2749116883466887,-0.0031518391630518394
RMOD-1034-5528-02-101-39338,1.3272727272727274,1.2798323017086082,0.03706768886891254
RMOD-1034-5528-02-101-43909,1.2717391304347827,1.2053486072973103,0.05507993516194132
RMOD-1034-5528-02-101-45857,1.2659574468085106,1.2244851717193483,0.03386915256060585
RMOD-1034-5528-02-101-47905,1.3354037267080745,1.24315374431716,0.07420641478386547
RMOD-1034-5528-02-101-52000,1.0241935483870968,1.0219088349916516,0.0022357311310101657
RMOD-1034-5528-02-103-43969,1.3425925925925926,1.243276082350363,0.07988290907557372
RMOD-1034-5528-02-103-45939,1.274390243902439,1.2530247189892072,0.017051159956738227
RMOD-1034-5528-02-106-37695,1.3846153846153846,1.3405564715546632,0.03286613730611854
RMOD-1034-5528-02-106-39419,1.3823529411764706,1.3659655623850468,0.011996919426585428
RMOD-1034-5528-02-106-43945,1.4303797468354431,1.3178106848902376,0.08542126971339692
RMOD-1034-5528-02-106-45920,1.2470588235294118,1.3100526711313947,-0.048084973215298144
RMOD-1034-5528-02-106-47944,1.2733333333333334,1.2940652897772469,-0.01602079632897213
RMOD-1034-5528-02-106-52058,1.0980392156862746,1.0725654317713167,0.023750330898590022
RMOD-1034-5663-09-117-36863,1.2677760968229954,1.2168341191382395,0.04186435676280431
RMOD-1034-5663-09-117-38509,1.2397260273972603,1.296997578956518,-0.044157022718064654
RMOD-1034-5663-09-117-44378,1.3455882352941178,1.3045587854401368,0.031450824839708735
RMOD-1034-5663-09-117-50563,1.3356643356643356,1.3343033895696312,0.0010199675016515641
RMOD-1034-5945-03-101-30504,1.2253521126760563,1.2076845610972828,0.014629276673638225
RMOD-1034-5945-03-101-42489,1.344,1.3244661952604118,0.014748435867589338
RMOD-1034-5945-03-101-53902,1.3333333333333333,1.2844520771343213,0.038056115186538175
RMOD-1034-5945-03-106-42530,1.2553191489361701,1.270163249361867,-0.011686765802076615
RMOD-1034-5945-03-160-30546,1.2641509433962264,1.325549061487229,-0.0463190083829228
RMOD-1034-7177-02-101-27799,1.096209912536443,1.07804016995145,0.016854420727023145
RMOD-1034-7177-02-101-48313,1.1178571428571429,1.2260945488769306,-0.08827818875708249
RMOD-1034-7177-02-103-33158,1.2093933463796478,1.2196279996999788,-0.00839161885660944
RMOD-1034-7177-02-103-35185,1.26953125,1.2664835763596627,0.0024064059710093844
RMOD-1034-7177-02-103-39688,1.2729805013927578,1.2942484014668307,-0.016432626109461945
RMOD-1034-7177-02-103-46562,1.231433506044905,1.256080250450582,-0.019621950426205403
RMOD-1034-7177-02-103-48310,1.3236009732360097,1.3320316151957643,-0.006329160557135616
RMOD-1034-7177-02-104-41860,1.242472266244057,1.2567646371694994,-0.011372352867623503
RMOD-1034-7177-02-106-41908,1.2481751824817517,1.2964226372884704,-0.037215837967493726
RMOD-1034-7177-02-106-48363,1.4163090128755365,1.3195337945001775,0.07334046219863288
RMOD-1034-7177-02-145-33238,1.3417085427135678,1.3533093434959824,-0.008572172237018894
RMOD-1034-7177-02-145-35268,1.4220183486238531,1.346225651419246,0.05630014338584566
RMOD-1034-7177-02-145-39720,1.4326923076923077,1.3560621652540765,0.056509313807065364
RMOD-1034-7177-02-158-46640,1.206896551724138,1.2455237149798826,-0.031012788268241498
RMOD-1034-7566-02-103-28786,1.2386058981233243,1.2330344257750294,0.004518505105640447
RMOD-1034-7566-02-106-28815,1.2974683544303798,1.2551418992037573,0.03372244624569842
RMOD-1034-7695-03-102-161778,1.300751879699248,1.2206676918520705,0.06560687104421437
RMOD-1034-7695-03-160-161826,1.2105263157894737,1.249188592732432,-0.030949911941150487
RMOD-1034-7818-03-102-161607,1.1125827814569536,1.3161544926957438,-0.1546715924069333
RMOD-1034-7818-03-102-24366,1.2692307692307692,1.263712313084125,0.004366861103993092
RMOD-1034-7818-03-102-25393,1.2396694214876034,1.2260187797208046,0.01113412126517943
RMOD-1034-7818-03-106-161628,1.2851063829787235,1.2945439144248965,-0.007290236616164236
RMOD-1034-7818-03-145-24393,1.4557823129251701,1.3337626930655682,0.09148525483131298
RMOD-1034-7818-03-145-25460,1.2228571428571429,1.274292904789797,-0.040364159401122035
RMOD-1034-7989-02-101-29112,1.2,1.1876469509819685,0.010401280454446216
RMOD-1034-8374-02-101-25099,1.237926972909305,1.2656281063391466,-0.021887261582683726
RMOD-1034-8374-02-101-27046,1.162516382699869,1.174246885353706,-0.009989809468648136
RMOD-1034-8374-02-106-25127,1.3557692307692308,1.3039706918416452,0.03972369873929349
RMOD-1034-8488-02-101-24067,1.2243589743589745,1.2302818651394263,-0.004814255129884981
RMOD-1034-8686-09-117-37806,1.2246998284734134,1.2309423619334063,-0.005071345054847187
RMOD-1034-8686-09-117-40093,1.2161671207992735,1.2299796118738124,-0.011229853683100033
RMOD-1034-8686-09-117-42211,1.2916256157635468,1.263568617456241,0.022204570388736578
RMOD-1034-8686-09-117-46972,1.229281767955801,1.2780366423074947,-0.038148260181074756
RMOD-1034-8686-09-117-48970,1.2106017191977076,1.258457184737438,-0.0380270907267416
RMOD-1034-8686-09-117-50992,1.3413897280966767,1.3051246947345712,0.027786642539532114
RMOD-1034-8686-09-117-53061,1.2828685258964143,1.3000523026033182,-0.0132177579875008
RMOD-1034-8757-03-101-25733,1.0542168674698795,1.1064800491614097,-0.047233731625924924
RMOD-1034-8757-03-160-25781,1.058139534883721,1.1608957226247534,-0.0885145717555954
RMOD-1034-9078-02-101-31134,1.2031900138696254,1.1987569744802207,0.003698030112673223
RMOD-1034-9079-02-103-32843,1.3265306122448979,1.2932351208595574,0.025745891716280278
RMOD-1034-9079-02-106-32930,1.3265306122448979,1.3757837122154817,-0.035800031308169444
RMOD-1034-9080-02-101-33448,1.1428571428571428,1.2927401580737141,-0.11594210505528735
RMOD-1034-9080-02-104-38084,1.1809744779582367,1.2564528534091175,-0.060072588673810046
RMOD-1034-9080-02-145-33482,1.3454545454545455,1.335179513904944,0.0076956180368215055
RMOD-1034-9080-02-145-38148,1.3116883116883118,1.3130403587847748,-0.0010297071886764542
RMOD-1034-9678-100-109-35540,1.1728395061728396,1.1597083062871103,0.011322847145736059
RMOD-1034-9685-09-117-51635,1.216432865731463,1.242851028399932,-0.02125609752480162
RMOD-1034-9959-02-101-52715,1.2916666666666667,1.2978217735417898,-0.004742644175498523
RMOD-1034-9959-02-103-37270,1.2735849056603774,1.2805888962191319,-0.005469351311286119
RMOD-1034-9959-02-103-38996,1.3325942350332594,1.3301963450172378,0.0018026587014794426
RMOD-1034-9959-02-103-41171,1.316831683168317,1.3444036325031405,-0.020508684050107417
RMOD-1034-9959-02-106-39034,1.5168539325842696,1.3916847299234572,0.08994077463772765
RMOD-1034-9959-02-106-41213,1.4477611940298507,1.402354539745001,0.0323788692502156
RMOD-1034-9959-02-106-52771,1.3908045977011494,1.3317012602641474,0.04438182886849473
RMOD-1035-0186-04-101-162447,1.2000881445570737,1.2138539441210339,-0.011340573246584551
RMOD-1035-0186-04-101-29113,1.2244205765969474,1.2533272210855253,-0.023063924569946992
RMOD-1035-0186-04-101-32844,1.1896067415730338,1.2522356682661198,-0.050013690138537514
RMOD-1035-0186-04-106-162467,1.2807881773399015,1.2643924726198816,0.01296725903947138
RMOD-1035-0186-04-106-29167,1.2696629213483146,1.2899338441947976,-0.01571469958533933
RMOD-1035-0186-04-106-32931,1.3455497382198953,1.3446736628485598,0.000651515230453592
RMOD-1035-0186-04-106-37696,1.3402366863905326,1.3266187007733872,0.010265184419009366
RMOD-1035-0186-04-107-37646,1.3590078328981723,1.3584798809286354,0.0003886343676846593
RMOD-1035-0186-04-107-41542,1.2916006339144215,1.3089295115988022,-0.013238969349246399
RMOD-1035-0186-04-158-41571,1.3396226415094339,1.3226438343578173,0.012837021358709455
RMOD-1035-0186-100-104-32908,0.8448275862068966,1.0490700791002545,-0.19468908413490216
RMOD-1035-0462-100-126-32188,1.3745019920318724,1.2941361727776832,0.062099971351310845
RMOD-1035-0462-26-152-32281,1.3314606741573034,1.2782597637995912,0.041619795807054105
RMOD-1035-0540-17-118-53458,1.3832335329341316,1.384447696708666,-0.0008770022713178172
RMOD-1035-0596-03-101-52341,0.8366336633663366,0.8955856398565741,-0.06582505777971004
RMOD-1035-0596-03-106-52429,0.9659863945578231,0.9821541378169121,-0.01646151315416322
RMOD-1035-1449-26-152-44223,1.1818181818181819,1.2723094239570787,-0.07112361225577901
RMOD-1035-1637-03-101-49631,1.203125,1.317153380098813,-0.08657183120940604
RMOD-1035-1637-03-106-49681,1.4615384615384615,1.3588108978103366,0.07560107436116814
RMOD-1035-1804-100-126-45153,1.2264150943396226,1.2035228424709496,0.01902103646132125
RMOD-1035-2081-100-152-26718,1.15,1.2702290069178275,-0.09465144179753826
RMOD-1035-2312-27-126-42212,1.1846153846153846,1.2854309056499844,-0.07842935827314812
RMOD-1035-2313-100-127-42578,1.2686567164179106,1.2880639352916226,-0.015066968604565578
RMOD-1035-2313-27-126-42490,1.128787878787879,1.3127686477940752,-0.14014713812319513
RMOD-1035-2811-00-117-33460,1.548780487804878,1.4264302956542076,0.08577369151750713
RMOD-1035-3354-18-117-36864,1.2019844082211197,1.2122905167768319,-0.008501352120705574
RMOD-1035-3354-18-158-36904,1.3106796116504855,1.2671726463036646,0.03433388928788084
RMOD-1035-3485-18-117-49940,1.369022869022869,1.3680902272497053,0.0006817107195031813
RMOD-1035-3540-46-117-46201,1.242152466367713,1.253348909333864,-0.008933221134808877
RMOD-1035-3540-46-162-46223,1.4285714285714286,1.1699946289275156,0.2210068262287146
RMOD-1035-3543-27-126-43910,1.103896103896104,1.1791356304748135,-0.06380905184623431
RMOD-1035-3543-27-152-27409,1.248062015503876,1.1588573071801733,0.07697643857530911
RMOD-1035-3543-27-152-43970,1.1428571428571428,1.1614504597890971,-0.016008704267361007
RMOD-1035-3543-27-152-45858,1.5,1.3240298634713716,0.13290496036642696
RMOD-1035-3710-18-117-41861,1.2702503681885124,1.301863129505261,-0.024282707298701967
RMOD-1035-3710-18-145-41909,1.3636363636363635,1.3360527399884978,0.02064560987922026
RMOD-1035-3856-18-117-53062,1.428226779252111,1.4258548222908232,0.0016635332883869758
RMOD-1035-3904-17-118-54759,1.3558823529411765,1.3818287675040748,-0.01877686669511447
RMOD-1035-3904-17-145-54696,1.361878453038674,1.356350654386276,0.004075493777749628
RMOD-1035-3904-17-162-54715,1.45,1.3381370630436389,0.0835960231920676
RMOD-1035-3905-19-118-39339,1.373961218836565,1.3670390477263934,0.005063623545855878
RMOD-1035-3905-19-158-39420,1.4156626506024097,1.3811965109146618,0.024953827652607785
RMOD-1035-3905-19-162-39396,1.4090909090909092,1.410781417829742,-0.0011982782856847507
RMOD-1035-3953-27-152-25100,1.2597402597402598,1.2929070309038873,-0.025652866270237773
RMOD-1035-3953-27-152-42886,1.25,1.2881543557458126,-0.02961939737704966
RMOD-1035-3953-27-152-46975,1.4166666666666667,1.3624722032597099,0.039776564451954766
RMOD-1035-3967-17-118-52002,1.0923694779116466,1.0731800506455416,0.01788090195541936
RMOD-1035-4150-18-117-25736,1.1534612176814012,1.1743654461532884,-0.017800445798503706
RMOD-1035-4243-100-117-33874,1.3333333333333333,1.338210049083996,-0.003644207988126258
RMOD-1035-4243-17-118-33825,1.2228571428571429,1.2737345578092698,-0.039943498934057686
RMOD-1035-4243-17-118-51636,1.4038461538461537,1.4316517922877894,-0.019422067985681135
RMOD-1035-4268-19-117-161702,1.267156862745098,1.252613780313772,0.011610188758807372
RMOD-1035-4268-19-117-31135,1.198639455782313,1.1899371644138894,0.007313236050333627
RMOD-1035-4268-19-117-48971,1.3421750663129974,1.3257967872042653,0.01235353658026983
RMOD-1035-4268-19-145-161722,1.2783505154639174,1.2860719909649805,-0.006003921674143098
RMOD-1035-4268-19-162-49068,1.4166666666666667,1.5079071945424642,-0.060508052621555564
RMOD-1035-4293-100-117-35247,1.3768115942028984,1.3842713216087756,-0.0053889199967008805
RMOD-1035-4293-17-118-35186,1.3533834586466165,1.3613174007369377,-0.00582813536800908
RMOD-1035-4293-17-118-49255,1.4327272727272726,1.3862650159910699,0.03351614316183693
RMOD-1035-4293-17-118-51308,1.418546365914787,1.4195159308386391,-0.0006830250388801806
RMOD-1035-4293-17-118-54289,1.3440860215053763,1.3784623016849367,-0.024938135876143352
RMOD-1035-4293-17-119-47276,1.2767295597484276,1.2680828562801265,0.006818721210115619
RMOD-1035-4480-17-118-47908,1.3706896551724137,1.359708795144065,0.008075891005165925
RMOD-1035-4480-18-117-33159,1.2319236016371078,1.2820290721800374,-0.03908294408466684
RMOD-1035-4480-18-145-33239,1.5,1.3814459315952747,0.08581882626982051
RMOD-1035-4619-18-117-28451,1.1390134529147982,1.1642299055479444,-0.02165934109146428
RMOD-1035-4619-18-158-28488,1.265625,1.260055375126847,0.004420142942203942
RMOD-1035-4634-04-101-30505,1.271523178807947,1.2871074571518837,-0.012107985434581914
RMOD-1035-4634-04-101-34569,0.8475750577367206,0.8587073723402016,-0.012964037531368211
RMOD-1035-4634-04-101-35527,1.3258678611422172,1.3049467899528722,0.016032125869362535
RMOD-1035-4634-04-101-38997,1.3175853018372703,1.3614839213177747,-0.03224321550416487
RMOD-1035-4634-04-106-30547,1.3448275862068966,1.2476502315858478,0.07788829926920293
RMOD-1035-4634-04-106-34603,0.9473684210526315,0.8804808834127181,0.07596705266406167
RMOD-1035-4634-04-106-35598,1.3113207547169812,1.3263107864366364,-0.011302050675414121
RMOD-1035-4634-04-106-37307,1.2307692307692308,1.2254799011152224,0.004316129256134671
RMOD-1035-4634-04-106-39036,1.4444444444444444,1.324357094337139,0.09067595939251638
RMOD-1035-4634-04-108-37271,1.2699004975124377,1.2815004366970606,-0.009051841772696134
RMOD-1035-4634-04-108-39053,1.3492063492063493,1.3358423537481576,0.0100041710915173
RMOD-1035-4634-100-104-30562,1.28,1.3733180346676266,-0.06795078220188933
RMOD-1035-4726-00-117-31896,1.4390243902439024,1.3949922709041633,0.031564418139176986
RMOD-1035-4726-00-119-31929,1.5,1.3743534383428113,0.0914223067748079
RMOD-1035-4775-03-101-48315,1.2337662337662338,1.30098669179728,-0.0516688283245873
RMOD-1035-4775-03-101-50995,1.25,1.329204585735476,-0.05958795702743569
RMOD-1035-4775-03-101-53904,1.161764705882353,1.2056337973920148,-0.03638674662617958
RMOD-1035-4775-03-106-48364,1.1358024691358024,1.2491544274261472,-0.09074295043240066
RMOD-1035-4775-03-106-51021,1.2258064516129032,1.2675886534898015,-0.03296195635852972
RMOD-1035-4775-03-106-53987,1.255813953488372,1.3526863899379058,-0.07161485261486267
RMOD-1035-5015-00-130-35890,1.1666666666666667,1.2986446169954367,-0.10162745727473621
RMOD-1035-5015-00-130-38143,1.3333333333333333,1.3144955066687445,0.014330841428533025
RMOD-1035-5015-00-130-40171,1.3043478260869565,1.31613069767243,-0.008952660709389715
RMOD-1035-5015-04-101-26006,1.0986436498150431,1.1291221237724698,-0.026993071268142432
RMOD-1035-5015-04-101-38085,1.3155339805825244,1.308303870906328,0.005526322926177496
RMOD-1035-5015-04-101-40094,1.2454128440366972,1.254312682521178,-0.007095390653781841
RMOD-1035-5015-04-103-35841,1.25,1.3011444530522762,-0.039307282855719494
RMOD-1035-5015-04-106-26051,1.1916666666666667,1.1853499698266448,0.00532897203426419
RMOD-1035-5015-04-106-35911,1.2,1.3085298859804628,-0.08294031885954434
RMOD-1035-5015-04-106-38150,1.273972602739726,1.3004449039780666,-0.020356342015998896
RMOD-1035-5015-04-106-40122,1.3617021276595744,1.286465902388105,0.05848287555216669
RMOD-1035-5069-26-152-44528,1.2138728323699421,1.2179950970208333,-0.0033844673603152797
RMOD-1035-5069-26-152-46563,1.146341463414634,1.1495219196983404,-0.0027667643645638007
RMOD-1035-5109-04-101-29497,1.3419117647058822,1.288572586367564,0.041394003646064936
RMOD-1035-5109-04-101-34932,1.2371134020618557,1.287471493681264,-0.03911394688469527
RMOD-1035-5109-04-101-39726,1.4027777777777777,1.362385786255531,0.029647983654661036
RMOD-1035-5109-04-106-34964,1.3529411764705883,1.3438467416340987,0.00676746429092856
RMOD-1035-5109-04-106-39721,1.2666666666666666,1.2714978246863327,-0.0037995802476955554
RMOD-1035-5109-04-107-39689,1.422680412371134,1.3991838978951192,0.01679301377850484
RMOD-1035-5137-27-152-27048,1.1428571428571428,1.125021964105713,0.01585318271151004
RMOD-1035-5137-27-152-28787,1.0285714285714285,1.1021649155164075,-0.06677175612190256
RMOD-1035-5147-04-101-38510,1.321875,1.343092725304134,-0.01579766229418711
RMOD-1035-5147-04-106-38539,1.2063492063492063,1.2999457577731186,-0.07200035144870087
RMOD-1035-5224-18-110-50701,1.2592592592592593,1.3070430967902484,-0.036558731420818225
RMOD-1035-5224-18-117-40851,1.2783882783882783,1.304893360889451,-0.020312067863619165
RMOD-1035-5224-18-117-48596,1.2470167064439142,1.2724356531906185,-0.01997660681934421
RMOD-1035-5224-18-117-50564,1.2999044890162368,1.3521450965045856,-0.038635356237577856
RMOD-1035-5224-18-145-40891,1.4071428571428573,1.359850595945115,0.034777541987892624
RMOD-1035-5224-18-145-48631,1.3625,1.3377290521754663,0.01851716368441747
RMOD-1035-5224-18-145-50682,1.36875,1.4183254911330134,-0.03495353601338058
RMOD-1035-5224-18-154-48685,1.4038461538461537,1.4039792404531464,-0.00009479243222243472
RMOD-1035-5361-100-126-45498,1.3428571428571427,1.280819783589633,0.048435666018246115
RMOD-1035-5361-26-152-43540,1.2166666666666666,1.1921534225612715,0.020562155542639626
RMOD-1035-5361-26-152-45430,1.1904761904761905,1.3014979752788602,-0.08530307915299062
RMOD-1035-5702-27-152-27800,1.1538461538461537,1.174384094719216,-0.017488265521828694
RMOD-1035-6030-04-101-161779,1.201834862385321,1.2340955236462907,-0.0261411378964016
RMOD-1035-6031-04-103-41172,1.3269230769230769,1.343953041865745,-0.012671547600373145
RMOD-1035-6031-04-103-47628,1.2855361596009975,1.2723718707609615,0.01034625893777652
RMOD-1035-6031-04-106-41214,1.5022831050228311,1.422783731181272,0.05587593679859859
RMOD-1035-6031-04-158-47664,1.2033195020746887,1.2430723237494012,-0.03197949219463636
RMOD-1035-6039-34-117-30191,1.2491525423728813,1.2563988538487596,-0.005767524742386065
RMOD-1035-6039-34-145-30230,1.4923076923076923,1.320859274046377,0.12980066963234704
RMOD-1035-6195-05-103-30850,1.0847784200385358,1.1995994292339354,-0.09571612523084005
RMOD-1035-6195-05-145-30920,1.1729323308270676,1.2259875114400807,-0.04327546579221908
RMOD-1035-7236-04-101-24068,1.2820993439550141,1.2713642240895207,0.00844378004515689
RMOD-1035-7236-04-101-36208,1.365482233502538,1.3690828963374007,-0.002629981606296461
RMOD-1035-7236-04-106-24111,1.2982456140350878,1.2768416903542887,0.016763177332391077
RMOD-1035-7236-04-106-36234,1.5319148936170213,1.3882803763781792,0.1034621821951871
RMOD-1035-7239-04-101-161608,1.2050561797752808,1.250717930101204,-0.036508431858994994
RMOD-1035-7239-04-158-161629,1.2171717171717171,1.2061025948638928,0.009177595964855234
RMOD-1035-7378-100-118-34289,1,0.9793390588185651,0.02109682136680968
RMOD-1035-7378-18-117-25394,1.1663917525773195,1.1942950168535424,-0.023363795278771304
RMOD-1035-7378-18-117-34188,0.9125822970007316,0.9360617612203141,-0.025083242572555453
RMOD-1035-7378-18-145-34242,1.1176470588235294,1.0099285830420344,0.10665949809741315
RMOD-1035-8087-27-152-24766,1.2882352941176471,1.2490821321556878,0.031345546424867976
RMOD-1035-8652-26-152-44818,1.2847222222222223,1.24399798088683,0.03273658153879033
RMOD-1035-8653-100-126-43245,1.3021582733812949,1.290399262523601,0.009112691861507427
RMOD-1035-8781-17-158-37837,1.2871287128712872,1.272645382838627,0.011380491555593508
RMOD-1035-8781-19-117-37807,1.2830957230142566,1.3139372119536787,-0.02347257438090533
RMOD-1035-8782-19-117-50313,1.2493150684931507,1.3365203207058087,-0.0652479807913473
RMOD-1035-8782-19-124-28174,1.196911196911197,1.2184142288774367,-0.017648375615287426
RMOD-1035-8793-17-118-32523,1.2865731462925851,1.3187434478782354,-0.024394662690010005
RMOD-1035-8793-17-158-32562,1.2285714285714286,1.4034470016527403,-0.12460432982176972
RMOD-1035-9563-04-101-26413,1.2749658002735977,1.2550066148136159,0.01590364960980395
RMOD-1035-9563-04-106-26450,1.253968253968254,1.2745229002429725,-0.016127325974919837
RMOD-1035-9565-04-101-40477,1.227027027027027,1.2760947989725817,-0.03845151001717151
RMOD-1035-9566-04-101-31513,1.2930800542740841,1.2781171562309912,0.011706984739346282
RMOD-1035-9566-04-145-31546,1.3304347826086957,1.3234492268220817,0.005278295264403932
RMOD-1035-9967-19-117-36605,1.3703284258210646,1.3421636666031793,0.020984593696509624
RMOD-1035-9969-34-119-24370,1.3123595505617978,1.2997818959152594,0.009676742448917919
RMOD-1035-9969-34-145-24394,1.2622950819672132,1.3064070672302228,-0.03376588076527609
RMOD-1035-9970-100-119-29895,1.408450704225352,1.2714122030297623,0.10778447844768868
RMOD-1035-9970-19-117-29844,1.2162162162162162,1.2416519206171541,-0.020485374345730722
RMOD-1035-9970-19-117-52716,1.3179190751445087,1.2913938078953764,0.020540029762386114
RMOD-1035-9970-19-145-29877,1.2708333333333333,1.304087144729085,-0.025499684994333527
RMOD-1035-9970-19-145-52772,1.3877551020408163,1.3634190674231674,0.01784926967732936
RMOD-1036-0064-03-101-43911,1.360655737704918,1.218466182814831,0.11669552827605667
RMOD-1036-0064-03-158-43946,1.3333333333333333,1.3244088247294914,0.006738484701402259
RMOD-1036-0065-03-101-44529,1.1395348837209303,1.2154110479808058,-0.062428397689761495
RMOD-1036-0065-03-106-44611,1.3571428571428572,1.3535524733304853,0.0026525634455363267
RMOD-1036-0778-00-117-42499,1.5379746835443038,1.430724560447338,0.07496210386116009
RMOD-1036-1443-27-152-32178,1.0864197530864197,1.1940249686539637,-0.09011973651509841
RMOD-1036-2330-02-101-33160,1.2256637168141593,1.2409568072131076,-0.01232362827622746
RMOD-1036-2336-27-152-33450,1.2517482517482517,1.2236316622892998,0.022977984572864374
RMOD-1036-2757-04-103-33826,1.2136986301369863,1.2164342676266608,-0.0022488987382868197
RMOD-1036-3625-19-117-47909,1.160614525139665,1.2451050239464658,-0.06785813018326858
RMOD-1036-3691-03-101-42887,1.2669172932330828,1.2806334989899457,-0.010710484902730744
RMOD-1036-3691-03-101-49256,1.3495934959349594,1.3939228550846843,-0.03180187410517188
RMOD-1036-3691-03-104-42944,1.2833333333333334,1.2180000813229486,0.05363977639428574
RMOD-1036-3691-03-106-42943,1.3125,1.2705608904751664,0.033008342881661656
RMOD-1036-3691-03-106-49348,1.25,1.426267573015298,-0.12358660909793218
RMOD-1036-3774-39-126-42213,1.224561403508772,1.2854818816875828,-0.04739116050304382
RMOD-1036-3774-39-127-42290,1.1940298507462686,1.2658219951647571,-0.05671582947106568
RMOD-1036-3952-27-126-35528,1.2025316455696202,1.2151110693626008,-0.010352488846619767
RMOD-1036-3955-27-126-25737,1.0870588235294119,1.160406126715452,-0.06320830396996513
RMOD-1036-4124-100-127-45154,1.4125,1.2142898824846604,0.16323130116983697
RMOD-1036-4124-27-145-45280,1.2678571428571428,1.296336202624967,-0.02196888408281461
RMOD-1036-4630-39-126-161703,1.1812865497076024,1.2455259659203903,-0.05157613568121633
RMOD-1036-4630-39-126-36606,1.255813953488372,1.2810872841064516,-0.019728031752112463
RMOD-1036-4630-39-127-36613,1.1935483870967742,1.2837364245986982,-0.07025432617923666
RMOD-1036-4632-100-127-24768,1.3095238095238095,1.247787240039147,0.04947683988395779
RMOD-1036-4632-100-127-39739,1.3796296296296295,1.2576572185700803,0.09698382775413816
RMOD-1036-4632-100-127-41927,1.271186440677966,1.2166553538049893,0.044820488154213356
RMOD-1036-4632-27-126-36865,1.036649214659686,1.1350503599265571,-0.08669319771260031
RMOD-1036-4632-27-126-39690,1.1477272727272727,1.240955747207446,-0.07512634893707337
RMOD-1036-4632-27-126-41862,1.127388535031847,1.2289151903982598,-0.08261485915355193
RMOD-1036-4632-27-145-34604,0.8518518518518519,0.8599706966155123,-0.009440838851385025
RMOD-1036-4632-27-145-36905,1.1917098445595855,1.2253176411196143,-0.027427823963523723
RMOD-1036-4632-27-145-41910,1.3622047244094488,1.3187876127876326,0.03292198925802925
RMOD-1036-4632-27-152-31514,1.2825112107623318,1.270693798233374,0.009299968682767945
RMOD-1036-4632-27-152-34570,0.8606965174129353,0.8442365654868045,0.019496847920392524
RMOD-1036-4838-04-108-35189,1.4680851063829787,1.3860627421736225,0.05917651612273267
RMOD-1036-4838-04-108-37647,1.3493333333333333,1.3500906745053578,-0.0005609557834342915
RMOD-1036-5053-100-127-36254,1.5595238095238095,1.3515796133457048,0.15385271731301042
RMOD-1036-5053-27-126-36209,1.2121212121212122,1.2687641269200531,-0.04464416481914779
RMOD-1036-5053-27-145-36235,1.4378109452736318,1.3540676152949345,0.06184575203835507
RMOD-1036-5115-100-127-40571,1.2142857142857142,1.2054651794819822,0.007317121185966169
RMOD-1036-5115-100-127-45860,1.3416666666666666,1.2215454545463988,0.09833544193807575
RMOD-1036-5115-100-127-51309,1.3968253968253967,1.3540270587306427,0.03160818524178999
RMOD-1036-5115-27-126-40478,1.1810089020771513,1.2209462951807328,-0.03271019639538664
RMOD-1036-5115-27-152-53459,1.1884057971014492,1.3153934809313388,-0.09653969376522864
RMOD-1036-5120-100-127-25423,1.2936170212765958,1.2775492877845462,0.012576996946954022
RMOD-1036-5120-100-127-39080,1.6585365853658536,1.4078261126976972,0.1780834084599705
RMOD-1036-5120-100-127-50565,1.2190476190476192,1.2735632692614969,-0.04280560811516654
RMOD-1036-5120-27-126-38998,1.4,1.3260716172935316,0.055749917080160305
RMOD-1036-5120-27-145-25461,1.263157894736842,1.2344636057577725,0.02324433773926926
RMOD-1036-5148-03-101-161609,1.186046511627907,1.2181534941176706,-0.026357090994529542
RMOD-1036-5148-03-106-161630,1.232258064516129,1.238926955983401,-0.005382796326340755
RMOD-1036-5173-03-101-30192,1.1656050955414012,1.1393080351092064,0.02308160709993956
RMOD-1036-5173-03-101-37273,1.1287128712871286,1.1036433883224335,0.02271520241950764
RMOD-1036-5173-03-101-41543,1.088235294117647,1.1603850024517686,-0.062177387833931785
RMOD-1036-5173-03-101-44225,1.3035714285714286,1.2665733643640913,0.029211149743317844
RMOD-1036-5173-03-102-25102,1.2307692307692308,1.2517951819129223,-0.016796638497650118
RMOD-1036-5173-03-102-34189,0.8545454545454545,0.9280984432890016,-0.07925127908079399
RMOD-1036-5173-03-106-25128,1.095959595959596,1.1864845593591542,-0.07629679011453183
RMOD-1036-5173-03-106-30232,1.1964285714285714,1.194343868772958,0.0017454794302709242
RMOD-1036-5173-03-106-34243,1.1666666666666667,0.972995140163114,0.1990467562572671
RMOD-1036-5173-03-106-37308,1.275,1.3050468484393893,-0.02302357840664515
RMOD-1036-5173-03-106-41572,1.278688524590164,1.2912330099297862,-0.009715121316720587
RMOD-1036-5173-03-158-44294,1.3186813186813187,1.3048106152410328,0.010630434239472741
RMOD-1036-5350-17-118-26007,1.2777777777777777,1.2280140997717715,0.04052370246828185
RMOD-1036-5350-17-118-52717,1.3928571428571428,1.336351953007396,0.042283164792467076
RMOD-1036-5519-100-127-46632,1.4545454545454546,1.283435864430571,0.1333214965056322
RMOD-1036-5519-27-152-26704,1.123076923076923,1.1878165064497224,-0.05450301710850958
RMOD-1036-5519-27-152-46564,1.3409090909090908,1.2701960297536983,0.055670982666435
RMOD-1036-5528-02-101-28175,1.2185185185185186,1.197788818420576,0.01730664018493422
RMOD-1036-5528-02-106-28213,1.2738095238095237,1.231986970408963,0.033947236785042856
RMOD-1036-5581-26-127-53063,1.2456140350877194,1.2965227669010233,-0.039265590325873956
RMOD-1036-5603-100-126-54761,1.3625730994152048,1.1928220676556172,0.14231043871716564
RMOD-1036-5603-26-152-50317,1.2575757575757576,1.2770473562031617,-0.015247358316684334
RMOD-1036-5603-26-152-52342,0.9041095890410958,0.8918871232217683,0.013704050099048848
RMOD-1036-5945-03-101-47277,1.462962962962963,1.3695147136662298,0.06823457124207866
RMOD-1036-5945-03-101-49941,1.355421686746988,1.409944643878913,-0.03867028210549195
RMOD-1036-5945-03-106-47312,1.2933333333333332,1.2842235332155623,0.007093624966489465
RMOD-1036-6716-27-126-161780,1.0986547085201794,1.1787669796365594,-0.0679627716930793
RMOD-1036-6736-26-127-43541,1.1466666666666667,1.1656948923528179,-0.016323504384363363
RMOD-1036-6736-26-127-51036,1.2096774193548387,1.3296689540317959,-0.09024166076309537
RMOD-1036-6736-26-152-50998,1.358974358974359,1.284450896331045,0.058019705429133595
RMOD-1036-6779-17-118-30903,1.1751412429378532,1.2143282530366264,-0.03227052487725601
RMOD-1036-6779-17-124-30851,1.0696864111498259,1.141044940764514,-0.0625378782774999
RMOD-1036-6782-04-101-48597,1.191304347826087,1.2068759302586152,-0.01290238875605998
RMOD-1036-6782-04-106-48632,1.2916666666666667,1.239812721452434,0.04182401447977235
RMOD-1036-6857-04-101-48318,2,1.6713445602780006,0.19664134346261486
RMOD-1036-7695-03-101-29845,1.0168776371308017,1.1463515306202607,-0.11294431946141692
RMOD-1036-7695-03-101-41173,1.2916666666666667,1.2640708082542726,0.02183094351376158
RMOD-1036-7695-03-102-28788,1.1518987341772151,1.1783000726927908,-0.022406294565729845
RMOD-1036-7695-03-106-41216,1.4414414414414414,1.3681262147353228,0.05358805782425735
RMOD-1036-7695-03-160-28816,1.2574257425742574,1.2611416694317688,-0.002946478534156749
RMOD-1036-7818-03-101-31136,1.0694444444444444,1.2292476761367948,-0.1300008409977803
RMOD-1036-7818-03-104-29114,1.175257731958763,1.2046921442475587,-0.024433140391382224
RMOD-1036-7818-03-106-29170,1.3043478260869565,1.284604363633268,0.015369294245465515
RMOD-1036-7818-03-106-31226,1.3928571428571428,1.3573903938427812,0.0261286282673292
RMOD-1036-7880-04-101-24371,1.0608695652173914,1.15121237429322,-0.07847623174767748
RMOD-1036-7880-04-101-27049,1.0786516853932584,1.1471217338639297,-0.05968856351456164
RMOD-1036-7880-04-101-28452,1.2091503267973855,1.1401527077176348,0.06051612087811531
RMOD-1036-7880-04-106-28489,1.2222222222222223,1.1935402229562573,0.024031028627525375
RMOD-1036-7880-04-145-24395,1.3472222222222223,1.296280585534396,0.03929831030125741
RMOD-1036-8362-04-101-38086,1.2301136363636365,1.2530833259473586,-0.018330536452040525
RMOD-1036-8362-04-101-46202,1.2077294685990339,1.2603322230180283,-0.04173721298105859
RMOD-1036-8362-04-106-46273,1.329268292682927,1.2805488605603397,0.03804574243365355
RMOD-1036-8362-04-145-38153,1.3252595155709344,1.3063704789494317,0.014459172896108985
RMOD-1036-8363-04-101-162448,1.1813110181311017,1.1781957920719823,0.002644064832077797
RMOD-1036-8363-04-101-30506,1.1283095723014256,1.152380018076376,-0.020887593846976138
RMOD-1036-8363-04-101-32524,1.1401384083044983,1.1729080830625527,-0.02793882592444097
RMOD-1036-8363-04-101-38511,1.1166666666666667,1.195899734622148,-0.06625393890610365
RMOD-1036-8363-04-101-40852,1.2439024390243902,1.283087658217361,-0.030539783421665856
RMOD-1036-8363-04-101-45431,1.0828877005347595,1.1926021655469383,-0.09199586264532977
RMOD-1036-8363-04-101-48972,1.1818181818181819,1.162783685500595,0.016369765550496185
RMOD-1036-8363-04-103-27801,1.1259124087591241,1.1174182284937877,0.007601612403250302
RMOD-1036-8363-04-106-30548,1.1754385964912282,1.1898295039604476,-0.012094932443109108
RMOD-1036-8363-04-106-38540,1.385321100917431,1.3298513715155968,0.0417112247202609
RMOD-1036-8363-04-106-40892,1.351063829787234,1.3908929171171964,-0.028635624525655934
RMOD-1036-8363-04-106-45536,1.273972602739726,1.2692294340566717,0.0037370459239149945
RMOD-1036-8363-04-106-49008,1.302325581395349,1.2848517405732494,0.01359988882009322
RMOD-1036-8363-04-108-45499,1.2203389830508475,1.164431306798708,0.04801285908899389
RMOD-1036-8363-04-160-162470,1.3316326530612246,1.2553282074837069,0.06078445869584104
RMOD-1036-8363-04-160-27885,1.1653543307086613,1.173436740576737,-0.006887810470382227
RMOD-1036-8437-04-101-27410,1.111731843575419,1.1372652194819246,-0.02245155788562414
RMOD-1036-8437-04-101-29498,1.303030303030303,1.2319635155325315,0.05768578906904742
RMOD-1036-8437-04-101-31897,1.0739299610894941,1.1845186179188127,-0.09336168731870309
RMOD-1036-8437-04-101-32845,1.255813953488372,1.2277546060530466,0.022854198466849995
RMOD-1036-8437-04-101-34933,1.1772151898734178,1.1888540285008462,-0.00978996440976454
RMOD-1036-8437-04-101-35842,1.1020408163265305,1.1492659886002525,-0.041091594758877026
RMOD-1036-8437-04-101-37808,1.2081447963800904,1.161794418245489,0.039895507679059694
RMOD-1036-8437-04-101-40095,1.105263157894737,1.208402816269827,-0.08535205064604867
RMOD-1036-8437-04-101-44819,1.0092592592592593,1.1088875912620406,-0.08984529431823929
RMOD-1036-8437-04-101-47630,1.1292134831460674,1.1905877528732354,-0.051549555737537056
RMOD-1036-8437-04-101-49632,1.228813559322034,1.254780496821303,-0.0206944063643405
RMOD-1036-8437-04-101-51637,1.2838709677419355,1.2321964457713612,0.041936918539174695
RMOD-1036-8437-04-101-53905,1.2882882882882882,1.2589821845730897,0.023277615898223525
RMOD-1036-8437-04-106-26451,1.125,1.162281434689264,-0.03207608207149182
RMOD-1036-8437-04-106-27486,1.0298507462686568,1.1582611177580233,-0.1108647864636283
RMOD-1036-8437-04-106-29559,1.3372093023255813,1.3197689513366013,0.01321470017256976
RMOD-1036-8437-04-106-31919,1.205128205128205,1.2913012056348734,-0.06673346244132172
RMOD-1036-8437-04-106-32932,1.2727272727272727,1.3130661602187998,-0.030721138594269504
RMOD-1036-8437-04-106-34965,1.2,1.287900774771889,-0.0682512010969617
RMOD-1036-8437-04-106-35912,1.1830985915492958,1.197626130144723,-0.012130278581740428
RMOD-1036-8437-04-106-37838,1.27,1.2837060347478841,-0.010676926318708202
RMOD-1036-8437-04-106-40123,1.378787878787879,1.314260530639375,0.04909783611709906
RMOD-1036-8437-04-106-44927,1.2857142857142858,1.2536866674048515,0.02554674875480001
RMOD-1036-8437-04-106-47665,1.4054054054054055,1.3325221698781726,0.054695702011394065
RMOD-1036-8437-04-106-49682,1.5,1.4106308210265008,0.06335405241498004
RMOD-1036-8437-04-106-51711,1.3157894736842106,1.365606717878752,-0.03647993492000723
RMOD-1036-8437-04-107-24070,1.1608040201005025,1.2325968797534446,-0.05824520638678132
RMOD-1036-8437-04-107-26414,1.1676300578034682,1.1445171859302203,0.020194429718818574
RMOD-1036-8437-100-104-29574,1.6428571428571428,1.2382897553642083,0.3267146366513729
RMOD-1036-8765-03-101-43246,1.263157894736842,1.2956890682169409,-0.025107237745600752
RMOD-1036-8765-03-106-43289,1.4157303370786516,1.367075934438951,0.03559012445030607
RMOD-1036-9637-27-152-52005,1.118811881188119,1.055679076109119,0.05980302774559676
RMOD-1036-9637-27-152-54290,1.2248062015503876,1.2542728361377171,-0.023493002270595365
RMOD-1036-9972-27-126-39340,1.11864406779661,1.2371423019749563,-0.09578383504401822
RMOD-1036-9972-27-126-46977,1.0980392156862746,1.2066229324399194,-0.08998976717115514
RMOD-1036-9972-27-145-47030,1.2565217391304349,1.3372609427936861,-0.060376551112439
RMOD-1037-0068-09-117-51310,1.335483870967742,1.3649583709740265,-0.021593698850501664
RMOD-1037-0133-02-101-161610,1.1540697674418605,1.2076513583192847,-0.04436842678833641
RMOD-1037-0582-02-101-44530,1.1681260945709282,1.2088875570715267,-0.0337181587006663
RMOD-1037-0582-02-106-44612,1.231638418079096,1.2666610713680566,-0.027649585260510423
RMOD-1037-0607-02-101-37648,1.385135135135135,1.3331379038911055,0.03900364027777048
RMOD-1037-0607-02-103-43247,1.3804034582132565,1.3459949108644225,0.025563653377215445
RMOD-1037-0607-02-108-24770,1.2186544342507646,1.2218920647671239,-0.002649686179095001
RMOD-1037-0607-02-160-24802,1.2480314960629921,1.2737099720143477,-0.020160379140900853
RMOD-1037-0778-00-117-52007,0.9622641509433962,1.0419975759542257,-0.07651977974882751
RMOD-1037-0778-100-130-54291,1.5606060606060606,1.4483832761542987,0.07748141413903387
RMOD-1037-2300-09-110-24372,1.2239520958083832,1.2265049393232215,-0.002081396848060746
RMOD-1037-2370-02-107-25103,1.3257918552036199,1.3021986765257327,0.01811795627133783
RMOD-1037-2481-09-118-33453,1.3371428571428572,1.2784081927222097,0.04594359200372411
RMOD-1037-2481-09-145-33483,1.411214953271028,1.4149041550089148,-0.0026073863200036795
RMOD-1037-2933-09-117-50319,1.2748538011695907,1.335849419598933,-0.04566054941106712
RMOD-1037-2933-09-118-30507,1.2414698162729658,1.2327407313535985,0.007081038775917259
RMOD-1037-2933-10-117-37809,1.2967914438502675,1.2779545129885836,0.014739907148676457
RMOD-1037-2933-10-117-40096,1.2446483180428134,1.2812862025768452,-0.028594614115369343
RMOD-1037-2933-100-110-30565,1.4886363636363635,1.4475538390764453,0.028380653935558886
RMOD-1037-3046-09-110-34190,0.8860510805500982,0.9666898039609239,-0.08341737243986203
RMOD-1037-3046-09-117-40853,1.3058823529411765,1.3371273892190734,-0.02336728462061133
RMOD-1037-3046-09-117-44820,1.1821192052980132,1.2285897775461838,-0.03782431947381537
RMOD-1037-3046-09-117-48973,1.3143939393939394,1.3114872213039783,0.0022163525825824593
RMOD-1037-3081-10-109-26416,1.0205479452054795,1.1211784598202308,-0.08975423469238453
RMOD-1037-3081-10-109-28453,1.1160220994475138,1.214262750075149,-0.08090559528533292
RMOD-1037-3081-10-118-31515,1.2191780821917808,1.2085661821448188,0.008780570070336946
RMOD-1037-3081-10-145-31547,1.2982456140350878,1.31128946026047,-0.009947343146334275
RMOD-1037-3105-10-117-35191,1.318529862174579,1.3322505381206582,-0.010298870635424562
RMOD-1037-3105-10-117-39341,1.3214285714285714,1.3183643617917105,0.0023242509625309715
RMOD-1037-3759-09-110-25739,1.1828298887122417,1.2242873669949759,-0.03386253864931399
RMOD-1037-3766-02-101-26008,1.0426287744227354,1.116638564041544,-0.06627909155397482
RMOD-1037-3766-02-106-26052,1.170909090909091,1.1543676770089135,0.014329415341079121
RMOD-1037-3796-09-110-27411,1.1785714285714286,1.1581352377036664,0.01764577244733756
RMOD-1037-3796-09-117-41544,1.2904564315352698,1.2888227430524353,0.001267581978702026
RMOD-1037-3796-09-117-43548,1.2226415094339622,1.1881311509437944,0.02904591674307544
RMOD-1037-3796-09-117-45861,1.2377260981912144,1.2805137173558556,-0.03341441687402902
RMOD-1037-3796-09-145-41573,1.3958333333333333,1.3643826102365197,0.023051248865860074
RMOD-1037-3796-09-145-43601,1.4492753623188406,1.3790416053026022,0.050929396724638254
RMOD-1037-3816-09-118-29115,1.1590909090909092,1.2012212679591745,-0.035072937844201735
RMOD-1037-3870-09-117-28789,1.0825635103926097,1.14630085774129,-0.05560263426328638
RMOD-1037-3870-09-118-33161,1.1969253294289897,1.2395686797504026,-0.03440176491874536
RMOD-1037-4137-09-117-42214,1.2865853658536586,1.3174472394092756,-0.023425510056444443
RMOD-1037-4137-09-117-49257,1.3624595469255663,1.338779290714722,0.0176879463068198
RMOD-1037-4137-09-154-49349,1.411764705882353,1.4219427887401939,-0.007157870864029969
RMOD-1037-4361-10-117-35529,1.3604826546003017,1.3195252225708458,0.03103952188928827
RMOD-1037-4361-10-117-54762,1.3227272727272728,1.2859390397953188,0.028608069117964874
RMOD-1037-4426-09-110-161781,1.208233890214797,1.2302605992271927,-0.017904100177012827
RMOD-1037-4426-09-117-45432,1.165658093797277,1.194644260735352,-0.02426342961730954
RMOD-1037-4426-09-145-161827,1.3621621621621622,1.3029041610006564,0.045481473569011
RMOD-1037-4714-10-117-37275,1.2061248527679622,1.228329161115814,-0.01807683888875633
RMOD-1037-4714-10-117-48320,1.2150706436420722,1.2761314822049283,-0.047848391340799656
RMOD-1037-4714-10-117-51638,1.2772277227722773,1.2773568548534633,-0.00010109319153484009
RMOD-1037-4714-10-117-53906,1.188785046728972,1.2768599096476232,-0.06897770245050405
RMOD-1037-4715-10-117-38087,1.214123006833713,1.2275709258604652,-0.01095490186632253
RMOD-1037-4855-09-117-50566,1.4580152671755726,1.3865693656639735,0.05152710227186241
RMOD-1037-4855-09-117-52718,1.1547619047619047,1.2574141213277885,-0.08163755665276473
RMOD-1037-4967-09-110-32179,1.3345164152617568,1.3146895746181115,0.015081005452868723
RMOD-1037-4967-09-117-33827,1.2414772727272727,1.2562904939054607,-0.011791238770053725
RMOD-1037-4967-09-117-35843,1.271412680756396,1.2778020716598624,-0.005000297812294718
RMOD-1037-4981-00-117-41229,1.4883720930232558,1.4253301331298374,0.044229725049723445
RMOD-1037-4981-00-117-46293,1.4285714285714286,1.2127778265567488,0.17793333394571453
RMOD-1037-4981-100-130-36612,1.3461538461538463,1.3335482005234098,0.009452710914752638
RMOD-1037-4981-100-130-41174,1.4430379746835442,1.4452020766286147,-0.001497438994911171
RMOD-1037-4981-100-130-46203,1.3488372093023255,1.3883102106742908,-0.028432407302394935
RMOD-1037-5265-09-110-28176,1.1958568738229756,1.1912967830146286,0.0038278377591245416
RMOD-1037-5265-09-118-32525,1.2597402597402598,1.2579129991661255,0.001452612839954348
RMOD-1037-5266-09-110-27802,1.1331719128329298,1.1661361757807378,-0.02826793614025236
RMOD-1037-5528-02-101-41864,1.1888888888888889,1.2871455890880703,-0.07633689695413182
RMOD-1037-5528-02-106-41911,1.2816901408450705,1.3477855696038232,-0.049040018122601836
RMOD-1037-5663-09-110-26705,1.1983695652173914,1.1878243633844974,0.008877745025238415
RMOD-1037-5663-09-110-32846,1.3537906137184115,1.312059876675448,0.031805512678813486
RMOD-1037-5663-09-117-34934,1.3170731707317074,1.2963963929763875,0.01594942555173895
RMOD-1037-5739-09-117-38999,1.2862745098039217,1.3285902484393086,-0.03185010478971617
RMOD-1037-5740-09-117-47632,1.2354497354497354,1.256162073272551,-0.016488587152496792
RMOD-1037-5740-09-117-49633,1.2707736389684814,1.284706514861125,-0.01084518193958861
RMOD-1037-5740-09-117-52343,0.8976034858387799,0.9292824546970354,-0.03408970942917822
RMOD-1037-5740-10-117-40479,1.2721518987341771,1.288554214026413,-0.012729239572297546
RMOD-1037-7070-10-109-162449,1.0256410256410255,1.16234113245518,-0.11760756201185674
RMOD-1037-7120-02-101-36866,1.1376451077943615,1.2015852433788248,-0.05321314982586278
RMOD-1037-7120-02-101-45203,1.2285714285714286,1.1296641019716382,0.08755463365363592
RMOD-1037-7120-02-101-49942,1.1746031746031746,1.2111762037281855,-0.030196291020607502
RMOD-1037-7120-02-103-38512,1.288679245283019,1.2661286669370633,0.017810653004570742
RMOD-1037-7120-02-103-42888,1.221884498480243,1.2568822460758127,-0.02784488976977606
RMOD-1037-7120-02-103-45155,1.165625,1.194320009836794,-0.024026232165963002
RMOD-1037-7120-02-103-50021,1.3766816143497758,1.3195836427826053,0.0432696872831555
RMOD-1037-7120-02-106-36906,1.0671641791044777,1.1863494862228283,-0.10046390924635551
RMOD-1037-7120-02-106-38541,1.292929292929293,1.3061670232137748,-0.010134791377530594
RMOD-1037-7120-02-106-45269,1.2424242424242424,1.2504497139162978,-0.006418068157991175
RMOD-1037-7120-02-106-49993,1.34,1.3034045601115247,0.02807680823622727
RMOD-1037-7147-09-110-25395,1.1995043370508054,1.206352214751353,-0.005676516043002455
RMOD-1037-7147-09-110-29846,1.159144893111639,1.1941845525779753,-0.029341913183095092
RMOD-1037-7147-09-117-39691,1.1834415584415585,1.2600466819944218,-0.060795464682000255
RMOD-1037-7147-09-117-44228,1.1672727272727272,1.2124569382549404,-0.03726665216436109
RMOD-1037-7147-09-145-25462,1.238938053097345,1.2480297964395404,-0.007284876825964126
RMOD-1037-7147-09-145-29878,1.2844036697247707,1.2689548389551886,0.012174452782182765
RMOD-1037-7147-09-145-44297,1.4901960784313726,1.3490189119736904,0.10465173260701888
RMOD-1037-7567-10-117-51000,1.3072289156626506,1.3162392161089504,-0.0068454885221668205
RMOD-1037-7567-10-117-53064,1.356060606060606,1.3053001922133833,0.038887923368147836
RMOD-1037-7989-02-101-47278,1.35,1.2651219907611864,0.06709077058074464
RMOD-1037-7989-02-103-34571,0.8221343873517787,0.8585227805184734,-0.04238488947808616
RMOD-1037-7989-02-103-43912,1.3032786885245902,1.2731333005963985,0.02367810810860904
RMOD-1037-7989-02-106-34605,0.94,0.9407491067587428,-0.0007962875046714224
RMOD-1037-7989-02-106-43947,1.3870967741935485,1.2843695539163427,0.07998260310980321
RMOD-1037-7989-02-106-47313,1.3516483516483517,1.303722893414029,0.03676046380440656
RMOD-1037-8374-02-101-161704,1.2439862542955327,1.2562611649329605,-0.009770986304494134
RMOD-1037-8374-02-160-161723,1.3818181818181818,1.302925014680776,0.06055081163418685
RMOD-1037-8434-09-110-27050,1.2440677966101694,1.1837782893469624,0.0509297288231787
RMOD-1037-8434-09-118-31137,1.2285714285714286,1.2146812182917506,0.011435272127787055
RMOD-1037-8434-09-145-27111,1.3076923076923077,1.2799402483179663,0.021682308538083506
RMOD-1037-8441-09-110-24073,1.2162485065710873,1.2393986427574073,-0.018678523106024914
RMOD-1037-8441-09-117-53460,1.3487394957983194,1.3471379218993014,0.001188871512695533
RMOD-1037-8561-10-118-29499,1.1633986928104576,1.2947591157840195,-0.1014554918920334
RMOD-1037-9080-02-103-46980,1.3098159509202454,1.3148281868840062,-0.0038120843573022922
RMOD-1037-9080-02-104-42491,1.229426433915212,1.2759442634189533,-0.03645757172738462
RMOD-1037-9080-02-145-42531,1.2871794871794873,1.3646573206766555,-0.056774570672988856
RMOD-1037-9080-02-158-47031,1.5,1.325518351270327,0.131632767333969
RMOD-1037-9271-09-110-30193,1.163855421686747,1.1940222215688032,-0.025264856329407892
RMOD-1037-9678-100-109-30864,1.2191780821917808,1.160830794062413,0.05026338759086246
RMOD-1037-9685-09-110-31898,1.2108843537414966,1.243058835514226,-0.025883313688381815
RMOD-1037-9685-09-117-36210,1.2328597899938234,1.2505070406269103,-0.014112076189703004
RMOD-1037-9685-09-117-47910,1.1837837837837837,1.2708664015529125,-0.06852224408696284
RMOD-1037-9685-09-145-47945,1.3949579831932772,1.3146656359243234,0.06107434854528737
RMOD-1037-9959-02-101-46566,1.3381294964028776,1.2875134453729786,0.03931302714686291
RMOD-1037-9959-02-101-48598,1.2525252525252526,1.2887355061334544,-0.028097505993950778
RMOD-1037-9959-02-106-46642,1.2954545454545454,1.211243753614826,0.06952423208656522
RMOD-1037-9959-02-106-48633,1.221476510067114,1.3217540998778394,-0.07586705410635242
RMOD-1038-0142-00-119-37810,1.4814814814814814,1.4242123068299124,0.04021112187904197
RMOD-1038-0142-00-119-52344,1.3636363636363635,1.0516155752978922,0.2967061307075878
RMOD-1038-0142-00-127-37853,1.4090909090909092,1.4836242345701243,-0.05023733351242465
RMOD-1038-0142-00-127-52444,0.967741935483871,0.9103527311542169,0.0630406241071979
RMOD-1038-0585-00-119-31516,1.5,1.3473131425100575,0.11332692651203957
RMOD-1038-0601-00-117-45156,1.263157894736842,1.3846687882877837,-0.08775448293392685
RMOD-1038-0629-00-119-31899,1.5128205128205128,1.3660492723425581,0.1074421277837696
RMOD-1038-0776-01-103-161782,1.337984496124031,1.293104863940072,0.034706877559188554
RMOD-1038-0777-10-102-162450,1.2892561983471074,1.23704581772814,0.04220569672581154
RMOD-1038-1446-01-103-44531,1.2839506172839505,1.272417856870876,0.00906365809847709
RMOD-1038-1446-01-103-48974,1.3130193905817173,1.326575837461064,-0.010219126940599343
RMOD-1038-1446-01-107-44584,1.293103448275862,1.2368470704507548,0.045483697353631
RMOD-1038-2755-01-103-33455,1.33843537414966,1.2929902015887704,0.03514734489484006
RMOD-1038-2755-01-103-46567,1.3523316062176165,1.2950591611609397,0.044223805965231566
RMOD-1038-2755-01-103-52010,1.0159574468085106,1.0591732610642388,-0.040801458877753216
RMOD-1038-2755-01-106-46643,1.3434343434343434,1.2688270213324517,0.05880023111703858
RMOD-1038-2755-01-106-52059,1.1030927835051547,1.1146318020082437,-0.010352314084614345
RMOD-1038-3038-01-103-29500,1.1823899371069182,1.2165866802777952,-0.028108760128023436
RMOD-1038-3420-01-103-34191,0.969270166453265,0.9842680879333352,-0.01523763867175787
RMOD-1038-3420-01-103-46982,1.3712686567164178,1.335264964021155,0.02696370657913305
RMOD-1038-3420-01-103-49260,1.4835164835164836,1.4048749035534103,0.055977638837566124
RMOD-1038-3420-01-103-51311,1.4377622377622377,1.3865562077622742,0.03693036727490728
RMOD-1038-3420-01-103-54292,1.3781645569620253,1.3626089658832117,0.011416034583869639
RMOD-1038-3420-01-104-43913,1.304635761589404,1.2506499713341839,0.043166186776967264
RMOD-1038-3420-01-106-47032,1.3238636363636365,1.325230212819818,-0.001031199291233964
RMOD-1038-3420-01-106-49350,1.3793103448275863,1.3752442882765084,0.002956606753970803
RMOD-1038-3420-01-106-51350,1.4259259259259258,1.4013386812590247,0.017545540557555306
RMOD-1038-3420-01-106-54375,1.4,1.372710733455096,0.019879837667049705
RMOD-1038-3420-01-107-25396,1.1910112359550562,1.199858422468367,-0.007373525365692912
RMOD-1038-3420-01-107-27803,1.2240184757505774,1.189751546766961,0.028801751993290825
RMOD-1038-3420-01-107-49364,1.3846153846153846,1.368801806554072,0.011552861769756895
RMOD-1038-3420-01-158-43949,1.3258426966292134,1.2442253597007458,0.06559690838329946
RMOD-1038-3448-01-103-40480,1.3130699088145896,1.3161195219081743,-0.0023171247313185095
RMOD-1038-3448-01-106-40524,1.3439490445859872,1.2995480392713172,0.03416649786918735
RMOD-1038-3453-01-102-24772,1.260204081632653,1.2294241244637278,0.0250360771002045
RMOD-1038-3453-01-103-44230,1.211111111111111,1.2312332050026988,-0.016343040302867484
RMOD-1038-3465-01-103-33828,1.35678391959799,1.2953147429112193,0.047455012014005815
RMOD-1038-3465-01-103-37649,1.4226457399103138,1.3903201724801533,0.02325044840031043
RMOD-1038-3465-01-103-42215,1.3713355048859934,1.3614191958311102,0.007283802876622225
RMOD-1038-3465-01-103-47911,1.4104347826086956,1.3925319716179554,0.012856301582748753
RMOD-1038-3465-01-103-48323,1.3527918781725887,1.3251178777531487,0.02088418010506632
RMOD-1038-3465-01-103-51002,1.4380305602716468,1.4589010180704571,-0.0143056023268896
RMOD-1038-3465-01-106-47946,1.3053435114503817,1.329555507399692,-0.018210594303553096
RMOD-1038-3465-01-106-51022,1.4541666666666666,1.4325528468649464,0.015087624759547724
RMOD-1038-3601-01-103-54763,1.3083333333333333,1.318154594659551,-0.007450765916234725
RMOD-1038-3601-01-106-54697,1.3940677966101696,1.3535191073216843,0.02995797330761163
RMOD-1038-4177-01-102-25104,1.1587301587301588,1.1458526718537916,0.011238344328798888
RMOD-1038-4177-01-103-47279,1.2383720930232558,1.2357233846223836,0.002143447662991127
RMOD-1038-4177-01-104-36608,1.1428571428571428,1.2269041856507061,-0.06850334669694491
RMOD-1038-4177-01-104-39692,1.3053097345132743,1.2840549923995639,0.016552828531113617
RMOD-1038-4177-01-104-43248,1.1614906832298137,1.2129498817165436,-0.04242483491066085
RMOD-1038-4177-01-106-36630,1.2435897435897436,1.282679541969817,-0.030475108630829917
RMOD-1038-4177-01-106-43297,1.3793103448275863,1.3364984718956872,0.0320328633606104
RMOD-1038-4177-01-106-47314,1.15625,1.2378858992739084,-0.06594783842500551
RMOD-1038-4177-100-101-43339,1.380952380952381,1.2464362314770259,0.10792060281812699
RMOD-1038-4368-100-101-50323,1.3775510204081634,1.3515052904560125,0.019271644836375446
RMOD-1038-4368-100-101-53065,1.443298969072165,1.4327528871664144,0.007360712374209877
RMOD-1038-4928-01-103-32847,1.3795379537953796,1.347301160099398,0.023926939759780996
RMOD-1038-4928-01-103-35844,1.3576512455516014,1.3693132579689373,-0.008516686995811207
RMOD-1038-4928-01-103-40097,1.353932584269663,1.3432964066852644,0.007917967718416241
RMOD-1038-4945-01-103-41175,1.4071428571428573,1.2881158609265526,0.09240395202547025
RMOD-1038-4945-01-103-45862,1.2788461538461537,1.2828902475598036,-0.0031523302335036973
RMOD-1038-4945-01-106-45921,1.2857142857142858,1.1980903433063885,0.07313633975721734
RMOD-1038-4969-01-103-26417,1.2864077669902914,1.249659884211462,0.02940630746262407
RMOD-1038-4969-01-103-49943,1.4142857142857144,1.400045832496641,0.010171011161598909
RMOD-1038-4969-01-103-52719,1.38,1.3011761357200737,0.06057893479294796
RMOD-1038-4969-01-106-26453,1.2763157894736843,1.2002452255648626,0.0633791847603653
RMOD-1038-5315-01-103-53461,1.4459930313588851,1.3720591747079025,0.05388532653245237
RMOD-1038-5366-00-117-25754,1.2828282828282829,1.2134530157671568,0.05717177851939015
RMOD-1038-5366-00-117-30223,1.3109243697478992,1.3562198753582222,-0.03339834965798527
RMOD-1038-6349-01-103-29847,1.231362467866324,1.2539672169344025,-0.018026586949650092
RMOD-1038-6349-100-101-29896,1.2456140350877194,1.1860443928633098,0.050225474343838394
RMOD-1038-7141-01-103-28790,1.0909090909090908,1.1994791571388737,-0.09051434164871675
RMOD-1038-7141-01-106-28817,0.9032258064516129,1.159741955910696,-0.22118381434053747
RMOD-1038-7141-100-101-28830,1.25,1.1670451906526131,0.07108106010959037
RMOD-1038-7386-00-117-27060,1.314102564102564,1.2561107108823628,0.046167788171684876
RMOD-1038-7480-01-103-40854,1.3389021479713603,1.3347920163947076,0.00307922996704324
RMOD-1038-7480-01-103-46204,1.305084745762712,1.2656421155017736,0.031164125922991337
RMOD-1038-7480-01-103-48599,1.1481481481481481,1.2315886490615906,-0.06775030037587626
RMOD-1038-7480-01-106-46274,1.4210526315789473,1.3210352602362665,0.07571135635304138
RMOD-1038-7481-01-103-38513,1.373134328358209,1.3504834973759374,0.01677238635368994
RMOD-1038-7481-01-106-38542,1.4956521739130435,1.427397786546699,0.047817355476970524
RMOD-1038-7496-00-117-161705,1.4841269841269842,1.3300991612594237,0.11580175926260794
RMOD-1038-7498-06-101-24075,1.307514450867052,1.2836563310980462,0.018586064814246184
RMOD-1038-7573-01-103-36211,1.2737226277372262,1.2597698633582894,0.011075645468880735
RMOD-1038-7573-01-104-27412,1.2091503267973855,1.1613402182736423,0.04116804685780551
RMOD-1038-7581-01-103-41865,1.278301886792453,1.2823184814450972,-0.003132291010980226
RMOD-1038-7581-01-107-35530,1.2777777777777777,1.2376578093338608,0.03241604273923704
RMOD-1038-8573-00-117-42889,1.6666666666666667,1.400484658302,0.1900642086914366
RMOD-1038-8632-00-117-162349,1.4845360824742269,1.376721264906977,0.07831274224890716
RMOD-1038-8632-00-117-26009,1.3428571428571427,1.257269965459137,0.06807382642498006
RMOD-1038-8632-00-117-30862,1.3916083916083917,1.3215134334673078,0.053041426871592856
RMOD-1038-8632-00-117-34587,0.8971428571428571,0.9224483371018835,-0.027432950921165045
RMOD-1038-8841-01-103-26706,1.084815321477428,1.166874420094602,-0.07032384736870068
RMOD-1038-8841-01-103-28454,1.1720841300191205,1.1777372038158649,-0.004799944994883787
RMOD-1038-8841-01-103-38088,1.28060263653484,1.2998138291543955,-0.014779957089742224
RMOD-1038-8841-01-103-42492,1.32078853046595,1.3090626920441861,0.008957430757921214
RMOD-1038-8841-01-160-42532,1.3157894736842106,1.3117085423741326,0.0031111570735764538
RMOD-1038-8900-00-117-28189,1.3181818181818181,1.3024992941123354,0.01204033210641442
RMOD-1038-8900-00-119-30519,1.3636363636363635,1.3698157841484317,-0.004511132506703874
RMOD-1038-8900-00-119-33162,1.4482758620689655,1.360188824136212,0.06476088934835444
RMOD-1038-8900-100-145-28215,1.372093023255814,1.312094939565438,0.04572693780089354
RMOD-1038-8917-00-119-32526,1.4285714285714286,1.4113216894324143,0.012222400653356003
RMOD-1038-9028-01-102-24374,1.2077294685990339,1.1995727587746463,0.006799679106350931
RMOD-1038-9028-01-103-29116,1.256900212314225,1.2564408855000326,0.0003655777358835266
RMOD-1038-9028-01-103-50567,1.3805668016194332,1.360114911096494,0.015036884277999318
RMOD-1038-9029-01-103-35192,1.286096256684492,1.3255711375082775,-0.02977952650507154
RMOD-1038-9029-01-103-39342,1.3216168717047452,1.3385027205083682,-0.012615475893250183
RMOD-1038-9569-00-119-32186,1.3125,1.2192111404401107,0.07651575388838228
RMOD-1038-9569-00-119-37291,1.3170731707317074,1.33854172561266,-0.01603876402965798
RMOD-1038-9569-00-119-39000,1.2702702702702702,1.3509114490676675,-0.0596939043288528
RMOD-1038-9569-00-119-43557,1.625,1.3946530427644288,0.1651643456633387
RMOD-1038-9569-00-119-45433,1.5,1.2727651138356388,0.17853638797465154
RMOD-1038-9569-00-119-49634,1.3846153846153846,1.5250551547002233,-0.092088321954785
RMOD-1038-9569-00-119-51639,2,1.6311663481570722,0.22611651611109074
RMOD-1038-9569-00-127-43602,1.2142857142857142,1.2342772536887163,-0.016196960077856093
RMOD-1038-9569-00-127-45500,0.9,1.3125879138159022,-0.3143316416928169
RMOD-1038-9569-00-127-49695,1.5454545454545454,1.535932760091291,0.006199350395188263
RMOD-1038-9569-00-127-51733,1.588235294117647,1.1945256487085114,0.329594970049244
RMOD-1038-9569-00-127-53907,1.2962962962962963,1.293259868509401,0.0023478868097832617
RMOD-1038-9569-33-119-41545,1.1785714285714286,1.281024960009727,-0.0799777792288453
RMOD-1038-9577-00-117-44825,1.1971830985915493,1.2659866444901016,-0.054347765987898033
RMOD-1038-9577-00-119-34946,1.3555555555555556,1.3024097510424202,0.04080574832198436
RMOD-1038-9577-00-119-47634,1.3783783783783783,1.2779832995195357,0.07855742629546625
RMOD-1038-9591-00-101-31150,1.3512658227848102,1.2914126048687498,0.04634709130947612
RMOD-1038-9654-00-117-36883,1.3269230769230769,1.145204449292442,0.15867789174492697
RMOD-1041-2189-17-162-47638,1.3888888888888888,1.235167991295285,0.12445343360331185
RMOD-1041-6118-100-148-44873,0.7,1.0060944664152145,-0.304240284220875
RMOD-1041-6118-15-148-44821,1.3225806451612903,1.385604306672452,-0.0454846027885939
RMOD-1041-6118-15-148-44885,1.1538461538461537,1.1223680994949097,0.02804610569866517
RMOD-1042-0162-15-148-44532,1.4883720930232558,1.377591439855321,0.08041618869203293
RMOD-1042-0162-15-148-44585,1.5833333333333333,1.292673455832601,0.22485174131894015
RMOD-1042-0162-15-148-44593,1.2765957446808511,1.0929953198150293,0.1679791500817156
RMOD-1042-0307-100-148-44829,0.8421052631578947,0.9474975229271045,-0.11123222722907122
RMOD-1042-0307-35-148-44874,1.603448275862069,1.366522882800914,0.17337828443497227
RMOD-1042-0371-10-148-43336,1.8,1.6446129421783364,0.09448244862760768
RMOD-1042-0371-15-148-43249,1.4,1.515092550693263,-0.07596403971532972
RMOD-1042-0371-35-115-43320,1.4230769230769231,1.207518299662405,0.1785137529383889
RMOD-1042-0937-100-148-37295,1.2777777777777777,1.1830641505833306,0.08005789639365446
RMOD-1042-0937-15-148-32527,1.2857142857142858,1.2309966831952204,0.04444983749025089
RMOD-1042-0937-15-148-32611,1.6666666666666667,1.299738177385433,0.28230954177198253
RMOD-1042-0937-15-148-32614,1.16,1.1540397419291901,0.00516469048184276
RMOD-1042-0937-35-115-37354,0.7916666666666666,0.9738411783942515,-0.1870679899036196
RMOD-1042-0937-35-148-37349,0.5666666666666667,0.7894249454253495,-0.28217790690495426
RMOD-1042-1405-15-148-31138,1.3934426229508197,1.2749131903812012,0.09297059083228887
RMOD-1042-1405-15-148-31242,1.6,1.2647109580758422,0.2651112017201729
RMOD-1042-1405-15-148-31244,1.1818181818181819,1.011586456782644,0.16828193368361277
RMOD-1042-1540-100-148-34944,0.6923076923076923,1.0180656549617721,-0.31997736203596017
RMOD-1042-1540-100-148-36212,1.206896551724138,1.2706092690689288,-0.05014343818810474
RMOD-1042-1540-15-148-25397,1.321917808219178,1.2745676099787109,0.037150009046015287
RMOD-1042-1540-15-148-25503,1.25,1.1866298414278416,0.05340347626510633
RMOD-1042-1540-15-148-30508,1.42,1.2505919004444728,0.13546233547116193
RMOD-1042-1540-15-148-30566,1.3214285714285714,1.2194901226062949,0.08359104098720671
RMOD-1042-1540-35-115-34971,1.2857142857142858,1.4084768838728,-0.08715982460497451
RMOD-1042-1540-35-115-36242,1.15625,1.2533515084638724,-0.07747348434030421
RMOD-1042-1540-35-148-34968,1.1875,1.434737187188949,-0.17232228271252636
RMOD-1042-1540-35-148-36239,1.2647058823529411,1.2161768345174522,0.039902953631528515
RMOD-1042-1658-52-115-42965,1.4673913043478262,1.3624493305851602,0.0770244965496032
RMOD-1042-1658-52-148-42890,1.2903225806451613,1.2870541625126586,0.002539456557229869
RMOD-1042-1658-52-148-42946,1.4,1.4773774695846886,-0.05237488128639223
RMOD-1042-2050-15-148-28791,1.3793103448275863,1.3225823721630707,0.042891825763364366
RMOD-1042-2050-15-148-28819,1.3,1.161668391516588,0.11908011743593772
RMOD-1042-2311-15-148-28455,1.2222222222222223,1.208699269281354,0.011188021110419388
RMOD-1042-2311-15-148-28517,0.5087719298245614,0.7432427209679215,-0.31547001340021186
RMOD-1042-3632-100-148-39693,0.8620689655172413,0.9956195844745163,-0.13413820001116428
RMOD-1042-3632-35-115-39773,1.3137254901960784,1.2737802550201167,0.03135959677388067
RMOD-1042-3632-35-148-39727,1.105263157894737,1.3030501485684107,-0.15178770432663058
RMOD-1042-4871-100-148-34192,1.16,0.9850453310431313,0.17761077936545044
RMOD-1042-4871-35-115-34295,1.0303030303030303,0.8769471161836745,0.17487475731345659
RMOD-1042-4871-35-148-34290,1.0138888888888888,0.9365913798671551,0.08253066458149294
RMOD-1042-4968-15-148-25063,1.0512820512820513,1.1893145074222613,-0.11606051660748984
RMOD-1042-4968-15-148-25105,1.326007326007326,1.289648469394419,0.028192842837226895
RMOD-1042-4968-15-148-27804,1.233644859813084,1.2460643397769784,-0.009966965242033221
RMOD-1042-4968-15-148-27905,0.8863636363636364,0.9726032506682766,-0.08866885263377933
RMOD-1042-4968-15-148-33163,1.346026490066225,1.320104085521405,0.01963663686002559
RMOD-1042-4968-15-148-33273,1.46,1.3848766623634128,0.05424550768902603
RMOD-1042-4968-15-148-33277,1,1.132847396834905,-0.11726857227731746
RMOD-1042-5023-100-148-38514,1.2285714285714286,1.2623887922026837,-0.026788390264657513
RMOD-1042-5023-100-148-40484,0.4642857142857143,0.733875892222331,-0.3673511840268261
RMOD-1042-5023-100-148-42501,0.65,0.9456636964697482,-0.31265205333935175
RMOD-1042-5023-100-148-43560,1.2272727272727273,1.2144879601617138,0.010526878429746755
RMOD-1042-5023-100-148-45158,1.411764705882353,1.3883898188585417,0.016835968332747253
RMOD-1042-5023-100-148-46568,0.8,0.884113460640599,-0.09513876259688803
RMOD-1042-5023-100-148-49944,1.3529411764705883,1.3398808140884415,0.009747406071361597
RMOD-1042-5023-15-148-38587,1.123076923076923,1.1292021060530686,-0.005424346043380157
RMOD-1042-5023-35-115-38594,1.2,1.2927428262754086,-0.07174112622432027
RMOD-1042-5023-35-115-40580,1.3416666666666666,1.2457513435745078,0.07699395516359098
RMOD-1042-5023-35-115-42587,1.502092050209205,1.3746549063195308,0.09270482599219854
RMOD-1042-5023-35-115-43614,1.435483870967742,1.329013163224121,0.08011260587165903
RMOD-1042-5023-35-115-45213,1.350785340314136,1.3282798086678893,0.01694336652517303
RMOD-1042-5023-35-115-46576,1.4577114427860696,1.3685587051467842,0.06514352457370354
RMOD-1042-5023-35-148-40572,1.4901960784313726,1.3767676900484764,0.0823874566513847
RMOD-1042-5023-35-148-42579,1.1884057971014492,1.178978967367152,0.007995757341921816
RMOD-1042-5023-35-148-43603,1.183673469387755,1.2280269837030369,-0.036117703359853315
RMOD-1042-5023-35-148-45204,1.6774193548387097,1.3799752149598372,0.21554310298792512
RMOD-1042-5023-35-148-46633,1.4186046511627908,1.2879158765237462,0.10147306747377827
RMOD-1042-5023-35-148-50064,1.6046511627906976,1.483507051552639,0.0816606237976889
RMOD-1042-5023-35-163-50024,1.0526315789473684,1.2034314950605214,-0.12530826784250748
RMOD-1042-5274-100-148-39001,0.7631578947368421,0.7225854224878933,0.05614903233067725
RMOD-1042-5274-100-148-43914,0.5,0.7912997992522117,-0.36812823600801325
RMOD-1042-5274-100-148-48600,1,0.9097674559507287,0.09918198706610815
RMOD-1042-5274-100-148-51312,0.5,0.7428526403916462,-0.32691899737155083
RMOD-1042-5274-100-148-52720,0.4230769230769231,0.7201763283955278,-0.41253703239664774
RMOD-1042-5274-100-148-54293,1.507936507936508,1.2059794969526754,0.2503832044797043
RMOD-1042-5274-35-115-39074,1.24,1.266652788755557,-0.021041905873623312
RMOD-1042-5274-35-115-43984,1.4035087719298245,1.335418546887971,0.05098792824207021
RMOD-1042-5274-35-148-39057,1.0634920634920635,1.1727020408575595,-0.09312679057472628
RMOD-1042-5274-35-148-43973,1.2954545454545454,1.2251316347508958,0.05740028965781163
RMOD-1042-5274-35-148-48697,1.3636363636363635,1.2513762822340777,0.08970929287701424
RMOD-1042-5274-35-148-51388,1.6829268292682926,1.5568653145876108,0.08097136823558393
RMOD-1042-5274-35-148-52822,1.2142857142857142,1.2103382205265472,0.0032614798840688852
RMOD-1042-5274-35-148-54384,1.6666666666666667,1.4851737612472848,0.12220314562180223
RMOD-1042-5274-35-163-48686,1.4,1.3061331623661778,0.07186620808537914
RMOD-1042-5274-35-163-51372,1.5517241379310345,1.3541387347944978,0.14591223045290258
RMOD-1042-5274-35-163-52834,1.4583333333333333,1.5133463408512497,-0.036351895156380265
RMOD-1042-5274-35-163-54360,1.5,1.333209422618339,0.1251045593827973
RMOD-1042-5299-100-148-38101,0.9183673469387755,1.0580702180581452,-0.13203553860136374
RMOD-1042-5299-100-148-47912,0.72,0.9152374044962274,-0.2133188651786927
RMOD-1042-5299-100-148-50568,0.5789473684210527,0.7238087704433473,-0.20013767163053875
RMOD-1042-5299-100-148-52012,0.6216216216216216,0.5506123462468189,0.1289641902489631
RMOD-1042-5299-15-148-29117,1.308108108108108,1.2393244910618781,0.05550089386783186
RMOD-1042-5299-15-148-29204,0.6338028169014085,0.8387281036107669,-0.24432862786777343
RMOD-1042-5299-15-148-32194,1.507462686567164,1.364958790724733,0.10440161037152484
RMOD-1042-5299-15-148-32282,1.4444444444444444,1.243327435480493,0.1617570747855559
RMOD-1042-5299-15-148-32284,0.971830985915493,1.1193523852085816,-0.13179174069084543
RMOD-1042-5299-35-115-38163,1.2045454545454546,1.19867268929331,0.004899390221034361
RMOD-1042-5299-35-115-48009,1.4523809523809523,1.4124826512337563,0.028246931820611332
RMOD-1042-5299-35-148-38144,1.302325581395349,1.3811673562754856,-0.05708343346076816
RMOD-1042-5299-35-148-47978,1.4642857142857142,1.3811395203119794,0.06020115473558629
RMOD-1042-5299-35-148-50654,1.3333333333333333,1.5435397087831408,-0.13618462437582834
RMOD-1042-5299-35-148-52027,1.3076923076923077,1.1959718744419385,0.0934139302418795
RMOD-1042-5299-35-163-50702,1.5185185185185186,1.3422746608877745,0.1313023800316524
RMOD-1042-5299-35-163-52074,1.2083333333333333,1.0242841416142454,0.1796856792384105
RMOD-1042-5351-100-148-36888,1,1.2644106296145163,-0.20911768963467803
RMOD-1042-5351-100-148-54764,1.3584905660377358,1.0501583160971202,0.29360549282371307
RMOD-1042-5351-15-148-26024,1.3154761904761905,1.190892513640372,0.10461370393116809
RMOD-1042-5351-15-148-26070,1.6923076923076923,1.1833012699265795,0.43015792792371066
RMOD-1042-5351-15-148-28177,1.2871287128712872,1.2764559000019717,0.008361286018027547
RMOD-1042-5351-15-148-28248,0.9285714285714286,1.0612626916036632,-0.12503149699131155
RMOD-1042-5351-35-115-36958,1.2972972972972974,1.2529621018539714,0.03538430681799909
RMOD-1042-5351-35-148-36950,1.1081081081081081,1.2753510818281566,-0.13113485071131437
RMOD-1042-5351-35-148-54716,1.6956521739130435,1.30491098102143,0.29943896447691576
RMOD-1042-5351-35-163-54724,1.7297297297297298,1.3944630476938347,0.24042708237436594
RMOD-1042-5634-15-148-26707,1.2908163265306123,1.2359692875597448,0.04437572965842507
RMOD-1042-5634-15-148-26819,1.4583333333333333,1.248742959731893,0.16784108528342734
RMOD-1042-5634-15-148-29501,1.458128078817734,1.3405022762799328,0.08774755897037934
RMOD-1042-5634-15-148-29575,1.4285714285714286,1.2938718462276815,0.10410581444867772
RMOD-1042-5634-15-148-30852,1.2567567567567568,1.2592799680108664,-0.00200369363303321
RMOD-1042-5634-15-148-30904,1.5333333333333334,1.3695889954730103,0.1195572820762707
RMOD-1042-5634-15-148-30996,0.8103448275862069,0.9093201735287727,-0.10884543071168762
RMOD-1042-5635-100-148-34572,0.92,0.7665107199462856,0.20024414017910974
RMOD-1042-5635-35-115-34627,0.6031746031746031,0.6656700848863181,-0.09388356654541241
RMOD-1042-5635-35-115-34632,1.2352941176470589,0.8783454487797734,0.4063875658070186
RMOD-1042-5914-15-148-45863,1.278688524590164,1.3205649425464205,-0.031710987174555005
RMOD-1042-5914-15-148-45896,1.2926829268292683,1.291327754294631,0.0010494411896051492
RMOD-1042-5914-15-148-45942,1.025,1.0363099951806158,-0.010913718127986027
RMOD-1042-6290-100-148-40866,0.578125,0.7329194528302533,-0.21120254378908432
RMOD-1042-6290-15-148-25742,1.2566371681415929,1.1983759287492692,0.048616830490854746
RMOD-1042-6290-15-148-25796,0.7368421052631579,1.068391810377442,-0.31032595148511477
RMOD-1042-6290-15-148-40924,1.323943661971831,1.3164199423244367,0.005715288416331399
RMOD-1042-6290-35-148-40906,1.5,1.2780551795458641,0.173658245751956
RMOD-1042-6404-100-148-48325,1.125,0.9869700553091582,0.13985221126856318
RMOD-1042-6404-100-148-49635,1.3333333333333333,1.114051311543305,0.19683296408156914
RMOD-1042-6404-100-148-51003,0.4642857142857143,0.5777838542287552,-0.1964370224476798
RMOD-1042-6404-100-148-52346,0.43243243243243246,0.6781244589094668,-0.36231111155044704
RMOD-1042-6404-35-115-48324,1.3611111111111112,1.4541187911928726,-0.06396154196278792
RMOD-1042-6404-35-148-48312,1.3333333333333333,1.4419691238509396,-0.0753384997783324
RMOD-1042-6404-35-148-49659,1.1333333333333333,1.0352412942986498,0.09475282678048358
RMOD-1042-6404-35-148-51072,0.9375,1.2212016680387359,-0.23231352811232564
RMOD-1042-6404-35-148-52392,1.6666666666666667,1.1783559537699995,0.41440000479853256
RMOD-1042-6404-35-163-49696,1.6666666666666667,1.7093332149045886,-0.02496093088573348
RMOD-1042-6404-35-163-51037,1,1.067040315197851,-0.06282828703189192
RMOD-1042-6404-35-163-52382,0.7222222222222222,0.8287748819667256,-0.12856646848616882
RMOD-1042-6551-100-126-24746,1.3043478260869565,1.312244557147711,-0.006017728187738713
RMOD-1042-6551-15-148-24774,1.3741496598639455,1.3411298291376716,0.024620905455145392
RMOD-1042-6555-100-148-35541,1.0526315789473684,1.1568419974869733,-0.09008180785792952
RMOD-1042-6555-35-115-35565,1.1875,1.191788192145176,-0.0035981159852385147
RMOD-1042-6555-35-148-35561,1.394736842105263,1.3470459516629212,0.035404056100289516
RMOD-1042-6624-00-148-46205,0.85,1.0891174906547412,-0.21955160274856278
RMOD-1042-6624-100-148-35202,1.3888888888888888,1.1521655370481885,0.20545949711981315
RMOD-1042-6624-100-148-36611,1.3255813953488371,1.2320245448428668,0.07593748914953857
RMOD-1042-6624-100-148-42216,0.8571428571428571,1.0106730056454096,-0.15190882475831935
RMOD-1042-6624-100-148-45434,0.6875,0.867954973217511,-0.20790821964941808
RMOD-1042-6624-100-148-47640,0.8125,1.001617393799251,-0.18881201042436646
RMOD-1042-6624-15-148-35249,1.0588235294117647,1.190186284750602,-0.11037159226411664
RMOD-1042-6624-35-115-35258,1.34375,1.2908130539773965,0.04101054436929363
RMOD-1042-6624-35-115-36632,1.378787878787879,1.3333233756526193,0.0340986320089125
RMOD-1042-6624-35-115-42305,1.335,1.3453384112666016,-0.007684617624845846
RMOD-1042-6624-35-115-45510,1.3675889328063242,1.3026832314407406,0.04982462336127513
RMOD-1042-6624-35-115-46224,1.453551912568306,1.3503722239071616,0.07640833159512472
RMOD-1042-6624-35-115-47700,1.4755244755244756,1.3894410042663015,0.061955470576910754
RMOD-1042-6624-35-148-36617,1.1071428571428572,1.121285131478773,-0.012612558517800854
RMOD-1042-6624-35-148-42292,1.3571428571428572,1.3744238769844432,-0.012573282617515114
RMOD-1042-6624-35-148-45501,1.4772727272727273,1.3199038926123239,0.11922749492687879
RMOD-1042-6624-35-148-46286,1,0.9614161483197292,0.040132310808076
RMOD-1042-6624-35-148-47688,1.2962962962962963,1.4083651777653696,-0.07957373786171795
RMOD-1042-6625-15-148-31517,1.4318181818181819,1.2999863170886217,0.10141019408942986
RMOD-1042-6625-15-148-31608,1.0909090909090908,1.3374337243087842,-0.18432661665317485
RMOD-1042-6625-15-148-31610,0.5151515151515151,0.7926221792567,-0.35006674222186096
RMOD-1042-6626-100-148-41547,1.2608695652173914,1.2247806143276005,0.029465645085837266
RMOD-1042-6626-100-148-53066,1.3846153846153846,1.0452822268508901,0.3246330503358885
RMOD-1042-6626-35-115-41639,1.3238095238095238,1.2893305988852422,0.02674172547684206
RMOD-1042-6626-35-148-41620,1.0277777777777777,1.0821351112324344,-0.05023155878636032
RMOD-1042-6626-35-148-53183,1.5,1.590034131403017,-0.05662402436831504
RMOD-1042-6626-48-163-53166,1.1176470588235294,1.139968831103287,-0.019581037367621623
RMOD-1042-7584-15-148-29848,1.3884892086330936,1.2901269346609212,0.07624232261922703
RMOD-1042-7584-15-148-29885,0.7142857142857143,0.914320565697716,-0.21877977912413638
RMOD-1042-7613-15-148-30194,1.4,1.2446336616273588,0.1248289702927523
RMOD-1042-7613-15-148-30263,0.5,0.8113803381754539,-0.38376618649110106
RMOD-1042-7674-100-148-41878,0.9444444444444444,1.033674681013869,-0.08632332609898508
RMOD-1042-7674-35-115-41957,1.3376623376623376,1.291059894422299,0.03609626744767813
RMOD-1042-7674-35-148-41947,0.6216216216216216,0.9248906955724283,-0.3278972049373997
RMOD-1042-7693-15-148-31900,1.4444444444444444,1.320336853556125,0.09399691491913931
RMOD-1042-7693-15-148-31923,1.1481481481481481,1.178845165323612,-0.02603990589980254
RMOD-1042-7693-15-148-31926,1.0571428571428572,1.0932046975544207,-0.03298727172709437
RMOD-1042-7763-100-148-37811,1.2307692307692308,1.2030440652371435,0.023045843733597637
RMOD-1042-7763-100-148-50326,0.9545454545454546,1.0187026959989298,-0.06297935767271456
RMOD-1042-7763-100-148-51640,0.6976744186046512,0.6004327764808707,0.16195258808773327
RMOD-1042-7763-100-148-53462,0.8333333333333334,0.9867620790055717,-0.15548707123692784
RMOD-1042-7763-35-115-37887,1.28125,1.1174224667382986,0.14661199155938398
RMOD-1042-7763-35-148-37877,1.4545454545454546,1.2473528239961635,0.1661058736256391
RMOD-1042-7763-35-148-50325,0.9130434782608695,1.0389343955864514,-0.12117311531929764
RMOD-1042-7763-35-148-51702,1.8,1.693371491274992,0.06296817282823386
RMOD-1042-7763-35-148-53566,1.5,1.5075969243160117,-0.005039095127803095
RMOD-1042-7763-35-163-50388,1.1,1.231713118570392,-0.10693489951886437
RMOD-1042-7763-35-163-51735,1.2222222222222223,1.1904339932900418,0.026703058809943947
RMOD-1042-7763-35-163-53551,1.6666666666666667,1.333282252498824,0.25004789011705286
RMOD-1042-8079-15-148-33456,1.3754863813229572,1.3230996399584853,0.0395939502833782
RMOD-1042-8079-15-148-33531,1.6521739130434783,1.2566885407702308,0.3147043674249248
RMOD-1042-8079-15-148-33535,0.788135593220339,0.9459903925092508,-0.16686723304895312
RMOD-1042-8083-100-148-46983,0.6428571428571429,1.0060870962678872,-0.3610323149538023
RMOD-1042-8083-100-148-48975,0.7391304347826086,0.8103613091543658,-0.08790014227861953
RMOD-1042-8083-100-148-53908,1.2452830188679245,1.0628282334823007,0.17166911796068907
RMOD-1042-8083-35-115-46993,1.5432098765432098,1.4100891979499626,0.0944058565846635
RMOD-1042-8083-35-148-46978,1.9411764705882353,1.4004244101916745,0.3861344150110526
RMOD-1042-8083-35-148-49069,1,1.466425403671261,-0.31806964234494595
RMOD-1042-8083-35-148-53931,1.875,1.5177219747863273,0.2354041327391152
RMOD-1042-8083-35-163-49028,1.631578947368421,1.259968233170299,0.2949365741254324
RMOD-1042-8083-35-163-53918,1.375,1.3310722007532807,0.03300181554528714
RMOD-1042-8366-15-148-32848,1.360747663551402,1.3113551342763448,0.03766525785733377
RMOD-1042-8366-15-148-32911,1.4642857142857142,1.3949317932275738,0.049718503366871
RMOD-1042-8366-15-148-32922,0.9552238805970149,1.0438816088137217,-0.08493082689468812
RMOD-1042-8368-15-148-27413,1.2244897959183674,1.2365845152933168,-0.009780746261472073
RMOD-1042-8368-15-148-27503,1.4545454545454546,1.2951146732820469,0.12310167165304531
RMOD-1042-8388-100-148-37650,1.0952380952380953,1.1467070256967076,-0.04488411538888171
RMOD-1042-8388-100-148-39358,0.8043478260869565,0.9026431577007896,-0.10889722120556555
RMOD-1042-8388-15-148-27051,1.1785714285714286,1.1704342508318224,0.006952272401310022
RMOD-1042-8388-15-148-27130,1.25,1.2395876663255885,0.008399836459551002
RMOD-1042-8388-15-148-33858,1.3354430379746836,1.2543294559774847,0.06466688764315731
RMOD-1042-8388-15-148-33876,1.0434782608695652,1.2438949002480155,-0.1611202355910374
RMOD-1042-8388-15-148-33885,1.3333333333333333,1.2013385539794414,0.10987309024309444
RMOD-1042-8388-15-148-37713,0.9354838709677419,1.0059198512762055,-0.07002146365746909
RMOD-1042-8388-35-115-37717,1.3488372093023255,1.2204594490199927,0.10518805879656057
RMOD-1042-8388-35-115-39397,1.4743589743589745,1.4232656466655924,0.03589865870302056
RMOD-1042-8388-35-148-39433,1.2456140350877194,1.1716116890451638,0.06316286081343714
RMOD-1042-8389-100-148-24412,1,1.1502537501627634,-0.13062661185977642
RMOD-1042-8389-15-148-24375,1.2380952380952381,1.2481668856176966,-0.008069151359895499
RMOD-1042-8389-15-148-26418,1.3770491803278688,1.2595514430784347,0.09328538178818735
RMOD-1042-8389-15-148-26468,1.0952380952380953,1.1942970447948562,-0.08294330961337704
RMOD-1042-9690-100-148-35853,0.8484848484848485,0.9907744958733796,-0.14361456414267215
RMOD-1042-9690-100-148-41176,0.6111111111111112,0.8812538422249716,-0.30654360658650825
RMOD-1042-9690-100-148-44231,0.8333333333333334,0.9276876478938818,-0.1017091418375139
RMOD-1042-9690-100-148-47280,1,1.0247827299903767,-0.02418339933442215
RMOD-1042-9690-100-148-49263,0.8461538461538461,0.9480244471053632,-0.10745566874626711
RMOD-1042-9690-35-115-35897,1.4430379746835442,1.2005898693079664,0.20194082223542975
RMOD-1042-9690-35-115-41279,1.4939759036144578,1.3186370042720779,0.13296980046390527
RMOD-1042-9690-35-115-44298,1.471698113207547,1.3894671126529017,0.05918168181587413
RMOD-1042-9690-35-148-35892,1.09375,1.231667433843356,-0.11197619588998275
RMOD-1042-9690-35-148-41267,1.4081632653061225,1.2764571532609292,0.10318098943527199
RMOD-1042-9690-35-148-44283,1.5121951219512195,1.4321643663336354,0.055880985101217195
RMOD-1042-9690-35-148-47362,1.441860465116279,1.254161480175623,0.14966093912752942
RMOD-1042-9690-35-148-49313,1.4444444444444444,1.4278597339901544,0.011615083792540393
RMOD-1042-9690-35-15-47334,1.4910714285714286,1.4030983669761832,0.06269914046356995
RMOD-1042-9690-35-163-49365,1.5454545454545454,1.34159316555033,0.15195469471595757
RMOD-1042-9693-100-148-40098,0.5,0.7804873515531936,-0.35937462791038854
RMOD-1042-9693-35-115-40183,1.2916666666666667,1.3113588824525975,-0.015016648798001908
RMOD-1042-9693-35-148-40172,0.7777777777777778,1.022006123017585,-0.23896955188359958
RMOD-1043-0871-17-162-40481,1.3,1.290663875465156,0.007233583206533334
RMOD-1043-1302-100-126-42502,1.3111111111111111,1.2915044654673138,0.015181244949627581
RMOD-1043-1314-17-162-43250,1.4666666666666666,1.267587944388315,0.15705318369402677
RMOD-1043-1937-38-13831415,1.1842105263157894,1.201202070768465,-0.01414545051675209
RMOD-1043-2256-15-148-26419,1.2705882352941176,1.261190698320883,0.007451321188577165
RMOD-1043-2256-15-148-26469,1.2142857142857142,1.1391650584183275,0.06594360958690926
RMOD-1043-2257-15-148-25744,1.0819672131147542,1.0648862381661997,0.01604018752084624
RMOD-1043-2257-15-148-25797,1.3571428571428572,1.1945175107364825,0.13614312468814926
RMOD-1043-2299-17-118-45864,1.3703703703703705,1.4740348549216318,-0.0703270239541064
RMOD-1043-2299-17-162-45898,1.0769230769230769,1.0960920449058393,-0.017488465564412636
RMOD-1043-2645-100-126-41879,1.1627906976744187,1.2155816658618537,-0.04342856565708886
RMOD-1043-3061-17-162-41177,0.9666666666666667,1.127453203390201,-0.14261038616951593
RMOD-1043-3366-17-162-48601,1.15,1.145264679182955,0.004134695588816406
RMOD-1043-3366-17-162-50329,1,1.2323478082300758,-0.18854077288763038
RMOD-1043-3366-17-162-52348,0.5714285714285714,0.7913022580520761,-0.27786308504257373
RMOD-1043-3814-17-162-35864,1.4,1.4102795219017714,-0.007288996076401544
RMOD-1043-3824-100-126-47582,1.6176470588235294,1.3542530082448454,0.19449397488882147
RMOD-1043-3824-100-126-49265,1.2727272727272727,1.3724579492642166,-0.07266574293981831
RMOD-1043-3824-100-126-51005,1.0736842105263158,1.2107103294518238,-0.11317828517044992
RMOD-1043-3824-100-126-54765,1.2976190476190477,1.1426051603253473,0.1356670638959494
RMOD-1043-3859-100-126-35542,1.3846153846153846,1.3368651791311252,0.03571804115303068
RMOD-1043-4061-17-162-52721,1,1.1449126195097823,-0.12657089898426455
RMOD-1043-4061-17-162-54294,1.6144578313253013,1.3439093583323558,0.2013145241645362
RMOD-1043-4088-15-148-36609,1.4594594594594594,1.4391844158485037,0.014087870454740914
RMOD-1043-4088-15-148-36621,0.875,1.1384884271244664,-0.2314370711610758
RMOD-1043-4088-15-148-36634,0.875,1.0378404079254706,-0.15690312950039276
RMOD-1043-4088-15-148-36867,1.2816901408450705,1.3356656187861269,-0.040410921103225084
RMOD-1043-4088-15-148-36952,1.5,1.2620131859902217,0.18857712157979178
RMOD-1043-4088-15-148-36959,0.5833333333333334,0.8451363278400751,-0.3097760513689368
RMOD-1043-4449-17-162-47913,1.275,1.214474773328288,0.04983654498301493
RMOD-1043-4449-17-162-49636,1.5454545454545454,1.3330240846564267,0.15935980695567875
RMOD-1043-4450-100-126-47281,1.54,1.3164685284438769,0.16979628963887716
RMOD-1043-4450-100-126-48976,1.2857142857142858,1.298068456870268,-0.009517349482298543
RMOD-1043-4450-100-126-50569,1.0388349514563107,1.1004960553235166,-0.0560302815888597
RMOD-1043-4450-100-126-52014,1.265625,1.0782887664344587,0.173734753988952
RMOD-1043-4450-100-126-53909,1.2987012987012987,1.3145224831316993,-0.012035689486807777
RMOD-1043-4591-100-126-37812,0.8395061728395061,0.9246518448725795,-0.09208403412076327
RMOD-1043-6719-17-162-34935,1.3333333333333333,1.280616959421444,0.041164825691286655
RMOD-1043-7156-17-162-46533,1.5869565217391304,1.3117379806237235,0.20981213106640562
RMOD-1043-7156-17-162-51641,1.1414141414141414,1.0053543768218152,0.1353351293127567
RMOD-1043-7156-17-162-53463,1.32,1.2406390076576277,0.06396783581084464
RMOD-1043-7449-38-138-30588,0.7708333333333334,0.9539427858263733,-0.19195014125969556
RMOD-1043-7691-15-148-42217,1.3048780487804879,1.3479359207051589,-0.03194355997438347
RMOD-1043-7691-15-148-42294,1.3076923076923077,1.2478739447353737,0.047936222411967266
RMOD-1043-7691-15-148-42306,0.9607843137254902,1.098848592219245,-0.12564449685913415
RMOD-1043-7692-15-148-34203,1.1379310344827587,1.032191401317854,0.10244188532272336
RMOD-1043-7692-15-148-34291,0.7857142857142857,1.021587183738238,-0.2308886620531353
RMOD-1043-7692-15-148-34296,0.7692307692307693,0.7504952838967565,0.0249641613158893
RMOD-1043-7692-15-148-42891,1.5303030303030303,1.444810159996924,0.059172390029627264
RMOD-1043-7692-15-148-42948,1.2941176470588236,1.375744392435553,-0.05933278436426792
RMOD-1043-7692-15-148-42967,0.5833333333333334,0.8129974563430763,-0.28249058003550154
RMOD-1043-8385-17-162-33164,1.6470588235294117,1.2895000669337415,0.2772847910321534
RMOD-1043-8385-17-162-38515,1.0294117647058822,1.120905978528586,-0.08162523492185148
RMOD-1043-8493-26-138-32872,0.9021739130434783,1.0299247573533685,-0.1240390071194869
RMOD-1043-8842-17-162-40855,1.0545454545454545,1.0416390196612637,0.012390506346803276
RMOD-1043-8910-100-126-53067,1.5,1.2356952039851312,0.2138915771158476
RMOD-1043-9948-100-130-44867,1.0888888888888888,1.0315035660594791,0.0556326945612331
RMOD-1044-0140-19-117-36868,1.3064516129032258,1.3625633975550142,-0.041181045045298736
RMOD-1044-0140-19-162-45821,1.2972972972972974,1.3265146508132997,-0.02202565459649386
RMOD-1044-3942-100-126-35865,1.1422413793103448,1.2192377783415713,-0.06315125761273432
RMOD-1044-3942-100-126-40867,1.1917808219178083,1.293161960926915,-0.07839786668054993
RMOD-1044-3942-100-126-42892,1.1538461538461537,1.2252893925784252,-0.0583072367760652
RMOD-1044-3942-100-126-46535,1.2727272727272727,1.2502401954338047,0.017986205671195465
RMOD-1044-3942-100-126-52722,1.25,1.2117786263678518,0.0315415479366159
RMOD-1044-3942-100-126-54295,1.4230769230769231,1.3394639744313845,0.062422693138151075
RMOD-1044-3961-100-126-37652,0.8620689655172413,0.860041875938759,0.00235696613757308
RMOD-1044-4027-17-162-35543,0.9056603773584906,1.0928809061793248,-0.17130917720518235
RMOD-1044-6115-15-148-39002,1.5806451612903225,1.4577695048908061,0.08429018166950919
RMOD-1044-6115-15-148-39059,1.4,1.5171295484407168,-0.07720471106841253
RMOD-1044-6115-15-148-39076,1,1.3431946271183495,-0.25550625366528545
RMOD-1044-6345-100-126-49266,1.25,1.2696118480324772,-0.015447121151925036
RMOD-1044-6345-26-138-33165,1.1529411764705881,1.2405583422949045,-0.07062720295946223
RMOD-1044-6345-26-138-34204,0.8333333333333334,0.8071153116000535,0.03248361337775196
RMOD-1044-9094-100-126-50570,1.5,1.3669221942103922,0.09735580148837997
RMOD-1044-9220-100-126-40099,1.0740740740740742,1.04972402961564,0.02319661527358763
RMOD-1044-9256-15-148-41866,1.4736842105263157,1.3468232331773875,0.09419274498973507
RMOD-1044-9256-15-148-41948,2,1.6997965707643128,0.1766113865618053
RMOD-1044-9256-15-148-41958,1.1428571428571428,1.2296222812433746,-0.07056243182133637
RMOD-1044-9265-17-162-42218,1.3846153846153846,1.2930768212627153,0.07079128002873047
RMOD-1044-9265-17-162-48602,1.0526315789473684,1.296829044482672,-0.1883035135388399
RMOD-1044-9284-17-162-42493,1.5526315789473684,1.3048582706541836,0.1898852265150337
RMOD-1044-9284-17-162-49945,1.3333333333333333,1.3925391900591295,-0.042516474328655796
RMOD-1044-9301-100-126-41179,1.2,1.2793403865147124,-0.06201663556550285
RMOD-1045-0140-19-162-34205,1.048780487804878,1.0557143346918672,-0.006567919615312223
RMOD-1045-0140-19-162-50595,1.3846153846153846,1.5172216055761831,-0.0874006937901729
RMOD-1045-0203-17-162-53910,1.2142857142857142,1.1298887804367406,0.07469490387925748
RMOD-1045-0244-17-162-53068,1.4,1.3081180229906801,0.07023982193843259
RMOD-1045-0602-100-126-53464,1.5384615384615385,1.3737164275446456,0.11992657845065957
RMOD-1045-1134-100-126-45159,1.0384615384615385,1.259130055587492,-0.17525474524789486
RMOD-1045-1455-52-115-43321,1.4964028776978417,1.3599757931008225,0.10031581833229386
RMOD-1045-1455-52-148-43251,1.2857142857142858,1.1824184481445652,0.0873597986667165
RMOD-1045-1455-52-148-43337,1.4444444444444444,1.3223494285349482,0.09233188541153381
RMOD-1045-1643-100-126-36889,1.131578947368421,1.168385266700134,-0.03150186875915062
RMOD-1045-2347-17-162-39003,1.375,1.4292935822644643,-0.037986305219705585
RMOD-1045-2348-17-162-37813,1.4782608695652173,1.302785420104937,0.1346925186237855
RMOD-1045-3801-100-126-48605,1.4285714285714286,1.22170323488814,0.16932769577403106
RMOD-1045-3954-100-126-35544,0.8688524590163934,1.0917881153233169,-0.20419315174621078
RMOD-1045-3966-17-162-35867,1.0833333333333333,1.1720366567706304,-0.07568306240668765
RMOD-1045-4061-100-148-35253,1,1.1892818012313469,-0.15915639256849812
RMOD-1045-4061-15-148-35193,1.421875,1.4740006901894185,-0.03536340962141615
RMOD-1045-4061-15-148-35259,0.5434782608695652,0.9545075853431466,-0.43061923318903317
RMOD-1045-4116-18-162-36514,1.4273504273504274,1.3953586083844833,0.022927309706415544
RMOD-1045-4374-100-126-46209,0.8918918918918919,1.0183961626214266,-0.12421911567685362
RMOD-1045-4466-17-162-47282,1.28,1.236012264523103,0.03558842961309039
RMOD-1045-4472-17-162-48327,1.0909090909090908,1.1860877904452478,-0.08024591459661479
RMOD-1045-4987-17-162-49946,0.85,0.8952951369852726,-0.050592408150227364
RMOD-1045-5037-15-148-27805,1.3053892215568863,1.1701617404788192,0.11556306824963625
RMOD-1045-5037-15-148-27906,0.9347826086956522,0.9380982116477156,-0.0035343878827353015
RMOD-1045-5294-26-138-33459,1.4722222222222223,1.3810250647888613,0.0660358452272578
RMOD-1045-6394-100-126-52350,0.9565217391304348,0.8841259328650177,0.08188404340863276
RMOD-1045-6394-100-126-52723,1.11864406779661,1.2528552988992228,-0.10712428739418878
RMOD-1045-7048-17-162-51313,0.8857142857142857,1.0440586612441187,-0.15166233604263857
RMOD-1045-7066-100-126-41180,1.1867469879518073,1.2358577326013254,-0.03973818616334268
RMOD-1045-7146-17-162-41548,1.4864864864864864,1.2973491658285972,0.14578752246477156
RMOD-1045-7156-17-162-40100,1,1.0252212937455463,-0.024600829010683833
RMOD-1045-7191-17-162-39694,0.8714285714285714,0.8473573562985388,0.02840739500413547
RMOD-1045-7192-100-126-40483,0.7474747474747475,0.9184862585060778,-0.18618842628030308
RMOD-1045-7244-15-148-40856,1.4210526315789473,1.320988636474064,0.0757493231523707
RMOD-1045-7244-15-148-40909,0.9090909090909091,1.1458653662517881,-0.20663374959606828
RMOD-1045-7244-15-148-40926,0.6095238095238096,0.7548618044014623,-0.1925358973393717
RMOD-1045-7478-15-148-33860,1.426356589147287,1.3566052777680908,0.051416069598337444
RMOD-1045-7478-15-148-33878,1.2380952380952381,1.4414304364172088,-0.141064870828853
RMOD-1045-7478-15-148-33886,1.1481481481481481,1.1427738826850624,0.004702824893458857
RMOD-1045-7515-17-162-34936,1.25,1.194072721260519,0.04683741429118449
RMOD-1045-7614-100-126-47914,1.46875,1.3356210694993538,0.09967567414202927
RMOD-1045-7618-15-148-30509,1.41005291005291,1.321949732759551,0.06664638988159166
RMOD-1045-7618-15-148-30567,0.7934782608695652,1.0060942050854345,-0.21132806763141476
RMOD-1045-7618-15-148-47583,1.278688524590164,1.4187883035761872,-0.09874607693965953
RMOD-1045-7618-15-148-47689,1,1.0654606211818416,-0.061438799220219664
RMOD-1045-7618-15-148-47701,1.4210526315789473,1.2143449574003033,0.1702215444787356
RMOD-1045-8593-26-138-31416,1.050314465408805,1.1148262379446352,-0.057867109994440225
RMOD-1045-9260-52-115-42019,1.1919191919191918,1.1869268416501935,0.004206114558886753
RMOD-1045-9260-52-148-42013,1.5,1.106981023903734,0.35503677805631817
RMOD-1045-9260-52-148-42022,0.9736842105263158,1.1163941218680502,-0.12783112034210597
RMOD-1045-9331-100-126-42503,1.1451612903225807,1.1968019983305493,-0.04314891525916875
RMOD-1045-9488-100-148-42295,1.4166666666666667,1.3818403881916452,0.025202822824275106
RMOD-1045-9488-35-115-42307,1.3988439306358382,1.3054417186446106,0.07154835842706442
RMOD-1045-9488-52-148-42219,1.1296296296296295,1.142088945090455,-0.010909233921215011
RMOD-1045-9941-17-162-42893,1.28,1.3565704628254291,-0.05644414715174495
RMOD-1047-0333-03-101-31139,1.25,1.2623492103215184,-0.009782721152392537
RMOD-1047-0333-03-101-34937,1.2659574468085106,1.2947277398235215,-0.022221114238992423
RMOD-1047-0333-03-101-35869,1.509090909090909,1.3956252703669096,0.08130093452246623
RMOD-1047-0333-03-101-40868,1.2477064220183487,1.303040340452316,-0.042465238194206445
RMOD-1047-0333-03-101-42894,1.288,1.3492752313237515,-0.045413441158061896
RMOD-1047-0333-03-101-45822,1.21875,1.3476467640750425,-0.09564580831647729
RMOD-1047-0333-03-101-47584,1.3118279569892473,1.2745608571226241,0.029239168658258707
RMOD-1047-0333-03-101-51314,1.125,1.3162361976859638,-0.14529018273632843
RMOD-1047-0333-03-101-52351,0.8852459016393442,0.912948995152483,-0.030344623478677057
RMOD-1047-0333-03-106-35913,1.4615384615384615,1.3379241949987448,0.09239257874384466
RMOD-1047-0333-03-106-40893,1.2461538461538462,1.363387236724361,-0.08598686228879238
RMOD-1047-0333-03-106-51351,1.4766355140186915,1.3815111453391036,0.06885530312261001
RMOD-1047-0333-03-158-45922,1.2456140350877194,1.2375321470539018,0.006530648963792629
RMOD-1047-0333-03-158-47666,1.2077922077922079,1.248094393818975,-0.03229097592806962
RMOD-1047-1199-08-101-28461,1.1767881241565452,1.1966861314359292,-0.0166275907747907
RMOD-1047-1199-100-108-28520,1.173913043478261,1.195873599148729,-0.018363609403285186
RMOD-1047-1200-07-101-28792,1.1827956989247312,1.215498099087964,-0.026904525961637282
RMOD-1047-1200-100-107-28831,1.2641509433962264,1.2345655525347314,0.02396421218845135
RMOD-1047-1203-07-101-26216,1.1380597014925373,1.144781552169127,-0.0058717321779452325
RMOD-1047-1203-07-101-28192,1.0679611650485437,1.2081679630948188,-0.11604909443809808
RMOD-1047-1319-01-107-27848,1.0952380952380953,1.1440786404311296,-0.04268984968955414
RMOD-1047-1327-03-101-26420,1.2846108140225787,1.2849825594981477,-0.00028930001642513137
RMOD-1047-1327-03-101-29502,1.3492769744160178,1.3381603349545896,0.00830740470408986
RMOD-1047-1327-03-101-30853,1.272146847565842,1.2689788949856098,0.0024964580520214774
RMOD-1047-1327-03-101-32528,1.3983050847457628,1.3655163449154315,0.02401197170024494
RMOD-1047-1327-03-101-33862,1.3405051449953227,1.3219620875749363,0.014026920737494564
RMOD-1047-1327-03-101-35567,1.3706666666666667,1.3938298799121647,-0.016618393377359486
RMOD-1047-1327-03-101-37814,1.2940057088487156,1.3301501602275367,-0.02717321131069772
RMOD-1047-1327-03-101-39343,1.4076190476190475,1.390459608000787,0.012340840049954949
RMOD-1047-1327-03-101-41181,1.3547671840354767,1.3768886737455812,-0.016066287806643653
RMOD-1047-1327-03-101-42506,1.3628318584070795,1.3734163701536455,-0.0077067027717032666
RMOD-1047-1327-03-101-43916,1.2478839177750907,1.285042265518905,-0.028916051044289848
RMOD-1047-1327-03-101-44869,1.3287101248266298,1.2692158913643452,0.0468747940102856
RMOD-1047-1327-03-101-46896,1.3921052631578947,1.366253069879192,0.018921965372775906
RMOD-1047-1327-03-101-47915,1.3508005822416302,1.34230401717198,0.006329836580204251
RMOD-1047-1327-03-101-49947,1.3912448700410396,1.418066140518076,-0.01891397707813347
RMOD-1047-1327-03-101-53465,1.465211459754434,1.4151098110636515,0.03540477798901276
RMOD-1047-1327-03-101-54766,1.3431372549019607,1.3271391102040258,0.012054610232589358
RMOD-1047-1327-03-106-32565,1.4502923976608186,1.3657861408893908,0.06187371085519877
RMOD-1047-1327-03-106-33900,1.3286713286713288,1.3402963133745958,-0.00867344376557877
RMOD-1047-1327-03-106-35599,1.4236111111111112,1.3619864929475654,0.045246130180175204
RMOD-1047-1327-03-106-37839,1.35,1.2917106952351114,0.04512566550691832
RMOD-1047-1327-03-106-39421,1.4096385542168675,1.4266772474731932,-0.011942920717704975
RMOD-1047-1327-03-106-41217,1.610738255033557,1.4287645197544463,0.12736439963555757
RMOD-1047-1327-03-106-42533,1.4427083333333333,1.3946871443079134,0.034431513347926934
RMOD-1047-1327-03-106-46955,1.4646464646464648,1.3954322639752772,0.04960054490499699
RMOD-1047-1327-03-106-47947,1.4086021505376345,1.4276338037098857,-0.013330906793321273
RMOD-1047-1327-03-106-49994,1.3177570093457944,1.4175366151825912,-0.07038943810558596
RMOD-1047-1327-03-106-54699,1.4137931034482758,1.4089921660618552,0.0034073556277032235
RMOD-1047-1327-03-108-41268,1.368421052631579,1.3870408740961995,-0.013424133212190492
RMOD-1047-1327-03-108-44875,1.0434782608695652,1.248929174910833,-0.16450165323100563
RMOD-1047-1327-03-158-43950,1.3902439024390243,1.2796508556260835,0.08642439172115579
RMOD-1047-1327-03-158-44929,1.4367816091954022,1.2508142945578273,0.14867699821364444
RMOD-1047-1328-03-101-32195,1.239864864864865,1.2758331227024058,-0.028191976832639964
RMOD-1047-1328-03-101-34206,0.946236559139785,0.9602259830989982,-0.01456888712182558
RMOD-1047-1328-03-101-35221,1.3496503496503496,1.340669571342521,0.006698726143859357
RMOD-1047-1328-03-101-36213,1.3122362869198312,1.3230011939066335,-0.008136732632126331
RMOD-1047-1328-03-107-36240,1.205607476635514,1.3035625029627365,-0.07514409635486619
RMOD-1047-1330-03-101-38516,1.3653846153846154,1.2914362536850315,0.05726055892311899
RMOD-1047-1370-34-117-27414,1.0993788819875776,1.136263569697342,-0.032461383690747914
RMOD-1047-1670-03-101-31901,1.3702422145328719,1.3255006728250383,0.033754446621649725
RMOD-1047-1670-03-101-37654,1.3954372623574145,1.377217130668156,0.013229672564716743
RMOD-1047-1670-03-101-44533,1.2535211267605635,1.235054342919974,0.014952203477078818
RMOD-1047-1670-03-106-37697,1.3863636363636365,1.3736244040381396,0.009274174430831561
RMOD-1047-1670-03-106-44613,1.3577981651376148,1.337834956098656,0.014922026777633768
RMOD-1047-1733-02-101-26708,1.2042553191489362,1.203217211230999,0.0008627768188880225
RMOD-1047-1882-03-107-27052,1.162280701754386,1.2232676313469377,-0.04985575358141303
RMOD-1047-2013--03-101-50332,1.329153605015674,1.2581943320741777,0.056397705133925946
RMOD-1047-2013-03-101-33167,1.3381180223285487,1.336129587767686,0.0014882048710447293
RMOD-1047-2013-03-101-36869,1.2624867162592985,1.2722010619468576,-0.007635857238393551
RMOD-1047-2013-03-101-42220,1.282258064516129,1.317238614384603,-0.026555970563326148
RMOD-1047-2013-03-101-43563,1.2833333333333334,1.2463446239852871,0.029677754159015635
RMOD-1047-2013-03-101-45160,1.1884057971014492,1.1979565639750553,-0.007972548555445713
RMOD-1047-2013-03-101-46210,1.2072727272727273,1.2305127633278656,-0.018886464852495122
RMOD-1047-2013-03-101-48329,1.3403508771929824,1.327335122772145,0.009805929337312946
RMOD-1047-2013-03-101-49637,1.3192488262910798,1.3503018355968077,-0.022997087382320758
RMOD-1047-2013-03-101-51642,1.1653333333333333,1.2539194724303968,-0.07064739087699334
RMOD-1047-2013-03-106-33241,1.4285714285714286,1.3615879347401594,0.04919512880675758
RMOD-1047-2013-03-106-36907,1.3429752066115703,1.2826143360085978,0.04706081080522706
RMOD-1047-2013-03-106-49683,1.3898305084745763,1.403903200983159,-0.010023976367264709
RMOD-1047-2013-03-106-50367,1.28,1.337900376507372,-0.043277046276437026
RMOD-1047-2013-03-106-51712,1.1868131868131868,1.2270123340349446,-0.032761811847127675
RMOD-1047-2013-03-158-43604,1.1818181818181819,1.206401846224066,-0.020377674721593686
RMOD-1047-2013-03-158-45270,1.1666666666666667,1.198117886532769,-0.02625052193913824
RMOD-1047-2013-03-158-46275,1.2422680412371134,1.2180857235098905,0.019852722399160916
RMOD-1047-2013-03-160-42244,1.3892215568862276,1.3704948080209993,0.013664224596567243
RMOD-1047-2163-03-101-53912,1.2677725118483412,1.2719291834590634,-0.0032680055342529934
RMOD-1047-3013-03-101-48977,1.3967611336032388,1.3336282434746702,0.04733919698947031
RMOD-1047-3013-03-106-49009,1.35,1.357883202225072,-0.005805508317765717
RMOD-1047-3195-03-101-46538,1.17351598173516,1.2158630351959092,-0.03482880245136011
RMOD-1047-3195-03-101-50596,1.1571428571428573,1.2625170990563905,-0.08346361565501992
RMOD-1047-3195-03-106-46644,1.2739130434782608,1.287629675466609,-0.010652621828848075
RMOD-1047-3195-03-106-50683,1.24375,1.3780168384627463,-0.09743483150215226
RMOD-1047-4710-03-101-38089,1.2698412698412698,1.304772223581832,-0.026771687126102672
RMOD-1047-4710-03-101-43252,1.2342007434944238,1.287644861841709,-0.041505324900566465
RMOD-1047-4710-03-101-45435,1.1737891737891737,1.2045138234683934,-0.025507926169537898
RMOD-1047-4710-03-101-47285,1.2679127725856698,1.2810463812431958,-0.010252250698979726
RMOD-1047-4710-03-101-48606,1.15625,1.209558808898338,-0.044072936765175985
RMOD-1047-4710-03-101-49267,1.324742268041237,1.3236495420374625,0.0008255402726107253
RMOD-1047-4710-03-101-51006,1.2594594594594595,1.3086783308298577,-0.03760960215424958
RMOD-1047-4710-03-101-52724,1.1287128712871286,1.2293954702721828,-0.08189602241072458
RMOD-1047-4710-03-101-54296,1.3043478260869565,1.266483981585943,0.02989682068745858
RMOD-1047-4710-03-106-48634,1.2973977695167287,1.2708414428481634,0.02089664829394322
RMOD-1047-4710-03-106-49351,1.2300884955752212,1.3061883969431558,-0.05826104530252252
RMOD-1047-4710-03-106-52773,1.3053435114503817,1.3223835433040028,-0.012885846878467722
RMOD-1047-4710-03-145-38162,1.4225352112676057,1.3667480196821835,0.04081746655714524
RMOD-1047-4710-03-145-43303,1.363076923076923,1.3986220801260305,-0.025414411479836252
RMOD-1047-4710-03-145-45537,1.2063492063492063,1.2318424216624346,-0.020695191905165777
RMOD-1047-4710-03-158-47315,1.29,1.2878002284788064,0.00170816208333191
RMOD-1047-4716-03-101-39695,1.3315290933694182,1.3284645862779971,0.002306803751545239
RMOD-1047-8015-03-101-29122,1.1244635193133048,1.2148510490981679,-0.07440214983718496
RMOD-1047-8015-03-101-31518,1.2712765957446808,1.3025904162451627,-0.024039652150018687
RMOD-1047-8015-03-101-32884,1.2295081967213115,1.3230879047884874,-0.07072826206671123
RMOD-1047-8015-03-106-29173,1.0793650793650793,1.2611940418135716,-0.14417207536678966
RMOD-1047-8015-03-106-34606,1.0266666666666666,0.9099513621922936,0.1282654318942691
RMOD-1047-8015-03-106-36571,1.3529411764705883,1.3652414365346714,-0.009009585949357413
RMOD-1047-8015-03-108-34573,0.6880733944954128,0.8413948509956032,-0.1822229555110405
RMOD-1047-8015-03-108-36518,1.3576642335766422,1.3510745942132856,0.0048773320078554505
RMOD-1047-9258-03-101-29849,1.1761006289308176,1.2163011289104,-0.03305143687204759
RMOD-1047-9258-03-101-37278,1.1941176470588235,1.2362957785455135,-0.03411653765922584
RMOD-1047-9258-03-101-39004,1.27831715210356,1.3055947471508804,-0.020892849873091812
RMOD-1047-9258-03-101-40482,1.2683823529411764,1.2961213662576743,-0.021401555470526135
RMOD-1047-9258-03-101-41549,1.1777777777777778,1.21876197865517,-0.03362773174349898
RMOD-1047-9258-03-106-29879,1.167464114832536,1.2622013967702572,-0.07505718356843583
RMOD-1047-9258-03-106-37309,1.2345132743362832,1.2726237183401836,-0.0299463568489875
RMOD-1047-9258-03-106-39039,1.2403100775193798,1.302058163341352,-0.04742344663276299
RMOD-1047-9258-03-106-40525,1.3529411764705883,1.3127747298583659,0.030596602523386363
RMOD-1047-9258-03-160-41574,1.2416107382550337,1.2489421968091412,-0.005870134400806193
RMOD-1047-9258-100-103-41621,0.96,1.1988467054897098,-0.19923039734437498
RMOD-1047-9270-03-101-30196,1.2469304229195088,1.247012040763921,-0.00006545072681252151
RMOD-1047-9270-03-101-33449,1.3159682899207248,1.325329952427958,-0.007063646671595203
RMOD-1047-9270-03-101-40101,1.248878923766816,1.2678185975753116,-0.014938788439227357
RMOD-1047-9270-03-101-41886,1.1880530973451326,1.3038874730100385,-0.08883770882275666
RMOD-1047-9270-03-101-44234,1.278894472361809,1.3024659061085238,-0.018097543771522395
RMOD-1047-9270-03-101-52016,1.0841346153846154,1.0458500760458485,0.0366061448152426
RMOD-1047-9270-03-101-53088,1.3892857142857142,1.3610764825994615,0.020725677099627138
RMOD-1047-9270-03-106-30233,1.2741116751269035,1.2688802708870648,0.004122850957546609
RMOD-1047-9270-03-106-33484,1.2878787878787878,1.312802915932021,-0.018985430143974136
RMOD-1047-9270-03-106-40124,1.280701754385965,1.3529678610569171,-0.05341302535782266
RMOD-1047-9270-03-106-41912,1.4473684210526316,1.402054519676232,0.032319642881550426
RMOD-1047-9270-03-106-52060,1.1123595505617978,1.1007574627854095,0.010540094588166182
RMOD-1047-9270-03-106-53131,1.375,1.4047144361353463,-0.02115336425038583
RMOD-1047-9270-03-107-44284,1.0789473684210527,1.1279652300317213,-0.04345689060760327
RMOD-1047-9270-03-158-44299,1.4566929133858268,1.3264791709579153,0.09816493562720452
RMOD-1047-9272-03-101-30510,1.1303656597774245,1.1742909805277575,-0.03740582315517049
RMOD-1047-9272-03-106-30549,1.1829025844930416,1.2384933331149426,-0.04488578754161254
RMOD-1048-0623-07-101-31519,1.181159420289855,1.199716208256656,-0.01546764796465172
RMOD-1048-0623-07-101-34938,1.3764705882352941,1.3207082085835367,0.042221574220063784
RMOD-1048-0623-07-101-50597,1.3173076923076923,1.4681457162502576,-0.10274049930671436
RMOD-1048-0623-07-101-52036,1.1791044776119404,1.0490455543911341,0.12397833695248095
RMOD-1048-0623-07-101-53913,1.34375,1.4174146680384694,-0.05197114838695194
RMOD-1048-0623-07-103-47920,1.4634146341463414,1.4235672662995642,0.02799120827662538
RMOD-1048-0623-07-103-48978,1.3333333333333333,1.3651584769614864,-0.0233124169576181
RMOD-1048-0623-07-103-52075,1.056338028169014,1.1157368692169176,-0.0532373202739036
RMOD-1048-0623-07-106-47950,1.4,1.3999687767482258,0.000022302820100517096
RMOD-1048-0623-07-106-49010,1.4105263157894736,1.3824703758210828,0.0202940623242851
RMOD-1048-0623-07-106-50684,1.495049504950495,1.3731311410236262,0.08878857982638322
RMOD-1048-0623-07-106-53988,1.2616822429906542,1.3445452976301528,-0.06162905391551332
RMOD-1048-0724-07-101-31970,1.2748538011695907,1.2433381360392075,0.025347622032072303
RMOD-1048-0724-07-101-46634,1.221311475409836,1.219686710404819,0.0013321166748450075
RMOD-1048-0724-07-101-49948,1.3828571428571428,1.3581716859305295,0.01817550548456648
RMOD-1048-0724-07-101-51315,1.3907563025210083,1.393247689009279,-0.0017881863418286459
RMOD-1048-0724-07-101-52749,1.2549019607843137,1.300710506032069,-0.035218094291786906
RMOD-1048-0724-07-101-54767,1.3632286995515694,1.2901960454129873,0.056605857999824094
RMOD-1048-0724-07-103-36522,1.3151340996168583,1.3282785408882616,-0.00989584704320623
RMOD-1048-0724-07-103-38517,1.359683794466403,1.3675715187603146,-0.0057676868710029305
RMOD-1048-0724-07-103-41887,1.3795309168443497,1.3483906785174304,0.023094373776862964
RMOD-1048-0724-07-103-44534,1.3076923076923077,1.2830373537796183,0.019216084270703426
RMOD-1048-0724-07-103-45223,1.309192200557103,1.2400950075972104,0.05571927355289841
RMOD-1048-0724-07-103-46542,1.3831168831168832,1.295305630274178,0.06779191782260519
RMOD-1048-0724-07-103-50025,1.4244604316546763,1.4148948682135,0.006760617807070046
RMOD-1048-0724-07-106-36574,1.3737113402061856,1.3438202905598375,0.02224333852995719
RMOD-1048-0724-07-106-41913,1.296551724137931,1.3507245731941508,-0.04010651033623658
RMOD-1048-0724-07-158-44614,1.2568306010928962,1.271888441066043,-0.011838962826429933
RMOD-1048-0724-07-158-45272,1.3544303797468353,1.2654360360380277,0.07032701865156432
RMOD-1048-0724-07-158-51353,1.3583333333333334,1.3803697980062937,-0.015964174748526294
RMOD-1048-1200-07-101-27066,1.1558219178082192,1.155620283150231,0.00017448175748402406
RMOD-1048-1200-07-101-29850,1.1180124223602483,1.1708697802791663,-0.04514366909897982
RMOD-1048-1200-07-101-31140,1.1638418079096045,1.1862724470098522,-0.018908505509663387
RMOD-1048-1200-07-101-32529,1.2140672782874617,1.228768769161772,-0.011964407985677328
RMOD-1048-1200-07-101-33865,1.158904109589041,1.1942126345352968,-0.029566363581470023
RMOD-1048-1200-07-101-37878,1.1435643564356435,1.1986850505017888,-0.04598430091630057
RMOD-1048-1200-07-101-54297,1.439252336448598,1.3867019691294467,0.0378959347350909
RMOD-1048-1200-07-103-35870,1.318537859007833,1.306090481299223,0.009530256813623073
RMOD-1048-1200-07-103-37815,1.260115606936416,1.2375563031811672,0.018228911038034923
RMOD-1048-1200-07-103-39696,1.368663594470046,1.271249038023373,0.07662901094355212
RMOD-1048-1200-07-103-41182,1.373134328358209,1.3965670145152673,-0.01677877675293049
RMOD-1048-1200-07-104-42221,1.4193548387096775,1.333491651168541,0.06438974512205942
RMOD-1048-1200-07-104-45436,1.2595419847328244,1.2772300311815499,-0.013848755523202305
RMOD-1048-1200-07-104-49320,1.3085106382978724,1.3519063786456265,-0.03209966387704222
RMOD-1048-1200-07-106-41218,1.2837837837837838,1.348685862485763,-0.04812245794758918
RMOD-1048-1200-07-106-42245,1.4,1.4450125959025433,-0.03115031386590006
RMOD-1048-1200-07-106-45538,1.3089430894308942,1.303409610352552,0.004245387662014766
RMOD-1048-1200-07-108-49366,1.1891891891891893,1.2594751769989767,-0.05580577457450331
RMOD-1048-1201-07-101-35224,1.3571428571428572,1.2212252097292984,0.11129613631517388
RMOD-1048-1201-07-104-40102,1.2913385826771653,1.3178219732350205,-0.020096334023664064
RMOD-1048-1201-07-104-43917,1.25,1.2125987376168128,0.030843890252346684
RMOD-1048-1201-07-158-43951,1.295774647887324,1.285419214948783,0.00805607448380452
RMOD-1048-1202-07-101-27458,1.1724137931034482,1.188324881106829,-0.01338951010481304
RMOD-1048-1202-07-101-29124,1.2268041237113403,1.2409775522100701,-0.011421180402085618
RMOD-1048-1202-07-101-30522,1.2741935483870968,1.2550191356948113,0.015278183532771328
RMOD-1048-1202-07-101-34574,0.943502824858757,0.8840214486291817,0.06728499214788375
RMOD-1048-1202-07-103-36870,1.27007299270073,1.3041076840911439,-0.026098068285007714
RMOD-1048-1202-07-103-39344,1.4339622641509433,1.4203893601132447,0.009555762961091618
RMOD-1048-1202-07-103-40869,1.518987341772152,1.4524201067934348,0.04583194260900192
RMOD-1048-1202-07-106-39422,1.5918367346938775,1.423839705686543,0.11798872326455467
RMOD-1048-1202-07-106-40894,1.4411764705882353,1.3828824117513154,0.04215402433464677
RMOD-1048-1203-07-101-30199,1.1578947368421053,1.1656797956216036,-0.006678556846176464
RMOD-1048-1203-07-103-32196,1.1567796610169492,1.1861893761218232,-0.024793439982599974
RMOD-1048-1203-07-103-33168,1.291866028708134,1.2352549977539073,0.04582942878771079
RMOD-1048-1203-07-103-37279,1.139240506329114,1.1761519140643664,-0.031383197437225285
RMOD-1048-1203-07-104-41550,1.2524271844660195,1.2261674690851787,0.021416092045267288
RMOD-1048-1203-07-104-44238,1.088235294117647,1.181423270360993,-0.07887772196570308
RMOD-1048-1203-07-104-44870,1.15,1.1599501804384345,-0.00857811016907073
RMOD-1048-1203-07-104-47586,1.2318840579710144,1.3077086422290904,-0.05798278133944812
RMOD-1048-1203-07-106-41575,1.3770491803278688,1.319879222407329,0.043314537383403406
RMOD-1048-1203-07-158-44311,1.5217391304347827,1.3629768603442955,0.11648199959196881
RMOD-1048-1203-07-158-44930,1.2666666666666666,1.2133057324702474,0.043979792370862913
RMOD-1048-1203-07-158-47667,1.1470588235294117,1.2598032394806815,-0.08949367045424128
RMOD-1048-1208-01-103-28193,1.1260647359454856,1.1709607562571445,-0.03834118271833842
RMOD-1048-1208-01-106-28218,1.1722222222222223,1.1533811373562604,0.01633552366665958
RMOD-1048-1325-100-119-28832,1.4814814814814814,1.2691392105860397,0.16731204041626802
RMOD-1048-1325-19-117-28794,1.237347294938918,1.1902763672363699,0.03954621716285889
RMOD-1048-1329-19-117-26740,1.1017048794826572,1.136402016773585,-0.030532449589836252
RMOD-1048-1329-19-117-28462,1.1126005361930296,1.1317020111607696,-0.01687853761799729
RMOD-1048-1330-03-101-26217,1.1688311688311688,1.1175256756513439,0.04590990104090609
RMOD-1048-1338-08-101-26421,1.2300771208226222,1.2172650014972257,0.010525332864772752
RMOD-1048-1338-08-101-27849,1.1341743119266054,1.1447259882612648,-0.009217643735586423
RMOD-1048-2380-07-101-33451,1.444015444015444,1.4106984725599254,0.023617358424624868
RMOD-1048-2380-07-101-38099,1.4754098360655739,1.377622772838559,0.07098246715646739
RMOD-1048-2380-07-101-49638,1.4375,1.4597142986572138,-0.01521825104929686
RMOD-1048-2380-07-104-43253,1.4278350515463918,1.3422803037353075,0.0637383619300691
RMOD-1048-2380-07-108-49697,1.2765957446808511,1.4443267071040526,-0.116130901407695
RMOD-1048-2380-07-158-43312,1.4645161290322581,1.4496268400653218,0.01027111843918771
RMOD-1048-3357-07-101-47286,1.3125,1.3300185219959129,-0.013171637617214071
RMOD-1048-3357-07-103-47363,1.2512820512820513,1.2850726295608192,-0.026294683663378615
RMOD-1048-3357-07-158-47316,1.2907488986784141,1.2972513078216619,-0.005012451407095941
RMOD-1048-3368-07-101-34207,0.9896193771626297,0.9839896833126893,0.0057212935718873315
RMOD-1048-3368-07-103-39005,1.4345238095238095,1.3708951349291976,0.046413961924154146
RMOD-1048-3368-07-103-42895,1.4428571428571428,1.3889540242296894,0.03880842539575635
RMOD-1048-3368-07-106-39041,1.4181818181818182,1.3901624774737724,0.020155443095373204
RMOD-1048-3368-07-106-42945,1.2164948453608246,1.3244514617159138,-0.0815104361885971
RMOD-1048-4366-07-103-35568,1.3895671476137625,1.3738355349266438,0.011450870418749703
RMOD-1048-4366-07-103-40493,1.475390156062425,1.4132789284108294,0.043948315086985046
RMOD-1048-4366-07-103-45823,1.3157894736842106,1.3427783178468184,-0.02009925525598688
RMOD-1048-4366-07-106-45923,1.2636363636363637,1.3366886577650354,-0.054651689983527096
RMOD-1048-4866-07-101-43568,1.256544502617801,1.2562313605863484,0.0002492709872379262
RMOD-1048-4866-07-101-48607,1.3106060606060606,1.3756370122552748,-0.047273336694103496
RMOD-1048-4866-07-101-50983,1.3953488372093024,1.4146397865086542,-0.013636651169667724
RMOD-1048-4866-07-103-51038,1.3934426229508197,1.437741682345836,-0.030811556720493405
RMOD-1048-4866-07-106-43607,1.2613636363636365,1.3285267451968559,-0.05055457790070128
RMOD-1048-4867-07-101-46287,1.1388888888888888,1.1965562231237166,-0.04819442088920989
RMOD-1048-4867-07-101-48337,1.2835365853658536,1.2666316022449624,0.013346408767102691
RMOD-1048-4867-07-101-50335,1.314176245210728,1.3190926695818068,-0.0037271258376696537
RMOD-1048-4867-07-101-52352,0.934640522875817,0.891604282519286,0.04826831947792942
RMOD-1048-4867-07-101-53466,1.3578947368421053,1.309945133657763,0.0366042836087741
RMOD-1048-4867-07-103-37656,1.30635838150289,1.3314765952969358,-0.018864930771422372
RMOD-1048-4867-07-103-42507,1.3894230769230769,1.3333630250464883,0.04204410263636493
RMOD-1048-4867-07-103-46211,1.3067092651757188,1.2359098547217764,0.05728525440868859
RMOD-1048-4867-07-103-52383,0.9625,0.9568165076843359,0.005940002362019303
RMOD-1048-4867-07-158-46276,1.1615384615384616,1.201695223736532,-0.033416761092889824
RMOD-1048-8405-07-101-32887,1.27134724857685,1.2796219914995524,-0.006466552605121634
RMOD-1048-8405-07-101-46899,1.2594142259414225,1.362793606467948,-0.0758584278909713
RMOD-1048-8405-07-103-29503,1.223728813559322,1.248513133643895,-0.019851068776695735
RMOD-1048-9963-07-101-51736,1.3113207547169812,1.3148536451526058,-0.002686907739617439
RMOD-1048-9963-07-101-53089,1.4065040650406504,1.3846287986003833,0.015798650484793564
RMOD-1048-9963-07-103-30854,1.2913907284768211,1.232242343003718,0.04800061108833753
RMOD-1048-9963-07-103-36214,1.2733812949640289,1.3312426143258431,-0.04346414300380241
RMOD-1048-9963-07-103-51643,1.3818181818181818,1.305949608012139,0.05809456455331885
RMOD-1048-9963-07-106-36236,1.3450704225352113,1.3277520656571427,0.013043366548631363
RMOD-1048-9963-07-106-51713,1.4054054054054055,1.3327900338439964,0.054483729407830195
RMOD-1049-1098-01-103-46902,1.3514851485148516,1.345110192555134,0.004739355924147537
RMOD-1049-1098-01-103-49639,1.2873563218390804,1.25278415392138,0.027596268526772993
RMOD-1049-1098-01-103-53467,1.336021505376344,1.3292143499257452,0.005121187151627682
RMOD-1049-1098-01-104-31971,1.3029908972691808,1.3032129816145765,-0.00017041293213693187
RMOD-1049-1098-01-104-35569,1.3380681818181819,1.315280083599532,0.01732566204171948
RMOD-1049-1098-01-104-37816,1.2486910994764397,1.2361556890017977,0.010140640524628708
RMOD-1049-1098-01-104-39697,1.321969696969697,1.3503911362236714,-0.021046820059448912
RMOD-1049-1098-01-104-41888,1.3236714975845412,1.3109988363896476,0.009666416813757461
RMOD-1049-1098-01-104-43572,1.1709844559585492,1.2318028519212278,-0.049373482020942716
RMOD-1049-1098-01-104-45515,1.1504424778761062,1.1981383161031405,-0.03980829056712043
RMOD-1049-1098-01-106-46956,1.352,1.2808088225254277,0.05558298492526115
RMOD-1049-1098-01-106-49684,1.2613636363636365,1.2884850223635747,-0.021049050263841962
RMOD-1049-1098-01-106-53502,1.2848837209302326,1.3636552329874474,-0.057764976184372485
RMOD-1049-1098-01-145-35600,1.375,1.411888086165088,-0.026126777700406723
RMOD-1049-1098-01-145-37840,1.3043478260869565,1.2613337969918175,0.03410201898793486
RMOD-1049-1098-01-145-39722,1.404494382022472,1.4030644728366028,0.0010191329148105943
RMOD-1049-1098-01-158-43610,1.0862068965517242,1.2576678754040145,-0.13633247871359522
RMOD-1049-1098-01-158-45539,1.2941176470588236,1.234972758451735,0.047891654453364296
RMOD-1049-1207-01-106-29880,1.2083333333333333,1.289432499712993,-0.0628952398808863
RMOD-1049-1207-01-107-27072,1.204109589041096,1.2161881680928053,-0.009931505147472985
RMOD-1049-1207-01-107-29851,1.3041237113402062,1.258116408104075,0.03656839934665679
RMOD-1049-1208-01-103-29505,1.2860520094562649,1.2584542813864574,0.021929861480071144
RMOD-1049-1208-01-103-31141,1.1841046277665996,1.2240999341513341,-0.0326732362847999
RMOD-1049-1208-01-103-42222,1.3416856492027336,1.369540588370052,-0.02033889276729639
RMOD-1049-1208-01-103-46548,1.22979797979798,1.3065735650764876,-0.05876101226188002
RMOD-1049-1208-01-103-54768,1.3784860557768925,1.3704699685758577,0.0058491520316674706
RMOD-1049-1208-01-106-54700,1.32,1.203687633565557,0.09663002525821662
RMOD-1049-1208-01-160-42246,1.2976190476190477,1.2876685288747762,0.007727546741370439
RMOD-1049-1258-01-103-32197,1.1471698113207547,1.233535145839591,-0.07001449031276086
RMOD-1049-1258-01-103-54298,1.25,1.1540191343498765,0.0831709482045937
RMOD-1049-1258-01-106-54378,1.1129032258064515,1.240999170911995,-0.10322000860919767
RMOD-1049-1319-01-103-42508,1.3219512195121952,1.3057933994760735,0.012373948315717254
RMOD-1049-1319-01-103-43919,1.1968503937007875,1.2826218026283318,-0.06687194054536005
RMOD-1049-1319-01-103-45225,1.125,1.1551238461834032,-0.02607845581487589
RMOD-1049-1319-01-103-47287,1.2333333333333334,1.2680448735990404,-0.02737406300708156
RMOD-1049-1319-01-103-53090,1.323943661971831,1.405806781488813,-0.05823212734134442
RMOD-1049-1319-01-104-41183,1.2588235294117647,1.3065684450066306,-0.036542223086233894
RMOD-1049-1319-01-106-39424,1.351063829787234,1.3281875254317879,0.017223700657788665
RMOD-1049-1319-01-106-42534,1.3571428571428572,1.3415173281735508,0.0116476534750245
RMOD-1049-1319-01-106-43952,1.3098591549295775,1.3006362130861822,0.0070911003019904495
RMOD-1049-1319-01-106-47317,1.4074074074074074,1.3522323359338542,0.040802952279239246
RMOD-1049-1319-01-107-32530,1.1166666666666667,1.2423232321253388,-0.10114643452630412
RMOD-1049-1319-01-107-39345,1.2011494252873562,1.2910377530596686,-0.06962486384250444
RMOD-1049-1319-01-158-41221,1.3461538461538463,1.3654497488931125,-0.014131536334389683
RMOD-1049-1319-01-158-45273,1.1428571428571428,1.1720601812377587,-0.024915988827276747
RMOD-1049-1325-19-117-26422,1.2037267080745342,1.2507136419224376,-0.037568098942041606
RMOD-1049-1326-19-117-29126,1.2720232333010648,1.2720657558591442,-0.0000334279559712769
RMOD-1049-1327-03-117-27854,1.1808118081180812,1.2219615438896034,-0.03367514794331361
RMOD-1049-1328-03-101-26743,1.2208835341365463,1.2427650500331968,-0.017607122034905998
RMOD-1049-1335-19-1-117-26218,1.278723404255319,1.1963754032227012,0.06883123876568797
RMOD-1049-1670-03-101-27459,1.2093541202672606,1.1963888720163467,0.010836984992231402
RMOD-1049-2405-01-103-33452,1.3768844221105527,1.3408840023588744,0.026848272996282008
RMOD-1049-2405-01-103-36871,1.31438127090301,1.3496823392261026,-0.026155093904047022
RMOD-1049-2405-01-106-38165,1.3934426229508197,1.3871671937205072,0.004523916986157506
RMOD-1049-2405-01-108-38102,1.3516295025728988,1.3210953792642017,0.023112731895030603
RMOD-1049-2723-01-103-33867,1.246026700572155,1.2561443210545333,-0.008054504815087182
RMOD-1049-2723-01-103-36215,1.2357032457496135,1.27912581045113,-0.033947063179189385
RMOD-1049-2723-01-103-44891,1.1832884097035041,1.2047137888106743,-0.017784621796619438
RMOD-1049-2723-01-103-46212,1.2223684210526315,1.2453656634201122,-0.01846625697413573
RMOD-1049-2723-01-103-47588,1.2452830188679245,1.263145081258852,-0.01414094283858991
RMOD-1049-2723-01-103-49949,1.309090909090909,1.3050781456258933,0.003074730412477633
RMOD-1049-2723-01-103-51316,1.3144963144963144,1.3277907071240191,-0.010012415779366513
RMOD-1049-2723-01-103-52750,1.2384937238493723,1.2605353600353544,-0.01748593247345609
RMOD-1049-2723-01-103-53914,1.2497938994229183,1.2760938944236961,-0.020609764779616957
RMOD-1049-2723-01-104-40494,1.2675070028011204,1.324818683347941,-0.04326001834604909
RMOD-1049-2723-01-104-42896,1.2769010043041606,1.281366083203358,-0.003484623916402474
RMOD-1049-2723-01-106-33901,1.2654690618762474,1.2876521237658585,-0.01722752712489961
RMOD-1049-2723-01-106-36836,1.3125,1.3273978484674285,-0.011223348361328989
RMOD-1049-2723-01-106-46278,1.2,1.2443100940355336,-0.035610170043568146
RMOD-1049-2723-01-106-47668,1.2208588957055215,1.2569051183684965,-0.028678555076427914
RMOD-1049-2723-01-106-53989,1.2429245283018868,1.3002062457018133,-0.044055870050837664
RMOD-1049-2723-01-145-40526,1.3432203389830508,1.3472751701159182,-0.0030096532785640617
RMOD-1049-2723-01-145-51354,1.2764227642276422,1.3553221662684407,-0.058214499846947265
RMOD-1049-2723-01-145-52774,1.211340206185567,1.2375331779168002,-0.021165470307087042
RMOD-1049-2723-01-158-42947,1.25,1.2585203166797698,-0.006770106582187019
RMOD-1049-2723-01-158-44931,1.3103448275862069,1.2291874673717407,0.06602520963543301
RMOD-1049-3110-01-106-36576,1.2947368421052632,1.2777222884954964,0.01331631588723492
RMOD-1049-3361-01-103-50598,1.491103202846975,1.4653517846946622,0.01757353996581701
RMOD-1049-3361-01-106-50685,1.4292035398230087,1.4216557620684676,0.00530914582554054
RMOD-1049-3368-01-103-47980,1.3413043478260869,1.3456937053746503,-0.003261780545626647
RMOD-1049-3368-01-108-47921,1.318452380952381,1.3682279750471775,-0.036379605593929054
RMOD-1049-3368-01-108-50336,1.372093023255814,1.3829798394096167,-0.00787199917422532
RMOD-1049-3368-01-108-52037,1.048780487804878,1.1029197853445805,-0.049087248464572575
RMOD-1049-3640-01-103-34939,1.2548076923076923,1.309156060295865,-0.04151404835256245
RMOD-1049-3640-01-103-44239,1.255952380952381,1.307510295531748,-0.039432128951916945
RMOD-1049-3640-01-103-48339,1.2626050420168067,1.332986469586692,-0.05279980643142457
RMOD-1049-3640-01-103-48979,1.247978436657682,1.2890504252958184,-0.031862204792113547
RMOD-1049-3640-01-106-37698,1.2830188679245282,1.3449535323217652,-0.04604966856388004
RMOD-1049-3640-01-106-49011,1.2552301255230125,1.280451901296789,-0.019697558141959837
RMOD-1049-3640-01-158-44312,1.3673469387755102,1.2045131680297845,0.135186376594016
RMOD-1049-3640-100-101-37658,1.4444444444444444,1.4138007698193076,0.02167467671491896
RMOD-1049-4063-01-103-35226,1.2467362924281984,1.300602097111041,-0.041416052459466224
RMOD-1049-4663-01-103-35871,1.3670212765957446,1.2953602368856474,0.05532132118119315
RMOD-1049-5110-01-103-36526,1.232258064516129,1.3033893514890067,-0.05457408938596631
RMOD-1049-5110-01-103-39006,1.3319672131147542,1.3904418624859152,-0.04205472443602687
RMOD-1049-5110-01-103-43254,1.20817843866171,1.3089571177102277,-0.07699158183639421
RMOD-1049-5110-01-106-43315,1.2666666666666666,1.4013852910330422,-0.09613246637337458
RMOD-1049-5129-01-103-37323,1.452431289640592,1.3597594003055673,0.06815315217839224
RMOD-1049-7774-01-103-28463,1.2237903225806452,1.2287085065247232,-0.004002726373229515
RMOD-1049-7774-01-103-30195,1.312087912087912,1.257277949464063,0.04359414928672933
RMOD-1049-7774-01-103-32889,1.391812865497076,1.3702388072113854,0.015744743304706654
RMOD-1049-7774-01-103-34575,0.9259868421052632,0.922283152323017,0.004015783843516418
RMOD-1049-7774-01-103-52399,0.9174311926605505,1.0038942853291974,-0.08612768688118788
RMOD-1049-7774-01-106-28491,1.1615384615384616,1.244451912149682,-0.06662648014095995
RMOD-1049-7774-01-106-30234,1.270967741935484,1.2611482066777426,0.007786186592303013
RMOD-1049-7774-01-106-34607,0.9313304721030042,0.9155887877549093,0.01719296321517305
RMOD-1049-7775-08-103-28795,1.3125,1.302815020846831,0.007433886621044383
RMOD-1049-7776-01-103-33178,1.3747323340471092,1.3547698265737549,0.01473498086670566
RMOD-1049-7776-01-103-34208,0.9593023255813954,0.9745652034948172,-0.015661217801219207
RMOD-1049-7776-01-103-38518,1.3372093023255813,1.3441311366393731,-0.005149671877327289
RMOD-1049-7776-01-103-40103,1.4136904761904763,1.3722809474938698,0.030175693084007804
RMOD-1049-7776-01-103-41551,1.448,1.3449657578553704,0.07660733482830362
RMOD-1049-7776-01-103-44535,1.2510121457489878,1.2511893831703633,-0.00014165515129804795
RMOD-1049-7776-01-103-45824,1.330188679245283,1.3128570290525707,0.01320147571988084
RMOD-1049-7776-01-106-38543,1.4509803921568627,1.383425051145276,0.048831948615980725
RMOD-1049-7776-01-106-40125,1.4086956521739131,1.3458292404244214,0.04671202695051124
RMOD-1049-7776-01-106-41576,1.4873949579831933,1.4222119257513453,0.04583215134932317
RMOD-1049-7776-01-158-44615,1.3285714285714285,1.3077490385530788,0.01592231338314587
RMOD-1049-7776-01-158-45924,1.3018867924528301,1.2892695460328036,0.009786352635762663
RMOD-1049-7776-100-101-41622,1.18,1.1317956284200128,0.04259105652076123
RMOD-1049-7930-01-103-31520,1.3111111111111111,1.3106418411539018,0.000358045914966576
RMOD-1049-8134-01-108-30855,1.2443181818181819,1.2557628351786212,-0.009113706059640903
RMOD-1049-8149-01-103-30523,1.2134615384615384,1.2660045006135394,-0.041502982119366205
RMOD-1049-8149-01-103-40870,1.3300970873786409,1.354806741679355,-0.01823850851973563
RMOD-1049-8149-01-103-48608,1.2517241379310344,1.292010184538149,-0.031180904832817213
RMOD-1049-8149-01-103-49322,1.3925233644859814,1.3631567106066487,0.02154312387624424
RMOD-1049-8149-01-103-50984,1.353448275862069,1.407774344171637,-0.03859004004049715
RMOD-1049-8149-01-106-40895,1.4,1.38944088345811,0.007599543577276879
RMOD-1049-9205-01-103-51644,1.3632075471698113,1.3267490140341114,0.027479600700696327
RMOD-1049-9969-34-119-28194,1.2614840989399294,1.2221643327008136,0.03217224164300747
RMOD-1050-0626-34-117-31521,1.2981366459627328,1.347097256733646,-0.03634526796500914
RMOD-1050-0968-19-117-53915,1.307820299500832,1.355693012929959,-0.03531235535813759
RMOD-1050-0968-19-162-53919,1.4324324324324325,1.449114527150752,-0.011511922905858785
RMOD-1050-1199-08-101-26745,1.1910946196660481,1.1730963184130725,0.015342560513124326
RMOD-1050-1208-01-103-26423,1.2146666666666666,1.2222434940137583,-0.006199114484307655
RMOD-1050-1319-01-107-26220,0.9578947368421052,1.1634899944628825,-0.17670565161644458
RMOD-1050-1325-19-117-33870,1.3304347826086957,1.2873011814897195,0.03350700033465359
RMOD-1050-1325-19-117-35570,1.3680154142581888,1.3326262125630937,0.02655598498774059
RMOD-1050-1325-19-158-33902,1.2954545454545454,1.3281236209763634,-0.02459791769820452
RMOD-1050-1326-00-130-36250,1.5555555555555556,1.2505157720627624,0.2439311764853802
RMOD-1050-1326-19-117-27460,1.1675053918044571,1.1820018988870475,-0.012264368691996208
RMOD-1050-1326-19-117-31972,1.3010526315789475,1.299801307605751,0.0009627040424364797
RMOD-1050-1326-19-117-36217,1.3246013667425969,1.2980169559919226,0.02048078850430657
RMOD-1050-1326-34-117-33454,1.3664529914529915,1.3651780562611484,0.0009338966342125055
RMOD-1050-1326-34-117-34940,1.2926829268292683,1.3097765389895355,-0.01305078511595159
RMOD-1050-1326-34-119-40495,1.291111111111111,1.308238975659987,-0.013092305662453674
RMOD-1050-1326-34-119-50337,1.3426470588235293,1.3703284400687996,-0.02020054494664092
RMOD-1050-1327-03-101-27855,1.242728184553661,1.2226676494260642,0.01640718566244348
RMOD-1050-1328-03-101-28195,1.0833333333333333,1.1898268198728847,-0.08950335020261913
RMOD-1050-1328-03-106-28220,1.074766355140187,1.2470814233293646,-0.13817467325360666
RMOD-1050-1329-100-119-41269,1.4666666666666666,1.3665019609065823,0.07330008197985438
RMOD-1050-1329-100-119-47690,1.5833333333333333,1.367789782211605,0.15758529119380604
RMOD-1050-1329-19-117-31142,1.2280701754385965,1.2012620342559706,0.022316647341002804
RMOD-1050-1329-19-117-33179,1.3053435114503817,1.3160706618905276,-0.008150892464038662
RMOD-1050-1329-19-117-35873,1.3516295025728988,1.3092170675262331,0.03239526591782371
RMOD-1050-1329-19-117-41184,1.3143631436314362,1.3206241251692155,-0.004740926216971086
RMOD-1050-1329-19-117-47590,1.325925925925926,1.3723428545911902,-0.033823128462377894
RMOD-1050-1329-19-117-48980,1.3724696356275303,1.3380883754730333,0.025694311963769145
RMOD-1050-1329-19-117-51317,1.371841155234657,1.3959741008794375,-0.017287531072085915
RMOD-1050-1329-19-117-52751,1.140625,1.2592534279151024,-0.09420536429391413
RMOD-1050-1329-19-117-54299,1.2893890675241158,1.360700564810377,-0.05240792804124306
RMOD-1050-1329-19-162-47702,1.4285714285714286,1.3883160870934501,0.028995804235227185
RMOD-1050-1329-19-162-49070,1.3333333333333333,1.3821709740383332,-0.03533400832627054
RMOD-1050-1329-19-162-51389,1.36,1.5487995706424385,-0.12190058301999973
RMOD-1050-1329-19-162-52823,1.5,1.5506732669319345,-0.0326782359717811
RMOD-1050-1329-19-162-54361,1.32,1.4314990080116983,-0.07788968583818046
RMOD-1050-1335-19-117-32531,1.330128205128205,1.3261324516180768,0.003013087799226044
RMOD-1050-1335-19-117-34576,0.8679245283018868,0.8600351042203608,0.009173374485310193
RMOD-1050-1335-19-117-36529,1.3523316062176165,1.3485074010239593,0.00283588001871804
RMOD-1050-1335-19-117-50599,1.4210526315789473,1.4091789592687263,0.00842595060912843
RMOD-1050-1335-19-117-53468,1.3585858585858586,1.3993184768917495,-0.029108897637347475
RMOD-1050-1335-19-162-50655,1.5217391304347827,1.3857429907281595,0.09813951116228403
RMOD-1050-1336-19-117-27074,1.1894953656024716,1.1917417372107144,-0.0018849483391429889
RMOD-1050-1336-19-117-29852,1.2215909090909092,1.2743755744410097,-0.04142002280077761
RMOD-1050-1336-19-117-35228,1.3617977528089888,1.3424971118792035,0.014376672217021547
RMOD-1050-1336-19-117-36872,1.3204633204633205,1.3105102625437248,0.007594795862396753
RMOD-1050-1336-19-117-39007,1.3557692307692308,1.392138482029833,-0.026124736676751636
RMOD-1050-1336-19-145-29881,1.2980769230769231,1.2973260005595297,0.0005788233004420107
RMOD-1050-1336-19-145-35269,1.4324324324324325,1.4251478639232507,0.005111447516139345
RMOD-1050-1336-19-145-36908,1.2533333333333334,1.3344948978032583,-0.060818190165827346
RMOD-1050-1336-19-145-39043,1.3411764705882352,1.3977061001111282,-0.04044457523537914
RMOD-1050-1336-19-162-39077,1.2352941176470589,1.4023978336947227,-0.11915571461445895
RMOD-1050-1336-34-117-41552,1.3322259136212624,1.3314150592012124,0.0006090170112216242
RMOD-1050-1336-34-117-48609,1.2087682672233822,1.2505930827940885,-0.033443984415187256
RMOD-1050-1336-34-117-49640,1.3738819320214668,1.3890612362065367,-0.010927742988871891
RMOD-1050-1336-34-117-50985,1.4323232323232322,1.4140125415026492,0.01294945432458805
RMOD-1050-1336-34-117-52401,0.94824016563147,0.9469159768735109,0.0013984226587149262
RMOD-1050-1336-34-117-54770,1.2377260981912144,1.3171211781307242,-0.060279252401201466
RMOD-1050-1336-34-145-41577,1.427710843373494,1.3957022127937704,0.022933710562550447
RMOD-1050-1336-34-145-48635,1.2214285714285715,1.3145530731150443,-0.07084118822665675
RMOD-1050-1336-34-154-54701,1.1717171717171717,1.26480173459465,-0.07359616952716364
RMOD-1050-1370-34-117-30197,1.1677018633540373,1.2201364859464972,-0.04297439114099166
RMOD-1050-1370-34-117-37254,1.196039603960396,1.2208265578053896,-0.020303419586113702
RMOD-1050-1444-34-104-38519,1.302325581395349,1.336451928191741,-0.02553503502558907
RMOD-1050-1444-34-117-49969,1.2949756888168558,1.3358941698236386,-0.030630031877588615
RMOD-1050-1444-34-119-32199,1.2900407687827606,1.2864957884984538,0.0027555319776400022
RMOD-1050-1444-34-119-37660,1.3134920634920635,1.3721999025198097,-0.04278373648033307
RMOD-1050-1444-34-119-40871,1.2424242424242424,1.3186760552418932,-0.057824522189919736
RMOD-1050-1444-34-119-47288,1.1542857142857144,1.3131615281489986,-0.12098725896061835
RMOD-1050-1444-34-145-37699,1.2847222222222223,1.3286914741592786,-0.03309214576309194
RMOD-1050-1444-34-145-49995,1.2687813021702838,1.3259999346927303,-0.04315130870327344
RMOD-1050-1444-34-162-38550,1.4556962025316456,1.4254587450429277,0.02121243956997665
RMOD-1050-1444-34-162-47335,1.3333333333333333,1.3617252297750178,-0.020849945217197186
RMOD-1050-1444-34-162-50065,1.2142857142857142,1.271889639375765,-0.04529003406169929
RMOD-1050-1645-34-117-32891,1.2178683385579938,1.2874415917277733,-0.054039929746568904
RMOD-1050-3007-19-117-44242,1.2225352112676056,1.2850311208535066,-0.048633771254031344
RMOD-1050-3108-19-117-47922,1.3363533408833521,1.3256711144457762,0.008057976311901305
RMOD-1050-3108-19-117-49324,1.404494382022472,1.3783567839062165,0.018962868265633093
RMOD-1050-3108-19-117-52038,1.0714285714285714,1.086216887119283,-0.01361451462049279
RMOD-1050-3108-19-117-53091,1.3959044368600682,1.3859765003910056,0.007163134776283497
RMOD-1050-3108-19-162-48010,1.7297297297297298,1.3439208226088593,0.28707711096545596
RMOD-1050-3108-19-162-49314,1.5454545454545454,1.4808498238603485,0.043626788181520215
RMOD-1050-3108-19-162-52028,1.1176470588235294,1.0194021176726817,0.0963750608789622
RMOD-1050-3108-19-162-53167,1.5384615384615385,1.2929705949853778,0.189865836414429
RMOD-1050-3367-34-117-34209,1.0234192037470726,0.9813528252710765,0.04286570272457957
RMOD-1050-3391-19-117-44536,1.2972477064220183,1.29674211725039,0.0003898918411784358
RMOD-1050-4155-19-117-45226,1.189252336448598,1.2364386462663137,-0.038163082301094775
RMOD-1050-4687-19-117-44892,1.2572815533980584,1.2648332301175533,-0.0059704920298410125
RMOD-1050-4778-19-117-45826,1.183431952662722,1.2844373785447165,-0.07863787489307972
RMOD-1050-4984-19-117-46550,1.1917293233082706,1.239769762545206,-0.03874948453195848
RMOD-1050-4984-19-162-46577,1.3333333333333333,1.3278438341499585,0.0041341451774628
RMOD-1050-6837-34-117-37817,1.183673469387755,1.2520661796282255,-0.05462387799723023
RMOD-1050-6837-34-118-37879,1.1414141414141414,1.2704176044899826,-0.10154413998980316
RMOD-1050-7028-34-117-38103,1.2842377260981912,1.3139247353173993,-0.022594147458557923
RMOD-1050-7028-34-117-48340,1.2800608828006088,1.3236777316213502,-0.032951259795929166
RMOD-1050-7028-34-117-51645,1.4382470119521913,1.3705736893759382,0.049375909592330514
RMOD-1050-7028-34-162-38164,1.5294117647058822,1.4121620864595064,0.08302848474025937
RMOD-1050-7028-34-162-48326,1.5,1.3732033038301896,0.09233643395420343
RMOD-1050-7028-34-162-51703,1.5348837209302326,1.488695310278279,0.031026100729315553
RMOD-1050-7264-07-101-28464,1.1862745098039216,1.2603127808002257,-0.058745949516828766
RMOD-1050-7760-19-117-46213,1.3374741200828157,1.2950523759367103,0.03275677874836669
RMOD-1050-7760-19-162-46225,1.0526315789473684,1.284963824194126,-0.18080839388024506
RMOD-1050-7763-19-117-41889,1.2955665024630543,1.3593731411985022,-0.04693828118392307
RMOD-1050-7763-19-117-43575,1.2352941176470589,1.2385624360003147,-0.002638799836211958
RMOD-1050-7776-01-107-28796,1.1956989247311829,1.235485343487,-0.0322030681833303
RMOD-1050-7930-01-103-29127,1.2612169637369393,1.2566984802127028,0.003595519207973741
RMOD-1050-8132-34-117-30865,1.17989417989418,1.2237552064375128,-0.035841340092041096
RMOD-1050-8132-34-117-39376,1.3453947368421053,1.3304310842747704,0.011247221103144689
RMOD-1050-8132-34-145-39426,1.4621848739495797,1.4383658513367164,0.01655978038600381
RMOD-1050-8132-34-162-39398,1.6666666666666667,1.4952979678617135,0.11460505028975021
RMOD-1050-8150-34-117-30524,1.1955484896661368,1.2047084526921166,-0.007603468711048222
RMOD-1050-8294-34-117-39698,1.2990196078431373,1.3199678070473126,-0.01587023493477102
RMOD-1050-8294-34-162-39774,1.4047619047619047,1.3230513532101833,0.061759168571547285
RMOD-1050-8296-19-117-42223,1.278622898318655,1.322656601061449,-0.03329186329048417
RMOD-1050-8296-19-117-43921,1.2102473498233215,1.2060748171764104,0.0034595968570836355
RMOD-1050-8296-19-117-46905,1.2466666666666666,1.283887927131697,-0.02899105107108957
RMOD-1050-8296-19-162-46998,1.3181818181818181,1.280879751307744,0.029122223874637587
RMOD-1050-8296-34-145-42247,1.3185840707964602,1.3524509437777865,-0.025041110095074037
RMOD-1050-8404-19-117-29506,1.3190661478599222,1.3332752092870714,-0.010657260652695344
RMOD-1050-8650-19-117-42509,1.2605905006418485,1.3176181190583092,-0.043280839563148765
RMOD-1050-8793-34-119-40104,1.1505791505791505,1.2204013315172273,-0.0572124752201576
RMOD-1050-9637-19-117-42897,1.3797297297297297,1.3750631292014253,0.003393735479631843
RMOD-1050-9638-00-130-43301,1.5714285714285714,1.526902981932881,0.02916071945797527
RMOD-1050-9638-19-117-43255,1.3668341708542713,1.370302357536223,-0.0025309645443414297
RMOD-1050-9638-19-117-45516,1.2864450127877238,1.2962712630070796,-0.007580396557246072
RMOD-1051-0393-100-152-45275,1.2604166666666667,1.2934161706457648,-0.025513446273539575
RMOD-1051-0393-39-126-35875,1.314102564102564,1.3371159589465598,-0.01721121843622797
RMOD-1051-0393-39-126-38520,1.2968197879858658,1.3171622977414361,-0.015444193772059966
RMOD-1051-0393-39-127-31196,1.2522522522522523,1.2158807529080102,0.02991370597589671
RMOD-1051-0502-39-126-31973,1.1834061135371179,1.2511169948208494,-0.05412034331243909
RMOD-1051-0584-100-127-36625,1.2254901960784315,1.2721422337052555,-0.03667202958190052
RMOD-1051-0584-100-127-38104,1.25,1.272319255186627,-0.017542181410555635
RMOD-1051-0584-100-127-40173,1.0522388059701493,1.155062445790032,-0.08901998346033502
RMOD-1051-0584-100-127-42296,1.315217391304348,1.3122022868411447,0.0022977436432163323
RMOD-1051-0584-100-127-44249,1.1374045801526718,1.145384797223783,-0.006967280420042132
RMOD-1051-0584-100-127-45841,1.0086206896551724,1.1835239938564706,-0.1477817983489984
RMOD-1051-0584-100-127-48610,1.244343891402715,1.2072388675409353,0.030735445038611253
RMOD-1051-0584-100-127-49325,1.2301587301587302,1.3427971421279996,-0.08388341651574083
RMOD-1051-0584-100-127-51318,1.4316239316239316,1.4307280822749942,0.0006261492732517748
RMOD-1051-0584-100-127-52402,0.8493975903614458,0.8947939466526688,-0.05073386611637909
RMOD-1051-0584-27-126-31522,1.0610687022900764,1.2076566590896922,-0.12138214590735663
RMOD-1051-0584-27-126-36533,1.284584980237154,1.3076818818517002,-0.01766247734643267
RMOD-1051-0584-27-126-40105,1.260536398467433,1.2787679948883321,-0.014257157274640164
RMOD-1051-0584-27-126-42224,1.196969696969697,1.2827285854938901,-0.06685661292187806
RMOD-1051-0584-27-152-53469,1.1551724137931034,1.2819728871086797,-0.09891041736581341
RMOD-1051-1445-100-127-36954,1.3513513513513513,1.3197459701715295,0.02394807932295806
RMOD-1051-1445-100-127-39063,1.4222222222222223,1.3295389596818892,0.06971082860370559
RMOD-1051-1445-100-127-41554,1.0740740740740742,1.2385228513790556,-0.13277815352528466
RMOD-1051-1445-100-127-43582,1.2571428571428571,1.2619034985565598,-0.003772587538705019
RMOD-1051-1445-100-127-44896,1.2333333333333334,1.2809636294061668,-0.0371831759929937
RMOD-1051-1445-100-127-48341,1.2419354838709677,1.308873947120635,-0.05114202433085613
RMOD-1051-1445-100-127-49641,1.1153846153846154,1.1225745501376754,-0.006404861710234022
RMOD-1051-1445-100-127-50338,1.3333333333333333,1.4050977666376676,-0.0510743344757163
RMOD-1051-1445-100-127-52752,1.5714285714285714,1.4058569604301265,0.11777272913155246
RMOD-1051-1445-27-126-32200,1.241635687732342,1.3074215500406228,-0.050317254068694806
RMOD-1051-1445-27-126-36873,1.2560975609756098,1.1689338395162276,0.07456685614940817
RMOD-1051-1445-27-126-39008,1.4366197183098592,1.4083557579153154,0.02006876475328978
RMOD-1051-1445-27-152-52835,0.8,1.1974239116003393,-0.3318990941722453
RMOD-1051-1644-100-152-43922,1.2,1.2471609974548412,-0.037814682748326445
RMOD-1051-1644-39-126-32532,1.1522491349480968,1.2253031494061224,-0.059621175782852864
RMOD-1051-1644-39-126-37259,1.1043956043956045,1.237632909801222,-0.1076549470771726
RMOD-1051-1644-39-126-39699,1.1963636363636363,1.2523548602465484,-0.04470875281458897
RMOD-1051-1644-39-126-40872,1.1943127962085307,1.2793363842730787,-0.06645913389921942
RMOD-1051-1644-39-127-37351,1.1219512195121952,1.2176505651957428,-0.07859343921723838
RMOD-1051-1644-39-127-39728,1.1063829787234043,1.2372497698452256,-0.10577233014009135
RMOD-1051-1644-39-127-40910,1.1294117647058823,1.20156987468286,-0.060053194988783254
RMOD-1051-1644-39-145-39879,1.317948717948718,1.3411151825234164,-0.01727403050579801
RMOD-1051-1644-39-145-40896,1.2605042016806722,1.3410565860497987,-0.06006635753260836
RMOD-1051-1646-27-152-32894,1.2209302325581395,1.3432028602000654,-0.09103064865698218
RMOD-1051-2038-28-126-39379,1.368421052631579,1.3851866374730484,-0.012103484388251262
RMOD-1051-2038-28-127-45502,1.0935064935064935,1.177323666063996,-0.07119297349871367
RMOD-1051-2038-28-152-45517,1.1122448979591837,1.216509246852781,-0.08570781452203391
RMOD-1051-2038-28-152-46907,1.106280193236715,1.2745439424657514,-0.1320187901121016
RMOD-1051-2038-28-152-47923,1.2145214521452146,1.2209659697539732,-0.005278212307634811
RMOD-1051-2038-28-152-49970,1.231578947368421,1.2857659170349116,-0.04214372845677106
RMOD-1051-2038-28-152-50986,1.088235294117647,1.2865491625488683,-0.15414402667545835
RMOD-1051-2038-28-152-52039,0.9598393574297188,1.027138880657882,-0.06552134720580127
RMOD-1051-2038-39-126-41185,1.2426470588235294,1.2950841490471077,-0.0404893305675621
RMOD-1051-2038-39-126-54300,1.2307692307692308,1.26529839671527,-0.02728934616188361
RMOD-1051-2038-39-127-33180,1.2465897166841553,1.282009649510042,-0.027628444793238116
RMOD-1051-2038-39-127-41270,1.202020202020202,1.3162267063021218,-0.08676811048970257
RMOD-1051-2671-100-127-40496,1.3396226415094339,1.3569160133342788,-0.012744614740267446
RMOD-1051-2671-100-127-44538,1.368421052631579,1.2317402932410944,0.11096556647573386
RMOD-1051-2671-27-126-34941,1.027027027027027,1.1313506865475018,-0.09221160225644554
RMOD-1051-2671-27-152-44586,1,1.204480797355931,-0.1697667557712884
RMOD-1051-2687-00-130-35231,1.3061224489795917,1.3617269284673614,-0.0408337959140993
RMOD-1051-2974-38-127-33972,1.1377777777777778,1.1458397460903262,-0.007035860241413561
RMOD-1051-3260-100-152-46553,1.375,1.4235127473193987,-0.034079601612807875
RMOD-1051-3260-39-127-53950,1.2621082621082622,1.3345936491422368,-0.05431270190785198
RMOD-1051-3260-39-145-46645,1.1945205479452055,1.2779179639070506,-0.06526038315234994
RMOD-1051-4865-100-152-48982,1.3333333333333333,1.356842518487981,-0.01732639185043061
RMOD-1051-5001-41-127-46230,1.1751152073732718,1.16235078147767,0.010981560901412779
RMOD-1051-5001-45-127-54771,1.3468869123252858,1.33433639653073,0.009405810878866161
RMOD-1051-5038-100-152-42951,1.5454545454545454,1.4677296674590599,0.05295585400957603
RMOD-1051-5038-100-152-47691,1.125,1.2850325186517357,-0.12453577347571165
RMOD-1051-5038-39-126-37818,1.2009803921568627,1.249981055689624,-0.039201124936831366
RMOD-1051-5038-39-126-42899,1.2465753424657535,1.2651118548221465,-0.014652073874526272
RMOD-1051-5038-39-126-47591,1.2638888888888888,1.325922365844844,-0.04678515013692297
RMOD-1051-7093-27-126-43256,1.1323529411764706,1.144897377335811,-0.010956821465109456
RMOD-1051-7093-27-152-50601,1.7272727272727273,1.4552158184844848,0.1869529628062816
RMOD-1051-7094-100-127-41949,1.3076923076923077,1.3927352400035033,-0.061061808352736
RMOD-1051-7094-27-126-41890,1.303921568627451,1.3473771638828613,-0.03225199032628723
RMOD-1051-7094-27-126-51686,1.0943396226415094,1.181140531887186,-0.07348906154883106
RMOD-1051-7094-27-126-53092,1.5217391304347827,1.3449784420236655,0.1314226926530968
RMOD-1051-7094-27-152-51646,1.2280701754385965,1.2409754505620108,-0.010399299291190434
RMOD-1051-8565-27-126-29515,1.2410501193317423,1.273995789701694,-0.025860109300413048
RMOD-1051-8565-27-126-33457,1.2206572769953052,1.3126555741046202,-0.07008563321880412
RMOD-1051-9261-100-152-47289,1.3846153846153846,1.3798086678945474,0.003483611048894053
RMOD-1051-9261-39-126-29853,1.2215189873417722,1.2790432514418795,-0.04497444792055283
RMOD-1051-9261-39-126-34577,0.8495575221238938,0.8616421565049267,-0.014025119697081312
RMOD-1051-9261-39-126-35571,1.174863387978142,1.2779055012880436,-0.0806335939598366
RMOD-1051-9261-39-126-37663,1.2142857142857142,1.2528549785343084,-0.030785098761961782
RMOD-1051-9261-39-126-42510,1.1986301369863013,1.2928295064131043,-0.07286294825383022
RMOD-1051-9274-27-152-30198,1.2205882352941178,1.2950639814562177,-0.05750738745614459
RMOD-1051-9274-27-152-34210,0.8421052631578947,0.9586917717710985,-0.12161000234498776
RMOD-1051-9276-39-126-30526,1.1483870967741936,1.2277083994142917,-0.06460923675193575
RMOD-1051-9966-27-126-36218,1.358974358974359,1.3232447757938728,0.027001491964365076
RMOD-1051-9966-27-152-30866,1.236842105263158,1.2372920814707142,-0.0003636782408090733
RMOD-1052-0628-08-103-31974,1.2905844155844155,1.3114072620446326,-0.015878245502279675
RMOD-1052-0628-08-103-35572,1.300751879699248,1.3417395219463575,-0.030548136636574408
RMOD-1052-0628-08-103-41186,1.4230769230769231,1.4265650629602364,-0.0024451319984489794
RMOD-1052-0628-08-103-43257,1.403225806451613,1.3468971443743152,0.041821056873251106
RMOD-1052-0628-08-106-41222,1.2,1.2272324772755967,-0.022190153683067204
RMOD-1052-0628-08-158-43316,1.3709677419354838,1.3631311214678588,0.005748985071360124
RMOD-1052-1199-07-103-42953,1.4177215189873418,1.3777020112143448,0.029048014336367833
RMOD-1052-1199-08-101-30200,1.2198581560283688,1.2855092371730112,-0.05107009677271335
RMOD-1052-1199-08-101-32201,1.3725690890481064,1.3459584794874246,0.019770750707567064
RMOD-1052-1199-08-101-33181,1.3518518518518519,1.3583611296210985,-0.004792008271807813
RMOD-1052-1199-08-101-35233,1.3428571428571427,1.3153853498639019,0.020884977163599494
RMOD-1052-1199-08-101-42900,1.334384858044164,1.337651322561762,-0.0024419401846381694
RMOD-1052-1199-08-101-43923,1.131979695431472,1.1662862377227272,-0.029415199443870277
RMOD-1052-1199-08-101-44899,1.167487684729064,1.1849544379236365,-0.014740442868992565
RMOD-1052-1199-08-101-46911,1.231372549019608,1.2789453347262036,-0.037196887478212814
RMOD-1052-1199-08-103-43974,1.1952662721893492,1.2500882698971953,-0.04385450134041713
RMOD-1052-1199-08-103-44877,1.1102941176470589,1.2562490926511223,-0.1161831485951943
RMOD-1052-1199-08-106-30235,1.0588235294117647,1.2030744743069417,-0.1199019245905587
RMOD-1052-1199-08-106-42949,1.3675213675213675,1.3993742493040189,-0.022762232332411036
RMOD-1052-1199-08-158-44932,1.3770491803278688,1.311295488055979,0.05014406964014717
RMOD-1052-1338-00-130-39434,1.9,1.5338980710467722,0.2386742221426683
RMOD-1052-1338-08-101-29517,1.3111545988258317,1.2761918921073465,0.027396120391230516
RMOD-1052-1338-08-101-31197,1.284297520661157,1.2564266905121597,0.022182615475668133
RMOD-1052-1338-08-101-32533,1.370304114490161,1.337298026432059,0.024681176077230083
RMOD-1052-1338-08-101-34211,0.9515418502202643,0.9779827657681085,-0.02703617739835873
RMOD-1052-1338-08-101-36219,1.3763440860215055,1.3511554160660315,0.01864231875620348
RMOD-1052-1338-08-101-36874,1.226923076923077,1.2361312796583155,-0.007449211007575007
RMOD-1052-1338-08-101-39382,1.3373205741626795,1.3667184238940517,-0.021509807153701765
RMOD-1052-1338-08-101-41553,1.2369477911646587,1.317405158846875,-0.061072607118557776
RMOD-1052-1338-08-101-44251,1.2453987730061349,1.3206792661701041,-0.057001343999499854
RMOD-1052-1338-08-101-45829,1.2259615384615385,1.2767688555006484,-0.03979366885416957
RMOD-1052-1338-08-101-48612,1.3208955223880596,1.3478514118283509,-0.01999915510250916
RMOD-1052-1338-08-101-49328,1.378698224852071,1.3689970382215018,0.007086345959646634
RMOD-1052-1338-08-101-54772,1.328502415458937,1.2897453744499587,0.030050149259505776
RMOD-1052-1338-08-103-37819,1.2614601018675722,1.2754652172692955,-0.01098039774985593
RMOD-1052-1338-08-103-50988,1.3982683982683983,1.3921744813087122,0.004377265236148675
RMOD-1052-1338-08-103-52040,1.0687830687830688,1.0500930115177716,0.017798477906526777
RMOD-1052-1338-08-103-53470,1.368421052631579,1.3698899045031894,-0.0010722408178803766
RMOD-1052-1338-08-106-37841,1.1851851851851851,1.282131783884854,-0.07561359909971266
RMOD-1052-1338-08-106-51023,1.2666666666666666,1.3551480134261713,-0.06529275465327256
RMOD-1052-1338-08-158-44313,1.3333333333333333,1.3541476377895043,-0.015370779282344649
RMOD-1052-1338-08-158-45925,1.3877551020408163,1.229807755451961,0.1284325504442836
RMOD-1052-1647-08-103-32896,1.4151624548736461,1.3966630549431485,0.013245427997127468
RMOD-1052-2406-07-101-52753,1.3333333333333333,1.3560075533848592,-0.016721308074521213
RMOD-1052-2406-08-101-33458,1.39568345323741,1.3873880223765405,0.005979171455336552
RMOD-1052-2406-08-101-38521,1.4310344827586208,1.4163438572366647,0.010372216779771293
RMOD-1052-2406-08-101-39700,1.4157303370786516,1.3534650567176998,0.046004350132209604
RMOD-1052-2406-08-101-40873,1.3691275167785235,1.4278986254118415,-0.041159160452561516
RMOD-1052-2406-08-101-42225,1.4047619047619047,1.3605928920073704,0.03246306298820145
RMOD-1052-2406-08-101-43585,1.2537313432835822,1.2919868388311682,-0.02960981830294418
RMOD-1052-2406-08-101-45240,1.2307692307692308,1.2415170956721253,-0.008657041405520038
RMOD-1052-2406-08-101-46558,1.1944444444444444,1.3105862258328027,-0.08861819169094098
RMOD-1052-2406-08-101-47592,1.2672413793103448,1.3245563682043824,-0.04327108326219142
RMOD-1052-2406-08-101-48983,1.3308823529411764,1.3985268005292741,-0.04836835987876498
RMOD-1052-2406-08-101-51319,1.2741935483870968,1.3898149630714989,-0.08319194839353161
RMOD-1052-2406-08-101-54301,1.3093922651933703,1.3464975761371447,-0.027556908828772597
RMOD-1052-2406-08-106-43613,1.380952380952381,1.3172680312777172,0.04834577941809726
RMOD-1052-2406-08-106-45274,1.2363636363636363,1.227664104599372,0.007086247558816927
RMOD-1052-2406-08-106-46646,1.2763157894736843,1.242786620530712,0.026979023099439337
RMOD-1052-2406-08-106-47669,1.2790697674418605,1.2983386074093066,-0.014841151497370197
RMOD-1052-2406-08-107-46635,1.0555555555555556,1.073618579334496,-0.016824432928626454
RMOD-1052-2406-08-107-47692,1.0930232558139534,1.2059621936112974,-0.09365047958853856
RMOD-1052-2406-08-107-49031,1.3414634146341464,1.2707384876417114,0.05565655536544667
RMOD-1052-2406-08-107-51374,1.4631578947368422,1.4774868224815547,-0.009698176340176112
RMOD-1052-2406-08-107-52836,1.4285714285714286,1.128133397199303,0.266314278185533
RMOD-1052-2654-08-101-44537,1.1627906976744187,1.2474514033360724,-0.067866936888479
RMOD-1052-2654-08-101-45518,1.3067484662576687,1.2256234851832757,0.06619078538810963
RMOD-1052-2654-08-101-47924,1.3672316384180792,1.3138073882628811,0.04066368528025688
RMOD-1052-2654-08-101-49642,1.2446043165467626,1.3324349043108488,-0.06591735737327686
RMOD-1052-2654-08-103-34942,1.3778801843317972,1.3255382218830591,0.039487327928108495
RMOD-1052-2654-08-103-38105,1.3503401360544218,1.357500678723955,-0.005274798592560637
RMOD-1052-2654-08-103-40497,1.2851063829787235,1.3290722829959172,-0.03308014212597099
RMOD-1052-2654-08-106-44616,1.2098765432098766,1.1602163381202706,0.04280253902480213
RMOD-1052-2654-08-106-45542,1.0952380952380953,1.1409613167066257,-0.040074295945904836
RMOD-1052-2654-08-107-47990,1.226027397260274,1.287292410074292,-0.047592149487219015
RMOD-1052-2654-08-107-49698,1.2628205128205128,1.3173485830509963,-0.041392286697721103
RMOD-1052-2655-08-101-34578,0.9607843137254902,0.8948948316034973,0.07362818489400635
RMOD-1052-2655-08-101-37266,1.2952380952380953,1.2978835242583424,-0.002038263812431773
RMOD-1052-2655-08-101-39009,1.4545454545454546,1.3772251077105273,0.05614212694935783
RMOD-1052-5329-08-103-35877,1.3026315789473684,1.305211955339891,-0.001976978820923181
RMOD-1052-5329-08-106-35914,1.5813953488372092,1.3021280858178585,0.21446988668856237
RMOD-1052-7088-07-101-51647,1.2028985507246377,1.2444995636211293,-0.03342790476795743
RMOD-1052-7088-08-101-40106,1.2688172043010753,1.252592297410584,0.01295306295913834
RMOD-1052-7088-08-101-41891,1.3793103448275863,1.3417379172780213,0.028002806707429162
RMOD-1052-7088-08-101-46214,1.2708333333333333,1.356987279371616,-0.0634891331318731
RMOD-1052-7088-08-101-50339,1.3333333333333333,1.3898436378823813,-0.04065946917248131
RMOD-1052-7088-08-101-53093,1.48,1.32391291530226,0.11789830199073492
RMOD-1052-7088-08-103-46288,1.2083333333333333,1.2662799052654294,-0.04576126628176236
RMOD-1052-7088-08-103-50389,1.3695652173913044,1.2474131760606846,0.09792428336886294
RMOD-1052-7088-08-106-40126,1.2363636363636363,1.278427533488794,-0.03290284042175351
RMOD-1052-7088-08-106-46279,1.1818181818181819,1.2417856977982766,-0.04829135662169326
RMOD-1052-7088-08-106-50368,1.2972972972972974,1.3366162979364187,-0.02941681969599308
RMOD-1052-7092-08-101-42511,1.3819241982507289,1.3754039303407757,0.004740620385124128
RMOD-1052-7092-08-101-48342,1.402116402116402,1.4019771639535705,0.00009931557118880718
RMOD-1052-7092-08-101-50602,1.3597122302158273,1.4092857696555867,-0.03517635706480926
RMOD-1052-7092-08-101-52404,1.034965034965035,0.9668260827623342,0.07047694866487264
RMOD-1052-7092-08-101-53951,1.5086705202312138,1.44412113084807,0.04469804367812058
RMOD-1052-7092-08-106-50687,1.3766233766233766,1.3803730248850214,-0.0027164021565526664
RMOD-1052-7092-08-106-52430,1.2365591397849462,1.006164814399184,0.22898268960372947
RMOD-1052-7775-08-103-31523,1.3622047244094488,1.3851866150065641,-0.01659118731594611
RMOD-1052-7775-08-103-33871,1.3796992481203008,1.372455342425366,0.005278062951129314
RMOD-1052-7775-08-103-37665,1.431438127090301,1.4144812375999938,0.011988062506278707
RMOD-1052-7775-08-103-47364,1.309278350515464,1.3950082398963257,-0.06145475483874785
RMOD-1052-7775-08-107-47290,1.3037974683544304,1.3910676165767606,-0.06273609361785804
RMOD-1052-7775-08-107-49972,1.4057971014492754,1.4003571819254652,0.003884665708166146
RMOD-1052-9262-08-103-29854,1.409282700421941,1.3086022799863941,0.07693737201542517
RMOD-1052-9945-08-101-30527,1.3149171270718232,1.3472391529606196,-0.023991305343054492
RMOD-1052-9945-08-101-36536,1.4137931034482758,1.332551068728216,0.060967295458024706
RMOD-1052-9968-08-101-30867,1.2155309033280508,1.2605119300535184,-0.035684729079523914
RMOD-1053-0394-00-119-31198,1.1379310344827587,1.3206565512963584,-0.13835960351253784
RMOD-1053-0589-00-108-31524,1.3962264150943395,1.3622779938303935,0.024920333014035734
RMOD-1053-0589-00-108-40911,1.4777777777777779,1.4256831032915036,0.03654015002773203
RMOD-1053-0589-00-108-47693,1.3414634146341464,1.3575641837970112,-0.011860042681615335
RMOD-1053-0589-00-119-40874,1.6842105263157894,1.3558115195529437,0.24221582574481282
RMOD-1053-0589-00-119-47595,1.75,1.4774638967383382,0.1844621069004222
RMOD-1053-0589-00-119-50604,1.6176470588235294,1.4241172245633162,0.1358945955587021
RMOD-1053-0589-00-130-35879,1.483695652173913,1.3923807502635583,0.06558184741714523
RMOD-1053-0589-00-130-38106,1.3626373626373627,1.327350543688889,0.026584400870026892
RMOD-1053-0589-00-130-39701,1.558139534883721,1.4317437847928702,0.08828098395351947
RMOD-1053-0589-00-130-42226,1.5089285714285714,1.4728479228346216,0.0244971989535141
RMOD-1053-1259-00-108-32202,1.3254237288135593,1.3767399173167325,-0.03727369843622197
RMOD-1053-1648-00-101-32897,1.4444444444444444,1.4603529701535773,-0.010893616840769504
RMOD-1053-1648-00-101-37820,1.4107142857142858,1.3967456479642695,0.01000084573048432
RMOD-1053-1650-00-108-54725,1.2076923076923076,1.2743669855424926,-0.05231984083595953
RMOD-1053-1650-00-117-54774,1.2121212121212122,1.2718602636875442,-0.04696982307877817
RMOD-1053-1650-00-119-32534,1.3484848484848484,1.3431630155958585,0.003962164552773206
RMOD-1053-1650-00-119-45843,1.358974358974359,1.2728041678452213,0.06770105983783692
RMOD-1053-1650-00-119-46565,1.2763157894736843,1.330142576655306,-0.040466930482724206
RMOD-1053-1650-00-119-48343,1.4714285714285715,1.3493218191279248,0.09049490682627881
RMOD-1053-1650-00-130-37269,1.308411214953271,1.297396750462007,0.008489665545517777
RMOD-1053-1650-00-130-41555,1.3556485355648535,1.330380538465757,0.018993059781404087
RMOD-1053-1650-00-130-44539,1.3555555555555556,1.2823223724655748,0.057109806911636696
RMOD-1053-2039-00-119-33182,1.3026315789473684,1.3558871050122936,-0.03927725683654337
RMOD-1053-2039-00-119-36884,1.4827586206896552,1.3446093616403185,0.10274304418110347
RMOD-1053-2337-00-108-33461,1.3983903420523138,1.3786569024087059,0.014313524713168935
RMOD-1053-2337-00-119-48984,1.125,1.2639525131692853,-0.1099349158465377
RMOD-1053-2337-00-130-35573,1.4210526315789473,1.3708832468638494,0.03659639493725653
RMOD-1053-2337-00-130-40498,1.348314606741573,1.373846989073619,-0.018584589503131133
RMOD-1053-2337-00-130-42512,1.3829787234042554,1.3980704643989719,-0.010794692670375805
RMOD-1053-2977-00-119-34588,1,0.8916415932943922,0.12152686406793878
RMOD-1053-2977-00-130-36539,1.3719298245614036,1.3615670066018148,0.007610949670006972
RMOD-1053-2979-00-119-35235,1.3937823834196892,1.3598662928320049,0.024940753930338122
RMOD-1053-5057-00-127-36243,1.5777777777777777,1.4386629579626695,0.09669729733787857
RMOD-1053-5627-00-108-52076,1.1734693877551021,1.0994420429350766,0.06733173912687707
RMOD-1053-5627-00-108-53920,1.2708333333333333,1.3386678081122667,-0.050673120222850976
RMOD-1053-5627-00-117-52041,1.2424242424242424,1.1043434055433967,0.1250343291658471
RMOD-1053-5627-00-117-53954,1.3793103448275863,1.3629818041034216,0.011980013727993732
RMOD-1053-5627-00-130-38522,1.3868852459016394,1.361972570929329,0.01829161284453118
RMOD-1053-5627-00-130-43924,1.3071428571428572,1.2566349350608255,0.04019299533446996
RMOD-1053-5632-00-108-53168,1.625,1.4452596743427504,0.12436541948005897
RMOD-1053-5632-00-117-39436,1.4615384615384615,1.4339465269179235,0.019241955053821425
RMOD-1053-5632-00-117-44286,1.6111111111111112,1.4531981106864285,0.10866584484485142
RMOD-1053-5632-00-117-45282,1.3265306122448979,1.3105589377003646,0.012186918180542738
RMOD-1053-5632-00-117-48613,1.4137931034482758,1.4415782708505718,-0.01927413028076641
RMOD-1053-5632-00-117-49330,1.375,1.4709268510722064,-0.06521524235027887
RMOD-1053-5632-00-117-50340,1.3928571428571428,1.429258131557157,-0.025468449607738752
RMOD-1053-5632-00-117-51648,1.25,1.3414725257052054,-0.06818814694480513
RMOD-1053-5632-00-117-53094,1.4285714285714286,1.2696235988804154,0.12519287592887918
RMOD-1053-5632-00-130-39384,1.4453125,1.417871839854506,0.019353413597881897
RMOD-1053-5632-00-130-44254,1.2962962962962963,1.3019885736552013,-0.004371987184898618
RMOD-1053-5747-00-117-49643,1.267605633802817,1.4074153795876072,-0.0993379408897439
RMOD-1053-5747-00-130-39010,1.4166666666666667,1.3718343088428784,0.03268059235346277
RMOD-1053-5747-00-154-49699,1.3645833333333333,1.3769373104795495,-0.008972069426976037
RMOD-1053-5748-00-108-37667,1.385185185185185,1.3205334249725829,0.04895882148075459
RMOD-1053-5748-00-108-51320,1.4313725490196079,1.4142744577953819,0.012089655674669464
RMOD-1053-5748-00-108-52405,1,0.9426946989641956,0.06078882282754927
RMOD-1053-5748-00-108-53471,1.4724409448818898,1.4231957552717411,0.03460183845246623
RMOD-1053-5748-00-130-37715,1.3555555555555556,1.3709295237766101,-0.011214265908215726
RMOD-1053-7095-00-101-42045,1.3877551020408163,1.3836862578013513,0.002940582965628602
RMOD-1053-7096-00-103-40107,1.3653846153846154,1.4066817603013642,-0.02935784488163229
RMOD-1053-7096-00-103-42901,1.4146341463414633,1.4103679416387125,0.003024887745104232
RMOD-1053-7096-00-103-45556,1.3863636363636365,1.2729233262016086,0.08911794436239329
RMOD-1053-7096-00-103-46215,1.5,1.3685922848474101,0.09601670023095377
RMOD-1053-7096-00-103-49973,1.375,1.3266547710625403,0.0364414540933955
RMOD-1053-8568-00-108-29522,1.4537037037037037,1.3440269815507702,0.0816030657557083
RMOD-1053-8568-00-108-31938,1.3941605839416058,1.3876470738389999,0.004693924143540196
RMOD-1053-8568-00-108-33873,1.2568807339449541,1.2727213539993236,-0.012446259351737043
RMOD-1053-9264-00-108-46979,1.2575757575757576,1.347329956188984,-0.06661634605609335
RMOD-1053-9264-00-108-54363,1.3461538461538463,1.3939995364554139,-0.03432260129958664
RMOD-1053-9264-00-117-29863,1.5142857142857142,1.362034717358055,0.11178202360581624
RMOD-1053-9264-00-117-34212,1,1.012849702467266,-0.01268668237347026
RMOD-1053-9264-00-119-46913,1.2,1.3230839324818118,-0.09302806077535364
RMOD-1053-9264-00-119-47925,1.4722222222222223,1.3101571582610185,0.1236989493507128
RMOD-1053-9264-00-119-50990,1.40625,1.4448527192622653,-0.026717407765945667
RMOD-1053-9264-00-119-52754,1.1538461538461537,1.379562786101997,-0.1636146136513391
RMOD-1053-9264-00-119-54303,1.1481481481481481,1.3076403257544067,-0.12196945479961696
RMOD-1053-9264-00-130-43588,1.3595505617977528,1.3351092685559196,0.018306586447616624
RMOD-1053-9264-00-130-44905,1.35,1.237786115093636,0.09065692653845558
RMOD-1053-9273-00-108-30528,1.2664576802507836,1.2860558635545931,-0.01523898289273451
RMOD-1053-9275-00-117-30204,1.4746835443037976,1.3493240563977356,0.0929053975667875
RMOD-1053-9970-00-119-30868,1.411764705882353,1.2777930441741308,0.10484613476262239
RMOD-1053-9970-00-119-34947,1.4090909090909092,1.361122871587592,0.03524151897276395
RMOD-1053-9970-00-119-41194,1.2439024390243902,1.3763022727151895,-0.09619967671026142
RMOD-1053-9970-00-127-41271,1.5,1.475603712710692,0.01653308884977789
RMOD-1053-9970-00-127-43258,1.2765957446808511,1.2971607158758292,-0.01585383441179289
RMOD-1054-2035-01-103-29523,1.3553719008264462,1.3817854101704294,-0.019115493006056083
RMOD-1054-2035-01-103-30869,1.2614107883817427,1.2000364476886556,0.05114373051860044
RMOD-1054-2035-01-103-31200,1.1629955947136563,1.1880290400581324,-0.021071408610728093
RMOD-1054-2035-01-103-40499,1.4557823129251701,1.4374175866978192,0.012776194195272206
RMOD-1055-3286-117-162-54727,1.4074074074074074,1.309049373793133,0.07513699298390075
RMOD-1055-3286-17-118-29525,1.1423948220064726,1.176864264895719,-0.02928922554403568
RMOD-1055-3286-17-118-30870,1.108433734939759,1.074943499162918,0.031155345190626793
RMOD-1055-3286-17-118-31201,1.0933333333333333,1.0981298202058507,-0.00436786870209771
RMOD-1055-3286-17-118-40500,1.1760299625468165,1.2290705134322824,-0.04315501047807724
RMOD-1055-3286-17-162-37888,0.9375,0.9905837313540282,-0.05358833349854042
RMOD-1055-3286-17-162-38553,1.5263157894736843,1.2782070706533168,0.194106827067976
RMOD-1055-3286-17-162-39078,1.5625,1.332154820393173,0.17291171872864064
RMOD-1055-3286-17-162-39399,1.2352941176470589,1.3107044386757505,-0.05753419215157407
RMOD-1055-3286-17-162-39775,0.6190476190476191,0.9128712860995007,-0.3218675748991141
RMOD-1055-3286-17-162-40184,1.2857142857142858,1.3046274411652918,-0.014496978105958624
RMOD-1055-3286-17-162-40581,1,1.1081638542917354,-0.09760637280564122
RMOD-1055-3286-17-162-40927,1.5263157894736843,1.1501642644161962,0.3270415684914503
RMOD-1055-3286-17-162-41280,1.6538461538461537,1.2914198839590985,0.28064169863636246
RMOD-1055-3286-17-162-41641,1.25,1.144874241733061,0.09182297446731291
RMOD-1055-3286-17-162-41959,1.3333333333333333,1.2301776734095338,0.08385427743774243
RMOD-1055-3286-17-162-42308,1.4,1.203358517308707,0.16341055459604736
RMOD-1055-3286-17-162-42588,1.625,1.3716874610231142,0.18467219842335303
RMOD-1055-3286-17-162-42969,1.2,1.2844968966679848,-0.06578209483197017
RMOD-1055-3286-17-162-43323,1.34375,1.1847317392208983,0.13422301058944797
RMOD-1055-3286-17-162-43615,1.2857142857142858,1.0880865645167639,0.18162867518292658
RMOD-1055-3286-17-162-43985,1.4583333333333333,1.2189524980457935,0.19638241495982123
RMOD-1055-3286-17-162-44300,1.5333333333333334,1.3569450268716787,0.12998927957185025
RMOD-1055-3286-17-162-44594,1.4583333333333333,1.2662944240483947,0.15165423272652712
RMOD-1055-3286-17-162-44886,1.25,1.3613733512715076,-0.08180955736167894
RMOD-1055-3286-17-162-45214,1.4333333333333333,1.2181759944784945,0.17662254044576575
RMOD-1055-3286-17-162-45511,1.25,1.227005507305049,0.018740333729597713
RMOD-1055-3286-17-162-45899,1.3,1.261723697200311,0.03033651732516529
RMOD-1055-3286-17-162-48330,1.4634146341463414,1.2353663898466896,0.18459968327934928
RMOD-1055-3286-19-162-46226,1.15625,1.2095854877239647,-0.044094020856950134
RMOD-1055-3286-19-162-46578,1.2424242424242424,1.2218144924363599,0.01686814988320018
RMOD-1055-3286-19-162-47000,1.2857142857142858,1.330970233962989,-0.034002224162408834
RMOD-1055-3286-19-162-47337,1.2222222222222223,1.180260547280167,0.03555289129908901
RMOD-1055-3286-19-162-47703,1.3,1.1781902491420926,0.1033871659917438
RMOD-1055-3286-19-162-48011,1.2105263157894737,1.0139921379393477,0.1938221910176996
RMOD-1055-3286-19-162-48698,1.5185185185185186,1.2119445366174173,0.25296040589180824
RMOD-1055-3286-19-162-49071,1.3333333333333333,1.2266819054815665,0.08694301870369392
RMOD-1055-3286-19-162-49315,1.394736842105263,1.3731912267733581,0.015690178404745403
RMOD-1055-3286-19-162-49661,1.3461538461538463,1.4582219495570417,-0.07685256927948314
RMOD-1055-3286-19-162-50066,1.358974358974359,1.2579255331585777,0.08032973586445413
RMOD-1055-3286-19-162-50327,1.3478260869565217,1.3517032997455336,-0.002868390415072364
RMOD-1055-3286-19-162-50656,1.3793103448275863,1.36315554548819,0.011851031522312816
RMOD-1055-3286-19-162-51073,1.4210526315789473,1.4099543319152807,0.007871389457409395
RMOD-1055-3286-19-162-51391,1.3181818181818181,1.1951311982026862,0.10295992621076522
RMOD-1055-3286-19-162-51704,1.2682926829268293,1.2521593288280708,0.012884425909167607
RMOD-1055-3286-19-162-52029,0.9583333333333334,1.1821523815495825,-0.18933180841108144
RMOD-1055-3286-19-162-52393,0.85,0.8748073468804533,-0.028357497189427816
RMOD-1055-3286-19-162-52824,1.0909090909090908,0.9682027800244625,0.12673616872028415
RMOD-1055-3286-19-162-53169,1.368421052631579,1.3334566775268675,0.026220855685809896
RMOD-1055-3286-19-162-53552,1.4074074074074074,1.3023427320656797,0.08067359901113114
RMOD-1055-3286-19-162-53921,1.2058823529411764,1.1845381642450488,0.01801899621337344
RMOD-1055-3286-19-162-54365,1.3636363636363635,1.2758998808065771,0.06876439456544414
RMOD-1056-0215-117-162-54728,1.5,1.3917488153409538,0.07778069107429175
RMOD-1056-0215-17-124-29526,1.075,1.2011838344222265,-0.1050495609466151
RMOD-1056-0215-17-124-31204,0.9871794871794872,1.0612304692207435,-0.06977841683685515
RMOD-1056-0215-17-124-40501,1.2264150943396226,1.2227677093237954,0.002982892816039584
RMOD-1056-0215-17-156-30871,1.0235294117647058,1.1059980108585714,-0.07456487107951149
RMOD-1056-0215-17-162-37889,1,1.1200650224684239,-0.10719468964741163
RMOD-1056-0215-17-162-38563,1.1538461538461537,1.2721009230906861,-0.09296021023019252
RMOD-1056-0215-17-162-39079,0.8372093023255814,0.8474800149517793,-0.012119120740307077
RMOD-1056-0215-17-162-39423,1.4285714285714286,1.1468537775199752,0.2456439143102065
RMOD-1056-0215-17-162-39776,1.1666666666666667,1.3710674202995492,-0.14908147521164594
RMOD-1056-0215-17-162-40185,1.4857142857142858,1.3714597244476918,0.08330872517062504
RMOD-1056-0215-17-162-40582,1.3863636363636365,1.2275002383723441,0.12942025836340676
RMOD-1056-0215-17-162-40928,1.5,1.5134129340634117,-0.008862706113789476
RMOD-1056-0215-17-162-41281,1.1428571428571428,1.238159785470867,-0.07697119849315814
RMOD-1056-0215-17-162-41642,1.5454545454545454,1.326784930795155,0.16481165076870408
RMOD-1056-0215-17-162-41960,1.5,1.341128948613522,0.11846068310636437
RMOD-1056-0215-17-162-42309,1.34375,1.3131176716311241,0.023327938562295758
RMOD-1056-0215-17-162-42589,1.6666666666666667,1.4199282885126017,0.1737681967112068
RMOD-1056-0215-17-162-42971,1.1923076923076923,1.2624573902455758,-0.05556599254746952
RMOD-1056-0215-17-162-43326,1.3793103448275863,1.2441218069461923,0.10866181842212552
RMOD-1056-0215-17-162-43616,1.1891891891891893,1.1320532293862622,0.05047108945036349
RMOD-1056-0215-17-162-43986,0.9583333333333334,1.2075515304789037,-0.20638307422519075
RMOD-1056-0215-17-162-44301,1.5185185185185186,1.251605983975216,0.21325603900962786
RMOD-1056-0215-17-162-44595,1.3333333333333333,1.209700665207165,0.10220104169736577
RMOD-1056-0215-17-162-44887,1.5,1.3403941384966715,0.11907382830123048
RMOD-1056-0215-17-162-45215,1.054054054054054,1.204804636283446,-0.1251245037489429
RMOD-1056-0215-17-162-45512,1.3103448275862069,1.2477807589930117,0.050140273555496995
RMOD-1056-0215-17-162-45902,0.9375,1.2327330125443958,-0.23949469150260405
RMOD-1056-0215-17-162-46227,1.0476190476190477,1.2365701456871772,-0.15280257147331278
RMOD-1056-0215-17-162-46579,1.2608695652173914,1.3285123327073187,-0.05091617580401464
RMOD-1056-0215-17-162-47001,1.4285714285714286,1.3009015694511337,0.09813952271128445
RMOD-1056-0215-17-162-47338,1.1333333333333333,1.3003390372527626,-0.12843243118522663
RMOD-1056-0215-17-162-47704,1.3548387096774193,1.2387639668740842,0.09370206585540242
RMOD-1056-0215-17-162-48012,1.1428571428571428,1.2956816629368784,-0.11794912627946996
RMOD-1056-0215-17-162-48331,1.5625,1.3784180307859868,0.1335458221690904
RMOD-1056-0215-17-162-48700,1.3225806451612903,1.2727790971737936,0.03912819443537474
RMOD-1056-0215-17-162-49072,1.4333333333333333,1.2637059227604732,0.13423013022074115
RMOD-1056-0215-17-162-49316,1.24,1.3735744496063278,-0.09724587527426043
RMOD-1056-0215-17-162-49663,1.4838709677419355,1.3377318900935253,0.10924392154409435
RMOD-1056-0215-17-162-50067,1.4,1.3966136637843036,0.002424676418044447
RMOD-1056-0215-17-162-50328,1.35,1.3484459911484714,0.0011524442667556478
RMOD-1056-0215-17-162-50658,1.3846153846153846,1.3348991864491793,0.03724341034205736
RMOD-1056-0215-17-162-51074,1.4761904761904763,1.302043081415334,0.13374933384373278
RMOD-1056-0215-17-162-51392,1.3235294117647058,1.2173386797960766,0.08723187205915295
RMOD-1056-0215-17-162-51706,1.5,1.28994321102965,0.16284188883220674
RMOD-1056-0215-17-162-52030,1.21875,1.0178908898086103,0.1973287237389032
RMOD-1056-0215-17-162-52394,0.84,1.0009517936380816,-0.16079874641423308
RMOD-1056-0215-17-162-52825,1.25,1.194192613863239,0.046732315615504394
RMOD-1056-0215-17-162-53170,1.53125,1.5286198391520913,0.0017206114826873176
RMOD-1056-0215-17-162-53553,1.3142857142857143,1.359731406878228,-0.03342255122050264
RMOD-1056-0215-17-162-53922,1.4864864864864864,1.3359944527685528,0.11264420552500964
RMOD-1056-0215-17-162-54367,1.435897435897436,1.4122268166529328,0.01676120221297306
RMOD-1057-3261-02-101-29527,1.207161125319693,1.212459011121323,-0.004369538065233436
RMOD-1057-3261-02-101-30872,1.0397022332506203,1.0560371168108051,-0.015468096054725322
RMOD-1057-3261-02-101-31205,1.061576354679803,1.0602615001510571,0.0012401228645559925
RMOD-1057-3261-02-101-40502,1.1640625,1.213271889487293,-0.04055924307954417
RMOD-1058-1597-01-103-29528,1.202156334231806,1.2262626283908467,-0.019658345285034184
RMOD-1058-1597-01-103-30873,1.1231527093596059,1.1229107439483113,0.00021548053805586775
RMOD-1058-1597-01-103-31206,1.1851851851851851,1.1554899141916393,0.025699290516369544
RMOD-1058-1597-01-103-40503,1.276243093922652,1.3296926289005957,-0.04019691003486747
RMOD-1059-5509-02-101-29529,1.1256218905472637,1.1257156393280294,-0.00008327927363771526
RMOD-1059-5509-02-101-30874,1.0391498881431767,1.1067688086477228,-0.061095795234024086
RMOD-1059-5509-02-101-31208,1.0988847583643122,1.1120346065265143,-0.011825035016919228
RMOD-1059-5509-02-101-40504,1.1506572295247726,1.1375477833853842,0.011524303709136596
RMOD-1060-2245-00-108-29530,1.2789115646258504,1.2337080381121415,0.03664037609974624
RMOD-1060-2245-00-108-30875,1.187363834422658,1.0941327373531287,0.08521004251739095
RMOD-1060-2245-00-108-31210,1.1636363636363636,1.1035518453266602,0.054446484380548554
RMOD-1060-2245-00-108-40505,1.3353658536585367,1.1385053004818695,0.17291140681852446
RMOD-1061-2237-01-103-29531,1.1940298507462686,1.2274089180170051,-0.027194740710099752
RMOD-1061-2237-01-103-30876,1.0443686006825939,1.0867179824274955,-0.03896998340848479
RMOD-1061-2237-01-103-31245,1.1305841924398625,1.114092611049626,0.014802702420491975
RMOD-1061-2237-01-103-40506,1.2363636363636363,1.2601510358658705,-0.01887662575771276
RMOD-1062-1010-10-117-47390,1.2215189873417722,1.217208878066998,0.003540977520324118
RMOD-1062-1493-09-117-29532,1.1108108108108108,1.1809803112332453,-0.05941631689791649
RMOD-1062-1493-09-117-30877,1.0701030927835051,1.122845726215267,-0.04697228853472091
RMOD-1062-1493-09-117-31246,1.0961761297798378,1.1352561727753114,-0.03442398635009081
RMOD-1062-1493-09-117-40507,1.1493055555555556,1.1958372626852773,-0.03891140423675532
RMOD-1062-2237-09-117-42153,1.0682926829268293,1.2283337939296743,-0.1302912219738277
RMOD-1063-2556-100-126-29533,1.4087591240875912,1.2740538862046102,0.10572962363802851
RMOD-1063-2556-100-126-30878,1.2962962962962963,1.198772927530213,0.08135266198162072
RMOD-1063-2556-100-126-31247,1.2284644194756553,1.2422430589326916,-0.011091741956581802
RMOD-1063-2556-100-126-40508,1.411214953271028,1.3102078334795164,0.07709244076435362
RMOD-1064-0421-27-152-41195,1.1581632653061225,1.168477482525873,-0.008827056895828744
RMOD-1064-0421-27-152-41556,1.1557377049180328,1.1627300554681517,-0.006013735103203799
RMOD-1064-0421-27-152-41892,1.283132530120482,1.2474672378954275,0.028590163446075456
RMOD-1064-0421-27-152-42227,1.1923076923076923,1.1778084137105786,0.012310388029437735
RMOD-1064-0421-27-152-42514,1.1436781609195403,1.1663495616246247,-0.01943791248440574
RMOD-1064-1870-01-103-32535,1.311578947368421,1.263102433474273,0.03837892526325759
RMOD-1064-1870-01-103-32899,1.2252252252252251,1.2232673415599329,0.00160053620232814
RMOD-1064-1870-01-103-33218,1.2882165605095541,1.2170819806469722,0.05844682691363867
RMOD-1064-1870-01-103-33462,1.2793522267206479,1.2203457836325597,0.04835223252252785
RMOD-1064-1963-17-118-42902,1.0538461538461539,1.0815364478607186,-0.02560273772496169
RMOD-1064-1963-17-118-43926,1.348314606741573,1.176756544098786,0.14578891742996336
RMOD-1064-2759-00-119-47292,1.39,1.223424951069993,0.1361546932521871
RMOD-1064-2759-00-119-51650,1.3744075829383886,1.329265694568238,0.03396001909521429
RMOD-1064-3558-18-117-46738,1.1159695817490494,1.1286840411968382,-0.011264852681275084
RMOD-1064-4281-19-117-48614,1.2176759410801965,1.1731178244335148,0.03798264395837503
RMOD-1064-4281-19-162-48701,1.3658536585365855,1.3232277223294018,0.032213605782189125
RMOD-1064-4281-19-162-49073,1.3389830508474576,1.3148934441267417,0.018320577099473212
RMOD-1064-4281-19-162-49317,1.3103448275862069,1.3023240463210883,0.006158821445227947
RMOD-1064-4281-19-162-49664,1.3846153846153846,1.2629455837693564,0.09633811813403348
RMOD-1064-4281-19-162-50068,1.4722222222222223,1.2393878428388438,0.18786240378965346
RMOD-1064-4340-17-118-33875,1.1939393939393939,1.2038911031724828,-0.00826628688164921
RMOD-1064-4340-17-118-34213,0.8520286396181385,0.8800117559699516,-0.0317985710554175
RMOD-1064-4340-17-118-34579,0.8283582089552238,0.8007037079898116,0.034537745597356784
RMOD-1064-4656-00-101-50344,1.3624454148471616,1.3303235027027671,0.02414594050179031
RMOD-1064-5242-00-117-39702,1.0377358490566038,1.2251944259286323,-0.15300312579364284
RMOD-1064-5242-00-117-40128,0.9961977186311787,0.997176919545081,-0.000981973102976652
RMOD-1064-5242-00-117-40875,1.3793103448275863,1.3621957166588339,0.012564000869662584
RMOD-1064-5393-08-101-38107,1.1957671957671958,1.1901642758179676,0.0047076862102732875
RMOD-1064-5393-08-101-38523,1.1675392670157068,1.1927738256637541,-0.021156197516327024
RMOD-1064-5393-08-101-39011,1.2327586206896552,1.1246860452008933,0.09609132784203589
RMOD-1064-5393-08-101-39385,1.1741573033707866,1.2376531189474425,-0.051303402063621606
RMOD-1064-5483-00-130-36885,1.3460317460317461,1.2810686730349121,0.05071006290625579
RMOD-1064-5483-00-130-37272,1.3742331288343559,1.292087919861877,0.06357555682531268
RMOD-1064-5483-00-130-37821,1.246031746031746,1.1819352558769198,0.054230119489303785
RMOD-1064-5818-05-103-44261,1.1393034825870647,1.1134090395113236,0.02325690034554251
RMOD-1064-8092-27-126-35238,1,1.0790905071709764,-0.0732936733715932
RMOD-1064-8092-27-126-35574,1.0778210116731517,1.1108367236875278,-0.02972148049335044
RMOD-1064-8092-27-126-35882,0.9630872483221476,1.0598841305885915,-0.09132779657026191
RMOD-1064-8092-27-126-36220,1.009933774834437,1.0961143842369279,-0.07862373730501349
RMOD-1064-8092-27-126-36543,1.0235690235690236,1.019694802016659,0.003799393254435124
RMOD-1064-8092-27-126-53095,1.1395348837209303,1.0812867286041412,0.05386929625223735
RMOD-1065-0252-17-118-35240,1.4746543778801844,1.3801991033342014,0.06843597732950535
RMOD-1065-0252-17-118-35575,1.4060402684563758,1.3491713356220825,0.042151008795389355
RMOD-1065-0252-17-118-35883,1.3159722222222223,1.3590986765971553,-0.03173165798594624
RMOD-1065-0252-17-118-36221,1.1753731343283582,1.2774228310888034,-0.07988717148061597
RMOD-1065-0252-17-118-36545,1.2835820895522387,1.2744283198800517,0.007182647724784275
RMOD-1065-0252-17-118-53096,1.3395061728395061,1.293492021291791,0.03557358745959749
RMOD-1065-0298-01-103-33877,1.2922448979591836,1.2600392016768458,0.025559281202901518
RMOD-1065-0298-01-103-34214,0.9478908188585607,0.9252259947594844,0.024496527580775806
RMOD-1065-0298-01-103-34580,0.8448023426061494,0.8390639645505309,0.006839023361815411
RMOD-1065-0841-09-117-48514,1.0845070422535212,1.2322304029502216,-0.11988290529353862
RMOD-1065-1917-18-117-38108,1.2759629449049243,1.2712219466447838,0.003729481128495138
RMOD-1065-1917-18-117-38524,1.3624260355029585,1.3101544735428952,0.039897251061328465
RMOD-1065-1917-18-117-39012,1.2220762155059133,1.2412247438832116,-0.015427124275166793
RMOD-1065-1917-18-117-39388,1.2239939255884587,1.217112758352866,0.005653680966178465
RMOD-1065-3383-01-103-47293,1.112994350282486,1.1095842089183527,0.00307335066299963
RMOD-1065-3448-01-103-42903,1.1789667896678966,1.1905932673296324,-0.009765280873637594
RMOD-1065-3448-01-103-43927,1.2215909090909092,1.1510667609870386,0.06126851238706266
RMOD-1065-3857-17-118-36875,1.3055118110236221,1.2694542555351425,0.02840398173566272
RMOD-1065-3857-17-118-37274,1.3035143769968052,1.2984481131858958,0.0039017837982595616
RMOD-1065-3857-17-118-37822,1.1543408360128617,1.1702805333695523,-0.013620407160662484
RMOD-1065-4221-17-118-44263,1.0714285714285714,1.1057721503307953,-0.031058458916649268
RMOD-1065-4690-100-130-48615,1.4077669902912622,1.3366913665459734,0.053172800785680874
RMOD-1065-4969-01-103-50346,1.2150943396226415,1.2288088317877137,-0.011160802079457577
RMOD-1065-5404-17-118-51651,1.334140435835351,1.3184565893809332,0.011895610807923562
RMOD-1065-5404-17-118-52136,1.2642487046632125,1.2074266874705886,0.047060428415458544
RMOD-1065-5404-17-154-51714,1.173913043478261,1.292295137721426,-0.091606081913994
RMOD-1065-5404-17-154-52061,1.025,0.967033603865642,0.05994248380060618
RMOD-1065-5404-17-154-52431,1.2058823529411764,0.9359944380496783,0.2883435028245047
RMOD-1065-5404-17-154-52775,1.2439024390243902,1.3206263030004508,-0.058096574179799854
RMOD-1065-7236-04-101-32536,1.2604166666666667,1.2474270024117067,0.01041316584445151
RMOD-1065-7236-04-101-33463,1.2254901960784315,1.2241929973339887,0.0010596358149963514
RMOD-1065-9462-00-127-41197,1.4137931034482758,1.2888565779702519,0.09693594121603488
RMOD-1065-9462-00-127-41558,1.25,1.2086259765703053,0.03423228048357929
RMOD-1065-9462-00-127-41893,1.4444444444444444,1.235690951611241,0.16893665245424483
RMOD-1065-9462-00-127-42228,1.0555555555555556,1.223864679034553,-0.1375226578250207
RMOD-1065-9462-00-127-42515,1.0454545454545454,1.3287533510881444,-0.2132064655954391
RMOD-1065-9572-00-119-39703,1.4,1.2896644296174131,0.0855537051722195
RMOD-1066-0034-03-101-48616,1.1754385964912282,1.242491738141933,-0.05396667003273492
RMOD-1066-0207-100-130-51652,1.2741935483870968,1.370339814908264,-0.07016235350908462
RMOD-1066-0593-100-126-36890,1.2751677852348993,1.2390750078035333,0.029128807541156432
RMOD-1066-0593-100-126-37276,1.3211382113821137,1.2824813300877784,0.030142256567344816
RMOD-1066-0593-100-126-37823,1.3197278911564625,1.2747717235722658,0.0352660533277418
RMOD-1066-0596-03-101-41196,1.231818181818182,1.3093099616142465,-0.059185206000056056
RMOD-1066-0596-03-101-41557,1.24496644295302,1.2570634856686578,-0.00962325519240026
RMOD-1066-0596-03-101-41894,1.1935483870967742,1.234810201041994,-0.0334155110723906
RMOD-1066-0596-03-101-42229,1.2154471544715446,1.2341565923852578,-0.015159695316745325
RMOD-1066-0596-03-101-42516,1.164179104477612,1.2485031108434308,-0.0675400851094824
RMOD-1066-0778-00-117-42904,1.160633484162896,1.1753294758613309,-0.01250372087168583
RMOD-1066-0778-00-117-43930,1.3113207547169812,1.193462693460859,0.09875303342273045
RMOD-1066-0915-01-103-46745,1.35,1.273323794345248,0.06021736654515242
RMOD-1066-2040-02-101-32537,1.124401913875598,1.1475575736852945,-0.020178211830656934
RMOD-1066-2040-02-101-32903,1.168384879725086,1.1502638911088894,0.015753766380275813
RMOD-1066-2040-02-101-33220,1.0749414519906324,1.120464973704626,-0.04062913413837277
RMOD-1066-2040-02-101-33464,1.1310043668122272,1.1394614172918098,-0.007421971776528369
RMOD-1066-4356-26-127-39704,1.3157894736842106,1.302351608616774,0.010318154466526064
RMOD-1066-4356-26-127-40108,0.9487179487179487,1.1951493574562022,-0.2061929809867168
RMOD-1066-4356-26-127-40877,1.087719298245614,1.2280204109962072,-0.1142498214966775
RMOD-1066-4371-17-118-47294,1.2209737827715357,1.1927445701755266,0.023667441715416793
RMOD-1066-4371-17-162-47339,1.0857142857142856,1.232674379669264,-0.11922053088700435
RMOD-1066-4371-17-162-47706,1.2592592592592593,1.2788243591267465,-0.015299286198182438
RMOD-1066-4371-17-162-48013,1.3617021276595744,1.284212480121029,0.060340207510864774
RMOD-1066-4371-17-162-48332,1.2727272727272727,1.1997221433488752,0.0608516978561493
RMOD-1066-4775-03-101-38109,1.0655737704918034,1.1623614600473116,-0.08326815098598395
RMOD-1066-4775-03-101-38525,1.0656370656370657,1.106747722113005,-0.03714546292216525
RMOD-1066-4775-03-101-39013,1.1962616822429906,1.1791678818445832,0.014496494232583368
RMOD-1066-4775-03-101-39390,1.1503267973856208,1.1689226597932907,-0.015908548142062884
RMOD-1066-5702-27-152-44265,1.0116279069767442,1.120797163840387,-0.09740322369265897
RMOD-1066-6041-07-101-33879,1.2791666666666666,1.2497750782649497,0.023517502399328594
RMOD-1066-6041-07-101-34215,0.9603960396039604,0.9487942512901404,0.012227928550414768
RMOD-1066-6041-07-101-34581,0.9370629370629371,0.8120182075882337,0.15399251926394286
RMOD-1066-8165-100-126-35255,1.295774647887324,1.3106503740119197,-0.011349881264719697
RMOD-1066-8165-100-126-35562,1.4050632911392404,1.3367569179195806,0.051098574695215726
RMOD-1066-8165-100-126-35893,1.3697478991596639,1.242728153830826,0.10221040292463601
RMOD-1066-8165-100-126-36255,1.337962962962963,1.2849511143240686,0.04125592643015108
RMOD-1066-8165-100-126-36627,1.4597701149425288,1.3020171637900633,0.12116042364085255
RMOD-1066-8165-100-126-53097,1.3055555555555556,1.293609449740852,0.009234708216685261
RMOD-1066-8165-26-127-35242,1.2857142857142858,1.281904157605777,0.002972241010299026
RMOD-1066-8165-26-127-35576,1.11,1.2327840344864083,-0.0995989816963857
RMOD-1066-8165-26-127-35884,1.0444444444444445,1.1835245612317866,-0.11751350275535521
RMOD-1066-8165-26-127-36222,0.9611650485436893,1.0900997300698516,-0.11827787675711143
RMOD-1066-8165-26-127-36547,1.108433734939759,1.2384372105476238,-0.10497381256041127
RMOD-1066-8680-34-117-50347,1.2529411764705882,1.3285155829157471,-0.056886353022139735
RMOD-1066-8680-34-162-50331,1.553191489361702,1.5030306985403084,0.03337309801463695
RMOD-1066-8680-34-162-50659,1.5555555555555556,1.5170234936319558,0.025399779295012026
RMOD-1066-8680-34-162-51075,1.6129032258064515,1.477823370470997,0.0914046008708087
RMOD-1066-8680-34-162-51393,1.5384615384615385,1.522157961103026,0.010710831447938718
RMOD-1067-4284-00-117-37906,1.1058823529411765,1.2355299003056182,-0.10493274774845385
RMOD-1068-4292-17-118-37907,1.2484548825710755,1.2628073063175134,-0.01136548994817832
RMOD-1068-4292-17-11851564,1.2984869325997248,1.3342132607070978,-0.026777074669786294
RMOD-1068-4292-18-117-53013,1.1839430894308942,1.2184575822063979,-0.028326380236400328
RMOD-1068-4292-18-162-38566,2,1.4224653668005354,0.40600962714366684
RMOD-1068-4292-18-162-39081,0.8518518518518519,0.8026999408372534,0.06123323114155288
RMOD-1068-4292-18-162-39425,1.1111111111111112,1.4699274855508215,-0.24410481331006084
RMOD-1068-4292-18-162-39777,1.2,1.2623119184692877,-0.049363328950303154
RMOD-1068-4292-18-162-40186,1.394736842105263,1.2728013418557687,0.09580088914088525
RMOD-1068-4292-18-162-40583,1.2972972972972974,1.2413887260734058,0.045037118550878
RMOD-1068-4292-18-162-40929,1.2571428571428571,1.1819795573077914,0.06359103198558369
RMOD-1068-4292-18-162-41282,1.4054054054054055,1.3642740038461905,0.030148930085346803
RMOD-1068-4292-18-162-41643,1.5625,1.2435121862072653,0.2565216628601392
RMOD-1068-4292-18-162-41961,1.35,1.271915460525853,0.061391296746927004
RMOD-1068-4292-18-162-42310,1.6956521739130435,1.346967881765593,0.2588660775566516
RMOD-1068-4292-18-162-42590,1.4444444444444444,1.208776222092194,0.19496431022141314
RMOD-1068-4292-18-162-42972,1.1666666666666667,1.1721414072389866,-0.004670716808150233
RMOD-1068-4292-18-162-43327,1.2758620689655173,1.3016732667922601,-0.01982924477687864
RMOD-1068-4292-18-162-43618,1.3461538461538463,1.2507090482488084,0.07631255089956834
RMOD-1068-4292-18-162-43987,1.2083333333333333,1.3302076341156983,-0.09162050920222331
RMOD-1068-4292-18-162-44302,1.25,1.3490658672045546,-0.07343293579121701
RMOD-1068-4292-18-162-44596,1.303030303030303,1.2206130930287593,0.06752115840166706
RMOD-1068-4292-18-162-44888,1.3333333333333333,1.3172627450361505,0.012199986948497443
RMOD-1068-4292-18-162-45216,1.1923076923076923,1.2219126928108737,-0.024228409015932595
RMOD-1068-4292-18-162-45513,1.1,1.2582385008291823,-0.12576192885919701
RMOD-1068-4292-18-162-45904,1.2142857142857142,1.179037477363337,0.029895773119275715
RMOD-1068-4292-18-162-46228,1.15625,1.259609774906147,-0.08205698063421929
RMOD-1068-4292-18-162-46580,1.2,1.2971755248053467,-0.07491316552548177
RMOD-1068-4292-18-162-47002,1.368421052631579,1.3283683980073386,0.03015176714857315
RMOD-1068-4292-18-162-47340,1.4642857142857142,1.2938571742434333,0.13172129307234925
RMOD-1068-4292-18-162-47708,1.2380952380952381,1.272491886178866,-0.027030937059187687
RMOD-1068-4292-18-162-48014,1.3055555555555556,1.2042038317734294,0.08416492383425278
RMOD-1068-4292-18-162-48333,1.1818181818181819,1.2348946552060818,-0.04298056774651948
RMOD-1068-4292-18-162-48703,1.2857142857142858,1.0837602121706997,0.18634571676984302
RMOD-1068-4292-18-162-49074,1.1428571428571428,1.2343179636151254,-0.07409826596876867
RMOD-1068-4292-18-162-51707,1.1578947368421053,1.261393820932496,-0.0820513644294516
RMOD-1068-4292-18-162-53014,1.2727272727272727,1.017288353058942,0.25109785136164864
RMOD-1068-4292-18-162-53171,1.8181818181818181,1.4514325081990083,0.2526809258515825
RMOD-1068-4292-18-162-53554,1.5555555555555556,1.3308572909653629,0.16883723455217625
RMOD-1068-4292-18-162-53923,1.1428571428571428,1.498853823989387,-0.23751260825736453
RMOD-1068-4292-18-162-54369,1.4666666666666666,1.425347057728916,0.02898915651012568
RMOD-1068-4292-18-162-54729,1.2105263157894737,1.3909126860359018,-0.12968921202417738
RMOD-1068-4292-18-16251565,1.6875,1.4176469737629744,0.19035276851805571
RMOD-1069-0473-00-127-37915,1.236220472440945,1.164533029439892,0.06155896070679301
RMOD-1070-5673-01-103-37923,1.407079646017699,1.2821217465271169,0.09746180487855827
RMOD-1070-5673-01-10352674,1.3737373737373737,1.2533171867219903,0.09608117425592666
RMOD-1071-2191-17-118-37930,1.2735042735042734,1.243701495000417,0.023962967499565835
RMOD-1071-2191-17-11852676,1.2258064516129032,1.2141570883773896,0.00959460958308278
RMOD-1071-2191-17-162-38569,1.3333333333333333,1.341936948070166,-0.0064113405247581134
RMOD-1071-2191-17-162-39082,1.75,1.3860231330893373,0.262605189063033
RMOD-1071-2191-17-162-39427,1.1666666666666667,1.2871860265655166,-0.09363010272914551
RMOD-1071-2191-17-162-39778,1.5,1.322010157431404,0.13463576022322
RMOD-1071-2191-17-162-40187,1.3421052631578947,1.2807561436336616,0.04790070290053672
RMOD-1071-2191-17-162-40584,1.28,1.2694992947509687,0.00827153295196692
RMOD-1071-2191-17-162-40930,1.434782608695652,1.2367583527765769,0.1601155597409163
RMOD-1071-2191-17-162-41283,1.25,1.1941263195830554,0.046790427026559334
RMOD-1071-2191-17-162-41644,1.1333333333333333,1.1624783291485732,-0.02507143151355462
RMOD-1071-2191-17-162-41962,1.5217391304347827,1.3578101912838831,0.12073037910836115
RMOD-1071-2191-17-162-42311,1.5909090909090908,1.4238394841826258,0.11733738850652364
RMOD-1071-2191-17-162-42591,1.4375,1.267030661114224,0.13454239436941928
RMOD-1071-2191-17-162-42973,1.3333333333333333,1.1960926841627297,0.11474081481124743
RMOD-1071-2191-17-162-43328,1.5384615384615385,1.3236225074789176,0.1623114065896485
RMOD-1071-2191-17-162-43619,1.5,1.3401620417357605,0.11926763576829824
RMOD-1071-2191-17-162-43988,1.55,1.371875546968207,0.12984009622843806
RMOD-1071-2191-17-162-44303,1.25,1.221876762438574,0.02301642720931918
RMOD-1071-2191-17-162-44598,1.3,1.3386330132825408,-0.02886004819783028
RMOD-1071-2191-17-162-44889,1.6129032258064515,1.3025303528286183,0.23828456074272464
RMOD-1071-2191-17-162-45217,1.5,1.3278639823817173,0.1296337726621153
RMOD-1071-2191-17-162-45514,1.0588235294117647,1.3251117771114913,-0.20095530980804333
RMOD-1071-2191-17-162-45907,1.2727272727272727,1.1723046577179863,0.08566255738057849
RMOD-1071-2191-17-162-46229,1.3157894736842106,1.139664030690354,0.15454154755342087
RMOD-1071-2191-17-162-46581,1.32,1.3789778157255694,-0.04276922736029465
RMOD-1071-2191-17-162-47003,1.4090909090909092,1.3421244376215289,0.04989587372990245
RMOD-1071-2191-17-162-47341,1.4444444444444444,1.1385383870194825,0.2686831299784074
RMOD-1071-2191-17-162-47709,1.3333333333333333,1.3833689462431462,-0.036169391430750264
RMOD-1071-2191-17-162-48015,1.35,1.3934615804808177,-0.03118965107442795
RMOD-1071-2191-17-162-48335,1.6923076923076923,1.2545232935308404,0.34896474304969893
RMOD-1071-2191-17-162-48704,1.3636363636363635,1.2794570123268643,0.06579302821312294
RMOD-1071-2191-17-162-49076,1.4074074074074074,1.3077485530456032,0.07620643443245223
RMOD-1071-2191-17-162-49319,1.25,1.520121143797926,-0.17769711637787333
RMOD-1071-2191-17-162-49668,1.1428571428571428,1.4943722863795803,-0.23522595187712836
RMOD-1071-2191-17-162-50071,1.5,1.3331691303556985,0.12513856332676254
RMOD-1071-2191-17-162-50334,1.368421052631579,1.4674817338578539,-0.06750385980332096
RMOD-1071-2191-17-162-52677,1,1.2926874086439573,-0.22641777639885075
RMOD-1071-2191-17-162-53172,1.5,1.3852071151999237,0.0828705567134691
RMOD-1071-2191-17-162-53555,1.5714285714285714,1.4212647734992985,0.10565504804537906
RMOD-1071-2191-17-162-53924,1.4666666666666666,1.4588019955772809,0.005391184762037371
RMOD-1071-2191-17-162-54376,1.2413793103448276,1.3554530981530568,-0.08415915531394369
RMOD-1071-2191-17-162-54730,1.5833333333333333,1.4495464747105775,0.09229566692538649
RMOD-1072-1661-01-103-37931,1.235042735042735,1.3317868703113964,-0.0726423554889386
RMOD-1073-6103-100-126-37932,1.4262295081967213,1.2936988227358586,0.10244322954595608
RMOD-1074-2237-100-127-42154,1.25,1.2623000012477945,-0.009744118858936779
RMOD-1074-6020-100-127-47794,1.24,1.1833120167717381,0.04790620092147435
RMOD-1074-6020-27-152-37933,1.1,1.1819469111631407,-0.06933214206930627
RMOD-1075-6754-03-101-37934,1.0276243093922652,1.145657750858445,-0.10302679083499144
RMOD-1076-7236-04-101-37935,1.305489260143198,1.347519379083863,-0.031190734317483426
RMOD-1080-0138-34-162-50994,1.3529411764705883,1.2708489531392344,0.06459636538911306
RMOD-1080-0386-100-126-50636,1.1914893617021276,1.2888471415327716,-0.07553865520069392
RMOD-1080-0445-15-148-43275,1.561904761904762,1.445910592100107,0.08022222842712545
RMOD-1080-0445-15-148-43302,1.368421052631579,1.2282217165715021,0.11414823086782211
RMOD-1080-0445-15-148-43329,1.125,1.3950307300534872,-0.1935661517959062
RMOD-1080-0445-15-148-45205,1.25,1.4094309734189205,-0.11311726251636267
RMOD-1080-0445-15-148-45218,1.6666666666666667,1.396708289041982,0.19328186117507196
RMOD-1080-0445-15-148-45241,1.3478260869565217,1.313072415920208,0.02646744430462955
RMOD-1080-0970-15-148-45832,1.7352941176470589,1.477704203614392,0.17431764314036235
RMOD-1080-0970-15-148-45911,0.9,0.8337536227364961,0.07945557951049631
RMOD-1080-0970-15-148-45943,0.2857142857142857,0.7949686645140351,-0.6405967952347618
RMOD-1080-1879-100-35-44363,0.3333333333333333,1.5532136433912853,-0.7853911889380951
RMOD-1080-1879-15-148-44361,1.3541666666666667,1.334957831555549,0.014389095038855881
RMOD-1080-1879-15-148-44368,1.0869565217391304,1.2744894042172612,-0.1471435398816091
RMOD-1080-2518-15-148-47927,1.411764705882353,1.4882808609041724,-0.0514124430622146
RMOD-1080-2518-15-148-48001,0.8666666666666667,0.9158028624233387,-0.05365368222004785
RMOD-1080-2518-15-148-48016,1.2222222222222223,1.4190464486257306,-0.138701750456528
RMOD-1080-5054-17-162-46919,1,1.2299329060620154,-0.18694751959943234
RMOD-1080-5054-17-162-49974,0.9583333333333334,0.977870282180883,-0.01997908025589823
RMOD-1080-6058-100-126-54304,1.3658536585365855,1.4105056733052577,-0.031656742410711924
RMOD-1080-6122-15-148-47295,1.3620689655172413,1.3572437660969163,0.0035551457599993785
RMOD-1080-6122-15-148-47342,1.3043478260869565,1.324368138627958,-0.015116878726592176
RMOD-1080-6122-15-148-47389,1,1.0880243674722072,-0.08090293756629097
RMOD-1080-6398-100-126-54775,1.205128205128205,1.294816304790417,-0.06926704531785233
RMOD-1080-6803-17-162-48344,1.434782608695652,1.3951722689902122,0.0283910027355323
RMOD-1080-6803-17-162-51321,1.1428571428571428,1.1996487032543321,-0.04734015903416444
RMOD-1080-8386-100-126-49644,0.7368421052631579,0.9311292790998072,-0.20865757118547645
RMOD-1080-8386-100-126-52406,2,1.1994449907338967,0.6674378695568797
RMOD-1081-2504-100-130-44910,1.3989071038251366,1.287972154795961,0.08613148088341216
RMOD-1081-2504-100-130-46216,1.3909090909090909,1.244755527161321,0.11741547682144038
RMOD-1081-2504-100-130-47596,1.5,1.3024289960914164,0.15169426087832294
RMOD-1081-2504-100-130-48986,1.368421052631579,1.393567658716502,-0.018044768711182324
RMOD-1081-2504-100-130-49976,1.2941176470588236,1.364455303011706,-0.05154998906716035
RMOD-1081-2504-100-130-50348,1.4567901234567902,1.4573712129160956,-0.00039872439784416347
RMOD-1081-2504-100-130-51654,1.2884615384615385,1.3614177690276668,-0.053588422470961405
RMOD-1081-2504-100-130-53098,1.5223880597014925,1.4181623631015938,0.07349348657931642
RMOD-1081-2504-100-130-54776,1.325358851674641,1.3335189829003755,-0.006119246392718214
RMOD-1081-2505-100-130-44540,1.3980582524271845,1.3271883537905635,0.05339852360383546
RMOD-1081-2505-100-130-45846,1.3934426229508197,1.3528041696581632,0.03004015969504681
RMOD-1081-2505-100-130-47297,1.3508771929824561,1.391743835476526,-0.029363623859758103
RMOD-1081-2505-100-130-48617,1.5,1.3739599066511545,0.09173491361625796
RMOD-1081-2505-100-130-51322,1.6835443037974684,1.537484319029857,0.09499933297516439
RMOD-1081-2505-100-130-52756,1.4556962025316456,1.4341606544133358,0.01501613368909438
RMOD-1081-2505-100-130-54309,1.5393258426966292,1.4313320753297627,0.07544983391920845
RMOD-1081-2607-02-101-45519,1.2127659574468086,1.2007383529369273,0.0100168404552603
RMOD-1081-2607-02-101-46920,1.2962962962962963,1.2641127239659964,0.025459416490428044
RMOD-1081-2607-02-101-48345,1.2498543972044263,1.261871857510014,-0.00952351875831603
RMOD-1081-2607-02-101-49645,1.2676691729323308,1.266064783568139,0.0012672253308163572
RMOD-1081-2607-02-101-50996,1.3342119135477069,1.2976168446229879,0.02820175237117195
RMOD-1081-2607-02-101-52407,0.9045317220543807,0.8935494181025349,0.012290650891102262
RMOD-1081-2607-02-101-53957,1.2723330442324372,1.2516108399805141,0.01655642759713194
RMOD-1081-2607-02-103-45503,1.2414698162729658,1.2171907201102325,0.019946829828389134
RMOD-1081-2607-02-103-46981,1.3177842565597668,1.2639431076576921,0.04259776296565421
RMOD-1081-2607-02-106-53990,1.2110726643598615,1.3231623679590125,-0.08471349118857585
RMOD-1081-2609-100-130-45276,1.358974358974359,1.3387080720816635,0.015138690290543932
RMOD-1081-2609-100-130-46569,1.4523809523809523,1.3763785827154182,0.05521908769867023
RMOD-1081-2609-100-130-47928,1.462686567164179,1.42592118294527,0.025783601968076164
RMOD-1081-2609-100-130-49331,1.4857142857142858,1.3212265615190986,0.12449622872103405
RMOD-1081-2609-100-130-50639,1.3392857142857142,1.4354637665151597,-0.06700137925663885
RMOD-1081-2609-100-130-52042,1.173913043478261,1.0765417279082043,0.09044825021251679
RMOD-1081-2609-100-130-53472,1.3142857142857143,1.419648219330669,-0.07421733328741864
RMOD-1084-1826--100-12651438,1.3389830508474576,1.4504631976895912,-0.07685830775969194
RMOD-1084-1826-100-126-47298,1.2835820895522387,1.2260824661017728,0.046897027761339194
RMOD-1084-1826-100-126-52757,1.2758620689655173,1.2780657116602134,-0.0017242014041934928
RMOD-1084-2785-17-162-46922,1.3703703703703705,1.3283762045638041,0.03161315722330005
RMOD-1084-2785-17-162-48988,1.1794871794871795,1.0963763706624954,0.07580499821832509
RMOD-1084-2785-17-162-50641,0.92,1.0841882054153347,-0.1514388411488362
RMOD-1085-7844-17-162-53473,1.5038167938931297,1.3730917960233244,0.09520484955805864
RMOD-1085-7846-17-162-54310,1.450381679389313,1.3430449430694158,0.07992043518259928
RMOD-1085-8438-17-162-53099,1.3225806451612903,1.3152426428783184,0.00557920040283455
RMOD-1085-8438-17-162-54777,1.3846153846153846,1.219549994532993,0.13534942464216115
RMOD-1085-8538-17-162-53960,1.3396226415094339,1.2749564460707052,0.050720317261051306
RMOD-1086-2125-01-103-54311,1.3103975535168195,1.282426312028496,0.021811188078385335
RMOD-1086-4652-03-101-54778,1.0078125,1.1990899783577436,-0.15951886998481501
RMOD-1086-7803-03-101-53474,1.139240506329114,1.234947952448252,-0.07749917389587191
RMOD-1086-7805-01-103-53961,1.2942583732057416,1.2926734533598077,0.0012260790548568323
RMOD-1086-8469-46-117-53100,1.3388429752066116,1.3296131149176738,0.006941763875057294
RMOD-1087-3795-100-126-54312,1.4307692307692308,1.356852963624659,0.05447625433717884
RMOD-1087-4491-27-126-54779,1.0126582278481013,1.234606013270834,-0.1797721564912259
RMOD-1087-7807-100-126-53475,1.4146341463414633,1.3559125756117736,0.04330778531439994
RMOD-1087-8182-100-126-53962,1.4328358208955223,1.333100545239628,0.07481451868881117
RMOD-1087-9435-39-126-53101,1.4224137931034482,1.3691461502219984,0.038905739078923585
RMOD-1088-5694-09-117-53476,1.2844444444444445,1.319384829620032,-0.02648233054616056
RMOD-1088-7170-03-101-54313,1.2287390029325513,1.3345283468614957,-0.07927096054402782
RMOD-1088-8467-03-101-53963,1.2653061224489797,1.3204941253858549,-0.04179344828266396
RMOD-1088-8470-01-103-54780,1.375,1.377999317422728,-0.002176573953851957
RMOD-1088-8473-100-126-53103,1.375,1.4002734209818655,-0.01804891859201596
RMOD-1089-4347-39-126-53964,1.1592356687898089,1.29011092849774,-0.10144496633349787
RMOD-1089-8466-27-126-53477,1.0298507462686568,1.179567843348335,-0.12692538027714428
RMOD-1089-8474-39-126-54314,1.325,1.3564326406348512,-0.023173019944536244
RMOD-1089-8555-27-126-53104,1.088235294117647,1.240025739288301,-0.12240910842525932
RMOD-1089-9435-39-126-54781,1.3333333333333333,1.3454944200133996,-0.009038377639607797
RMOD-1090-2289-17-162-54318,1.3333333333333333,1.4347182406530132,-0.070665378362747
RMOD-1090-2745-17-162-54782,1.4587155963302751,1.3650977631491048,0.06857958141049636
RMOD-1090-6024-19-117-53965,1.3281677301731996,1.3315472891933926,-0.0025380690927170324
RMOD-1090-8924-34-117-53478,1.3964497041420119,1.4450204572085101,-0.03361250204050903
RMOD-1090-8924-34-162-53556,1.5,1.3951560862577093,0.07514851906177644
RMOD-1090-9146-19-117-53106,1.4126984126984128,1.3848627374455098,0.02009995250810781
RMOD-1091-8903-01-103-53107,1.4565217391304348,1.4636366642101186,-0.004861127938144083
RMOD-1091-9146-04-101-54783,1.1401869158878504,1.243397830671489,-0.08300715365403222
RMOD-1091-9375-01-103-53479,1.4583333333333333,1.442344742589062,0.011085138158836383
RMOD-1091-9444-01-103-53966,1.3454038997214484,1.3644281157884068,-0.013942996224440618
RMOD-1091-9572-100-101-54319,1.411764705882353,1.319910912306767,0.06959090399143375
RMOD-1092-9176-100-126-53108,1.1851851851851851,1.4171745992328537,-0.1636985408666295
RMOD-1092-9214-100-127-54785,1.25,1.2551027400295813,-0.004065595482216078
RMOD-1092-9384-39-126-54320,1.0820895522388059,1.229114814329465,-0.11961881866249213
RMOD-1092-9573-100-126-53967,1.2096774193548387,1.2732884078866584,-0.049958036323756394
RMOD-1092-9604-100-127-53480,1.391304347826087,1.4045808281849361,-0.009452272231285974
RMOD-1093-1973-09-117-53481,1.1375,1.2951600652629014,-0.12173017798452446
RMOD-1093-3497-24-117-54786,1.2323049001814883,1.2548514646764115,-0.017967516578336507
RMOD-1093-6597-09-117-53109,1.1206896551724137,1.265021784839074,-0.11409458034354791
RMOD-1093-9447-08-101-53968,1.3888888888888888,1.4251501873324293,-0.025443843579330938
RMOD-1093-9448-07-101-54321,1.0547945205479452,1.2357826810534231,-0.1464563011606519
RMOD-1094-3052-46-117-53482,1.1992409867172675,1.2403434350405822,-0.0331379577318196
RMOD-1094-8925-03-101-53969,1.2751322751322751,1.2942360974943892,-0.014760693508007239
RMOD-1094-9383-34-117-54787,1.3057553956834533,1.305183488055249,0.00043818178320376155
RMOD-1094-9446-04-101-54323,1.3506944444444444,1.348886606708984,0.0013402444108117084
RMOD-1094-9571-03-101-53111,1.25,1.1855119171662436,0.05439682376867516
RMOD-1097-1194-19-117-53483,1.376996805111821,1.3750430989984754,0.0014208326377322944
RMOD-1097-1194-19-162-53559,1.434782608695652,1.4570362380130637,-0.015273216092249409
RMOD-1097-1566-39-127-54324,1.1178861788617886,1.2697155739884236,-0.1195774850974769
RMOD-1097-1600-01-103-54788,1.341948310139165,1.2941746223454949,0.03691440627006548
RMOD-1097-1649-34-117-53970,1.2370129870129871,1.2010524294822387,0.02994087239492993
RMOD-1097-1649-34-162-53925,1.25,1.3534008164579991,-0.07640073450569551
RMOD-1098-1192-39-127-53971,1.2010309278350515,1.26554575960722,-0.05097787360307815
RMOD-1098-1195-100-126-53484,1.4539877300613497,1.3808884656359388,0.05293640018330259
RMOD-1098-1200-17-162-54325,1.3333333333333333,1.2582179784337315,0.05969979461993358
RMOD-1098-1492-39-126-54789,1.130813953488372,1.2365994175921016,-0.0855454584555072
RMOD-1201-0386-100-126-42905,1.2008032128514057,1.2071251938549712,-0.0052372206592559145
RMOD-1201-0389-15-148-43330,1.4,1.3460762371795796,0.04005996193306727
RMOD-1201-0389-15-148-43331,1.2142857142857142,1.2797617692567278,-0.051162690231824404
RMOD-1201-0389-15-148-43332,1.5777777777777777,1.390713724453902,0.13450938898106513
RMOD-1201-2073-15-148-29534,1.495049504950495,1.32325286792361,0.12982903055895956
RMOD-1201-2073-15-148-29576,0.3382352941176471,0.773374470533034,-0.5626500395280378
RMOD-1201-2294-15-148-25398,1.2874251497005988,1.2254305972957662,0.050590015086647844
RMOD-1201-2294-15-148-25505,1.28125,1.2148095953269258,0.05469203151560054
RMOD-1201-2304-100-148-45958,1.4285714285714286,1.1771675967463437,0.2135667278983533
RMOD-1201-2304-15-148-45835,1.2,1.298455341911695,-0.07582497351563977
RMOD-1201-2304-15-148-45913,1.3571428571428572,1.0442437543452943,0.29964182356421176
RMOD-1201-5143-100-130-43932,1.2388059701492538,1.2937376380614882,-0.04245966592928607
RMOD-1201-6118-15-148-37277,1.391705069124424,1.3027954308939298,0.06824527943691638
RMOD-1201-6118-15-148-37352,1.4102564102564104,1.1725663763550371,0.2027092356513247
RMOD-1201-6118-15-148-37355,1.2470588235294118,1.2267248967511417,0.016575783887750495
RMOD-1201-6761-100-126-38663,1.2836879432624113,1.2878242129639834,-0.0032118278721070537
RMOD-1201-7048-17-162-38120,1.0620689655172413,1.106909202550944,-0.04050940847755646
RMOD-1201-8665-100-126-41559,1.2361111111111112,1.1901018160591539,0.03865996541733718
RMOD-1201-8665-100-126-41895,1.171875,1.2299410943301172,-0.04721046771897863
RMOD-1301-1526-17-118-32913,1.5,1.4125978316593226,0.06187335587087062
RMOD-1301-2149-17-162-33532,1.5,1.3605830016006533,0.10246857283629884
RMOD-1301-2482-17-162-33880,1,1.4026985623080304,-0.28708845444699216
RMOD-1301-2758-17-162-34292,1.0869565217391304,1.0387972070914275,0.04636065087481911
RMOD-1301-2978-17-162-34628,0.8,0.885426388337438,-0.09648050867090474
RMOD-1301-3144-26-138-34979,1.2,1.0884622751691813,0.10247275204230877
RMOD-1302-1772-19-162-33274,1.6785714285714286,1.5477651874628573,0.08451297533251334
RMOD-1302-2759-17-162-34293,1.2666666666666666,1.0400279041790719,0.21791604011479704
RMOD-1302-2980-26-138-34629,0.9230769230769231,1.0018200528969003,-0.07860007352845522
RMOD-4023-0535-17-162-49065,1.5,1.2923904315973906,0.1606399763777302
RNOD-1028-4020-100-127-28242,1.1702127659574468,1.1689446833809058,0.0010848097387066158
RP0001,1.303030303030303,1.2637566346844207,0.031076923568982506
RP0001-SP-1,1.4487179487179487,1.24800604157337,0.1608260701138431
RP0001-SP-2,1.4411764705882353,1.3316811155498622,0.08222340450713794
RP0014,1.3589181286549707,1.3338132070701558,0.01882191708084835
RP0034,1.2377049180327868,1.2405551968298234,-0.0022975832146124864
RP0045,1.375235404896422,1.3411461810889302,0.025417977762732136
RP0125,1.2946564885496183,1.26864326400153,0.020504759128297412
RP0125-SP-1,1.2142857142857142,1.2526064373250885,-0.030592787884123673
RP0293,1.272604588394062,1.2478781889743429,0.019814754066694862
RP0406,1.3399153737658673,1.330999708965889,0.006698472388777299
RP0428,1.1192113709307656,1.1483332499934906,-0.025360128745631982
RP0456,1.3411880216003926,1.3017735805828208,0.03027749341780739
RP0456-SP-1,1.3577981651376148,1.2880964618550803,0.05411217664719925
RP0456-SP-4,1.2941176470588236,1.3140322358732233,-0.015155327449912881
RP0553,1.2678227360308285,1.2630979852924034,0.0037406050784978273
RP0556,1.3042789223454834,1.2659422260742599,0.03028313258031301
RP0603,1.2832618025751072,1.2616535585794593,0.01712692351137779
RP0934,1.3072360616844603,1.2876567991458139,0.015205342410830713
RP0934-SP-1,1.6,1.506815128318743,0.06184227243937346
RP0934-SP-2,1.3660531697341514,1.3398905861643284,0.019525910428789484
RP151010,1.2874432677760967,1.2907002283451556,-0.002523405898234521
RP151010-SP-1,1.1932773109243697,1.2449517936574772,-0.041507215778448625
RP151068,1.3282001924927815,1.3270191118978607,0.0008900253088530707
RP151256,1.382920859396247,1.3726857918459459,0.007456234785192306
RP151360,1.3772881355932203,1.341502512559958,0.026675777867142036
RP151479,1.3547361729179912,1.330118088609577,0.018508194512374843
RP151479-SP-1,1.3434343434343434,1.3058697834398283,0.02876593093039137
RP151479-SP-2,1.75,1.4983634465702151,0.16794093182517633
RP151493,1.1900089206066014,1.1973010333551872,-0.006090458911700347
RP151796,1.285412262156448,1.3485070635306626,-0.04678863246664766
RP151810,1.1889145496535796,1.1659429403537327,0.019702172812056773
RP151952,1.327329678935004,1.325951888397949,0.0010390954220214077
RP151968,1.3494698017519595,1.3354658743469758,0.01048617390678852
RP151968-SP-1,1.3189964157706093,1.326869429342814,-0.005933525483441171
RP151968-SP-2,1.302325581395349,1.3451303771049536,-0.031822042263093486
RP151968-SP-3,1.3025210084033614,1.2900386415767733,0.009675963513256614
RP152040,1.16869918699187,1.2001066769127426,-0.026170581770004087
RP152073,1.382262996941896,1.3596635537308654,0.01662134956035155
RP152073-SP-1,1.3114754098360655,1.3169016145484274,-0.004120432880038938
RP152073-SP-2,1.3103448275862069,1.2444020824838282,0.052991509762469136
RP152074,1.1107047872340425,1.1334807276847036,-0.020093804768241852
RP152184,1.3517679057116954,1.3318270372289818,0.014972566200640358
RP152184-SP-1,1.2238805970149254,1.289891209502636,-0.0511753332385011
RP152184-SP-2,1.2142857142857142,1.2598095169271801,-0.036135464949100915
RP152185,1.2638274336283186,1.2538189493515084,0.007982399916659944
RP152218,1.3309817754262199,1.3143167242793075,0.012679631050156903
RP152246,1.3541666666666667,1.3290289081047315,0.018914380574146517
RP152248,1.328088578088578,1.3623623539697867,-0.02515760640430076
RP152248-SP-1,1.2439024390243902,1.235130729159583,0.007101847324919142
RP152248-SP-2,1.2410714285714286,1.3319465085481152,-0.06822727443892973
RP152393,1.2655217965653898,1.2455298547381046,0.01605095353694974
RP152395,1.4156785243741765,1.3478734703123025,0.05030520709496833
RP152607,1.298750678978816,1.2771482723364194,0.016914564354283623
RP152607-SP-1,1.2375886524822695,1.238859168997437,-0.0010255536278556132
RP152607-SP-2,1.3478260869565217,1.3429897030855091,0.0036012069637623156
RP152811,1.3380281690140845,1.3515093886651741,-0.00997493599685928
RP152933,1.3214659685863874,1.288349324435292,0.02570470874862374
RP152933-SP-1,1.3237410071942446,1.3100418070675528,0.010457070952076375
RP153035,1.2890961262553802,1.259972134735333,0.02311479017443885
RP153035-SP-1,1.3483870967741935,1.283256841359275,0.050753873516021786
RP153035-SP-2,1.4047619047619047,1.3807002526769756,0.01742713672882812
RP153041,1.2412343900096061,1.234977324156909,0.005066543109986776
RP153081,1.2648829431438127,1.2905291739206495,-0.019872647046732972
RP153105,1.3715886499186698,1.3710751540032646,0.00037452061902354394
RP153130,1.3945981554677207,1.3423014644244589,0.038960466355212775
RP153130-SP-1,1.3888888888888888,1.3410249062529236,0.035692090738050686
RP153130-SP-2,1.4545454545454546,1.3896216707538165,0.046720474470162365
RP153157,1.3631578947368421,1.326720625887082,0.027464160983701413
RP153157-SP-1,1.2222222222222223,1.2696759169352225,-0.03737465134216711
RP153157-SP-2,1.3333333333333333,1.2429767862437286,0.07269367223072765
RP153197,1.3985915492957746,1.3631673691300454,0.025986669698774056
RP153197-SP-1,1.3837535014005602,1.2982781986429768,0.0658374321057893
RP153197-SP-2,1,1.6803177646897685,-0.4048744701662863
RP153202,1.3561241610738255,1.3389943364519468,0.012793052334537203
RP153205,1.3399477806788511,1.3163511537854895,0.017925784336120243
RP153218,1.3271028037383177,1.324084677919134,0.002279405440992699
RP153218-SP-1,1.2833333333333334,1.2722844277958953,0.008684304622496253
RP153218-SP-2,1.1666666666666667,1.2794842660974701,-0.08817427648009002
RP153223,1.3970303421562298,1.3937360986538205,0.0023636063567493704
RP153225,1.2399380804953561,1.255742687314203,-0.012585864109350253
RP153261,1.3746031746031746,1.3549807910264604,0.014481669191671376
RP153261-SP-1,1.1984126984126984,1.2075049965380817,-0.00752982236218569
RP153281,1.2963620230700976,1.2825929874261919,0.010735311808881987
RP153288,1.2453766350924673,1.2324188370545213,0.010514118778738535
RP153308,1.2666666666666666,1.2756656484879632,-0.007054342046415529
RP153360,1.1781115879828326,1.1836843141130402,-0.004707949631302943
RP153372,1.3655737704918032,1.3181439716826566,0.035982259774401504
RP153372-SP-1,1.1496062992125984,1.1910430884709875,-0.03479033601679671
RP153372-SP-2,1.3484848484848484,1.32299723070965,0.019265057540239106
RP153375,1.3047327204630574,1.2729737178452247,0.02494867110971577
RP153456,1.3041223749027742,1.3150978561219753,-0.008345752499031578
RP153514,1.2168607875762618,1.2010667015003227,0.013150049082378157
RP153568,1.270817120622568,1.2213978209357972,0.04046126400398142
RP153728,1.2464469779790723,1.2793929464025546,-0.025751250635014933
RP153761,1.3044397463002113,1.2719411154932383,0.025550420857628042
RP153766,1.1852382658545324,1.184518488004891,0.0006076543818693825
RP153771,1.445906432748538,1.398701456238828,0.03374914374983651
RP153870,1.2431142122658831,1.2631597211133947,-0.015869338225764973
RP153934,1.3504273504273505,1.3296726317075143,0.015608893666694268
RP153934-SP-1,1.3012048192771084,1.2289064192102281,0.05883149354313222
RP153934-SP-2,1.3235294117647058,1.3378623024845002,-0.01071327796080146
RP153991,1.321790321184313,1.3030167286742667,0.014407790857103864
RP154008,1.3578708946772367,1.3244624424056597,0.025224159781304545
RP154020,1.3485714285714285,1.3213991228462323,0.020563284215497468
RP154094,1.3053297199638663,1.2624741628103788,0.033945690467112044
RP154094-SP-1,1.184782608695652,1.2299359228244569,-0.03671192400423051
RP154094-SP-2,1.1953125,1.29959727024258,-0.08024391296475597
RP154100,1.3628150261531147,1.33743168630751,0.018979167388866847
RP154137,1.418103448275862,1.3929497671567064,0.018057852273093422
RP154142,1.2846270928462709,1.252589839376394,0.025576810910287184
RP154143,1.2634357005758157,1.2365432237805638,0.02174810898484547
RP154147,1.3330689928628072,1.3092806590561379,0.01816901032038354
RP154249,1.3738229755178908,1.3570742088364345,0.012341820787985514
RP154283,1.2804314329738058,1.2148354560979577,0.05399577082359941
RP154284,1.29800629590766,1.3243777088700615,-0.019912305066581815
RP154284-AP-1,1.2142857142857142,1.308907642452213,-0.0722907599417989
RP154286,1.3140495867768596,1.2927288236792311,0.016492834929562106
RP154361,1.436241610738255,1.4185855547063133,0.012446239829078776
RP154401,1.4005285013212534,1.337735253054998,0.0469399667257433
RP154426,1.2474576271186442,1.2394214650385709,0.006483800956136543
RP154472,1.2985581000848176,1.300365995387337,-0.0013902972770223343
RP154477,1.2540010325245226,1.290125504242221,-0.028000742252527577
RP154551,1.2762301483988545,1.2909878041085987,-0.011431289794355703
RP154690,1.2666666666666666,1.2495002474849948,0.013738628076484627
RP154723,1.333665934943125,1.2919386062942257,0.032298228759173986
RP154726,1.4193548387096775,1.3841421651192216,0.025440070014356442
RP154734,1.4523355576739752,1.4321657847644829,0.014083406491106176
RP154768,1.5128205128205128,1.3823057306536284,0.09441817339870973
RP154835,1.287058003832085,1.2420138796250098,0.03626700550292972
RP154835-SP-1,1.3083700440528634,1.2983278495519328,0.007734713927916026
RP154835-SP-2,1.2668213457076567,1.2929217327451226,-0.020187136140135786
RP154855,1.3558453656264555,1.3005636666539915,0.04250595367982957
RP154855-SP-1,1.3309608540925266,1.3178090362656814,0.009980063472712297
RP154937,1.273716012084592,1.2484822652491603,0.020211538071304602
RP154941,1.349780701754386,1.3343644805808512,0.011553231068339054
RP154941-SP-1,1.32,1.2459799256984079,0.05940711625839534
RP154957,1.3194753773818362,1.2964570511486626,0.017754792735154235
RP154972,1.3556252176941832,1.3188225495582386,0.02790570130020309
RP154973,1.2587209302325582,1.2576317322653672,0.0008660706781220551
RP154981,1.29449423815621,1.3202241751854364,-0.019489066715213332
RP155019,1.382392776523702,1.3473052065758209,0.026042777669549988
RP155020,1.3885145973692654,1.3407417071285088,0.03563168803264327
RP155020-DP-1,1.3958333333333333,1.414080512093013,-0.012903917848830049
RP155051,1.1715686274509804,1.2276188233527214,-0.04565765434311575
RP155070,1.2724852633580528,1.2845009240665675,-0.009354341817423117
RP155091,1.2611879576891782,1.2489228878441132,0.009820518115603694
RP155131,1.32996632996633,1.287849288183803,0.03270339329994343
RP155189,1.3413533834586466,1.332047613460334,0.006986064089810284
RP155189-SP-1,1.488,1.4069280518251368,0.057623378871217046
RP155189-SP-2,1.3986928104575163,1.4180362746170554,-0.013641022099214473
RP155196,1.2810516772438802,1.3135346048683632,-0.02472940378128674
RP155306,1.2738589211618256,1.2293841064885493,0.036176500443224624
RP155308,1.2218614718614718,1.2265056452904568,-0.0037865079927008605
RP155393,1.3754901960784314,1.3562302046990387,0.014201122576876113
RP155393-SP-1,1.0405405405405406,1.2186021826079925,-0.14611958242711587
RP155393-SP-2,1.146341463414634,1.3501196027496825,-0.15093339798935546
RP155404,1.3188661114670084,1.2968044775455347,0.017012305481262535
RP155404-SP-1,1.2280701754385965,1.3757733319774417,-0.10736009566819182
RP155404-SP-2,1.3837837837837839,1.2986842081715746,0.06552753554462742
RP155408,1.2906806282722514,1.3007291164130064,-0.007725273474669003
RP155431,1.387164283222881,1.3353696216359179,0.038786760420318034
RP155432,1.2557000765110942,1.2498373227743458,0.0046908134602146045
RP155450,1.2963671128107075,1.2869989646451143,0.007279064259524404
RP155454,1.304147465437788,1.2669177411362416,0.029386062798486767
RP155458,1.4766734279918865,1.486343759000485,-0.006506120101786972
RP155509,1.3353658536585367,1.3055014264788625,0.02287582883783057
RP155509-SP-1,1.1809815950920246,1.2650139004884844,-0.06642796997251232
RP155583,1.1861702127659575,1.182757273325946,0.0028855789070012516
RP155708,1.3602094240837697,1.32761197143218,0.024553448863845917
RP155708-SP-2,1.1977401129943503,1.270530946233282,-0.05729166491751614
RP155708-SV-3,1.6153846153846154,1.594177435168467,0.013302898252293582
RP155714,1.260224538893344,1.2378371104393702,0.0180859244444751
RP155721,1.2018255578093306,1.1755560014383157,0.022346495053297
RP155867,1.3498542274052479,1.3285491382156676,0.016036357690310643
RP155868,1.261378413524057,1.1997624867234986,0.051356770596177714
RP155869,1.372436423297785,1.3650277239261193,0.005427508351520283
RP155894,1.3042291950886766,1.3499966465115512,-0.03390190008333682
RP155968,1.3689320388349515,1.3964638753587497,-0.019715394726358637
RP155968-SP-1,1.2536231884057971,1.3349496695290715,-0.060921009218245614
RP155968-SP-2,1.2589928057553956,1.2305084498248609,0.023148443990440803
RP155998,1.4839034205231387,1.4015130379920642,0.05878673997147721
RP156001,1.3944805194805194,1.3709083155455577,0.017194588192122273
RP156001-SP-1,1.2792207792207793,1.3009714808968673,-0.01671881512813289
RP156040,1.364570737605804,1.3526958371284632,0.008778692261335763
RP156040-SP-1,1.457142857142857,1.368638942223144,0.06466564130927921
RP156040-SP-2,1.2727272727272727,1.322339311385933,-0.03751838747549763
RP156041,1.180921052631579,1.1817067258443585,-0.0006648631133229221
RP156042,1.1952767902488572,1.210310205638125,-0.01242112585619437
RP156273,1.4375917767988253,1.3970249655110993,0.029038000242812112
RP156416,1.3519938650306749,1.3256897956512899,0.01984179818361076
RP156535,0.9633943427620633,0.8863591829960661,0.08691189897260765
RP156537,1.3254414125200642,1.3251105180645926,0.0002497108361609879
RP156541,1.4341736694677871,1.3491830756340815,0.06299411500827068
RP156542,1.24512099921936,1.229253393322711,0.012908327919078033
RP156574,1.4398158298618724,1.4050931541210614,0.024712009761752363
RP156577,1.3086269744835966,1.2777785576282077,0.02414222454370285
RP156597,1.2761194029850746,1.2500003622715283,0.020895226515040388
RP156610,1.378926539698244,1.3453163656013176,0.02498310059723652
RP156612,1.3684910680349678,1.3339656971336116,0.02588175316317609
RP156613,1.2644956314535345,1.288142897281867,-0.0183576417478456
RP156738,1.4067796610169492,1.3520469739744367,0.04048135020162924
RP156792,1.335164835164835,1.3176167856335887,0.013318022146179942
RP156819,1.288268156424581,1.272116865165592,0.012696389538775943
RP156819-SP-1,1.2147887323943662,1.268630446247443,-0.04244081798000221
RP156819-SP-2,1.131979695431472,1.2514062678443194,-0.09543389343779796
RP157041,1.3991439272338149,1.3634486043804532,0.026180174843907222
RP157042,1.3683138053998982,1.34922985229063,0.014144330617106071
RP157042-AP-1,1.4207920792079207,1.3743732395503243,0.0337745514259169
RP157070,1.2174528301886793,1.2076192782405135,0.008142923954057135
RP157074,1.2944162436548223,1.2530785546394985,0.03298890469577653
RP157075,1.302367941712204,1.2902094376741888,0.009423666951260845
RP157075-SP-1,1.288,1.2703205415920122,0.013917320730586047
RP157075-SP-2,1.1987951807228916,1.1179215646001361,0.07234283574418998
RP157076,1.344060253337898,1.3377108589785631,0.004746462448681266
RP157076-SP-1,1.2859569648924123,1.2835617119473022,0.0018660987803043039
RP157076-SP-2,1.35,1.4583654720492167,-0.07430611470590254
RP157078,1.178082191780822,1.1662455389441615,0.010149366013761263
RP157094,1.4661654135338347,1.3725984800919793,0.06816773790656194
RP157094-SP-1,1.1363636363636365,1.3036749565914068,-0.12833821757627617
RP157094-SP-2,2,1.6672754724332748,0.19956181990798227
RP157100,1.3360459550023935,1.3070952249933325,0.022148906564331217
RP157100-SP-1,1.3492063492063493,1.3213872539894929,0.021052946539983353
RP157100-SP-2,2,1.0229427959620678,0.9551435406698565
RP157120,1.3032928942807627,1.2968142137210903,0.0049958432681596054
RP157147,1.3361581920903955,1.2727863299602018,0.04978986703304322
RP157229,1.357984746937832,1.341127549818015,0.012569421247147217
RP157527,1.301356589147287,1.3048609245235099,-0.002685600672349686
RP157565,1.1261829652996846,1.1241375448417557,0.001819546431230501
RP157566,1.337467362924282,1.3165756282484422,0.015868237439298438
RP157566-SP-1,1.2926829268292683,1.3036595006391427,-0.008419816527623136
RP157567,1.3154859967051071,1.3125542593996258,0.002233612275063024
RP157567-SP-1,1.1802721088435375,1.2569933841110248,-0.06103554420992152
RP157582,1.3170028818443804,1.3125234986012808,0.0034128023215380665
RP157583,1.3613728129205922,1.3589285779887985,0.0017986485613623593
RP157584,1.2043868394815553,1.1997667591364434,0.00385081542718968
RP157588,1.2245161290322581,1.2019531803688295,0.018771903125631706
RP157762,1.0849134377576257,1.0589859389115788,0.02448332682556198
RP158010,1.2226600985221674,1.2278335390851884,-0.004213470636154293
RP158243,1.298313047191971,1.2761813239712583,0.01734214629614117
RP158243-SP-1,1.326086956521739,1.301728571198175,0.01871233824202201
RP158243-SP-2,1.6491228070175439,1.4657126866472334,0.1251337469076934
RP158244,1.1549382716049383,1.1882106884627817,-0.02800211880006631
RP158283,1.300042863266181,1.2894944193717464,0.00818029433549139
RP158374,1.247787610619469,1.2208308543558903,0.02208066430119926
RP158434,1.1652542372881356,1.1710025138944087,-0.0049088507821867244
RP158441,1.3390357698289268,1.3356181832463092,0.0025588050728022615
RP158441-SP-1,1.3430232558139534,1.3084725090212812,0.0264054051991629
RP158488,1.2573529411764706,1.233154058533173,0.01962356809828103
RP158515,1.4251626898047722,1.4110281415457333,0.0100171979869621
RP158686,1.299554565701559,1.2722393856937604,0.02147015751513104
RP158686-SP-1,1.23240589198036,1.2715883479552261,-0.030813789728313612
RP158686-SP-2,1.2727272727272727,1.2843874522700511,-0.009078397271921279
RP158845,1.2838709677419355,1.3293821564688415,-0.03423484248336428
RP158901,1.4273291925465839,1.3803278650475403,0.0340508430563522
RP159477,1.2799558255107675,1.2538219951174456,0.020843333818588716
RP159477-SP-1,1.2425742574257426,1.202024906812955,0.033734201665005514
RP159477-SP-2,1.1717171717171717,1.2658859496442203,-0.074389622503919
RP159478,1.207609206200094,1.2218315018150634,-0.011640144810345698
RP159655,1.4228571428571428,1.3911548895821861,0.02278844254680945
RP159941,1.2570863546473303,1.3099407526495201,-0.04034869355372395
RP159944,1.4137675795706883,1.379024396596108,0.025194030693248104
RP159944-SP-1,1.3486842105263157,1.2940818757425085,0.042193879542960167
RP159944-SP-2,1,1.5499720531430454,-0.3548270770610398
RP159945,1.3925327951564077,1.3592801985996263,0.024463386276824428
RP159959,1.3974255832662912,1.359851720966628,0.02763085248217667
RP159959-SP-1,1.3114754098360655,1.3017721945781933,0.007453850449629762
RP159959-SP-2,1.3277310924369747,1.360115897701801,-0.023810327722473712
RP160055,1.3628129994672349,1.3300856055584434,0.024605479355632065
RP160127,1.31875,1.2546601913732898,0.051081407593366546
RP160128,1.3195652173913044,1.2911796047621793,0.021984247988763084
RP160133,1.28125,1.2756020335139104,0.004427686956982146
RP160148,1.2759771210676836,1.2567001168245882,0.015339382868686524
RP160253,1.2883116883116883,1.2960744759223288,-0.0059894610648174584
RP160258,1.1786843769765971,1.1864710311350835,-0.006562869176027775
RP160260,1.2073317307692308,1.20534461987754,0.001648583200954512
RP160262,1.4329501915708813,1.4049271617156738,0.01994625103623604
RP160503,1.316860465116279,1.3106287949281448,0.0047547178974318705
RP160594,1.205709711846318,1.2193039701223978,-0.01114919545018378
RP160607,1.3942133815551536,1.323291280938601,0.053595230043568476
RP160607-SP-1,1.3232104121475055,1.2852581915030068,0.029528868903855532
RP160777,1.1875249900039984,1.208139470647377,-0.017062997397421675
RP160778,1.3864097363083163,1.3512312427560114,0.02603439917549122
RP160781,1.3596423017107309,1.3390254037907199,0.015396943076393832
RP160789,1.303370786516854,1.248100337920605,0.044283658065770615
RP160790,1.1763907734056989,1.1770800608539016,-0.0005855909645626767
RP160836,1.2946990116801438,1.263401489628483,0.024772427695066268
RP160838,1.2961608775137112,1.2958773089704132,0.0002188236041598124
RP160840,1.1465437788018433,1.1579336539189913,-0.009836379725728928
RP160841,1.180672268907563,1.1611807106625702,0.016785981773561165
RP160870,1.205030849549122,1.1728296233644808,0.02745601368105466
RP161075,1.3353566009104705,1.2997843333591468,0.027367822982902856
RP161079,1.4644471845458282,1.4214497289281824,0.030249016016955732
RP161199,1.3178621659634318,1.3422853247169868,-0.018195206565865152
RP161200,1.38013698630137,1.3338613869677551,0.03469295969262021
RP161200-SP-1,1.2857142857142858,1.4070509323305014,-0.08623472244550912
RP161200-SP-2,1.28,1.2660443640596784,0.01102302283908263
RP161201,1.2469437652811737,1.2368323441503646,0.00817525607139169
RP161202,1.3030852994555353,1.3379650649498016,-0.026069264742405562
RP161203,1.318796992481203,1.2942188888790327,0.018990685280028785
RP161338,1.3935656836461126,1.3891931179260175,0.003147557861950201
RP161338-SP-1,1.4602510460251046,1.3809351905135163,0.05743633449017538
RP161733,1.227298364354202,1.2171893472095194,0.008305213291471825
RP161973,1.3366935483870968,1.3427319248690759,-0.004497082679081887
RP162189,1.3851318944844124,1.3560871423991385,0.02141805727461521
RP162189-SP-1,1.4821428571428572,1.3912342025753328,0.06534388990670448
RP162261,1.1726242371403661,1.1785855560459955,-0.0050580281380918635
RP162263,1.2262323943661972,1.2396059908281465,-0.010788586503212017
RP162300,1.2334414080592868,1.2199620776133546,0.011048974958551394
RP162309,1.3480268681780017,1.3679861472179122,-0.01459026400267427
RP162370,1.3383600377002827,1.3261061089819763,0.00924053409852199
RP23759,1.0660869565217392,1.0382217947525818,0.026839314980666495
RP23796,1.2794612794612794,1.2563461665025908,0.018398681490019886
RP23816,1.3302752293577982,1.310842741528221,0.014824423413995813
RP23816-SP-1,1.2188295165394403,1.2588251839157403,-0.031772217371667355
RP24217,0.8485964104924069,0.8744537727976273,-0.029569730395805127
RP24858,1.1908127208480566,1.1671113797713437,0.02030769426766832
RP24935,1.398262128892107,1.3707152041398163,0.02009675289884738
RP24935-DP-1,1.3643410852713178,1.427462546872725,-0.04421934693816887
RP24967,1.3299435028248587,1.2898264078957375,0.031102708615316166
RP24967-SP-1,1.2886904761904763,1.2763466218860497,0.009671239844068369
RP25053,1.2283236994219653,1.2199383527700802,0.0068735822862233675
RP25265,1.2969307637401857,1.2891227778795629,0.006056820959649656
RP25266,1.1605476042314873,1.1409234989552237,0.017200193785327222
RP25364,1.2653534183082271,1.2308002884956804,0.028073709549401027
RP25365,1.3413881748071979,1.3191020669359101,0.016894907854291485
RP25365-DP-1,1.35,1.2751546930861515,0.05869508014961422
RP25527,1.26,1.2349462846386763,0.02028729157936926
RP25528,1.3733333333333333,1.3657458597929328,0.005555553023276927
RP25528-SP-1,1.27,1.2950469428598277,-0.019340567535348963
RP25663,1.355140186915888,1.3158156845982223,0.029886026422973666
RP25830,1.3416628805088595,1.296267282529744,0.03502024512299906
RP26002,1.3260135135135136,1.2964654254945118,0.022791265727530874
RP26314,1.3119015047879616,1.303803727595998,0.0062108866699550624
RP26317,1.0249110320284698,1.1955849225564121,-0.14275346510978548
RP26318,1.1189773844641102,1.1851235995049325,-0.055813769186989326
RP26355,1.3211991434689507,1.2911469470628472,0.023275581818527735
RP26484,1.1594561186650185,1.2140794056541167,-0.044991527518472574
RP27177,1.3530782029950084,1.3128040397319947,0.030677970240886365
RP27177-SP-1,1.204225352112676,1.2502535182581984,-0.036815066283234166
RP27264,1.2542901716068642,1.2505869713020756,0.002961169746501513
RP27583,1.240237691001698,1.2561560829655947,-0.012672304166466364
RP27619,1.2151855635001703,1.1946929530479657,0.017153035346799905
RP27775,1.469283276450512,1.4377479808488807,0.021933813172884342
RP27989,1.3307291666666667,1.3219848325256507,0.006614549521199775
RP28405,1.3730631704410012,1.3577368966357706,0.011288102903593833
RP28561,1.2423698384201076,1.2887050563543325,-0.035954866247909556
RP28587,1.3128415300546448,1.2278668377135011,0.06920513669005102
RP28638,1.262443438914027,1.2536042437218788,0.0070510252628894765
RP28745,1.39312567132116,1.3538904369927343,0.02897962291215772
RP28745-SP-1,1.391025641025641,1.4077741736410554,-0.01189717280584579
RP28745-SP-2,1.3395638629283488,1.2914596864978225,0.037247911749359375
RP28745-SP-3,1.3442622950819672,1.3968719907762186,-0.03766250310811736
RP29078,1.2215632603406326,1.2204973684383535,0.0008733258504627361
RP29079,1.292296072507553,1.255914321259205,0.028968338550253048
RP29080,1.3430034129692834,1.3325097795291367,0.007875089249892442
RP29262,1.3799283154121864,1.3457334637451177,0.025409824893486643
RP29271,1.1862707288854608,1.2203285788192164,-0.027908753859317015
RP29348,1.311904761904762,1.238364038637559,0.05938538343548161
RP29678,1.3194374686087393,1.251833304726166,0.05400412629009055
RP29678-SP-1,1.2666666666666666,1.27206805084772,-0.004246144046659905
RP29685,1.317507418397626,1.2537989049501073,0.05081238561941004
RP29685-SP-1,1.2158730158730158,1.2436251416658173,-0.022315507191843942
RP29963,1.4415954415954415,1.3745350863049925,0.048787663522449565
RP29963-SP-1,1.3203125,1.3770134544270687,-0.0411767613778764
RP29968,1.2704626334519573,1.2944264098956972,-0.01851304659773667
RP30068,1.3397203521491454,1.2793084591701602,0.047222304008035954
RP30068-SP-1,1.2696629213483146,1.2811155934435294,-0.008939608692476342
RP30582,1.3019571295433365,1.263665028295926,0.030302414318648774
RP30623,1.4453125,1.419800743015814,0.017968547424476178
RP30623-SP-1,1.314516129032258,1.354129430996094,-0.029253704304097794
RP30623-SP-2,1.6666666666666667,1.5062650978622707,0.10648960068983992
RP30628,1.3533891850723534,1.3322222301913944,0.015888456446127686
RP30724,1.3881000676132522,1.383688092359364,0.0031885619875251514
RP30724-SP-1,1.2843137254901962,1.3509351148678577,-0.049315017904600245
RP31414,1.4409448818897639,1.330767082413124,0.08279269973889858
RP31647,1.3980382034073309,1.3813312645329912,0.012094809770332837
RP32330,1.3442732752846618,1.3067083781650652,0.028747728067946232
RP32330-SP-1,1.3049645390070923,1.293787524526127,0.008638987676944154
RP32330-SP-2,0,1.1062124248496994,-1
RP32380,1.374685666387259,1.3393588198510535,0.026375939003510762
RP32380-SP-1,1.3333333333333333,1.2902087110169178,0.03342453197547046
RP32406,1.3954545454545455,1.4062149988519623,-0.00765206842922439
RP32406-SP-1,1.4188034188034189,1.355567372405512,0.046649135767919736
RP32450,1.3381571175428233,1.313786897974385,0.018549598573416093
RP32481,1.2855871886120998,1.2788934393467786,0.0052340164234012665
RP32654,1.2705479452054795,1.3322012801561738,-0.04627929417953025
RP32654-SP-1,1.3142857142857143,1.278041352453759,0.028359302899212402
RP32655,1.447089947089947,1.4103699615082503,0.026035711610326917
RP33046,1.3232217573221758,1.3058440943205454,0.013307609290580835
RP33368,1.332255456750202,1.329688305495093,0.0019306413724931026
RP33382,1.2517686225551394,1.2703846994385708,-0.014653889401894271
RP33382-AP-1,1.1,1.341174744572137,-0.17982350588407237
RP33382-DP-2,1.4150943396226414,1.3328559017171395,0.06170092190727661
RP33760,1.5391304347826087,1.4769799331419189,0.042079448911996664
RP34028,1.4771929824561403,1.3708235869247798,0.07759524751830615
RP34361,1.3916211293260474,1.3655433207293648,0.019097020358719963
RP34361-SP-1,1.3708609271523178,1.3332062418103914,0.028243706158166848
RP34366,1.3877338877338878,1.355169189956737,0.024029986822671212
RP34714,1.3365079365079364,1.3351106325182978,0.0010465829239958424
RP34714-SP-1,1.2682926829268293,1.2579188498067349,0.008246822218848315
RP34715,1.3781074578989574,1.3446206892105004,0.02490424917388334
RP34715-SP-1,1.2638888888888888,1.28829798866263,-0.018946780937754815
RP34866,1.4101123595505618,1.4134633258872489,-0.0023707486959971824
RP34866-SP-1,1.3870967741935485,1.379428933091737,0.005558706880698372
RP34866-SP-2,0,1.3516302803259181,-1
RP34867,1.3676092544987146,1.3495444207130398,0.013385875639521538
RP34867-SP-1,1.3368794326241136,1.3459682446347114,-0.006752619942430149
RP35329,1.3469656992084433,1.3348059268132948,0.009109768057577128
RP35656,1.3988235294117648,1.4151134513118118,-0.011511389341219536
RP35739,1.349820788530466,1.3141612834544287,0.027134801127531416
RP35740,1.3470378763353836,1.3098897058129124,0.028359769801700185
RP35740-SP-1,1.25,1.239908585312913,0.008138837658374865
RP35746,1.2728748224792048,1.2574687073320578,0.012251688695962715
RP35955,1.3792093704245973,1.354399254226229,0.018318170303883052
RP37026,1.243073047858942,1.2355507963739074,0.006088176631111386
RP37029,1.319408740359897,1.3078969701210248,0.008801740887745213
RP37088,1.4307116104868913,1.3955868721622724,0.025168435606017114
RP37088-SP-1,1.2330827067669172,1.3511882625723006,-0.08740866027102834
RP37092,1.3951612903225807,1.4119249751515117,-0.011872928890667378
RP37362,1.2360296991012114,1.2294288018198487,0.005369076494378344
RP37957,1.3615462354724608,1.325211972425908,0.027417699056883738
RP37957-SP-1,1.375,1.3909183320461755,-0.011444476414915083
RP37957-SP-3,1.3618290258449304,1.3157937613753394,0.03498668698768759
RP39494,1.2995921394141638,1.2657845025802592,0.026708840853232774
RP40954,1.4233301975540922,1.4060408920282894,0.012296445732002947
RP41137,1.3514056224899598,1.3386714088532297,0.009512576090378255
RP41476,1.2335115864527628,1.2420242109997843,-0.006853831408140554
RP41517,1.2944550669216062,1.260777436062359,0.02671179694048842
RP41709,1.2873769024171888,1.2765462428948744,0.00848434561818423
RP41714,1.3795379537953796,1.3525780098071523,0.019932265490602896
RP41880,1.331591779867642,1.3223222712387555,0.007010022314910103
RP42031,1.3005657708628007,1.2985361973284346,0.0015629703188417832
RP42122,1.2522935779816513,1.2585599831557428,-0.004979027823829862
RP42128,1.3322062552831784,1.3542628297571657,-0.01628677535064771
RP42411,1.273881095524382,1.2554776239461174,0.014658542077731651
RP42504,1.2728494623655915,1.2682168942793952,0.003652820039768079
RP42504-DP-1,1.416,1.3416404537381148,0.055424347152549513
RP42505,1.2857142857142858,1.336000407986351,-0.037639301583640594
RP42505-DP-1,1.4507042253521127,1.4360780321180877,0.010184817890746878
RP42607,1.3405172413793103,1.3070220606326728,0.02562709670747565
RP42607-SP-1,1.332857142857143,1.3107712395240818,0.016849548317126706
RP42607-SP-2,1.288702928870293,1.2513123125571832,0.029881122352818812
RP42609,1.412037037037037,1.3526461790940532,0.043907164239181506
RP42609-DP-1,1.6222222222222222,1.3129674947764136,0.23553875375907296
RP43045,1.3625766871165643,1.3393374418636217,0.017351299625138816
RP43086,1.4261036468330135,1.3498572966204168,0.05648474872380316
RP43357,1.3273118279569893,1.340752591534599,-0.010024790302456732
RP43386,1.2394291754756872,1.2332012018843854,0.0050502493687041294
RP43387,1.2581322140608604,1.2410131077408733,0.01379446052036526
RP43493,1.585139318885449,1.4964175550906893,0.059289443306071554
RP43694,1.2655502392344498,1.2802822351646437,-0.011506834606901606
RP44038,1.1939086294416243,1.2213941219363291,-0.022503377084483467
RP44448,1.4454545454545455,1.3872140045665482,0.0419838184276371
RP44660,1.2956989247311828,1.2775199608882728,0.014229886341869724
RP44781,1.342281879194631,1.4045669921143178,-0.04434470784902045
RP44782,1.4460562103354488,1.4187697248537203,0.019232497708211005
RP45057,1.5074257425742574,1.453136679771742,0.03735991497444213
RP45367,1.297242497972425,1.3181210708461724,-0.01583964730974552
RP45576,1.1061343719571568,1.1317641232956441,-0.022645841841897774
RP45694,1.3210332103321034,1.3384957595294817,-0.013046398595627173
RP46317,1.3148602256007846,1.3200121115438266,-0.0039029080854541265
RP46317-SP-1,1.2485549132947977,1.2481674082678624,0.00031045917748562246
RP46447,1.4513457556935818,1.418940317302869,0.02283777407376042
RP46813,1.2998704663212435,1.2972041545478086,0.002055429566801159
RP47729,1.5170068027210883,1.375349059881989,0.10299766580801983
RP49408,1.3293216630196936,1.3094621020043036,0.015166197620375854
RP49408-SP-1,1.2420382165605095,1.2991580336038575,-0.043966796622038284
RP49414,1.2104733131923464,1.1953024025264556,0.01269211091170308
RP49432,1.284458309699376,1.2754842420353867,0.007035812257208729
RP49447,1.4367726920093096,1.3932013140080057,0.03127428718535752
RP49448,1.3696450428396574,1.3293984179777072,0.030274313793131835
RP49448-SP-1,1.1636363636363636,1.3413377013675385,-0.1324806851771947
RP50207,1.1849529780564263,1.2182453289335728,-0.0273281169945383
RP52874,1.3513215859030836,1.3206141181791564,0.0232524151462703
RP53827,1.4233890214797136,1.4057067728461303,0.012578902638266554
RP54213,1.5865384615384615,1.4603192434832293,0.08643261986616535
RPB31649,1.4076530612244897,1.3563321240469246,0.03783803116336837
RRABB31527,1.3793103448275863,1.4040927561481082,-0.01765012404772215
RRABBS30437,1.2993630573248407,1.2917822711481337,0.005868470520166813
RRABC29815,1.277511961722488,1.2844664331476707,-0.005414288178897886
RRABC31526,1.3272727272727274,1.321486528720794,0.004378552808657288
RRABC31772,1.4091710758377425,1.3675133021626937,0.03046242666098231
RRABC32149,1.3870967741935485,1.3541400759092947,0.024337732019432012
RRABC32482,1.3121387283236994,1.2798022145343715,0.025266805622064847
RRABC32758,1.0172413793103448,0.9686392280529748,0.050175699940486096
RRABC32759,1.147239263803681,1.0429884480177196,0.0999539505773992
RRABC32978,0.9254032258064516,0.8668174921061286,0.06758716135039666
RRABF29820,1.361963190184049,1.3294670502455568,0.024442982571467375
RRABF30421,1.3823529411764706,1.3483788315462604,0.0251962644587429
RRABF32980,0.961038961038961,0.8607872297878927,0.11646517023233649
RRABF33144,1.3763440860215055,1.3038999430103106,0.055559587527815424
RRABL32483,1.2718120805369129,1.2887530071696034,-0.013145208227212546
RRABP29814,1.2892561983471074,1.3012468212336241,-0.009214718292375301
RRABP29819,1.4365079365079365,1.3581560310717768,0.0576899145927503
RRABP30005,1.3432835820895523,1.3222657273482203,0.01589533352231909
RRABP30290,1.260180995475113,1.264715181020097,-0.0035851436062677156
RRABP30291,1.4264150943396225,1.352590949814564,0.054579800741073825
RRABP30293,1.3204747774480712,1.2952686228402353,0.01946017541331657
RRABP31771,1.4308943089430894,1.377683565299967,0.03862334209636642
RRABP32150,1.3479125248508945,1.3280316416431683,0.014970187896372389
RRABP33148,1.3218390804597702,1.2766479794781418,0.03539824736972608
RRTH29599,0.8591549295774648,0.9293450257660835,-0.0755264129495492
RRTH29600,1.291764705882353,1.2834222197685408,0.006500188313177668
RRTH29604,1.6666666666666667,1.524594308268391,0.09318699251844831
RRTH29606,1.1935483870967742,1.396691303253435,-0.1454458230558623
RRTH29608,1.3354430379746836,1.3597423814266596,-0.01787054943928479
RRTH29615,1.041860465116279,1.1962390832817436,-0.1290533141100395
RRTH29621,1.2787046123650638,1.273523824979813,0.0040680726058131
RRTH29622,1.1538461538461537,1.2059097328966664,-0.04317369503723367
RRTH29623,1.3554006968641115,1.3190206393842638,0.02758111313317313
RRTH29624,1.28343949044586,1.2915533648590403,-0.006282260287453156
RRTH29625,0.979381443298969,0.9614611552944113,0.018638598039949272
RRTH29626,1.2935779816513762,1.273851360685687,0.01548581064832466
RRTH29627,1.1318373071528751,1.2243785472282604,-0.07558221293968226
RRTH29628,1.0442176870748299,1.2198377520481687,-0.1439700195197795
RRTH29629,1.2884615384615385,1.34814471325928,-0.044270599595685245
RRTH29630,1.375,1.3190892628407258,0.04238586328787752
RRTH29635,1.2705882352941176,1.3065137309596533,-0.02749722013189082
RRTH29636,1.2943037974683544,1.2850925091968983,0.007167801699515364
RRTH29765,1.2886740331491713,1.3031448632258054,-0.011104544463930832
RRTH29967,1.2150537634408602,1.278534218122069,-0.049650962626913375
RRTH29969,1.2878787878787878,1.3117129678243935,-0.018170270882613027
RRTH29973,1.1920529801324504,1.379063693975989,-0.13560701703658573
RRTH29974,1.2714285714285714,1.3168209597111116,-0.03447119211445304
RRTH30105,1.2142857142857142,1.2276561103504118,-0.010890994596916226
RRTH30418,1.0537482319660538,1.166273446810971,-0.09648270322247621
RRTH30419,1.1191709844559585,0.9699717899812654,0.15381807596443076
RRTH31112,1.2583201267828843,1.2580721265515797,0.0001971271965020005
RRTH31113,1.25,1.2641709836607955,-0.01120970489273454
RRTH32119,1.0829596412556053,1.171047889299498,-0.0752217299128437
RRTH32122,1.2512437810945274,1.2598703113589096,-0.006847157351519528
RRTH32748,1.1522707034728406,1.2248202185962964,-0.059232787001672005
RRTH32749,1.1323529411764706,1.290471122299511,-0.12252748503297561
RRTH33325,1.1791044776119404,1.2450084855221928,-0.05293458532743289
RRTH33380,1.2525,1.3000013056658524,-0.03653942919812869
RRTH34066,1.3015873015873016,1.3657291849701532,-0.04696530182464642
RRTH34426,0.8994974874371859,1.162245346016876,-0.22606918537480214
RRTH35339,1.3366336633663367,1.3172894993679367,0.014684823653176915
RRTH35743,1.2347826086956522,1.323685421795893,-0.0671630975429367
RRTH36040,1.3359375,1.3342254179827693,0.0012832029686702384
RRTH36041,1.2361111111111112,1.2705116073661755,-0.027076097578028535
RRTH36353,1.2598039215686274,1.3091841659601682,-0.03771833304699712
RRTH36356,1.065040650406504,1.2406872643451785,-0.1415720294601226
RRTH36689,1.3450704225352113,1.2570229685071368,0.07004442737640781
RRTH36692,1.1,1.2875145337154508,-0.14564071224449004
RRTH37111,1.3653333333333333,1.3365797259953,0.021512826192707335
RRTH37112,1.1948051948051948,1.3371042627633951,-0.10642331486110934
RRTH37114,1.1986301369863013,1.215166736197624,-0.013608502206921225
RRTH37115,1.2818791946308725,1.2972204572118589,-0.01182625705268292
RRTH37230,1.2193308550185873,1.2266161941944191,-0.005939379579621762
RRTH37231,0.859375,1.2265690515590482,-0.2993667996859377
RRTH37232,1.4464285714285714,1.4134998204452407,0.023295900365207345
RRTH37233,1.426605504587156,1.3339439460776994,0.06946435701583775
RRTH37729,1.118279569892473,1.3049398553277702,-0.14304129395175258
RRTH37758,1.2554744525547445,1.311633330293172,-0.04281598861617453
RRTH37761,1.3181818181818181,1.4375116137737722,-0.08301136105515561
RRTH37964,1.0326797385620916,1.254543915822001,-0.17684847414411953
RRTH38397,1.1390134529147982,1.2983230829531358,-0.12270414978371613
RRTH38909,1.0909090909090908,1.2510215908720652,-0.12798540099644706
RRTH39496,1.2551390568319225,1.2456741822753632,0.0075981943683465225
RRTH39497,1.08300395256917,1.272689007732293,-0.14904273865074724
RRTH39498,1.2209302325581395,1.3039547620053742,-0.06367132654168906
RRTH39499,1.4161073825503356,1.3695399842856146,0.03400221884650678
RRTH39817,1.2991071428571428,1.331619203917518,-0.024415434205760533
RRTH40248,1.3333333333333333,1.3745326564251734,-0.029973331589654206
RRTH40387,1.306806282722513,1.3465931701927116,-0.0295463309564421
RRTH40756,1.1381818181818182,1.2404132858557315,-0.08241726272980554
RRTH41323,1.4639175257731958,1.3326789644678356,0.09847725131443519
RRTH41822,1.2011173184357542,1.279275718814219,-0.06109582104076139
RRTH42168,1.3470149253731343,1.36925578242854,-0.016243025839890124
RRTH42461,1.2935323383084578,1.2780533565725178,0.01211137364206083
RRTH42837,1.2960893854748603,1.3997342057468365,-0.07404607235176908
RRTH43497,1.0296296296296297,1.1624385983077807,-0.1142503086799489
RRTH43498,1.1767441860465115,1.282159609401865,-0.08221708325731014
RRTH44177,1.2521008403361344,1.2538786757308487,-0.0014178687532730994
RRTH44178,1.3222222222222222,1.380084909167255,-0.04192690359895823
RRTH44492,1.3027522935779816,1.2923777390045144,0.00802749402156877
RRTH44494,1.4727272727272727,1.381305820593988,0.06618480192458143
RRTH44775,1.2682926829268293,1.257931155706711,0.008236958893268698
RRTH44776,1.1724137931034482,1.3658289853910015,-0.14161010957911657
RRTH46481,1.3872340425531915,1.3239350619785264,0.047811242705567025
RRTH46484,1.2820512820512822,1.3918143488267494,-0.0788632958612574
RRTH46867,1.0748663101604279,1.2510760579832518,-0.14084655101375365
RRTH47179,1.282442748091603,1.4671672565081366,-0.12590555548259608
RRTH47180,1.2840909090909092,1.4229450764241975,-0.09758223956347167
RRTH47528,0.875,1.188188498533038,-0.2635848595738024
RRTH47530,1.3885714285714286,1.3313905133384192,0.04294826698864651
RRTH47531,1.3507462686567164,1.3717180961971391,-0.015288729950099444
RRTH47541,0.9882352941176471,1.2393418169646895,-0.20261280577301521
RRTH48400,1.346072186836518,1.3266263598742984,0.014658103856810323
RRTH48691,1.2153846153846153,1.2528473295078766,-0.02990205848782601
RRTH48695,1.25,1.0405538198179733,0.20128337063686486
RRTH48869,1.1857142857142857,1.311309497445747,-0.09577846570630633
RRTH49200,1.3764044943820224,1.3612801958978147,0.011110349309263912
RRTH49556,1.4423480083857443,1.3702304482230339,0.0526317016646618
RRTH49895,1.2258064516129032,1.3126173883690389,-0.06613575100052604
RRTH50907,1.2397260273972603,1.2962293409554062,-0.043590521964654294
RRTH51271,1.1464435146443515,1.3000687884295108,-0.11816703481570334
RRTH53027,1.03125,0.9213055274604592,0.11933551819948174
RRTH54322,1.2484472049689441,1.3359222321870459,-0.06547913127764615
RRTH54945,0.5476190476190477,1.0589454156729237,-0.48286376283988686
RRTH55274,1.4098360655737705,1.3404130384152841,0.05179226489811106
RRTH55366,1.3544303797468353,1.2983872039590316,0.04316368462113407
RRTH55476,1.0481927710843373,1.3735318796586369,-0.23686316524022422
RRTH55477,1.4135593220338982,1.3741415250674809,0.028685398299481246
RRTH55479,1.353846153846154,1.3213102019763503,0.024624007156788696
RRTH55480,1.3396226415094339,1.3672334689185162,-0.02019466904282441
RRTH56108,1.353448275862069,1.3949076786611543,-0.029721969011510918
RRTH56142,1.3272727272727274,1.348300646962428,-0.015595868575064564
RRTH56986,1.1830985915492958,1.257046276901742,-0.0588265417998024
RRTH57020,1.0344827586206897,1.2396538141398115,-0.1655067351698416
RRTH57334,1.1981132075471699,1.3721008574435092,-0.12680383439196463
RRTH57335,1.2571428571428571,1.5120260583703002,-0.16857064057623627
RRTH57352,1.2972972972972974,1.4376551471272179,-0.09762970633840073
RRTH58386,1.1839080459770115,1.3774884427995446,-0.1405314126840217
RS0059,1.22674078408426,1.2463630637580962,-0.015743630603646364
RS0192,1.3072799097065462,1.3124854287001972,-0.003966153741460032
RS0192-SP-1,1.2258064516129032,1.2898309532028585,-0.04963790133193191
RS0391,1.414985590778098,1.3542158144554535,0.04487451385071939
RS0391-DP-1,0.9714285714285714,1.2344797913901064,-0.21308669594770902
RS0395,1.2896634615384615,1.3341178470357145,-0.03332118342920476
RS0421,1.1260217983651226,1.182873642782786,-0.04806248305940408
RS0438,1.2133159268929503,1.2230580136441167,-0.00796535130998377
RS0445,1.2509293680297398,1.2706713306465307,-0.015536639680652886
RS0935,1.2703040399833403,1.2783106016343815,-0.006263392981959548
RS151357,1.220399642111542,1.2514110826541165,-0.024781177801943777
RS151361,1.139298423995933,1.1734193781141093,-0.029078226211855074
RS151408,1.249214659685864,1.2824691904549674,-0.02593008160867105
RS151527,0.9074926747593135,0.9367539259251286,-0.031236859922329052
RS151675,1.265625,1.2716060549876473,-0.004703543966456891
RS152163,1.3098837209302325,1.288441556380934,0.016641938039880344
RS152163-SP-1,1.2258064516129032,1.074785175105515,0.14051298808858426
RS152163-SP-2,0.9393939393939394,1.1307703102335218,-0.16924424802067917
RS152518,1.3500488440247476,1.3375668960797358,0.00933183079036648
RS152518-SP-1,1.4786324786324787,1.3439425852769795,0.10021997578694197
RS152518-SP-2,1.4,1.3345418462504792,0.049049157906461804
RS152518-SP-3,1.0454545454545454,1.299889833280874,-0.19573603955663166
RS152518-SP-4,1.5,1.4601103622224998,0.027319604606313774
RS152772,1.2535885167464116,1.2154420878284689,0.03138481816611738
RS152788,1.2830540037243947,1.3009055230657502,-0.013722379546276309
RS152792,1.2226775956284153,1.1941651396674269,0.023876476555771076
RS152943,1.3151458137347132,1.3287800097532947,-0.010260687185618345
RS153023,1.286024844720497,1.2919717383150147,-0.004602959506121773
RS153023-SP-1,1.191860465116279,1.2969662761726812,-0.08103974096116595
RS153045,1.1094132029339854,1.1378075719715277,-0.02495533492393809
RS153287,1.3111399805131536,1.309220770178009,0.001465918032207636
RS153543,1.2307692307692308,1.2760989093821788,-0.035522072998945164
RS153775,1.2113022113022114,1.2355520135031683,-0.019626694737198025
RS153860,1.3981693363844394,1.3984443756481746,-0.00019667515456789353
RS154012,1.1347517730496455,1.1767724922173288,-0.035708447848322944
RS154632,1.2073959938366718,1.233418758478128,-0.021098077569020268
RS154655,1.1174377224199288,1.1349192919022368,-0.015403359170155007
RS154859,1.2524316813339509,1.2712718962046134,-0.014819972758707278
RS155053,1.2444646648468305,1.2743293759040686,-0.023435629454944373
RS155086,1.2245311708058795,1.2805800938975898,-0.04376838540502315
RS155120,1.3377437325905293,1.3158005429609467,0.016676683823373173
RS155137,1.1126760563380282,1.171062431860921,-0.04985761128901722
RS155144,1.2627073301230605,1.244036471488427,0.015008288794214009
RS155144-SP-1,1.5384615384615385,1.372810622133889,0.12066552637111916
RS155292,1.365996649916248,1.3419312319746586,0.01793342115316654
RS155688,1.2761254019292605,1.2692507886666795,0.005416276534129683
RS155702,1.0629032258064517,1.1185574997172234,-0.049755398291854824
RS155709,1.3096872616323416,1.2999601718001474,0.007482606039171502
RS156020,1.1818181818181819,1.2478059008717355,-0.0528829996776371
RS156020-DP-1,1.2432432432432432,1.1858635731242848,0.048386400779463656
RS156061,1.3142644873699851,1.3347624555851103,-0.015357015871516722
RS156088,0.972972972972973,1.0132589736853397,-0.03975883930821933
RS156089,1.292850990525409,1.3022339328491461,-0.007205266340440275
RS156661,1.4093264248704662,1.4002396835158935,0.006489418534230351
RS156662,1.2724795640326976,1.2529172509524105,0.015613411871707283
RS156663,1.4620253164556962,1.4243355997572165,0.026461261450534623
RS156705,1.354766355140187,1.339228749500194,0.01160190568324615
RS156706,1.3233185387504267,1.3197516267916398,0.002702714576270804
RS156706-DP-1,1.3988095238095237,1.3281370339438474,0.05321174551982599
RS156716,1.2043420300895067,1.2306561955129038,-0.02138222317438543
RS156718,1.1981205951448708,1.2317601914457235,-0.027310183048998904
RS157334,1.288273615635179,1.3114131562164713,-0.0176447372604156
RS157335,1.1981032665964173,1.257188937867262,-0.046998243057308264
RS157335-DP-2,1.3636363636363635,1.377563099885705,-0.010109690257017467
RS157335-SP-1,1,1.1584096626986287,-0.1367475322413988
RS157336,1.2667319621286321,1.2932010670978937,-0.02046789601609411
RS157500,1.3649459783913565,1.3602784381674287,0.003431312364412742
RS157509,1.4,1.3732083687208623,0.019510244686386624
RS157512,1.4829545454545454,1.401632041127027,0.05801986679908411
RS157932,1.3603351955307263,1.337489897409213,0.017080725742875336
RS157937,1.3343465045592706,1.2698910725730848,0.05075666203053508
RS158006,1.3238866396761133,1.2835493538742129,0.03142636134726584
RS158007,1.2747111681643133,1.2253395751697351,0.04029217205992808
RS158087,1.1790055248618785,1.235357795450816,-0.04561615330914959
RS158092,1.10919185687847,1.1068321337569862,0.0021319611615124856
RS158140,1.1805487506124448,1.1854568311310225,-0.0041402439883828634
RS158141,1.2811059907834101,1.2921471604935764,-0.00854482372267007
RS158242,0.9767441860465116,1.0265361017781487,-0.048504787747248646
RS158290,1.2660637791527845,1.2843899411210116,-0.014268378614233135
RS158290-DP-2,1.3235294117647058,1.2757278358509168,0.037470042253883395
RS158291,1.2414248021108178,1.2451716745218793,-0.003009121141869908
RS158387,1.3329621380846326,1.309621924784082,0.017822100301503996
RS158387-DP-1,1.3214285714285714,1.3417476060529006,-0.015143708498279285
RS158391,1.27235478428537,1.2792108412806722,-0.005359598882415995
RS158505,1.3265094584089143,1.3414583640243454,-0.011143771596894503
RS158506,1.2838187144580389,1.305860205961399,-0.01687890587578844
RS158554,1.32175743225467,1.331510111263952,-0.007324524933591703
RS158557,1.2298433874709978,1.2437725709184122,-0.011199140239223304
RS158563,1.2465604634322955,1.2689177616806024,-0.017619186147017296
RS158910,1.3851674641148326,1.3548695011122767,0.022362273988515424
RS158910-DP-1,1.36,1.3543407617586443,0.004178592567801953
RS159194,1.4210526315789473,1.4013229302808852,0.014079339509635691
RS159196,1.46875,1.4847488486486917,-0.010775457858244963
RS159299,1.2208067940552016,1.2205407055884514,0.0002180086788847735
RS159669,1.365802382620883,1.3237455346329239,0.03177109715397197
RS159671,1.2930327868852458,1.3123546804415487,-0.014723072843236151
RS159774,1.1902017291066282,1.1704393141647031,0.016884613070288657
RS159943,1.2854166666666667,1.2627273675662158,0.017968486059015465
RS159946,1.2912772585669783,1.3049455585730447,-0.010474230067507695
RS159948,1.348122866894198,1.3233496802607856,0.01872006092035372
RS160242,1.3626016260162601,1.3124220772554314,0.03823430711083864
RS160245,1.2130384167636787,1.2128217646762949,0.00017863472910351064
RS160505,1.2431882879219194,1.2447935137202988,-0.00128955186598112
RS160506,1.30609057782405,1.3024534578832794,0.002792514326524609
RS161069,1.1727272727272726,1.1769221133337147,-0.0035642465707094173
RS162195,1.2800740283775447,1.2824871611930568,-0.0018816038776304778
RS162195-SP-1,1.3035714285714286,1.2953123529720678,0.006376126638806934
RS162290,1.1313262392940566,1.1779812979565094,-0.03960594174405585
RS162293,1.2991266375545851,1.2916727220116646,0.0057707462702407675
RS162305,1.1428571428571428,1.1288156645309897,0.01243912426745708
RS162312,1.2696436238729067,1.3010009045578659,-0.0241024280422123
RS162313,1.2510239906377998,1.285339616909997,-0.02669771150032174
RS162328,1.203955500618047,1.2327665397326297,-0.023371042436657552
RS23952,1.2246376811594204,1.2325415608248194,-0.006412667869884814
RS23953,1.2623490669593853,1.3007371606920881,-0.029512567867498785
RS23955,1.1420537897310514,1.1683918095337398,-0.02254211266099071
RS24020,1.1292747087561068,1.1643281580996605,-0.030106159590579495
RS24124,1.2322142286171063,1.2232031542743464,0.007366784749754496
RS25217,1.2442748091603053,1.2227612191256947,0.01759426918200213
RS25519,1.247191011235955,1.2331501682719634,0.01138615825164857
RS25824,1.3153846153846154,1.2370426368563014,0.06333005524159185
RS25833,1.2625,1.3257198772270387,-0.04768720625904288
RS26313,1.2741116751269035,1.3088335464417604,-0.02652886718043934
RS27616,1.2398609501738123,1.218976867782038,0.01713246817371794
RS28565,1.2942136767640124,1.3162532584978215,-0.01674418018836421
RS28566,1.3738819320214668,1.344555917951155,0.021810929302962023
RS28636,1.3735050597976082,1.371059786604529,0.001783491294084838
RS28912,1.265267175572519,1.2827028024370004,-0.013592881243695287
RS29274,0.9088791848617176,0.953289387719111,-0.046586276349568356
RS29436,1.4166666666666667,1.4118515120791997,0.003410524794052794
RS29616,1.1545630385088799,1.2038296346930395,-0.04092489066920324
RS29637,1.3106278210915059,1.2945995983304601,0.012380834029082077
RS29966,1.266181818181818,1.301415637912209,-0.027073456552984543
RS29972,1.234375,1.241475816470292,-0.005719657504469788
RS29972-SP-1,1.2173913043478262,1.2560980725256998,-0.03081508444642711
RS29972-SP-2,1.1071428571428572,1.3446697921556419,-0.17664331897573526
RS30584,1.3158295281582952,1.3533211428804597,-0.02770341313249991
RS30584-DP-1,1.295774647887324,1.3178348360980303,-0.016739721554200337
RS30930,1.2895927601809956,1.343184098479165,-0.039898728967122876
RS31443,1.1870125158715763,1.2237574255485255,-0.030026301708019454
RS31445,1.2377622377622377,1.2721376052054871,-0.027021736722967815
RS31562,1.188235294117647,1.2512607662147397,-0.050369574271680095
RS31646,1.2981132075471697,1.3251820000186179,-0.020426471587350004
RS32336,1.214824120603015,1.2359177672834893,-0.01706719268777679
RS32336-SP-1,1.221311475409836,1.2297322503629746,-0.006847649112766585
RS32671,1.2532679738562091,1.2635880610331327,-0.00816728765899033
RS32687,1.3795518207282913,1.3891608765913217,-0.0069171656249121805
RS32725,1.193916349809886,1.2041394082005275,-0.008489929256545903
RS33943,1.4391304347826086,1.3782484978906038,0.04417341066228908
RS34029,1.3817966903073287,1.3638841993684228,0.013133439735719898
RS35115,1.2687679083094556,1.276948789934729,-0.00640658551835227
RS35115-SP-1,1.2244897959183674,1.260910487569234,-0.028884438673420942
RS36037,1.2645641699518178,1.2524742102544273,0.009652861191396855
RS36037-DP-1,1.4050632911392404,1.2852330160933723,0.09323622529563358
RS37093,1.408223201174743,1.4183053879537046,-0.007108614875607211
RS37094,1.34,1.3620361723952055,-0.016178845203834724
RS40372,1.3523316062176165,1.337667619701938,0.010962354399328245
RS40373,1.3657142857142857,1.3438257728262724,0.016288207393119425
RS43778,0.8037447988904299,0.8548720612029038,-0.05980691688593953
RS44436,1.1331114808652247,1.1865973671316674,-0.04507500837940759
RS44491,1.2747747747747749,1.3118079180413103,-0.02823061422119666
RS44491-SP-1,1.1518987341772151,1.326297458815661,-0.1314929192386285
RS45001,1.3925558312655086,1.4035223570334359,-0.007813573979046917
RS47837,1.2014475271411338,1.271353043118104,-0.05498513285147033
RS47837-SP-1,1.1333333333333333,1.2251691733573213,-0.07495768096444255
RS48065,1.3192315552830574,1.3382092893758502,-0.01418143951283135
RS48466,1.2192513368983957,1.2649369879718055,-0.03611693824105977
RS48466-SP-1,1.0142857142857142,1.2314448600049346,-0.17634500152800192
RS48471,1.2611324903793293,1.2848511001454197,-0.018460201157477263
RS48471-SP-1,1.1666666666666667,1.2921939199581278,-0.0971427363592059
RS48515,1.1960985626283367,1.2452096075101644,-0.03943998230147505
RS48515-SP-1,1.0602409638554218,1.2381952080278908,-0.1437206694216674
RS48555,1.2822822822822824,1.3403964740377465,-0.043355971819594386
RS49604,1.2312539382482672,1.2344381319269215,-0.0025794680156906447
RS49604-DP-1,1.2624113475177305,1.2754539682653885,-0.010225865513120769
RS50472,1.2865090403337969,1.3550342287289083,-0.050570817284366076
RS51653,1.2677902621722847,1.2969182403985058,-0.022459378948414654
RS51653-SP-1,1.1521739130434783,1.2396072928816324,-0.0705331279835435
RS52871,1.1775205016883743,1.1852832985087685,-0.006549317644280128
RS52882,1.297391304347826,1.3347817978970375,-0.0280124388930989
RS53222,1.2758056982718355,1.3031890163730098,-0.021012545192704568
RS53222-DP-1,1.263779527559055,1.273099752192064,-0.007320891090396575
RS53592,1.18356940509915,1.2317888689365777,-0.03914588372523298
RS53592-DP-1,1.411764705882353,1.2366084693455808,0.1416424364532014
RS54874,1.2533434266969468,1.2824515899834257,-0.022697280360387873
RT0186,1.3667927887825506,1.354383439896797,0.00916236017083838
RT0186-SP-1,1.3664233576642335,1.3556547598190618,0.00794346626025133
RT0186-SP-2,1.3333333333333333,1.339685006375047,-0.004741169014722546
RT0373,1.1422018348623852,1.1126932034464898,0.02652000688464229
RT0449,1.4225352112676057,1.3698950190224088,0.038426442547956796
RT0449-SP-1,1.4044117647058822,1.323826663085472,0.06087284979786456
RT0449-SP-2,1.2420091324200913,1.2590169509262366,-0.013508808196452615
RT0486,1.261456371625863,1.2369216582573406,0.0198353009705472
RT0596,1.3435270132517838,1.3233375837609058,0.015256446834601256
RT0596-SP-1,1.6153846153846154,1.5028079873263027,0.07491085288853294
RT0596-SP-4,1.2016460905349795,1.2311163084876002,-0.023937801610982024
RT0625,1.4405405405405405,1.3809479445946762,0.04315339776500804
RT151015,1.3595730486991326,1.3469699875993733,0.009356601272327625
RT151262,1.3197566781274794,1.3103807668923937,0.007155104433745008
RT151564,1.362669245647969,1.316418367308139,0.03513387498110143
RT151637,1.2447698744769875,1.1917998847220737,0.04444537244376923
RT151986,1.2727272727272727,1.2712388411001576,0.0011708512822239392
RT151988,1.2595596755504055,1.2858617550965439,-0.020454826844246154
RT152025,1.3165332666333167,1.2745140289033656,0.032968831081526595
RT152026,1.2287282708142726,1.2083139564842047,0.016894875889265526
RT152045,1.3247524752475248,1.3291188058922727,-0.0032851319426007164
RT152097,1.2936170212765958,1.2842600149289898,0.007285912695898622
RT152320,1.2260681449432125,1.1962808949213453,0.024899879408193604
RT152791,1.328,1.316460548382796,0.008765512670607212
RT153052,1.2709832134292567,1.2788495273907634,-0.0061510864202737325
RT153409,1.2891640866873064,1.2602007660050594,0.022983100362701236
RT153409-SP-1,1.1485714285714286,1.2110635336798135,-0.05160101296956965
RT153409-SP-2,1.1585365853658536,1.21126440672564,-0.04353122329609538
RT153497,1.2198534310459694,1.2290619353789207,-0.0074923029245977935
RT153526,1.3253731343283581,1.2974568174329189,0.021516181903204368
RT153540,1.222503160556258,1.246173211444908,-0.01899419011038217
RT153560,1.1718825228695233,1.1775806228886387,-0.004838819447570142
RT153625,1.3036534238370932,1.302022695725135,0.0012524575165333562
RT153625-SP-1,1.4785992217898833,1.372278062562715,0.07747785388962258
RT153625-SP-2,1.27831715210356,1.2790128638072276,-0.0005439442583844434
RT153625-SP-3,1.3888888888888888,1.3716303182826486,0.012582523422090208
RT153764,1.3581677704194262,1.3340055689081265,0.018112519223646206
RT153764-SP-1,1.3233333333333333,1.323786467820112,-0.00034230179699956675
RT153764-SP-2,1.3076923076923077,1.3998958709769682,-0.0658645869283927
RT153873,1.2974111980734497,1.2465711159609227,0.04078394041188482
RT153966,1.3601570166830226,1.3034937513120017,0.043470300731390354
RT153966-SP-1,1.4576271186440677,1.2623752466428786,0.1546702317876052
RT153966-SP-2,1.6666666666666667,1.467018043101173,0.13609145743255513
RT154528,1.27981345769487,1.247610867676414,0.025811405505332896
RT154561,1.28021327014218,1.2686996045851437,0.009075170761798423
RT154561-SP-1,1.1758241758241759,1.2840545173096614,-0.08428796443335496
RT154629,1.3787393162393162,1.3830893103337676,-0.003145128851731016
RT154629-SP-1,1.3198198198198199,1.3595132117121553,-0.0291967680419567
RT154629-SP-2,1.2819383259911894,1.3242411563895276,-0.031944959718420596
RT154634,1.3571778539931407,1.3244582928160038,0.024704108354797638
RT154722,1.4089026915113871,1.359239214677344,0.036537701603784445
RT154775,1.2651685393258427,1.2832169823284707,-0.014064996996749679
RT154838,1.441564792176039,1.3894251086928864,0.03752608410265723
RT155148,1.2474112426035502,1.261531568067022,-0.011193002078503378
RT155173,1.2364294330518697,1.2630566540179191,-0.021081572929722014
RT155945,1.4006550218340612,1.3562052449942164,0.032775110554917886
RT155945-SP-1,1.2307692307692308,1.2904452410973428,-0.04624451191541146
RT156153,1.2946298984034834,1.2799226145582816,0.011490760205278061
RT156153-SP-1,1.263157894736842,1.2750904294790952,-0.009358187048057354
RT156153-SP-2,1.3333333333333333,1.3857382082700296,-0.03781729811875434
RT156430,0.9511904761904761,0.9304889031939259,0.022248060052614926
RT156432,1.3663118346900438,1.3696169220259893,-0.0024131472697171974
RT156432-SP-1,0.8,0.9424747958343472,-0.15117093471790743
RT156432-SP-2,1.3275109170305677,1.349320563859719,-0.016163428775416433
RT156440,1.230701367445964,1.2170330169061123,0.011230878990118542
RT156491,1.315489749430524,1.3061761521074418,0.007130429772473912
RT156491-SP-1,1.2758620689655173,1.2722226432101134,0.002860683053259372
RT156491-SP-2,1.4375,1.3995372425785284,0.027125221299240554
RT156558,1.2779474648747708,1.301275307776799,-0.0179269081358987
RT156617,1.38058748403576,1.345581511472972,0.026015497585477165
RT156617-SP-1,1.2758620689655173,1.2828077256656933,-0.005414417578886721
RT156617-SP-2,1.3631284916201116,1.3963047630748258,-0.023760050335756233
RT156754,1.2227848101265824,1.22555538410556,-0.002260668114154485
RT156754-SP-1,1.0357142857142858,1.2258073887304284,-0.15507583390651813
RT156765,1.2354978354978354,1.2120965065777765,0.019306489865341003
RT156936,1.2008408178864896,1.1819372361858032,0.015993727181055295
RT157095,1.3263414634146342,1.2885285556481894,0.02934580502752082
RT157121,1.2077798861480076,1.1977888638154737,0.008341221591181114
RT157641,1.4366925064599483,1.4100917270025102,0.018864573806120166
RT157642,1.0573188062529606,1.0548810281737102,0.0023109507272787155
RT157675,1.332129963898917,1.290927995949306,0.03191655001587623
RT157675-SP-1,1.1442307692307692,1.2283643020106887,-0.06849232971212427
RT157675-SP-2,1.4019607843137254,1.3865060857058717,0.011146506147490687
RT157680,1.2447817836812145,1.2082441564035136,0.0302402681478382
RT157695,1.2478176527643066,1.2392540816406306,0.006910262593074368
RT157818,1.3601123595505618,1.341750439357066,0.013685048765323504
RT157818-SP-1,1.368421052631579,1.3246890144864543,0.033013060172525366
RT157818-SP-2,1.3076923076923077,1.348761101898254,-0.030449272408691108
RT158572,1.4058452922646132,1.3653239270854454,0.029678938730436366
RT158572-SP-1,1.3208791208791208,1.3353163339487621,-0.010811829903217052
RT158572-SP-2,1.3508771929824561,1.3782081019963102,-0.019830756309055064
RT158572-SP-3,1.3229813664596273,1.3483014501066257,-0.01877924528301589
RT158578,0.85175514940528,0.8525379440047759,-0.0009181932663534509
RT158580,1.2947826086956522,1.2515032126443955,0.034581929645876475
RT158580-SP-1,1.2666666666666666,1.505497767321003,-0.15863929249083553
RT158580-SP-2,1.2127659574468086,1.12888190141335,0.07430720248808709
RT158757,1.1829550717924966,1.1714464644387648,0.00982427085069193
RT158765,1.2762054507337526,1.2534831946877396,0.0181272921266995
RT158780,1.2511505588428666,1.2343580824717526,0.013604217940945906
RT158828,1.2423714036617262,1.2298945323342318,0.010144667692614462
RT158828-SP-1,1.1418439716312057,1.234540070122295,-0.075085532446028
RT158828-SP-2,1.1381818181818182,1.267181595195539,-0.10180054500698055
RT159030,1.2276908923643055,1.2210948634831982,0.005401733377447648
RT159694,1.3170189098998888,1.2839022270290983,0.02579377321232723
RT160068,1.3094867807153965,1.2899951432464445,0.015109853375028015
RT160255,1.319204152249135,1.2725502754305646,0.03666171601965584
RT161327,1.398717263495457,1.374529750417597,0.017596936749103786
RT161328,1.291047771979125,1.3078765578365832,-0.012867258577747953
RT161330,1.4125412541254125,1.3852583176394175,0.019695197739355352
RT161637,1.4516806722689075,1.4360744636396063,0.01086726978610053
RT161638,1.3602739726027397,1.3446651172980437,0.01160798707715438
RT161638-SP-1,1.2781954887218046,1.2895838233194479,-0.008831015395594277
RT161638-SP-2,1.163265306122449,1.255173728167296,-0.07322366616057563
RT161670,1.3351063829787233,1.2722136615945592,0.049435659498685336
RT161882,1.2208404802744426,1.2268045631066884,-0.004861477542227877
RT162075,1.3181988742964352,1.2907572290406286,0.021260113550712445
RT162075-SP-1,1.2573839662447257,1.2514455778165783,0.004745223071152882
RT162078,1.2168784029038113,1.1973384056469658,0.01631952768297551
RT162163,1.393765903307888,1.350255371621995,0.032223927858643586
RT162163-SP-1,1.2942857142857143,1.2527034132970383,0.033194050999856284
RT162326,1.2648221343873518,1.222092079567617,0.03496467699459527
RT23691,1.414977973568282,1.3948824183503343,0.014406630231753592
RT23716,1.2622761409589833,1.2774435705598828,-0.011873267790804887
RT23934,1.2282229965156795,1.2038399271158016,0.020254411612925738
RT23937,1.253071253071253,1.2405432104404763,0.010098836159305069
RT25834,1.3664383561643836,1.383343526149519,-0.012220514764102242
RT26316,1.242156074014481,1.2734751889053106,-0.024593423698934913
RT27652,1.25,1.2497982012464197,0.00016146506962400053
RT28015,1.3253731343283581,1.3316491862069642,-0.004712991937825928
RT28567,1.3219026548672566,1.2835867808266683,0.029850629979152332
RT29258,1.2807799442896937,1.2531317937734323,0.022063242392890814
RT29270,1.3440467494521549,1.3340464781093593,0.007496194103348008
RT29270-SP-1,1.2151029748283753,1.2932321509737963,-0.060413883220108766
RT29272,1.1716617210682492,1.202702461079754,-0.02580915980136711
RT30063,1.1664268585131894,1.1558539948686246,0.009147231130837152
RT30064,1.2543859649122806,1.2588215154198137,-0.0035235737975559678
RT30065,1.2262382864792503,1.2252719182251521,0.0007886969738912786
RT30299,1.2548680225010818,1.2543854517713928,0.00038470689293101934
RT30333,1.4067321178120618,1.3825946802039164,0.017458072097156663
RT30333-SP-1,1.3902439024390243,1.3180911374042874,0.054740346086255665
RT30333-SP-2,1.4,1.2867115787222636,0.08804492253830087
RT32013,1.3498492029297717,1.3299480784219893,0.014963835679506765
RT32013-SP-1,1.2166666666666666,1.2377377482042606,-0.01702386597497285
RT34710,1.3264020163831127,1.3038395110921828,0.017304664492051147
RT34710-SP-1,1.1384615384615384,1.2385970337761842,-0.08084590273025016
RT34710-SP-3,1.1666666666666667,1.461192775113868,-0.20156553841723557
RT34716,1.3335280373831775,1.339330950193415,-0.004332695223237648
RT35741,1.322265625,1.3093653115024526,0.009852340965673445
RT35741-SP-1,1.224755700325733,1.2997394010322076,-0.0576913346220983
RT38664,1.277139208173691,1.3295920227357294,-0.03945030781255221
RT39263,1.3369098712446352,1.324571828788471,0.009314740196044502
RT40433,1.5180722891566265,1.3650184526642055,0.11212583697582601
RT40964,1.1544821583986076,1.1865751264327933,-0.027046722385515642
RT41055,1.177304964539007,1.2069996356617174,-0.02460205475242805
RT41431,1.2104890148830616,1.2015059481010064,0.007476506293000895
RT41512,1.478405315614618,1.4573723114445492,0.014432142016765015
RT41516,1.2409727339719971,1.2110211714908705,0.024732484605742844
RT42011,1.2915129151291513,1.2979474792485455,-0.004957491903385458
RT42119,1.2547864506627393,1.2389248918348494,0.012802679914194703
RT42123,0.8436363636363636,0.8546596202843096,-0.012897832524577546
RT43013,1.3852385238523852,1.3563179446698088,0.02132286113018811
RT43195,1.353846153846154,1.344517009943089,0.006938658145693388
RT44035,1.226923076923077,1.2554244931850633,-0.022702612874532235
RT44652,1.3241379310344827,1.35142740549445,-0.02019307463280484
RT44652-SP-1,1.1611570247933884,1.2182874394891348,-0.04689403571270734
RT46318,1.3957894736842105,1.3729462147454528,0.01663813097222655
RT47039,1.3174839029222387,1.3019741989310893,0.011912451109924227
RT47170,1.34575260804769,1.3234945797128035,0.01681761956268568
RT47170-SP-1,1.25,1.3170481050379002,-0.05090786341169429
RT47470,1.3034072471606273,1.2794978672192696,0.018686533642545244
RT47470-SP-1,1.1729323308270676,1.1972740913529882,-0.020330984109422245
RT47470-SP-2,1.2687747035573123,1.3104342849300843,-0.03179066806466735
RT47803,1.2901134521880064,1.248834163184138,0.03305425990158639
RT47803-SP-1,1.1219512195121952,1.1396134821330146,-0.015498467592504395
RT48467,1.3355072463768116,1.3368193646937039,-0.0009815225239446779
RT48467-SP-1,1.0136986301369864,1.1772345909739248,-0.13891535475664651
RT48469,1.3738707435719248,1.3804664530467314,-0.00477788464924267
RT48925,1.3738892686261108,1.3326722691618587,0.03092808368420119
RT49571,1.4648033126293996,1.4064314290012259,0.04150354039629689
RT52888,1.3279132791327912,1.3173890907520542,0.007988671270026337
RT52888-SP-1,1.2885906040268456,1.2720228113076992,0.013024760697580406
RV-155353,1.3634583100167879,1.3659387293595768,-0.0018159082025237527
RV0004,1.323030303030303,1.3065230414260043,0.012634497120143973
RV0037,1.3147440794499619,1.3177022383398658,-0.0022449372884354446
RV0073,1.3805601317957166,1.3895085054352034,-0.006439956002057157
RV0073-AP-1,1.375,1.3160001134197283,0.044832736698597886
RV0083,1.2872048325096102,1.2790883725382995,0.00634550367712583
RV0083-AP-1,1.4047619047619047,1.2323927340225478,0.13986545520821236
RV0148,1.323746918652424,1.3437887484622915,-0.014914420017879682
RV0183,1.3350253807106598,1.333439184222954,0.001189552929352633
RV0274,1.3146019582801192,1.295139737728994,0.015027120228163104
RV0274-AP-1,1.3015873015873016,1.3164225452660754,-0.011269363117581088
RV0294,1.2792056074766356,1.278369957008581,0.0006536843763209621
RV0407,1.3198275862068964,1.2964429523489853,0.0180375340199439
RV0407-AP-1,1.1,1.3251299118151578,-0.16989270999609074
RV0409,1.3283093053735255,1.2954586649687623,0.0253583084455693
RV0409-AP-1,1.4545454545454546,1.2473860543840245,0.1660748085433168
RV0409-AP-2,1.3333333333333333,1.3734794836826847,-0.029229523139077562
RV0472,1.2962825278810408,1.3046836194522011,-0.0064391791587662395
RV0473,1.1627384960718294,1.2335174366035486,-0.05737976491569241
RV0473-AP-1,1.2247191011235956,1.3299660878214055,-0.0791350904820538
RV0491,1.3135964912280702,1.3286230771798209,-0.011309893836592533
RV0622,1.354346930366708,1.320343327108027,0.02575360708124297
RV0622-AP-1,1.2307692307692308,1.1995863656809573,0.025994681150424803
RV0622-AP-2,1.3076923076923077,1.2944718773769734,0.010212991526801662
RV0914,0.9441860465116279,0.941054107530443,0.003328117858604207
RV150993,1.359002169197397,1.3398220726679857,0.014315405695039862
RV151263,1.3909991742361685,1.3783716072604812,0.009161221044580836
RV151429,1.2883046237533997,1.2762629634720886,0.009435093414096762
RV151604,1.2851879145173175,1.270236010470597,0.011770965335159422
RV151691,1.4166933162775823,1.3995483048087516,0.012250389221952318
RV151724,1.2272727272727273,1.2407204898950173,-0.010838672152039486
RV151793,1.2437779195915764,1.2860377557361389,-0.032860494146513486
RV151882,1.1660181582360571,1.1684604409870714,-0.0020901715328516257
RV151883,1.2296624239070282,1.259049849633285,-0.023340954875469166
RV152051,1.3624031007751938,1.325007058018427,0.028223278155735443
RV152076,1.2612282309807517,1.308714776905549,-0.036284870288604165
RV152076-AP-1,1.6363636363636365,1.3843692747842875,0.18202828260444792
RV152076-AP-2,1.40625,1.392322668029766,0.010002948519068688
RV152089,1.220917225950783,1.2386805583930005,-0.014340527363457367
RV152116,1.2799785867237687,1.2614722078034992,0.014670461073806207
RV152129,1.3187046004842615,1.2997890843912112,0.014552758074522387
RV152229,1.1986503584985237,1.2331106006242436,-0.027945783702025384
RV152229-AP-1,1.1666666666666667,1.184484953884392,-0.015043067587555359
RV152245,1.2115384615384615,1.2259295819142946,-0.01173894535880371
RV152245-AP-1,1.1071428571428572,1.211731240902074,-0.0863131858194528
RV152283,1.3446735395189005,1.3236792422769892,0.01586056241676559
RV152283-AP-1,1.4605263157894737,1.3978535334051065,0.04483501374546672
RV152283-AP-2,1.4375,1.4354302780868846,0.001441882580234921
RV152377,1.2979051139864448,1.2780828901740813,0.015509341346134242
RV152447,1.3609415867480383,1.3189017585997456,0.03187487458726701
RV152698,1.3693227091633466,1.3504710172853784,0.013959345766533016
RV152713,1.2148351648351647,1.20924333966963,0.004624234826930973
RV152759,1.2313611037410455,1.235822675013847,-0.003610203440191473
RV152759-AP-1,1.1764705882352942,1.2204745016076493,-0.03605475846844142
RV152883,1.261822871883061,1.2796959365445233,-0.013966649538423637
RV152883-AP-1,1.5714285714285714,1.4574927440977068,0.07817248339126315
RV152914,1.217585692995529,1.2257402248190168,-0.006652740652850597
RV153179,1.2417437252311756,1.2496213457573466,-0.006304006051846556
RV153200,1.2913284920973942,1.2812000758942872,0.007905413364916791
RV153200-AP-1,1.4583333333333333,1.3549992396821204,0.07626136651962612
RV153208,1.2118152524167563,1.2422717613876024,-0.02451678442471139
RV153357,1.3169070512820513,1.287627506018121,0.022739142436056348
RV153562,1.1997828447339849,1.2068306979555414,-0.005839968467404977
RV153613,1.4402061855670103,1.4276870269403326,0.008768839661944305
RV153862,1.233640081799591,1.2214185795633232,0.010005990117357921
RV153862-AP-1,1.096774193548387,1.2498407172220263,-0.12246882467859932
RV153863,1.2913207547169812,1.3121193693773705,-0.015851160455209845
RV154295,1.3415116739216462,1.3386693353584904,0.0021232566460445135
RV154295-AP-1,1.3571428571428572,1.4030311547382102,-0.03270654214653934
RV154298,1.4078947368421053,1.3784945610004637,0.02132774163454365
RV154458,1.217231897341888,1.2794908224549115,-0.048659141605697176
RV154474,1.2777631924389603,1.2743785123626559,0.0026559456578010288
RV154479,1.308964316797215,1.3352917505920756,-0.01971661532634117
RV154543,1.5054347826086956,1.4676640870601807,0.025735245470352774
RV154553,1.3110687022900764,1.336703595303762,-0.01917769436975303
RV154553-AP-1,1.2608695652173914,1.350019572251312,-0.06603608485857204
RV154625,1.312280701754386,1.2399645420705254,0.05832115131542803
RV154646,1.2355555555555555,1.285532758501157,-0.03887664675606661
RV154656,1.2776162790697674,1.2418438846175697,0.028805870766287045
RV154691,1.337323177366703,1.3321580013998906,0.0038772998108216328
RV154691-AP-2,1.475,1.386836536769393,0.0635716329164373
RV154700,1.1985065339141256,1.235504663087652,-0.02994576247172087
RV155054,1.3677277716794731,1.3530855763703673,0.010821337219766525
RV155054-AP-1,1.6666666666666667,1.467018043101173,0.13609145743255513
RV155054-AP-3,1.4390243902439024,1.4214397384702098,0.012371014611296527
RV155056,1.3237354085603112,1.353532061592356,-0.022013998690944003
RV155114,1.2806770098730607,1.2884394368995729,-0.006024673573475137
RV155114-AP-1,1.4482758620689655,1.363872936158686,0.06188474283242118
RV155171,1.2728,1.2836681402703123,-0.008466471924763797
RV155435,1.3090443061149761,1.2860528452886042,0.01787753972210404
RV155435-AP-1,1.2962962962962963,1.427526333746337,-0.09192827785225266
RV155435-AP-2,1.4051724137931034,1.298797930635232,0.08190225796390393
RV155436,1.368926855312333,1.371065543543943,-0.001559873079504115
RV155452,1.1962470680218922,1.209292327254237,-0.010787515093199085
RV155460,1.3096330275229358,1.2752590538000335,0.026954502789432677
RV155460-AP-1,1.2238805970149254,1.36063587029105,-0.10050835514638579
RV155460-AP-2,1.3463687150837989,1.257461505964922,0.07070372229856337
RV155483,1.2370661427635887,1.222567438291548,0.011859226753414776
RV155483-AP-1,1.4216867469879517,1.3019992836557646,0.09192590567033787
RV155639,1.1888582460011032,1.181251607069845,0.006439473932337458
RV155692,1.3562632696390657,1.368298154219032,-0.008795513275273836
RV155704,1.2677165354330708,1.2396426361990445,0.022646768039622955
RV155707,1.2962813257881973,1.3047926292287204,-0.006523108155166546
RV155707-AP-1,1.3076923076923077,1.3580007881277834,-0.037045987657219115
RV155719,1.328711070697886,1.3620013018701305,-0.024442143430064678
RV155724,1.3226837060702876,1.3412322734660505,-0.01382949677152423
RV155724-AP-1,1.543859649122807,1.3739859074539182,0.12363572344324503
RV155892,1.2778730703259005,1.2936129360936308,-0.01216736886943992
RV155892-AP-1,1.4878048780487805,1.2621142579302143,0.17881948381494728
RV155895,1.2864357864357865,1.299327722967573,-0.009922005283118485
RV155902,1.2887740029542099,1.2718004491687795,0.01334608255290659
RV155902-AP-1,1.475,1.3983946133014347,0.05478095093466462
RV155902-AP-2,1.3304347826086957,1.339556067793699,-0.006809185075788982
RV155929,1.2869850187265917,1.2953060921029065,-0.0064240208758732376
RV156004,1.225017972681524,1.2591662879880496,-0.027119782059198183
RV156023,1.33276740237691,1.3249564426853808,0.005895257715565538
RV156023-AP-1,1.5714285714285714,1.2178688307965808,0.29031019736397656
RV156161,1.2926239419588876,1.3127465284183009,-0.015328615253440203
RV156351,1.2309963099630996,1.2766778430475685,-0.035781566456438374
RV156352,1.346084446048358,1.3248687227518052,0.0160134532065086
RV156571,1.3796133567662565,1.370166745355247,0.0068944976536853275
RV156571-AP-1,1.391304347826087,1.3620107918554545,0.02150757992947039
RV156571-AP-2,1.4583333333333333,1.50137865541116,-0.028670530197486
RV156572,1.1895368782161235,1.2581119542792034,-0.054506338509729746
RV156607,1.0216284987277353,0.9907147048004045,0.03120352789510572
RV156702,1.265260821309656,1.26414428131059,0.0008832377882597164
RV156702-DP-1,1.146341463414634,1.3464446681692048,-0.14861598807967058
RV156852,1.362874251497006,1.3490000146127048,0.010284830788741317
RV156866,1.4462564862861378,1.4345432645073537,0.008165122703919891
RV156897,1.334441489361702,1.3464515409543285,-0.008919780049502557
RV156897-AP-1,1.375,1.3759713109175506,-0.0007059092801164901
RV156989,1.1997249914059815,1.2355919877868295,-0.029028187893231916
RV157123,1.2760882528324389,1.2846363354978476,-0.006654087564864075
RV157123-AP-1,1.1818181818181819,1.452663652345088,-0.18644747535995032
RV157173,1.146029609690444,1.1709937675431563,-0.021318779437305757
RV157337,1.1718426501035197,1.2166332748579771,-0.03681522253259595
RV157339,1.3309748427672956,1.327645101983726,0.002508005172914274
RV157346,1.308617234468938,1.3145275464713269,-0.004496149219736401
RV157381,1.2821681864235055,1.2923248777606395,-0.00785923997279514
RV157382,1.2173743669653292,1.2530114552515565,-0.028441151225606975
RV157383,1.3138977635782747,1.3101104646003605,0.0028908241558620595
RV157386,1.2025218733916623,1.2081309010909,-0.004642731755452045
RV157387,1.2320601851851851,1.262141234532712,-0.023833346478584927
RV157387-AP-1,1.4814814814814814,1.339831165781513,0.10572251140116218
RV157391,1.264367816091954,1.2869381812518579,-0.01753803367458462
RV157391-AP-1,1.65,1.3292019668857358,0.24134634247185205
RV157399,1.3091981764548137,1.29672341333773,0.009620218921607915
RV157401,1.1927966101694916,1.2139090765963338,-0.017392131613381823
RV157418,1.2757756189282357,1.2816584251842837,-0.004589995384458367
RV157418-AP-1,1.3214285714285714,1.4666358048379262,-0.09900701519106936
RV157418-AP-2,1.2840909090909092,1.3116015769975153,-0.020974866445024443
RV157419,1.1759478672985781,1.1975688896084549,-0.018054094839542456
RV157496,1.3366519174041298,1.3046579897102162,0.024522846559211997
RV157498,1.2819420783645656,1.241307580363593,0.032735237135239625
RV157564,1.2434514637904468,1.3330631185905784,-0.06722236445553775
RV157694,1.2312806158152554,1.225457163565782,0.004752065125253724
RV157765,1.3243606998654105,1.3148425124737357,0.007239032280578872
RV157863,1.2249056603773585,1.238344871670396,-0.010852559412556362
RV157928,1.1820388349514563,1.2166215432392251,-0.028425198024763842
RV157929,1.2817246447819697,1.300269104238254,-0.014262016528607924
RV157929-AP-1,1.4269662921348314,1.3932967613787008,0.02416536928056434
RV157948,1.2258522727272727,1.2406683636484026,-0.011942023634390564
RV158013,1.1600735970561178,1.2157726749685143,-0.04581372740083922
RV158031,1.2102272727272727,1.242195913264629,-0.025735586630082574
RV158232,1.3452830188679246,1.33502889878454,0.007680822559511746
RV158232-AP-1,1.4375,1.4295908643174613,0.005532446995815787
RV158233,1.338487023743788,1.3215314980889616,0.01283020925293532
RV158514,1.3433511733223549,1.317418682619757,0.019684319832955266
RV158571,1.2903225806451613,1.3324858584259636,-0.03164257054901043
RV158573,1.3734034560480841,1.357477502934253,0.011732019926228299
RV158632,0.8858474082702388,0.8851524330901616,0.0007851474549429582
RV158753,1.3099236641221375,1.3248178159048694,-0.011242415073169032
RV158766,1.2856540084388186,1.30576788552744,-0.015403868720891944
RV158766-AP-1,1.457142857142857,1.3452773638951274,0.08315422250459448
RV158766-AP-2,1.3115942028985508,1.3290670805746814,-0.013146723691760953
RV158767,1.3876885446392173,1.352825012755348,0.025770910173268824
RV158821,1.3646470261256254,1.3583951481660967,0.004602400095413461
RV158823,1.2847721822541966,1.285122792185649,-0.0002728221253129881
RV158825,1.2380490172288279,1.2393213579216393,-0.0010266430774219515
RV158826,1.2364085667215816,1.1996812101023537,0.03061426344761564
RV158827,1.2525606469002695,1.2541108125461222,-0.0012360675231763985
RV158899,1.2663387210119466,1.2667894043475267,-0.0003557681600693252
RV158900,1.2281368821292775,1.2786068183160881,-0.03947260053976476
RV159386,1.231647634584013,1.2818156076969527,-0.03913821364921344
RV159386-AP-1,1.375,1.3527035667990202,0.016482867161902393
RV159462,1.313447927199191,1.3043071781714222,0.007008125985002778
RV159462-AP-1,1.358974358974359,1.2993808166165624,0.04586303075719678
RV159464,1.3616652211621856,1.306955710484746,0.04186026369412943
RV159464-AP-1,0.8181818181818182,1.380012359308799,-0.40711993435216953
RV159464-DP-2,1.6363636363636365,1.305151283772972,0.25377315006210277
RV159465,1.2551908908238447,1.2615663955740317,-0.005053641863443925
RV159468,1.2822040208488459,1.2824413913878063,-0.00018509269940480966
RV159468-AP-1,1.5185185185185186,1.3588420119329867,0.11750925065849849
RV159473,1.020460358056266,0.9853427593337273,0.035639982523730795
RV159474,1.1866197183098592,1.2153539970545426,-0.023642723695583512
RV159474-AP-1,1.7391304347826086,1.4856653679868614,0.17060710457241313
RV159482,1.2299679487179487,1.2526666474488595,-0.018120302617730122
RV159562,1.1668338348378469,1.178984129125416,-0.010305731847791932
RV159569,1.3987068965517242,1.3143176125555538,0.06420767947565142
RV159569-AP-1,0.9285714285714286,1.0902333620043174,-0.1482819541824374
RV159570,1.2532804394263046,1.2284312265384432,0.02022841193795033
RV159571,1.3067678684376978,1.3375053831921273,-0.022981226947341726
RV159572,1.185501066098081,1.2165054086398948,-0.02548639925611007
RV159574,1.173036831132731,1.2356719439318027,-0.05068911138321397
RV159577,1.264554794520548,1.2771075476112217,-0.009829049334296958
RV159654,1.1988225849611989,1.2382829637313075,-0.03186701256973057
RV159952,1.2076923076923076,1.232237854531312,-0.019919487742356634
RV159953,1.239444147514698,1.2212736592451598,0.014878310141208662
RV159958,1.2394282310899345,1.2519300724615723,-0.009986054050971527
RV159964,1.3333333333333333,1.3723456192975774,-0.02842744962760335
RV159965,1.274406332453826,1.303239066357305,-0.0221239023965647
RV159966,1.3450624290578888,1.352682958347682,-0.005633640346221158
RV160142,0.9656903765690377,0.9573187592596871,0.008744858730047822
RV160601,1.1797752808988764,1.1933046161715002,-0.011337704630717038
RV160962,1.2146498524282265,1.220015806266578,-0.004398265834581361
RV160980,1.3353057199211045,1.2798599519691105,0.04332174615409201
RV160981,1.4213197969543148,1.3599664141125116,0.04511389561178314
RV161072,1.3374028856825748,1.3566291072301766,-0.014172054428977843
RV161076,1.372093023255814,1.3161470242419537,0.04250740835438416
RV161100,1.3113702623906704,1.310218167397672,0.0008793153855337632
RV161101,1.2659574468085106,1.2336039479263952,0.026226812046523884
RV161102,1.1944636678200693,1.2107956910512079,-0.013488669766374306
RV161103,1.1963616907437131,1.2063616408289273,-0.008289346864794767
RV161168,1.1864085041761578,1.2001494463279936,-0.011449359239282808
RV161179,1.300272975432211,1.3279202979642142,-0.02082001651333154
RV161180,1.3192546583850933,1.3402841056518142,-0.015690290721230293
RV161181,1.3983739837398375,1.4320689703204414,-0.023528885325309723
RV161249,1.2408114558472554,1.2311499348061279,0.007847558423214274
RV161331,1.3333333333333333,1.4330485843541316,-0.06958260320653364
RV161332,1.2812276945039258,1.2533487279653845,0.022243583063907835
RV161333,1.2263222632226323,1.203767054880593,0.018737186942100248
RV161632,1.185749844430616,1.1933654544557006,-0.006381624335319969
RV161633,1.2666961521450686,1.2710682391274313,-0.0034396949335813165
RV161724,1.2408675799086757,1.2694470023324687,-0.022513285211026024
RV161728,1.2438310330405689,1.2337178964881073,0.008197284469366517
RV161874,1.2195121951219512,1.2147486575559145,0.003921418259165588
RV162258,1.200909090909091,1.2252875095457436,-0.019896080264207305
RV162259,1.1703125,1.1787946123588529,-0.007195581206364432
RV162262,1.3219373219373218,1.3354206087920546,-0.01009665925923442
RV162461,1.264554794520548,1.2767221888128257,-0.009530181584446185
RV23680,1.2012820512820512,1.1933134515319388,0.00667770881144647
RV23938,1.1819277108433734,1.181251028288884,0.0005728524575083771
RV24019,1.3582709891936824,1.3508653040489824,0.005482178809761873
RV24023,1.2310305775764439,1.2113599961783097,0.016238427437089253
RV24914,1.2507051081165779,1.2941535854395285,-0.03357289104769934
RV25242,1.334166146158651,1.3019685882259628,0.024729903796342656
RV25242-AP-1,1.3235294117647058,1.2294421844071044,0.07652838706114085
RV25362,1.299520766773163,1.3165281218767524,-0.012918337877465769
RV25366,1.2964154411764706,1.2875090513232421,0.0069175357206809895
RV25896,1.2443584784010315,1.2440460187457545,0.00025116406513014944
RV25901,1.163939899833055,1.1798804097116613,-0.013510275912201886
RV25902,1.13401310997815,1.1920452875654024,-0.04868286313666448
RV26213,1.2539267015706805,1.23024370410174,0.01925065528885006
RV26319,1.1599264705882353,1.259437008487676,-0.07901192138138957
RV26333,1.3128423615337796,1.290081566129983,0.017642911891280644
RV26340,1.3049738219895288,1.275210506474797,0.023339923380187644
RV26340-AP-1,1.302325581395349,1.2847091122038465,0.01371241865116235
RV26350,1.2531030760928223,1.2859466225587877,-0.025540365276291888
RV26351,1.2870071105365224,1.2999976273828528,-0.00999272350402891
RV26351-AP-1,1.2903225806451613,1.2455726663219648,0.035927180752398646
RV26486,1.127245508982036,1.2226882524831915,-0.07805975342227922
RV26487,1.1589825119236883,1.2378628245712138,-0.06372298374405816
RV26677,1.2961586121437423,1.2614096338804712,0.02754773495456253
RV27170,1.335,1.3400023509519354,-0.003733091175833869
RV28016,1.260536398467433,1.254479140072999,0.0048285046765157436
RV28423,1.2969696969696969,1.307055938979852,-0.007716763842584462
RV28424,1.3109418282548477,1.2926560360189578,0.014145907129482937
RV28568,1.3537015276145712,1.3178937543526543,0.027170455238636038
RV28570,1.3078101071975499,1.2610419064932077,0.037086952038254184
RV28631,1.3567251461988303,1.3245745038481982,0.024272430321757632
RV28684,1.4204886412344622,1.3710460494089214,0.03606194835458365
RV28917,1.2816229116945108,1.2600077064235637,0.017154819895744966
RV29070,1.366150442477876,1.3468523789394213,0.0143282692596578
RV29076,1.37816544738323,1.3698029313812559,0.006104904443109849
RV29076-AP-1,1.4848484848484849,1.415614602800368,0.04890729575066444
RV29264,1.3876967095851216,1.3540231286152389,0.02486928048586634
RV29264-AP-1,1.4509803921568627,1.3659337338452975,0.06226265316118007
RV29273,1.3354297693920336,1.3616942749613794,-0.019288107508633523
RV29273-AP-1,1.3333333333333333,1.337486919698804,-0.0031055155039616533
RV29273-AP-2,1.2095238095238094,1.2706223842523425,-0.048085548850522075
RV29275,1.2921388101983002,1.2853173799550648,0.005307195210784377
RV29591,1.2462093862815884,1.2534247650005697,-0.005756531162026235
RV29970,1.3360184119677792,1.3319225741913998,0.003075132035257999
RV30394,1.1690626797009775,1.2042387323447734,-0.029210198691503986
RV30585,1.2243252716438837,1.2370069838360513,-0.010251932574253275
RV30589,1.45375,1.4294063146655387,0.017030626690744288
RV30589-AP-1,1.4090909090909092,1.3534684198632272,0.041096259366955046
RV30629,1.3212435233160622,1.3489796649720331,-0.02056083006747622
RV30629-AP-1,1.5,1.393740645426939,0.07624040736826698
RV30940,1.3464912280701755,1.3358475964211258,0.00796769906804129
RV30941,1.3460317460317461,1.3559947309995821,-0.007347362596676121
RV30941-AP-1,1.4356435643564356,1.3975520843602185,0.02725585716803902
RV30941-AP-2,1.5714285714285714,1.4229967585008172,0.10430931204940541
RV30991,1.0098360655737706,0.9592883681135747,0.052692911892173955
RV30992,1.3926605504587155,1.332309200921151,0.0452983057505254
RV31259,1.3292383292383292,1.3345453231912712,-0.0039766307376143395
RV31551,1.2665330661322645,1.2835122926245859,-0.01322872136861386
RV31551-AP-1,1.4074074074074074,1.304464672989451,0.07891569357876271
RV31551-AP-2,0.8333333333333334,1.1180236092721432,-0.2546370877839952
RV31559,1.0343897505057316,0.9841409351658025,0.05105855629454492
RV31561,0.9206145966709347,0.9216701788076668,-0.001145292709912371
RV31563,1.2595520421607378,1.2643344788169468,-0.0037825723622469942
RV31565,1.3352053352053352,1.3186621280316475,0.012545448012813987
RV31648,1.3386075949367089,1.3394824968709187,-0.0006531641408181743
RV31650,1.2891278375149342,1.3352987656616082,-0.034577226710606146
RV31650-AP-1,1.3125,1.3925489517765568,-0.05748376146808598
RV31650-AP-2,1.3312101910828025,1.3687934558858155,-0.027457221278641253
RV31689,1.3282828282828283,1.3475537826550401,-0.014300694057822971
RV32039,1.16130329847144,1.225683726847883,-0.05252613456981392
RV32337,1.3717277486910995,1.3749585849709285,-0.00234976988772162
RV32487,1.3035982008995501,1.3059145884431136,-0.0017737664959581734
RV32649,1.3971907920405775,1.352232139718438,0.0332477323985958
RV32650,1.365979381443299,1.3502739916903297,0.011631261395554704
RV32651,1.3235785953177257,1.3236718879792424,-0.00007048020159972079
RV32653,1.1977450130095404,1.2189669132253733,-0.017409742615310142
RV32975,1.304788732394366,1.2729739583953172,0.024992478274382002
RV32977,1.2812197483059051,1.2939370139305335,-0.009828349825157123
RV32979,1.391686380533964,1.3637536609045908,0.020482232554261515
RV33094,1.369928400954654,1.35088625200495,0.0140960417070215
RV33096,0.9411371237458194,0.9397100180184028,0.0015186660778885308
RV35057,1.3777315296566077,1.3828441932383466,-0.003697208699821819
RV35627,1.3023121387283236,1.3251349383822182,-0.017223000460434235
RV35632,1.3597560975609757,1.357582966243119,0.0016007355512646093
RV35632-AP-1,1.1666666666666667,1.2854016047098598,-0.0923718607539733
RV35747,1.3225574712643677,1.3449421138554443,-0.016643573251571397
RV35748,1.2861990950226245,1.3198845713789416,-0.025521532023913607
RV35748-AP-1,1.2531645569620253,1.308930724258354,-0.04260436878959062
RV37095,1.372443487621098,1.3809086156487478,-0.006130114572189038
RV37096,1.3958333333333333,1.4039735185903084,-0.005797962104832632
RV37958,1.3506743737957612,1.393325056916435,-0.030610719952933407
RV39616,1.2934322033898304,1.3235480886754263,-0.02275390334758065
RV40289,1.3874773139745917,1.3403613315458978,0.035151702246104755
RV40395,1.2776595744680852,1.2662111292570715,0.009041497856467906
RV41515,1.328695652173913,1.292866410785388,0.02771302672080389
RV44742,1.3948126801152738,1.4395853631956212,-0.031101096346909385
RV44745,1.4277777777777778,1.3935365263580761,0.02457147751210309
RV44788,1.234718826405868,1.1555222324571612,0.06853749043001889
RV45049,1.3793103448275863,1.394139987967111,-0.01063712630547875
RV49857,1.3410852713178294,1.367222193579047,-0.019116806605367964
RV49863,1.3699604743083005,1.4023556353028528,-0.023100531833036952
RV50159,1.3270440251572326,1.325565193403383,0.0011156235553022587
RV50405,1.4168350168350168,1.4121982271082292,0.0032833844695319137
RV50407,1.3217455621301775,1.3199352542778806,0.0013715126150541934
RV50434,1.3657587548638133,1.3594180176119575,0.004664302789655794
RV50438,1.4911971830985915,1.439519399223448,0.03589933133448642
RV50457,1.2662337662337662,1.3242654296155634,-0.04382177627233219
RV50458,1.513793103448276,1.4777073489201218,0.024420095463776992
RV50501,1.4425059476605868,1.4035219720793997,0.027775821367035824
RV50509,1.3648293963254594,1.3872591766699998,-0.016168413748310018
RV50510,1.3604519774011299,1.3727333990419284,-0.008946691068615342
RV50515,1.302325581395349,1.3319551164334114,-0.022245145254895626
RV50519,1.3325,1.3229711088367881,0.007202644940289105
RV50910,1.3031624863685933,1.3353657723370747,-0.024115704202992472
RV50911,1.325088339222615,1.3562094749352465,-0.02294714517764118
RV50912,1.3606823720552397,1.3798414622586246,-0.013884993839816895
RV50915,1.4892395982783357,1.4168793645581448,0.051070144382232785
RV50922,1.33926453143535,1.3719057720481203,-0.023792625760324815
RV51887,1.3471760797342194,1.341152330059165,0.004491473145924019
RV52149,1.332012678288431,1.3199197547903818,0.009161862646695385
RV52591,1.335020708697653,1.353164841068367,-0.01340866376367611
RV52680,1.3134328358208955,1.3286826492856199,-0.011477393396326474
RV52885,1.2623152709359606,1.2763131076817666,-0.010967400288813933
RV53224,1.391089108910891,1.378396292415892,0.00920839425122999
RV53670,1.314900153609831,1.3259156754458774,-0.008307860024614366
RV53765,1.3195792880258899,1.3226375051635921,-0.0023122111128429657
RV53774,1.3736526946107785,1.3810049960244708,-0.005323877491288931
RV54493,1.2549691569568198,1.2932799628126777,-0.029622979522962667
Rs38659,1.3045602605863191,1.264649788219474,0.03155851741614257
rf25909,1.2630813953488371,1.2164139083245598,0.0383648088080113
rrth55478,1.3623188405797102,1.3795632249323446,-0.012499886950437022
