recipe_code_main,l1_2w_aor,l1_2w_aor_expected,l1_rar
RAORM48440,1.3383084577114428,1.3883302807519895,-0.036030203860029975
RB0158,1.4751655629139073,1.4153615147975627,0.04225354970521322
RB0273,1.3087950406819062,1.3286667616524601,-0.014956136138936316
RB0298,1.3810545677498467,1.3677390279495152,0.009735438945756902
RB0457,1.2963885429638855,1.281380505294096,0.011712397377502404
RB0457-SP-1,1.5,1.6592876757300834,-0.09599762480004992
RB0457-SP-2,1.2989690721649485,1.2955898856085593,0.0026082223965511186
RB0487,1.3130403458213256,1.325084631609705,-0.009089446440675886
RB0487-SP-1,1.289855072463768,1.3276972250243975,-0.02850209509169821
RB0487-SP-2,1.3333333333333333,1.4192848685176207,-0.06055974885017967
RB0542,1.3316427162581008,1.3278462824312105,0.0028590913550168295
RB0542-SP-1,1.344155844155844,1.371060882026105,-0.019623517980107197
RB0542-SP-2,1.25,1.2477564451482777,0.0017980711383589476
RB0915,1.2075187969924812,1.254158511370283,-0.03718805394610247
RB151229,1.3916423712342079,1.3325400426823393,0.04435313510946992
RB151229-SP-1,1.2045454545454546,1.2684063603742788,-0.050347355409019245
RB151229-SP-2,1.6470588235294117,1.2665854824313547,0.3003929433706245
RB151229-SP-3,1.16,1.3682551560323455,-0.15220491230323008
RB151229-SP-4,1.4242424242424243,1.3897107089476606,0.024848132112986532
RB151289,1.3004306061609805,1.302893781549015,-0.001890541978875615
RB151597,1.3718371837183718,1.3468778081176402,0.018531284315697727
RB151597-SP-1,1.3279569892473118,1.3254075086891026,0.0019235446770109466
RB151661,1.28,1.307696140497097,-0.021179339480629444
RB151661-SP-1,1.2967741935483872,1.3382422761719965,-0.030986976993603643
RB151861,1.282392026578073,1.273096546134159,0.007301473303136685
RB151869,1.2978819287967553,1.3164952787292803,-0.01413856185681972
RB151870,1.2891025641025642,1.2735022776142932,0.01224990858869579
RB151870-SP-1,1.4657534246575343,1.357544628410662,0.07970919996461334
RB151870-SP-2,1.0892857142857142,1.1474801394498246,-0.0507149737615612
RB151870-SP-3,1.2942942942942943,1.2767997254872279,0.013701889542927725
RB151872,1.2842424242424242,1.311381569131303,-0.020695078783863563
RB151877,1.2898467432950191,1.304341354133889,-0.011112590115257559
RB151938,1.3153215966533032,1.3195670147755678,-0.003217281179907938
RB151970,1.3529942822750527,1.360072148373435,-0.005204037232030001
RB151971,0.9418582190457794,0.9284171205862055,0.014477434939035971
RB151999,1.3098420413122722,1.3282731190440862,-0.013875969834485802
RB152035,1.4008179959100204,1.3909155271800464,0.007119389018577227
RB152035-SP-1,1.4414414414414414,1.4239734249918532,0.012267094415535418
RB152188,1.3506925207756233,1.3174774415504713,0.025211117987768317
RB152188-SP-1,1.4,1.3530063231400902,0.03473278436042038
RB152188-SP-2,1.25,1.253859225376641,-0.0030778777222632003
RB152228,1.2553255325532553,1.2696029944791027,-0.011245611413909118
RB152228-SP-1,1.3452380952380953,1.3152796008261656,0.02277728202665963
RB152228-SP-2,1.314516129032258,1.3083582992838065,0.004706531652546753
RB152236,1.356347438752784,1.3636548179320793,-0.005358672211767446
RB152236-SP-1,1.4339622641509433,1.4045538437761473,0.020937908863452037
RB152236-SP-2,1.6666666666666667,1.367298658152352,0.21894851335468601
RB152237,1.2673854447439352,1.3234232808260369,-0.042343093773539064
RB152237-SP-1,1.3134328358208955,1.2930797778188141,0.015739986311141152
RB152253,1.363366788321168,1.3583058056591824,0.0037259523156711882
RB152253-SP-1,1.3405511811023623,1.3090134943151255,0.0240927132716362
RB152253-SP-2,1.311764705882353,1.3152104572070187,-0.0026199239108720684
RB152594,1.281011886619933,1.2646754047449045,0.012917529520805049
RB152734,1.319670018045888,1.3051105235108442,0.011155755985997162
RB152734-SP-1,1.3841463414634145,1.3229092253609043,0.046289733965536595
RB152734-SP-2,1.0810810810810811,1.2358436363065748,-0.12522826567931766
RB152752,1.4622037155669443,1.432323094034473,0.020861648923292453
RB152752-SP-1,1.459954233409611,1.3898144059206983,0.05046704595240392
RB152752-SP-2,0,1.0229427959620678,-1
RB153323,1.2547128452433143,1.2400149092582171,0.011853031665473912
RB153356,1.2063914780292944,1.2002639268989874,0.005105169782231078
RB153356-SP-1,1.0858895705521472,1.1216852099046994,-0.03191237526934454
RB153383,1.3247462919594066,1.3206674793033815,0.0030884478643911084
RB153383-SP-1,1.4177215189873418,1.4037925652853944,0.009922373181336486
RB153383-SP-2,1.358974358974359,1.3877783789128424,-0.020755489764185397
RB153420,1.3790744466800804,1.3734278066137917,0.004111348291549799
RB153444,1.3530546623794213,1.3472428714443103,0.004313840554138748
RB153444-SP-1,1.3592233009708738,1.3352800589927427,0.017931251063685094
RB153444-SP-2,1.25,1.3112109915355443,-0.04668279318179058
RB153448,1.3485901103391909,1.326967233783611,0.016294958914641722
RB153448-SP-1,1.2943722943722944,1.3199264084364295,-0.01936025667855701
RB153448-SP-2,2,1.6803177646897687,0.1902510596674274
RB153453,1.2906626506024097,1.3027216764049947,-0.009256793696611698
RB153453-SP-1,1.2784810126582278,1.264743794728883,0.010861660667241813
RB153453-SP-2,1.11864406779661,1.2308035087244968,-0.0911270077903169
RB153465,1.4028310232969625,1.3773641124168816,0.01848959955504692
RB153465-SP-1,1.4779270633397312,1.4212485036861155,0.039879415532621865
RB153465-SP-2,1.6296296296296295,1.511149275433957,0.07840413658779566
RB153471,1.330146036161335,1.3418895263139914,-0.008751458240317422
RB153471-SP-1,1.2805429864253393,1.256470159074683,0.01915909198224397
RB153471-SP-2,1.5789473684210527,1.4630354138441293,0.07922703270207543
RB153471-SP-3,1.2214285714285715,1.2286507690425388,-0.005878153333673031
RB153471-SP-4,1.75,1.4359732425947591,0.2186856607702552
RB153601,1.3555406762638098,1.3570008998997518,-0.001076066814730714
RB153601-SP-1,1.345565749235474,1.3512761443482777,-0.0042259275697920096
RB153864,0.9552238805970149,0.9123341465463387,0.047010992861591605
RB154002,1.4130434782608696,1.3707913903740403,0.0308231348573762
RB154087,1.2043868394815553,1.2317969289303956,-0.022252117053612963
RB154087-SP-1,1.2774193548387096,1.2733328942532176,0.003209263346556801
RB154087-SP-2,1.4375,1.4178988033416629,0.013824115382664592
RB154087-SP-3,1.4166666666666667,1.2190706667660485,0.16208740419027623
RB154087-SP-4,1.375,1.2641643785234036,0.08767500758568847
RB154106,1.2285522788203753,1.2555422237278795,-0.02149664455518452
RB154177,1.2631178707224335,1.2531464943241506,0.007957071614089761
RB154177-SP-1,1.2765957446808511,1.2746724733400645,0.0015088357056514123
RB154177-SP-2,1.2222222222222223,1.2076488215561823,0.012067581573309338
RB154378,1.4433321415802645,1.4334877791146143,0.006867419875550285
RB154378-SP-1,1.3094262295081966,1.3053497504790643,0.003122901756894114
RB154378-SP-2,1.368421052631579,1.3712423983348145,-0.002057510551498165
RB154378-SP-3,1.46875,1.3722184461277267,0.07034707494617676
RB154378-SP-4,1.55,1.4117299371912346,0.09794370662980079
RB154456,1.3051575931232091,1.2879849154952383,0.013332980395479144
RB154794,1.3174474959612277,1.2921135874306908,0.01960656460622201
RB154845,1.372346528973035,1.349840816055607,0.016672864422037748
RB154874,1.37445295404814,1.389618166438192,-0.010913222607705775
RB154968,1.0953041067405995,1.093174037960663,0.0019485175333200377
RB154969,1.3016922263352724,1.3048317620763983,-0.002406084701777944
RB154969-SP-1,1.376865671641791,1.335256334943837,0.03116205900622382
RB154969-SP-2,1.5,1.3834555518110818,0.08424155588977889
RB155000,1.372918018602639,1.355032794457382,0.013199107961382683
RB155023,1.364,1.360974313685311,0.002223176649451819
RB155096,1.242914979757085,1.2784476212447355,-0.027793584107149383
RB155096-SP-1,1.1313868613138687,1.221078923303078,-0.07345312434563045
RB155096-SP-2,1.3571428571428572,1.3012585306621625,0.042946367046875045
RB155146,1.255595344673232,1.2555867567461039,0.000006839771988564891
RB155274,1.4090909090909092,1.3581307204382063,0.037522300236504824
RB155283,1.3551941238195173,1.3074100457610283,0.03654865450469624
RB155299,1.0913461538461537,1.0764085329042743,0.0138772784544694
RB155309,1.47265625,1.3915481074043798,0.05828626560881833
RB155310,1.352,1.3191491124471857,0.024903088849350663
RB155351,1.4088669950738917,1.319143090212845,0.0680168099478653
RB155653,1.3106617647058822,1.2864597706061258,0.018812865083494668
RB155666,1.3336180389477281,1.3483462973158722,-0.01092320155249682
RB155673,1.278225806451613,1.294458759318309,-0.012540339929597022
RB155673-SP-1,1.2134831460674158,1.2493774234684838,-0.02872973108591914
RB155967,1.3516729906864435,1.3228009395731122,0.021826451924541912
RB155967-SP-1,1.2,1.4312901167535368,-0.16159555218487143
RB155967-SP-2,1.21875,1.2912419405157862,-0.056141253038008765
RB155967-SP-3,1.434782608695652,1.4201964715689535,0.010270506524062029
RB156124,1.3132975151108126,1.3081101621113618,0.003965532223278778
RB156124-SP-1,1.2604166666666667,1.35690313980238,-0.07110785604768055
RB156124-SP-2,1.380952380952381,1.3199441040596214,0.04622034880501569
RB156404,0.9672131147540983,0.9112709305878923,0.06138918985390629
RB156414,1.2448288830387364,1.2607079720607894,-0.012595374483193589
RB156414-SP-1,1.2641509433962264,1.2997932396887695,-0.027421512286890826
RB156414-SP-2,1,1.4072344209772492,-0.28938634168317645
RB156521,1.2899393326592519,1.2872877951701747,0.0020597860859283834
RB156521-SP-1,1.2852664576802508,1.322178748101597,-0.027917776226811575
RB156521-SP-2,1.3928571428571428,1.3814604491612632,0.008249743018556188
RB156523,1.3395896988214753,1.3264442119647897,0.009910320191464317
RB156523-SP-1,1.4,1.388295856605637,0.008430582961602706
RB156523-SP-2,1.4,1.441288084043353,-0.028646656071369514
RB156529,1.3688415446071904,1.3761610051080095,-0.00531875301919682
RB156555,1.3490196078431373,1.3109262130769521,0.02905838207077549
RB156555-DP-1,0.8888888888888888,0.9579039317820003,-0.0720479795554465
RB156555-SP-7,1.7142857142857142,1.4295511806133294,0.19917757232743716
RB156555-SP-8,1.1935483870967742,1.3477450178300308,-0.1144108334242071
RB156624,1.4069400630914826,1.3483161917975195,0.04347932009613298
RB156626,1.3636363636363635,1.3694214277019205,-0.004224458554927812
RB156626-DP-1,0.7872340425531915,1.2731745314580745,-0.38167625639539815
RB156626-DP-4,0.7857142857142857,1.0680466223922094,-0.264344580806366
RB156626-SP-2,0.9285714285714286,1.1792576579398093,-0.2125796917073538
RB156626-SP-3,1.105263157894737,1.2843948926395934,-0.1394678036882553
RB156846,1.322884012539185,1.3180135599603597,0.0036952977774915574
RB156846-SP-1,1.313793103448276,1.3112830814438172,0.0019141724925595405
RB156846-SP-2,1.228013029315961,1.2520209188150269,-0.019175310203113916
RB157389,1.4386724386724388,1.4027599964782727,0.025601273406945513
RB157390,0.9173931091739311,0.8956066882139154,0.024325880151100376
RB157480,1.3040388930441287,1.276017966845843,0.021959664304374904
RB157480-SP-1,1.332535885167464,1.3088141517364609,0.018124600348743636
RB157573,1.2809482001755925,1.2565801837503463,0.019392329069298553
RB157573-SP-1,1.5203252032520325,1.4158173573248365,0.07381449689574504
RB157573-SP-2,1.2982456140350878,1.287473284856376,0.008367031227302979
RB157581,1.356020942408377,1.3055227798098685,0.03868041475757522
RB157581-SP-1,1.462809917355372,1.3843784429919537,0.05665464870567494
RB157692,1.2703962703962703,1.2935741491498132,-0.01791770403635251
RB157763,1.3804347826086956,1.3719996930394769,0.006148025842871885
RB157763-DP-3,0.38461538461538464,1.497383044502278,-0.7431416189548021
RB157763-SP-1,0.6071428571428571,1.012895028321301,-0.40058659568199106
RB157763-SP-2,2,1.3655733775360854,0.4645862557811542
RB158083,1.4974358974358974,1.356437374679728,0.10394768338601756
RB158083-DP-3,0.6923076923076923,1.0817830990291593,-0.3600309591368175
RB158083-SP-1,1.3888888888888888,1.3172407741032357,0.05439257286461596
RB158083-SP-2,1.4,1.4372147423310189,-0.025893654744078343
RB158368,1.416452442159383,1.3301458045230143,0.06488509556087196
RB158430,1.3523222992045163,1.3297544703947526,0.01697142541138752
RB158430-SP-1,1.4067164179104477,1.3772826588298788,0.02137089209093479
RB158430-SP-2,1.3153846153846154,1.3282023163913053,-0.009650413079774767
RB158433,1.3620650443484195,1.3399787726264252,0.016482553435308578
RB158433-SP-1,1.3574660633484164,1.3409101953127611,0.012346738874480456
RB158433-SP-2,1.2896405919661733,1.307095786262765,-0.013354181445645485
RB158433-SP-3,1.3073770491803278,1.3068048340326361,0.0004378734550025687
RB158495,1.1810344827586208,1.2446245461941206,-0.05109176388168546
RB158834,1.3308873720136518,1.372345062901412,-0.030209378099200768
RB159028,1.2207792207792207,1.2302846079086087,-0.00772616926870795
RB160477,1.3738632536207478,1.3702558747441167,0.0026326315713149917
RB160600,1.4502895752895753,1.4034290293144502,0.033390036116051736
RB161208,1.2760814249363868,1.2788799406195719,-0.0021882552023057
RB161319,1.3025594149908593,1.2536753756786276,0.03899258154111074
RB161319-SP-1,1.2972972972972974,1.3313294763252257,-0.02556255204524205
RB161319-SP-2,1.4509803921568627,1.4060885282970559,0.0319267691588212
RB162184,1.2141280353200883,1.22918340832618,-0.01224827223025482
RB162334,1.2638243984803714,1.2595724603873173,0.0033756994748415092
RB24134,1.3119596541786744,1.3111294501467599,0.0006331976082312174
RB24134-SP-1,1.3117977528089888,1.3651841043114037,-0.03910560585478162
RB24134-SP-2,1.1810699588477367,1.3075900824061475,-0.09675824653365084
RB24223,1.2937751903269146,1.2849819942178662,0.0068430500572114195
RB24223-SP-1,1.4128440366972477,1.3709773461556298,0.03053784269960169
RB24223-SP-2,1.3805309734513274,1.2923595640489942,0.06822513784483486
RB24928,1.3315259488768396,1.3186882589006446,0.009735196995609652
RB24928-SP-1,1.4509803921568627,1.4029372849488846,0.0342446577786466
RB24969,1.3462321792260692,1.3514515879266262,-0.003862075968673384
RB24969-SP-1,1.3526970954356847,1.3056382558058794,0.03604278552695983
RB25914,1.0813890396093326,1.063558326511182,0.016765148326788104
RB25918,0.9095875925273176,0.8961298590476034,0.015017615297426845
RB26312,1.4028776978417266,1.3685667706075264,0.025070700217987296
RB27618,1.2938623682579045,1.3084223287967136,-0.01112787531851367
RB27774,1.0298245614035089,0.9723660559769852,0.05909143482882273
RB28134,1.4042157470551766,1.3748708578553641,0.02134374223742519
RB28134-SP-1,1.4476386036960986,1.3623809320120734,0.06257990675053704
RB28134-SP-2,1.4134615384615385,1.3679757969836597,0.03325039929666396
RB28149,1.3588317107093184,1.3876718228648817,-0.02078309271713974
RB28294,1.2058823529411764,1.2331893292099498,-0.022143377032193268
RB28552,1.212058212058212,1.258065909882716,-0.036570180833206956
RB28552-SP-1,1.2736842105263158,1.3332916551129255,-0.04470698092051073
RB28552-SP-2,1.2201834862385321,1.3096595718985593,-0.06832010972921576
RB28557,1.2982662851371822,1.2971889988942447,0.0008304774738732146
RB28557-SP-1,1.3205574912891986,1.3170517778369808,0.0026617886336823826
RB28557-SP-2,1.1677018633540373,1.1847288696908658,-0.014372070076482113
RB28607,1.2753036437246963,1.2735713225030338,0.001360207466243768
RB29690,1.345,1.3699812855240145,-0.018234764071583087
RB30931,1.2891684365299787,1.30380369935329,-0.011225050849733353
RB30932,1.2518858642177764,1.2590657786811985,-0.005702572959248253
RB30932-SP-1,1.2402597402597402,1.2095154895126203,0.02541864987566922
RB30932-SP-2,1,1.1444537065626352,-0.12622066382789876
RB30932-SP-3,1.1176470588235294,1.3127807468294979,-0.14864149133603344
RB30932-SP-4,1.25,1.437172805938679,-0.13023681297422574
RB31098,1.3182527301092044,1.305955771547369,0.009416060505069934
RB31258,1.2376357056694813,1.2143359518611287,0.01918723873129391
RB31446,1.3299305839118007,1.2995844107261336,0.023350674981328368
RB31446-SP-1,1.4652509652509653,1.391555446077917,0.052959096513730985
RB31446-SP-2,1.2,1.385147043602697,-0.133665984747106
RB32485,1.353287536800785,1.381576568669379,-0.02047590593971904
RB32486,1.3081761006289307,1.3446545565115524,-0.027128496092898358
RB32723,1.2927433628318583,1.2889746351467215,0.0029238183455082556
RB32723-SP-1,1.2646592709984152,1.2770852311955578,-0.009729938060210608
RB32723-SP-2,1.3043478260869565,1.148940859400256,0.1352610671082084
RB32723-SP-3,1,1.6803177646897685,-0.4048744701662863
RB32755,1.3342579750346741,1.3282678385547022,0.00450973539078503
RB32755-SP-1,1.3782234957020056,1.3635802111985431,0.01073885084515247
RB32755-SP-2,1.3820224719101124,1.3983847892155252,-0.01170086905378298
RB33640,1.3267489711934157,1.301942333241452,0.019053561220490067
RB33640-SP-1,1.3407572383073496,1.3462305113675062,-0.004065628444713254
RB33640-SP-2,1.9090909090909092,1.6115310155896794,0.18464422379878842
RB34061,1.4697885196374623,1.3949170279759524,0.05367451264836132
RB34368,1.3547008547008548,1.3547799125435156,-0.00005835474967486043
RB34368-SP-1,1.4387096774193548,1.3710743104038772,0.04933019786181703
RB34368-SP-2,0.75,1.323723288005894,-0.4334163289294185
RB35315,1.4507192328183272,1.4207187646514587,0.02111640172094753
RB36118,1.3742138364779874,1.3773823689645175,-0.0023004015137148004
RB36127,1.4489690721649484,1.4552587080112243,-0.004322005298199816
RB36135,1.364963503649635,1.3390203168694774,0.019374752162693687
RB37193,1.2985746436609151,1.3140240532920242,-0.011757326353656561
RB37368,1.2628851137345234,1.2886506762092038,-0.019994217944675485
RB37762,1.2894356005788712,1.2961391995570455,-0.005171974569139759
RB37946,1.2725015518311609,1.299123551760703,-0.020492277192158737
RB37948,1.3434343434343434,1.3739974589120667,-0.02224393886574083
RB37948-SP-1,1.3770491803278688,1.3553841024088742,0.01598445627367928
RB37948-SP-2,1.32,1.2954980915127976,0.018913118164914255
RB37951,1.3294262800740284,1.3329742755428993,-0.0026617133833478634
RB37952,1.4142572283150547,1.386681422614012,0.019886186727056554
RB37952-SP-1,1.4219066937119675,1.4033551921722986,0.013219391386547263
RB37952-SP-2,1.2537313432835822,1.3331123634468,-0.05954563346631647
RB37960,1.294644167278063,1.3020722661623574,-0.005704828431825404
RB37960-SP-1,1.3092948717948718,1.2919610079901778,0.013416708164946334
RB37960-SP-2,1.3087855297157622,1.3189736880402259,-0.007724307480008519
RB38061,1.361856963613551,1.3589129380107299,0.0021664563788248437
RB38061-SP-1,1.3593073593073592,1.3681148387056978,-0.006437675514630592
RB38061-SP-2,1.6153846153846154,1.6575909551154153,-0.025462457791862847
RB39502,1.3579021970233878,1.3540760860651992,0.00282562479137094
RB39636,1.283817951959545,1.270366660378324,0.010588511176147453
RB41692,1.383347788378144,1.3933187625678154,-0.007156276408203599
RB41694,1.4258793969849246,1.3976165692698657,0.02022216131125565
RB41710,1.1866452131938858,1.2171723902937879,-0.02508040549008317
RB41881,1.2539772727272727,1.2384550277466784,0.01253355562602576
RB41884,1.3538840937114673,1.3175073741913164,0.027610258760395023
RB42051,1.4240362811791383,1.373161553392417,0.03704933892230988
RB42052,1.171764705882353,1.1113686363937911,0.054343867111939614
RB42125,1.26544315129812,1.2850982208376636,-0.01529460489543888
RB43361,1.434816247582205,1.4013669244728932,0.023869068496741752
RB43361-SP-1,1.4069148936170213,1.4445335180102292,-0.02604205712375962
RB43368,1.1248868778280543,1.091085838535079,0.030979266799354255
RB43797,1.5416666666666667,1.5392414566626413,0.0015755877633931714
RB44034,1.2134146341463414,1.2168308549652787,-0.0028074738612990924
RB44434,1.4696485623003195,1.39238672818423,0.0554887751744404
RB44434-SP-1,1.4166666666666667,1.260353115590959,0.12402361619300217
RB44434-SP-2,1.4912280701754386,1.2723467538923265,0.17202961033501007
RB44451,1.2810457516339868,1.3041483761862398,-0.017714720942882733
RB44747,1.4068441064638784,1.3784882428200813,0.02057026151038266
RB44767,1.017296604740551,1.0217019232786755,-0.004311745370888298
RB44771,1.2686746987951807,1.2816609497784908,-0.01013236065712575
RB45053,1.5249537892791127,1.4347746941270698,0.06285244332867812
RB45056,1.4848484848484849,1.4002153987207033,0.060442904859570934
RB45377,1.342494714587738,1.3616475126922623,-0.014065900261261755
RB46111,1.4841269841269842,1.48135455106877,0.0018715526652373082
RB46122,1.3779385171790235,1.3624507521156657,0.011367577902766657
RB46123,1.4527503526093088,1.400286257423842,0.037466692904625676
RB46300,1.182890855457227,1.1613668594791446,0.018533330620210453
RB46305,1.1224489795918366,1.026798220548067,0.09315438722976643
RB46371,1.27988614800759,1.2825410853042851,-0.00207006023207823
RB46804,1.3342465753424657,1.342535876348415,-0.006174360888213548
RB47805,1.2714535901926445,1.2913916776011538,-0.015439225569074067
RB47805-SP-1,1.2390243902439024,1.2698877696330624,-0.024304021290068922
RB48436,1.3690744920993227,1.3769025921569658,-0.005685296913690796
RB48436-SP-1,1.3166666666666667,1.333230486142573,-0.01242382292339439
RB48470,1.3797979797979798,1.3243357766790058,0.041879260604176016
RB48470-SP-1,1.3504672897196262,1.3448255715181003,0.004195130075610676
RB48476,1.4471544715447155,1.3557387026431102,0.06742875210642252
RB48476-SP-1,1.225,1.3171928860511817,-0.06999194045723023
RB48476-SP-2,1.1369863013698631,1.4353789157676948,-0.2078842117018559
RB48802,1.2800345721694035,1.2928547246069286,-0.009916158554800325
RB48802-SP-1,1.3125,1.3343545529350178,-0.01637837026669331
RB48903,1.3986272439281944,1.3833507050028808,0.011043142472885625
RB49203,1.401809473124002,1.4246655146669756,-0.016043093138473408
RB49203-SP-1,1.4914675767918089,1.4477127569785497,0.030223412484516432
RB49204,1.2001545595054095,1.20532583380278,-0.004290353821634341
RB49204-SP-1,1.3170731707317074,1.2377799772695686,0.06406081445674405
RB49204-SP-2,1.6,1.5233314926457537,0.05032949671452447
RB49205,1.348201438848921,1.3485307298245144,-0.00024418499950407124
RB49205-SP-1,1.3393939393939394,1.3051364757905597,0.026248184951408238
RB49375,1.3593329747175902,1.3713164448929491,-0.0087386614664966
RB49444,1.3134248049502286,1.296469112178108,0.013078362309484115
RB49525,1.2802197802197801,1.3099148437243888,-0.02266946103166423
RB49525-SP-1,1.3072916666666667,1.31379300059814,-0.004948522277492318
RB49525-SP-2,1.400709219858156,1.312816951507956,0.06694937039717797
RB49572,1.2886168910648714,1.2892784539965236,-0.0005131264930405832
RB50161,1.4214723926380368,1.384616740883294,0.026617944638767987
RB51141,1.139892578125,1.1719772143258018,-0.027376501700384193
RB51141-SP-1,1.1428571428571428,1.2068311220306944,-0.05300988514938587
RB51141-SP-2,1,1.299791756915179,-0.2306459902674567
RB51141-SP-3,0.4358974358974359,1.1471180138627268,-0.6200064591178158
RB51141-SP-4,1.4545454545454546,1.3958759113059513,0.04203062948812786
RB51197,1.343978102189781,1.3446209517134722,-0.00047808977159846666
RB51197-SP-1,1.3046875,1.3239058705843627,-0.014516417678456128
RB51198,1.353120665742025,1.3235950074321206,0.022307169598037913
RB51198-SP-1,1.3266666666666667,1.3517024327904505,-0.01852165500072389
RB51201,1.3391431829288158,1.335424467623111,0.0027846691414330493
RB51201-SP-1,1.4081632653061225,1.2857366443153067,0.09521904935361913
RB51201-SP-3,1.0588235294117647,1.1518089488199819,-0.08072989839459055
RB51201-SP-4,1.375,1.2935972015490538,0.06292746950400652
RB51201-SP-5,1.625,1.3903547737560755,0.1687664405323146
RB51221,1.410621761658031,1.3837246225204163,0.01943821675198798
RB51222,1.1893828366715518,1.1995073024193388,-0.008440520309769273
RB51222-SP-1,1.453125,1.3211746439957988,0.09987351528721944
RB51222-SP-2,1.5714285714285714,1.2542060007940516,0.2529270075519352
RB51222-SP-3,1.8,1.2309779004566392,0.4622520837557509
RB51222-SP-4,1.4444444444444444,1.3747072134582852,0.05072878814007575
RB51444,1.3283154121863798,1.3450984058573503,-0.012477149328173565
RB51444-SP-1,1,1.1779913088612324,-0.15109730226558038
RB51444-SP-2,1.4285714285714286,1.1957814141089944,0.19467606011914107
RB51444-SP-3,1.3114754098360655,1.338643037871744,-0.0202949010804786
RB51444-SP-4,1.2008501594048884,1.1359279123427222,0.057153492186199806
RB51445,1.3564044156299282,1.3849031800728455,-0.02057816376840027
RB51445-SP-1,1.2704626334519573,1.1840338400341779,0.07299520545399663
RB51445-SP-2,1.1891891891891893,1.329384213551601,-0.10545861981305216
RB51445-SP-3,1.3703703703703705,1.2680517791174564,0.08068960032856554
RB51445-SP-4,1.360655737704918,1.3282087039544324,0.024429168137418467
RB51459,1.2254152823920266,1.2368657226320992,-0.009257625973905781
RB51459-SP-1,1.8333333333333333,1.2876663824804826,0.4237642282791534
RB51459-SP-2,1.1666666666666667,1.5352997456089172,-0.24010495670084708
RB51459-SP-3,1.6363636363636365,1.323934849059845,0.23598501657815985
RB51459-SP-4,1.5,1.3795200443724052,0.08733469014754736
RB51491,1.299802110817942,1.3030809238750583,-0.0025162006419109373
RB51491-SP-1,1.3571428571428572,1.370322833769745,-0.0096181544246986
RB51491-SP-2,1,1.3938860589181812,-0.28258124571809173
RB51491-SP-3,1.9166666666666667,1.5581102573167331,0.23012261659031363
RB51491-SP-4,1.330935251798561,1.1978367789197266,0.11111570058724518
RB51600,1.2912063632346442,1.3087436090105435,-0.01340006220863832
RB51885,1.3221059516023546,1.3333610616583011,-0.00844115699760184
RB51885-DP-1,1.3421052631578947,1.294767942584497,0.03656046695047732
RB52504,1.271889400921659,1.2768341736666655,-0.003872682018532303
RB52504-SP-1,1.1876543209876542,1.2692535292187592,-0.06428913243308454
RB52873,1.184887459807074,1.1730452483283211,0.010095272535845412
RB52887,1.3592360882449785,1.3483535553282917,0.008070978767907189
RB52887-SP-1,1.3042998897464169,1.3257897518093973,-0.016209102562191102
RB53367,1.3329207920792079,1.3484234265575477,-0.011496859349230615
RB53597,1.4120290356031802,1.4165731032812654,-0.0032077890421325916
RB53669,1.5668016194331984,1.4909301166941342,0.050888704902745774
RB53725,1.335988414192614,1.3408174605584713,-0.003601568824921131
RB53736,1.3319268635724333,1.3435522179805717,-0.008652700097962707
RB53831,1.2732260424286759,1.2768250620092179,-0.0028187256716893927
RB53831-SP-1,1.3047404063205417,1.2982181289381531,0.005024022725459432
RB54090,1.2022562449637388,1.2137293909469666,-0.009452803951856437
RB54090-SP-1,1.4,1.3923733014443562,0.005477481181039856
RB54438,1.2802005012531328,1.3160571488905115,-0.02724550956438876
RB54438-SP-1,1.3115671641791045,1.313179432577317,-0.0012277594045531082
RB54603,1.2869565217391303,1.3625453473513782,-0.05547619076251897
RB55262,1.3461836998706338,1.3345173657015432,0.008741987529669926
RB55262-SP-1,1.358807082945014,1.356507779274182,0.0016950169442171426
RBP154872,0.9981923355025307,1.006143958864799,-0.007903067242226114
RBP154873,1.3893947509373326,1.3709335063344696,0.013466185280002207
RBP155095,1.3536036036036037,1.3662141897243902,-0.009230314115922456
RBP155271,1.2899159663865547,1.3029029337360598,-0.009967716714141761
RBP155818,1.1832669322709164,1.2012747577751641,-0.014990596770383613
RBP156195,1.3106259097525472,1.269050099411797,0.03276136250256845
RBP156195-SP-1,1.2664092664092663,1.2654997711485374,0.0007186846504947386
RBP156195-SP-2,1.2658227848101267,1.3091981159101678,-0.03313122022780057
RBP156195-SP-3,1.4024390243902438,1.3068471596124012,0.07314693541224404
RBP156374,1.299827437446074,1.3246010348098027,-0.018702686101468857
RBP156405,1.3281412253374871,1.304855633091852,0.017845339863736376
RBP156405-SP-1,1.4285714285714286,1.6483702737940027,-0.13334312606637222
RBP156405-SP-2,1.2777777777777777,1.3024033287713348,-0.018907776454155978
RBP156406,1.2509188105579685,1.2348486027385719,0.013013909384322231
RBP156407,1.3801431127012522,1.3661071114969083,0.010274451458615053
RBP156681,1.3126903553299492,1.2792066679110625,0.02617535403686211
RBP156681-SP-1,1.3247863247863247,1.271469959677717,0.041932854726762114
RBP157242,1.285329744279946,1.2988061783571696,-0.010376016300037483
RBP157242-SP-1,1.3157894736842106,1.286555743624682,0.022722474486155386
RBP157242-SP-2,1.1492537313432836,1.3715135349652026,-0.1620544004529697
RBP158382,1.2633624878522838,1.2641868235216842,-0.0006520679175441302
RBP158382-SP-1,1.2120622568093384,1.2804051226007362,-0.05337597029647989
RBP158382-SP-2,1.2411575562700965,1.2809177796983142,-0.031040418095829914
RBP158968,1.3364565587734243,1.3385398574152092,-0.0015563964197584657
RBP158968-SP-1,1.3930131004366813,1.3930195210053615,-0.000004609101727170994
RBP158968-SP-2,1.4047619047619047,1.387065066950858,0.012758477040986538
RBP161639,1.3190412782956058,1.312364516362938,0.0050875818794398064
RBP161639-SP-1,1.3402646502835538,1.3421626457291402,-0.0014141322228164999
RBP161639-SP-2,1.2857142857142858,1.2997740610559503,-0.01081709180304935
RBP161671,1.3388724035608308,1.3357846701329552,0.0023115502797081966
RBP161671-SP-1,1.4541484716157205,1.3759507475551165,0.056831775555594044
RBP161671-SP-2,1.434782608695652,1.258913950532228,0.1396987125999143
RBP31052,1.417562724014337,1.3899652097767052,0.019854823734807736
RBP41472,1.3238636363636365,1.3365022209908568,-0.009456463617284916
RBP41696,1.3005181347150259,1.3263173314558063,-0.019451752705713643
RBP50436,1.3612941881366087,1.3684796139757762,-0.005250663411997758
RBP50583,1.312396694214876,1.3747043006225015,-0.045324370033185346
RBS153944,1.2493368700265253,1.2985466254032736,-0.03789602499753586
RBS155397,1.505791505791506,1.3871693113044643,0.08551385437981729
RBS155568,1.2420091324200913,1.3951619952742955,-0.10977425085614767
RBS155823,1.4739884393063585,1.4108293993185526,0.04476731206360762
RBS157077,1.5092592592592593,1.4659222308513131,0.029562979192135463
RBS159024,1.3445378151260505,1.3643344367444403,-0.0145100945085197
RBS159874,1.5178571428571428,1.4233130912055645,0.06642533693798769
RBS159949,1.372282608695652,1.34520770996605,0.02012692800451288
RC0212,1.3597608526124252,1.359030811387179,0.0005371778322680321
RC0215,1.2514890800794176,1.3036084434020803,-0.03998084208985675
RC0215-SP-1,1.2195121951219512,1.2767572426457006,-0.044836281801798106
RC0215-SP-2,1.2820512820512822,1.3709735200759556,-0.0648606531946343
RC0281,1.3061463414634147,1.2882365340738255,0.013902576829545765
RC0281-SP-1,1.339080459770115,1.3211394235311082,0.013579971893544984
RC0281-SP-2,1.302325581395349,1.3906525341073548,-0.0635147533590783
RC0296,1.2952996053103696,1.285218076993634,0.007844216088461975
RC0340,1.2899792315680165,1.2651875457520718,0.019595265460195188
RC0384,1.3514580801944107,1.3207734472104173,0.023232321219662344
RC0418,1.28333811299111,1.268424917984811,0.011757254840114362
RC0535,1.2920035938903864,1.281892393165908,0.00788771411577427
RC0540,1.3592034720449324,1.3679103336875211,-0.006365082146223222
RC151067,1.3805532271584242,1.3147891566195002,0.05001871988966822
RC151314,1.4047619047619047,1.3452989629572953,0.044200540877468164
RC151623,1.312094620373903,1.301330808861145,0.008271387597576396
RC151744,1.2636428065201983,1.2695877484411169,-0.004682576630262947
RC151744-SP-1,1.5227272727272727,1.3347531189689679,0.14083065331475364
RC151782,1.306465155331654,1.3111496995318082,-0.003572852285156247
RC151782-SP-1,1.2266769468003085,1.2332159150040947,-0.005302370918367938
RC151800,1.4258809234507899,1.4116890523338539,0.010053114100072813
RC151917,1.368522690698423,1.3323651871975364,0.027137832666537465
RC151917-SP-1,1.2916666666666667,1.2755381268677264,0.012644498395783854
RC151917-SP-2,1.2782294489611563,1.302409763129505,-0.01856582686407915
RC151921,1.2744791666666666,1.278909668474671,-0.00346428048611791
RC151963,1.3132338940019042,1.2839621060551194,0.0227980154622478
RC151963-SP-1,1.3049645390070923,1.3821207284327608,-0.055824493358954896
RC151963-SP-2,1.631578947368421,1.2711466138219787,0.28354898611004775
RC152191,1.2286348501664817,1.2972374607278558,-0.05288361817957554
RC152191-SP-1,1.2211538461538463,1.2527965584476677,-0.025257662212154974
RC152191-SP-2,1.2105263157894737,1.362811764881848,-0.11174356797952723
RC152275,1.32705439133506,1.3196107658339695,0.005640773547634925
RC152289,1.2966507177033493,1.2867167216233077,0.00772042199584444
RC152289-SP-1,1.1666666666666667,1.6544929008120226,-0.29484939700009083
RC152610,1.2503832396525294,1.2778242932461656,-0.02147482540336232
RC152756,1.3889651386220148,1.3801700205530278,0.0063724888513827516
RC152781,1.2037337662337662,1.2421977237735649,-0.030964440526386028
RC152954,1.3411488862837047,1.2962591590334178,0.03463021027659274
RC152954-SP-1,1,1.0512068711334916,-0.048712458546124715
RC153107,1.336124031007752,1.3060168485960564,0.02305267534952571
RC153107-SP-1,1.3928571428571428,1.3215905843120568,0.05392483829035699
RC153235,1.3383964143426295,1.3267946791126373,0.008744182813388734
RC153286,1.2855345911949685,1.2924083340915526,-0.005318553521566072
RC153286-SP-1,1.3359683794466404,1.2995274479021277,0.028041678999039643
RC153286-SP-2,1.3076923076923077,1.3744054606510514,-0.04853964486370854
RC153354,1.2560137457044673,1.2563947549018315,-0.0003032559598625806
RC153354-SP-1,1.2078651685393258,1.1775810930266648,0.025717188983413353
RC153354-SP-2,0.8,0.9297623756560457,-0.13956509647369264
RC153382,1.1803108808290155,1.1443834578372443,0.03139456686980613
RC153485,1.346188611027418,1.331504433311421,0.011028260476367846
RC153485-SP-1,1.3108218063466233,1.312960711141923,-0.001629069915915049
RC153485-SP-2,1.4827586206896552,1.3988720373366206,0.059967303022762763
RC153558,1.2030769230769232,1.1889645291068789,0.011869482751218019
RC153656,0.9081697276757441,0.897450417004885,0.01194418150323373
RC153856,1.4368391764051196,1.417786485370418,0.013438335906921672
RC153856-SP-1,1.3483631871525632,1.3558301140825761,-0.005507273258246959
RC153856-SP-2,1.4642857142857142,1.520352089235861,-0.03687723083823713
RC153857,1.2855361596009975,1.240073732596336,0.03666106765238619
RC153857-SP-1,1.3202614379084967,1.2519326339922323,0.05457865867620493
RC153857-SP-2,1.1923076923076923,1.1997588684181006,-0.006210561394084713
RC153904,1.3743627093954844,1.3753382995222383,-0.0007093455676271399
RC153904-SP-1,1.4615384615384615,1.4094169938320398,0.03698087076750056
RC153904-SP-2,1.262962962962963,1.286928589124225,-0.018622343433656208
RC153967,1.061192873741286,1.0743552132265526,-0.01225138513149393
RC154010,1.340356564019449,1.336108349633211,0.003179543326261136
RC154150,1.3811739441660702,1.3727694977833438,0.00612225606432637
RC154150-SP-1,1.2573099415204678,1.2903937005115431,-0.025638500077891035
RC154150-SP-2,1.4427860696517414,1.4344188420792716,0.005833182977672768
RC154150-SP-3,1.7407407407407407,1.3893092077685358,0.25295415232773344
RC154243,1.3378995433789955,1.3586114275761911,-0.015244891789366388
RC154243-SP-1,1.4054054054054055,1.4022977779468297,0.0022160966860589326
RC154243-SP-2,1.2,1.1442850440955272,0.048689752777911544
RC154245,1.3317360487171808,1.3282534791049152,0.0026219164241243487
RC154245-SP-1,1.3176100628930818,1.3278168591718795,-0.007686900650714312
RC154245-SP-2,1.2058823529411764,1.278317261362327,-0.0566642652888496
RC154268,1.359355638166047,1.3722506733336677,-0.00939699678652317
RC154268-SP-1,1.3526315789473684,1.364347508164858,-0.008587203148300748
RC154268-SP-2,1.368421052631579,1.3591775485464566,0.006800806925487901
RC154268-SP-3,1.5405405405405406,1.3967249682798932,0.10296627863519925
RC154272,1.3119124935908393,1.3015222744531942,0.007983128173515208
RC154272-SP-1,1.303030303030303,1.3279895310626355,-0.018794747585367366
RC154272-SP-2,1.3846153846153846,1.303412085556509,0.06230055709833682
RC154277,1.3464919043947572,1.3291195209563789,0.013070595356148074
RC154279,1.3849795567032495,1.3799841923799205,0.0036198706846879425
RC154281,1.2397982576799633,1.2036130639599105,0.030063809378242157
RC154292,1.3647058823529412,1.364561657119326,0.00010569345317801293
RC154292-SP-1,1.2995951417004048,1.3205394860453172,-0.015860445345436402
RC154292-SP-2,1.2857142857142858,1.3155004373879098,-0.02264244908406743
RC154293,1.3002961156592927,1.2960344495650353,0.003288235197519418
RC154293-SP-1,1.2710280373831775,1.32752907429658,-0.04256105422274137
RC154293-SP-2,1.3214285714285714,1.2910602316472037,0.02352201627543149
RC154339,1.4073199527744982,1.3988009273895088,0.0060902342986632885
RC154340,1.315374183207989,1.287240376217917,0.02185590780855784
RC154365,1.2689470154258886,1.2811290374439386,-0.009508817349386578
RC154371,1.277144571085783,1.2541245165737638,0.018355477632244543
RC154371-SP-1,1.304812834224599,1.2904232855947246,0.011151029891127928
RC154371-SP-2,1.4827586206896552,1.2248590606304703,0.21055447793841386
RC154382,1.3498667284737513,1.3316936275635711,0.013646607999040272
RC154382-SP-1,1.3176567656765676,1.3072685226186325,0.007946525811794336
RC154382-SP-2,1.4393939393939394,1.362814021517646,0.05619249337559151
RC154478,1.3838699593623007,1.350933218714372,0.024380731920466747
RC154480,1.2889625769777358,1.303686736070447,-0.011294246298073518
RC154480-SP-1,1.3363636363636364,1.373539159902487,-0.02706549956791182
RC154480-SP-2,1.4761904761904763,1.334767533490316,0.10595323841174809
RC154480-SP-3,1.3112244897959184,1.3097072361812856,0.0011584677649463249
RC154518,1.4222137694941042,1.3852728655694728,0.026666879026353563
RC154542,1.2427122940430926,1.2193716129177918,0.01914156511274645
RC154542-SP-1,1.2820512820512822,1.333317839840784,-0.03845036513996081
RC154542-SP-2,1.7142857142857142,1.3576997556653922,0.2626397752024072
RC155015,1.3225486959392538,1.3084757132009945,0.010755249483257012
RC155015-SP-1,1.2762645914396886,1.2873084550484346,-0.008579034469505142
RC155015-SP-2,1.1896551724137931,1.3240411070094638,-0.10149679936992329
RC155050,1.320577164366374,1.3187173299354638,0.0014103359292330087
RC155117,1.3743351063829787,1.3192188538365468,0.04177946091821161
RC155224,1.345264491605955,1.326188692980547,0.014383924947011906
RC155224-SP-1,1.324974924774323,1.34064883654194,-0.01169128808409381
RC155224-SP-2,1.5555555555555556,1.4669859907339184,0.06037519470607
RC155224-SP-3,1.4303797468354431,1.4111088011889945,0.013656598010168386
RC155347,1.3234536082474226,1.2986550500505147,0.019095569832761505
RC155350,1.293027360988526,1.3032442572615113,-0.007839586643914154
RC155350-SP-1,1.3333333333333333,1.3038907517468643,0.02258055864498143
RC155350-SP-2,1.4166666666666667,1.220544067613324,0.16068457031366745
RC155446,1.3633644859813083,1.3438194749366792,0.014544372521130722
RC155897,1.245164960182025,1.2727861844323658,-0.021701385973685205
RC155897-SP-1,1.305084745762712,1.3294769267450106,-0.018347201438101535
RC155925,1.2457786116322702,1.233940349132411,0.009593869353719198
RC155925-SP-1,1.1761761761761762,1.190519700245461,-0.012048119881029717
RC155925-SP-2,1.1403508771929824,1.1988920412534123,-0.04882938750617327
RC155931,1.3648881239242685,1.3454179480170534,0.014471470323338176
RC155931-SP-1,1,1.1829776492434536,-0.1546754914266324
RC155931-SP-2,1.5833333333333333,1.3975874210048242,0.13290468240975106
RC155931-SP-3,1.2527075812274369,1.2450027684290315,0.006188590896169188
RC155933,1.091596638655462,1.0559984444197392,0.03371046086652507
RC155957,1.3571213489912677,1.317307095120314,0.030223972844628966
RC155957-SP-1,1.4,1.3016422159209364,0.0755643777345325
RC155957-SP-2,1.393939393939394,1.3474672708811335,0.03448849857991099
RC155992,1.328331059572533,1.307829326459427,0.015676153377450763
RC155992-SP-1,1.3106060606060606,1.3198189237299605,-0.006980399324676534
RC155992-SP-2,1.1694915254237288,1.253652999554883,-0.06713298987920613
RC156024,1.3079019073569482,1.3291856415272725,-0.0160126121629397
RC156024-SP-1,1.3071625344352618,1.3320426742155045,-0.018678185212719134
RC156031,1.3448355187485623,1.3412965930569818,0.002638436353226581
RC156031-SP-1,1.285930408472012,1.3250404195331253,-0.02951608908269654
RC156031-SP-2,2,1.6803177646897685,0.1902510596674274
RC156122,1.2745178498153467,1.2706244766957517,0.0030641414446224147
RC156122-SP-1,1.227129337539432,1.26639618420566,-0.031006763251468228
RC156122-SP-2,1.5510204081632653,1.3126351760204982,0.18160813948737609
RC156127,0.9972178060413355,1.0156421424872695,-0.018140578925578632
RC156158,1.2962808190555788,1.3019240739032945,-0.004334549887227035
RC156158-SP-1,1.319767441860465,1.2826755359963993,0.028917606068827206
RC156158-SP-2,1.3170731707317074,1.380269500751303,-0.04578550057448705
RC156160,1.3626794258373205,1.336683097778989,0.01944838541126659
RC156247,1.4746684801088066,1.4283328170323846,0.032440382608230234
RC156388,1.0454995054401583,1.0395491942669228,0.005723934188060609
RC156708,1.267078271260705,1.2658233635373946,0.000991376648163289
RC156708-SP-1,1.3398058252427185,1.3510615430227582,-0.008331017812006514
RC156766,1.3788654515666598,1.3472898949725296,0.023436349305339332
RC156767,1.4683544303797469,1.4440747924567963,0.01681328283671779
RC156767-SP-1,0.7901234567901234,1.1916248978793953,-0.33693609608508523
RC156769,1.3269168026101141,1.3112064848839664,0.01198157415118195
RC156769-SP-1,1.3636363636363635,1.3805974574638349,-0.01228532888842837
RC156769-SP-2,1.3094170403587444,1.3224588541233673,-0.009861791710160994
RC156782,1.2263207252266333,1.2590289121908946,-0.025978900601531185
RC156857,1.3072824156305507,1.2731249274939729,0.026829643657840796
RC156874,1.3139267657423013,1.2878553863021793,0.020244027176825163
RC156874-SP-1,1.3434782608695652,1.3585975478992223,-0.011128598791478539
RC156874-SP-2,1.5609756097560976,1.4291591304061024,0.09223359144935728
RC156887,1.404280618311534,1.3748356832832735,0.021417057606434975
RC156887-SP-1,1.4355400696864111,1.3984234615250617,0.026541751609967745
RC156887-SP-2,1.6153846153846154,1.5451325283579598,0.04546670640693429
RC156930,1.314039408866995,1.273816810057814,0.031576439007234836
RC156930-SP-1,1.2222222222222223,1.2149548486956145,0.005981599673773985
RC156930-SP-2,1.5454545454545454,1.5050067921148746,0.026875462324547073
RC157235,1.2505433995073179,1.2442298127335374,0.005074293116244855
RC157236,1.3497596153846154,1.374684510734494,-0.018131356798776532
RC157236-SP-1,1.3575418994413408,1.3277702018317206,0.02242232697235469
RC157239,1.3286242852337706,1.2995934562488454,0.02233839270683924
RC157239-SP-1,1.3770491803278688,1.2824683060894837,0.07374909289320541
RC157239-SP-2,1.372093023255814,1.3135460745563152,0.04457167497476222
RC157338,1.4025934861278648,1.3921198229355949,0.007523535704120565
RC157342,1.370789163722026,1.3891171075010726,-0.013193951525093173
RC157343,1.393546528377989,1.370094067146255,0.017117409522532157
RC157345,1.4077961019490255,1.385347135469264,0.016204578552910798
RC157378,1.3222376329172445,1.313293931623564,0.006810129155644384
RC157417,1.3704605396632177,1.3408889422303278,0.022053726077942537
RC157515,1.1717861205915814,1.2607836025881753,-0.07058902242533716
RC157515-SP-1,1.6666666666666667,1.4059214952275598,0.18546211315796346
RC157529,1.3311836115326252,1.300800113167637,0.023357545911492972
RC157574,1.328143476547103,1.3288865956200215,-0.0005592042807626152
RC157574-SP-1,1.3439490445859872,1.368344820930735,-0.017828675909449476
RC157574-SP-2,1.2276422764227641,1.3416236465663436,-0.08495778263546205
RC157574-SP-3,1.44,1.3250000017572183,0.08679245138888181
RC157575,1.3640151515151515,1.3523659213287402,0.008613963131343771
RC157575-SP-1,1.391025641025641,1.3888929780127863,0.0015355128484457747
RC157575-SP-2,1.2941176470588236,1.4027771575551586,-0.07746027935450073
RC157575-SP-3,1.4532019704433496,1.3666182044660677,0.06335622172625022
RC158168,1.2878133102852205,1.281450658740335,0.004965194329947797
RC158168-SP-2,1.421875,1.3235089221436869,0.07432218718782013
RC158220,1.3177501826150475,1.3290744584509286,-0.00852042243673834
RC158220-SP-1,1.2702928870292887,1.2760116933284764,-0.004481782047208505
RC158220-SP-2,1.16,1.3735582223834044,-0.15547809980186877
RC158348,1.3624398073836277,1.3444085878227463,0.013412008614198667
RC158362,1.2600911458333333,1.2541805544829054,0.004712711681983395
RC158363,1.2645390070921987,1.253425134660049,0.008866801953164805
RC158385,1.449067431850789,1.448924058545371,0.00009895156655881365
RC158385-SP-1,1.2830188679245282,1.5331673467624771,-0.16315797448085267
RC158437,1.3189964157706093,1.2779074199024483,0.032153343214250674
RC158437-SP-1,1.1810344827586208,1.2327874374964536,-0.041980436500012486
RC158437-SP-2,1.4657534246575343,1.321439236808486,0.1092098553071521
RC158692,1.4175374829622898,1.4277699923236933,-0.007166777153475579
RC158782,0.9116455012158876,0.9074610504462027,0.00461116294481978
RC159414,1.3304195804195804,1.3662774294188438,-0.02624492524517208
RC159564,1.4811827956989247,1.4233507445091904,0.04063092067280749
RC159565,1.3943630214205187,1.3915610724782215,0.002013529264157432
RC159970,1.31399845320959,1.2910954719959764,0.017739184832092025
RC160140,1.3752886836027713,1.389749765728326,-0.010405529457294893
RC160140-SP-1,1.5,1.3712171153019919,0.09391866777395452
RC160157,1.332373508844097,1.3340419184331815,-0.0012506425518052922
RC160203,1.5055350553505535,1.4019770124648285,0.07386572102466826
RC160244,1.506726457399103,1.4835573919982217,0.01561723565656914
RC160252,1.2559698366149978,1.2440385850699462,0.009590740744090942
RC161210,1.2940902745463005,1.2694982326991648,0.019371465996332216
RC161210-SP-1,1.3636363636363635,1.3219904212365978,0.03150245397452278
RC161210-SP-2,1.2857142857142858,1.2777905291498597,0.006201138906310355
RC161326,1.4432707355242567,1.4146416978095886,0.020237660008889158
RC161329,1.4091816367265468,1.41024901537957,-0.0007568724681831229
RC161329-SP-1,1.2901554404145077,1.361502374767643,-0.05240309211014882
RC161329-SP-3,1.2758620689655173,1.3600873359903858,-0.0619263666355202
RC161335,1.4482006543075245,1.4335111255858919,0.010247237331785009
RC161336,1.3646631706333199,1.3750421987550756,-0.0075481524357235985
RC161336-SP-1,1.430722891566265,1.3950591104146284,0.025564351277586272
RC161336-SP-2,1.2451923076923077,1.3030216106394286,-0.044380923904049796
RC161739,1.293537787513691,1.2860891188730679,0.0057917204424762225
RC161739-SP-1,1.2755102040816326,1.368113734874591,-0.0676870120022931
RC161739-SP-2,1.45,1.3388270013608725,0.08303761316893365
RC161740,1.0061670715754065,0.9578134951098523,0.05048329002715568
RC162084,1.395935960591133,1.382037601984768,0.010056425806653335
RC162084-SP-1,1.3605150214592274,1.400753258671921,-0.02872614214072511
RC162084-SP-2,1.7222222222222223,1.518210506956163,0.13437643484306983
RC162085,1.3825128125485324,1.3506707108412044,0.02357502939224676
RC162085-SP-1,1.3543859649122807,1.3715369643951827,-0.012504948775088454
RC162085-SP-2,1.2903225806451613,1.3414302463773535,-0.03809938375119615
RC162085-SP-3,1.6363636363636365,1.522550530417564,0.07475161163607424
RC162086,1.243910360506658,1.2426497036968354,0.0010144908947968823
RC23710,1.3228155339805825,1.3149375860686188,0.0059911192709283245
RC25180,1.5035971223021583,1.401537950541534,0.07281941364569544
RC25950,1.3605919003115265,1.3910019159563551,-0.021861950940535446
RC25953,1.3630017452006982,1.3001315429906646,0.0483568009321691
RC25953-SP-1,1.3,1.0992096816441175,0.18266789467825206
RC26095,1.360738255033557,1.3767828809340257,-0.011653708164633625
RC26356,1.2835365853658536,1.333008024151815,-0.0371126338998895
RC26358,1.3364854215918045,1.368915755297151,-0.02369052557095208
RC27282,1.3888470233609647,1.4010891559103569,-0.008737582828152068
RC28383,1.5050071530758227,1.4462827020714353,0.04060371524894779
RC28632,1.4706994328922496,1.3838935408209818,0.06272584524079128
RC28680,1.3398276508055451,1.3540071496308403,-0.010472248118602034
RC31444,1.3461768816130963,1.3786615746423099,-0.02356248525867677
RC33045,1.3295695130557517,1.3016592376124723,0.02144207534260123
RC33045-SP-1,1.4112903225806452,1.3422756306389034,0.05141618484788535
RC33085,1.3269700332963374,1.3336503711863965,-0.005009062370759487
RC33367,1.3240740740740742,1.3729852284812012,-0.03562394801671154
RC33367-SP-1,1.6,1.4217201147809604,0.1253973151012966
RC33367-SP-2,1.3414634146341464,1.3708376566525857,-0.02142795091445593
RC33966,1.3943661971830985,1.3407018537822522,0.04002705243485272
RC33966-SP-1,1.2923076923076924,1.3409802004113247,-0.036296216818639704
RC34025,1.314106901217862,1.3183334901689894,-0.003206008936771809
RC36134,1.279025863696432,1.3038309964250356,-0.019024806739996736
RC36171,1.3484198205228248,1.3222250633338717,0.019811118330267607
RC36171-SP-1,1.3026315789473684,1.3028421163027473,-0.00016159851815067405
RC36171-SP-2,1.3428571428571427,1.3055145151741958,0.02860376292175082
RC37028,1.368063112078346,1.3732984328523756,-0.0038122236571374035
RC37048,1.4478851963746224,1.3562338620162588,0.06757782483185393
RC37048-SP-1,1.0103092783505154,1.067105011179035,-0.053224127179167136
RC37054,1.2958152958152958,1.2731664095927466,0.01778941546988655
RC37060,1.2995337995337994,1.2942166399792434,0.004108399931128437
RC37156,1.3885542168674698,1.330917157201132,0.0433062714343142
RC37156-SP-1,1.3333333333333333,1.0962083831691074,0.21631375366671102
RC37760,1.2658137882018479,1.2718134931561134,-0.004717440872070489
RC38296,1.2609102244389028,1.2843689549911506,-0.018264791017476245
RC39265,1.3786407766990292,1.3391519710546829,0.029487919592311673
RC39284,1.5072463768115942,1.4202579739134833,0.061248311571465264
RC39284-SP-1,1.2142857142857142,1.4703598816790857,-0.17415747708033635
RC39492,1.3396660909614277,1.3330276003902486,0.004980009843183808
RC39492-SP-1,1.3076923076923077,1.4399857249213095,-0.0918713393747227
RC39492-SP-2,1.2868185516680228,1.2949866385005386,-0.006307468038414421
RC40440,1.3034383265207983,1.2882765012368644,0.011769076956210212
RC40440-SP-1,1.3070652173913044,1.3073014008835415,-0.0001806649117620518
RC40440-SP-2,1.4827586206896552,1.3838080221132163,0.07150601600454043
RC40440-SP-3,1.2037037037037037,1.2790407358224267,-0.058901198381520636
RC40968,1.3564572425828971,1.368934266728085,-0.009114407059887197
RC41435,1.2798353909465021,1.2848757443648555,-0.003922833348251165
RC41664,1.2525100401606426,1.2473742375333532,0.004117290924209982
RC41713,1.3259195893926432,1.3192597458305972,0.005048167036926454
RC42115,1.0213713268032056,0.9998317950207243,0.021543155448497053
RC42785,1.4232876712328768,1.3549494881359603,0.05043596362468916
RC42785-SP-1,0.5277777777777778,1.097089662317173,-0.5189292216435131
RC43108,1.3733189887036041,1.3961684787424664,-0.016365854398491253
RC43136,1.4289405684754521,1.3932434644321159,0.025621583703524742
RC43366,0.9578544061302682,0.9438256804315772,0.014863682976157477
RC43378,1.1813153042409343,1.214520137527467,-0.027339878739377377
RC44449,1.4241706161137442,1.3751810090031116,0.03562411550908906
RC44466,1.4176470588235295,1.388634148827044,0.02089312726537229
RC44472,1.4109947643979057,1.3950579392625924,0.011423772939306964
RC44661,1.3346175013758943,1.3380340179853718,-0.002553385462218394
RC44664,1.2111292962356792,1.2049057883995968,0.005165140624271203
RC44720,1.3070244672454616,1.2703421959693897,0.028875897685253227
RC44984,1.2236438075742067,1.259747933470878,-0.028659801645553595
RC44987,1.4430379746835442,1.4577575088344852,-0.010097381808521377
RC45054,1.2043010752688172,1.2019013126966194,0.00199663861487398
RC46370,0.8675889328063241,0.9264358574889513,-0.06351969670315682
RC46803,1.5637149028077755,1.4970422807821764,0.04453623179618127
RC47158,1.5702702702702702,1.5055623919161647,0.04297920743872363
RC47844,1.1764097258147956,1.2115206392319937,-0.028980862793600792
RC47844-SP-1,1.3076923076923077,1.3486863509411287,-0.030395535048022726
RC47846,1.2169289663972778,1.201033869217667,0.013234512020851463
RC47846-SP-1,1.2602739726027397,1.2353969666498186,0.020136852060097965
RC48181,1.2694516971279373,1.2678375482209132,0.0012731512087562624
RC48181-SP-2,1.3804347826086956,1.1722779527787797,0.1775661048102959
RC48438,1.266,1.289770034328105,-0.018429668619559747
RC48438-SP-1,1.175,1.2250819685705554,-0.04088050420739753
RC48464,1.242113169754632,1.2410110764304718,0.0008880608280550373
RC48464-SP-1,1.3705583756345177,1.282201701297005,0.06891012096469384
RC48538,1.3028371055148231,1.2646947927433143,0.030159302458083515
RC48553,1.320921985815603,1.3257730040253253,-0.0036590111542426085
RC48553-SP-1,1.6027397260273972,1.3820466037980805,0.15968573101863393
RC48924,1.3874312314853998,1.3868080759069616,0.0004493452188982783
RC49146,1.401253918495298,1.3728686174065559,0.02067590498380234
RC49146-SP-2,1.1829268292682926,1.245129385273587,-0.04995670067783908
RC49167,1.2945570971184632,1.2550941941030835,0.03144218434026036
RC49167-SP-1,1.588235294117647,1.3392076531357784,0.18595147690409775
RC49383,1.3208004851425106,1.2992011041616656,0.016625125172428534
RC49416,1.2451904941531498,1.2170720695857893,0.023103335677508552
RC49434,1.2900523560209425,1.2560332392616036,0.027084567267772197
RC49434-SP-1,1.2765957446808511,1.2977509501145392,-0.016301437060647794
RC49445,1.2798546209761164,1.2559851107113933,0.019004612444174063
RC49445-DP-1,1.3888888888888888,1.3254109632958706,0.0478930138280802
RC49446,1.314385150812065,1.2880932122930455,0.02041151856721224
RC49446-SP-1,1.3444444444444446,1.3345134764701359,0.0074416393310441364
RC49451,1.25,1.2657814096329691,-0.012467721134840404
RC49451-DP-1,1.0461538461538462,1.2416155339804813,-0.15742529186954246
RC50138,1.5844875346260388,1.501525860802161,0.055251578404088786
RC50183,1.347624565469293,1.310045774042915,0.028685098010283072
RC50446,1.3377926421404682,1.3325005971571318,0.003971514155135747
RC50505,1.3099630996309963,1.336281816144151,-0.019695483538867187
RC50932,1.3314651721377102,1.324337227611645,0.00538227301736427
RC51108,1.2976031957390146,1.2916046489350115,0.004644259223555158
RC51194,1.3738317757009346,1.3632685222318293,0.007748476031568696
RC51194-SP-1,1.3688888888888888,1.3947141535177667,-0.01851652868348752
RC51194-SP-2,1,1.2526574260090308,-0.20169714461678312
RC51200,1.1936936936936937,1.2484978656393309,-0.043896087813953266
RC51200-SP-1,1.121212121212121,1.3136269809023111,-0.14647602590959496
RC51460,1.4043497558810476,1.3883772142332322,0.011504468298722648
RC51561,1.2556766575840146,1.268869590433014,-0.01039739067629275
RC51561-SP-1,1.46,1.4682709995703014,-0.005633155986001115
RC51649,1.27209186220669,1.2853706725855962,-0.010330724562273685
RC52270,1.3197526949904883,1.3101229501748874,0.007350260381527862
RC52270-SP-1,1.4545454545454546,1.339946155762675,0.08552530136373382
RC52271,1.2786421499292786,1.2970125330420543,-0.014163612644273571
RC52271-SP-1,1.2536231884057971,1.3061686007864517,-0.04022865987516211
RC52575,1.3364197530864197,1.3391339689628095,-0.0020268441689160754
RC52575-SP-1,1.2,1.3140645576062924,-0.08680285678967936
RC52585,1.169811320754717,1.2382007497128535,-0.055232908697556815
RC52585-SP-1,1.1587301587301588,1.1643421858178775,-0.004819912183957165
RC52745,1.2365256754845098,1.2593092131714227,-0.01809209163930059
RC52877,1.323022010707912,1.3021636826716168,0.016018207475653634
RC52879,1.3794642857142858,1.3634713664285816,0.01172956006226622
RC52879-DP-1,1.459016393442623,1.3601930452286377,0.07265391376661068
RC53028,1.3483709273182958,1.369446083905389,-0.01538954825223282
RC53411,1.348996573666177,1.3446038507481728,0.0032669272184220333
RC53411-SP-1,1.391304347826087,1.4087510541235189,-0.01238452049165406
RC53666,1.4309069676917088,1.3941914096565626,0.02633466092305836
RC53727,1.3202394313505426,1.2940428783719853,0.02024396054906208
RC53727-SP-1,1.2958715596330275,1.3109850838052626,-0.011528372335378956
RC53864,1.4047256097560976,1.33815089852127,0.04975127342394359
RC53864-SP-1,1.244186046511628,1.27834348795799,-0.026720080923574585
RC53873,1.2386363636363635,1.2834512332955539,-0.03491746978505594
RC54128,1.319327731092437,1.3342205553375601,-0.011162190677953765
RC54217,1.2154915590863953,1.2378150032946593,-0.018034556172648042
RC54217-SP-1,1.2511415525114156,1.2728119425520839,-0.017025602381776528
RC54217-SP-2,1.3066666666666666,1.3325856409654566,-0.019450137763762587
RC54397,1.1962025316455696,1.228905222091243,-0.026611238896049993
RC54397-SP-1,1.1358447488584476,1.1873333104859474,-0.043364875871651276
RC54429,1.337354781054513,1.3281960308338974,0.0068956313736801
RC54429-SP-1,1.5352112676056338,1.408414430432829,0.09002807301103699
RC54568,1.3091293047433399,1.3012984065004056,0.006017757498062215
RC54810,1.3537803138373752,1.350307537625185,0.0025718409439510204
RD153338,1.3613861386138615,1.3828396619549401,-0.01551410762311356
RD153499,1.2408536585365855,1.2664173904701919,-0.02018586614963913
RD154134,1.342403628117914,1.3270001707657053,0.011607728236628923
RD158370,1.1409395973154361,1.0532340050388551,0.08327265532349148
RD159195,1.332046332046332,1.3671535407800166,-0.025679053366350013
RD29695,0.9226932668329177,0.9232119194247802,-0.0005617914814030067
RD36175,1.3548387096774193,1.343609373377248,0.00835759002778147
RD44772,1.4627659574468086,1.387186033891836,0.054484345796740996
RD45052,1.3823529411764706,1.389956729094631,-0.005470521318396315
RD45068,1.1914893617021276,1.2264572250425598,-0.028511278360497827
RE0499,1.2732644017725259,1.302729441092685,-0.02261792693918474
RE0499-AP-1,1.5,1.5275247156971854,-0.01801916225271849
RE0499-AP-2,1.3617021276595744,1.3717074334895052,-0.007294052350855895
RF0358,1.325934065934066,1.3312792246573952,-0.004015054561303466
RF0462,0.9087577867350678,0.9193520187201624,-0.011523585927230462
RF0593,1.2221526908635796,1.2501928926437513,-0.02242870035909106
RF0593-DP-1,1.4943820224719102,1.3518632242796746,0.10542397753898136
RF151643,1.4164305949008498,1.3453424190600785,0.05284020992249472
RF151643-DP-1,1.3389830508474576,1.281374059464434,0.04495876200826321
RF151779,1.2994483845547675,1.2959665304019772,0.0026866852431060018
RF151937,1.3116279069767443,1.3476845407330005,-0.02675450572182514
RF151937-DP-1,1.046875,1.143395624533429,-0.08441577216356311
RF152127,1.2622420072845002,1.2868916914658517,-0.01915443571888631
RF152166,1.2823974082073435,1.2607362334653076,0.01718136924049296
RF152211,1.1790992258972555,1.1699922165600756,0.007783820446221057
RF152211-DP-1,1.3178807947019868,1.289238459544714,0.022216475893364063
RF152556,1.2879834254143647,1.28744929879716,0.0004148719624947894
RF152556-DP-1,1.3203125,1.3002237640173133,0.015450214446641297
RF152645,1.4101765316718589,1.3668686103072298,0.03168404120048862
RF153042,1.4936061381074168,1.4297656234549567,0.04465103483058486
RF153512,1.3946343574210298,1.364678393477281,0.021950932972141013
RF153512-SP-1,1.2454545454545454,1.259911878744579,-0.011474876563938308
RF153769,1.2432975871313674,1.2212718741131037,0.01803506122194043
RF153769-DP-1,1.4523809523809523,1.1788784636446554,0.23200227773330306
RF154356,1.3221859706362153,1.2795971876751204,0.033282960740538714
RF154356-DP-1,1.476923076923077,1.3594087084855957,0.08644520790836663
RF154374,1.408,1.3799953816824178,0.02029326959300426
RF154374-DP-2,1.1886792452830188,1.2888462808433638,-0.07771837266334047
RF154375,1.4366035570854847,1.3854940838565493,0.03688898698626808
RF154383,1.3272565584704312,1.3059145193436559,0.016342600385132355
RF154383-DP-1,1.3898305084745763,1.3268306070215463,0.0474814954671956
RF154630,1.3455772113943028,1.3301311532177573,0.011612432457641209
RF155069,1.1819571865443426,1.2129249491981076,-0.025531474700259515
RF155100,1.2683573050719152,1.248480856694424,0.015920507127452188
RF155100-DP-1,1.3402061855670102,1.215099253481652,0.10296025754841542
RF155293,1.2785414280259642,1.2816587222207292,-0.0024322342139284636
RF155293-DP-1,1.3542600896860986,1.3145487702504512,0.03020908796566113
RF155294,1.3434237995824634,1.3295095343887098,0.010465712982006714
RF155349,1.300275482093664,1.2961046633769118,0.003217964439604426
RF155349-SP-1,1.2536585365853659,1.2921272900279606,-0.029771643815186488
RF155352,1.3674488267598601,1.3381773665076013,0.021874125945390954
RF155581,1.232986389111289,1.235487238381817,-0.0020241805765662813
RF155581-DP-1,1.3636363636363635,1.2058689651075665,0.13083295374031279
RF155603,1.301980198019802,1.2598223134329531,0.03346335759998631
RF155603-DP-1,1.4814814814814814,1.2601530029889996,0.17563619494418958
RF155669,1.3693972179289027,1.357399922384257,0.008838438360577294
RF155670,1.2483690587138863,1.2272790692347744,0.017184347071332207
RF155670-DP-1,1.2254901960784315,1.2486984848967684,-0.018585983004740902
RF155873,1.324279007377599,1.3141009564415755,0.00774525799264647
RF155873-DP-1,1.4463276836158192,1.3356476238956394,0.08286621242013137
RF155887,1.4676616915422886,1.4051015477584659,0.04452357474349378
RF156093,1.2747311827956989,1.2818747479019714,-0.005572748131566163
RF156093-DP-1,1.4528301886792452,1.3720889573066188,0.05884547859864697
RF156103,1.2896825396825398,1.2936306952571242,-0.00305199589732974
RF156103-DP-1,1.2083333333333333,1.3124889509660191,-0.07935732910819937
RF156488,1.254750175932442,1.2357600600534024,0.015367154590041343
RF156488-DP-1,1.0833333333333333,1.2190588433974423,-0.11133630734825761
RF156627,1.3536439665471924,1.351291254181876,0.0017410845796828056
RF156627-DP-1,1.3658536585365855,1.333342396979688,0.024383280416599984
RF156736,1.3329764453961457,1.3179001955788705,0.011439599043881366
RF156736-DP-1,1.3953488372093024,1.3451223730902286,0.0373396986949861
RF156739,1.2700175336060784,1.2606103143696297,0.007462432386294404
RF156739-DP-1,1.3448275862068966,1.3266641164172919,0.013691083948705662
RF157449,1.4435483870967742,1.3827359748077184,0.043979771552202784
RF157449-DP-1,1.2105263157894737,1.4197057607881005,-0.14733999873502523
RF158165,1.2388510959939532,1.2680712118886208,-0.023042961326397715
RF158627,1.1929260450160772,1.1838856772076143,0.007636183106620509
RF158631,1.437603993344426,1.409514423338082,0.01992854385967946
RF158762,0.8387858347386172,0.8836157401998747,-0.0507346162157738
RF158763,1.3488865323435844,1.3412510278884324,0.005692822817196852
RF158908,1.2678475577026302,1.2757111032037556,-0.006164048804919275
RF158908-SP-1,1.2091954022988505,1.275691433179484,-0.05212548203361467
RF159166,1.238162878787879,1.254906876800088,-0.013342821146143491
RF159167,1.3596903511197125,1.3663333626068868,-0.004861925843997472
RF159171,1.2738208293763849,1.3046260888419674,-0.023612328259452697
RF159186,1.2577751196172249,1.2423706681532025,0.0123992395014616
RF159282,1.2877397831526272,1.2614754164115718,0.020820355592634288
RF159282-DP-1,1.3857142857142857,1.4043400925017653,-0.013263031431580474
RF159285,1.2602128883774453,1.2559892982956071,0.003362759609154109
RF159285-DP-1,1.3195488721804511,1.27972159568228,0.03112182886695547
RF159286,1.265015015015015,1.2655743029801112,-0.0004419242424401615
RF159961,1.4367945823927766,1.3976932082825748,0.02797564864627744
RF160591,1.2771313729638247,1.2741957608316374,0.0023038941286943615
RF160591-DP-1,1.3253968253968254,1.3150532989161736,0.00786548080536087
RF160602,1.544776119402985,1.4308537067215825,0.0796184907976547
RF161541,1.3362952836637048,1.3508691186016204,-0.01078848775002128
RF161641,1.2932642487046633,1.3099294914932968,-0.012722244133640648
RF162076,1.3814919735599622,1.3305339865710177,0.03829889916624429
RF162076-DP-1,0.8571428571428571,1.2035387997425258,-0.28781452054040413
RF162198,1.209162520729685,1.199267023328434,0.00825128783562068
RF162198-DP-1,1.2439024390243902,1.2215027719068716,0.018337794749782477
RF24913,1.4958609271523178,1.4779832774543038,0.012095975624843769
RF25272,1.2544251743250492,1.274034537194409,-0.015391547322211818
RF25272-DP-1,1.3746223564954683,1.3026842052784025,0.055223016388451285
RF25273,1.2015765765765767,1.2087080853992584,-0.005900108478488542
RF25273-DP-1,1.3783783783783783,1.2444420681416637,0.10762759767252406
RF25919,1.35929203539823,1.3292567081665596,0.022595580708483443
RF26311,1.0348258706467661,0.9953157590739057,0.03969605746986549
RF26345,1.5601173020527859,1.5351065616911017,0.016292510882196964
RF26348,1.338328075709779,1.3236694777061397,0.011074213200898297
RF27614,1.3963133640552996,1.348913736941777,0.03513910920722463
RF29261,1.339754816112084,1.370646901498946,-0.022538325044238805
RF32038,1.2363013698630136,1.3161968987328163,-0.06070180604947717
RF32038-SP-1,1.1355932203389831,1.2553703325410845,-0.09541177539192924
RF33942,1.23784046692607,1.2578196582268892,-0.015883987159958424
RF33942-DP-1,1.3909774436090225,1.2530082308982358,0.11011038021025743
RF34865,1.3069224353628024,1.3293165562564957,-0.01684634166955512
RF35038,1.3571428571428572,1.3660214456680109,-0.006499596732767232
RF35038-SP-1,1.2753623188405796,1.3361111852924565,-0.0454669245498307
RF35139,1.42,1.4031832164647693,0.011984738227983849
RF36761,1.4648648648648648,1.4302850350534606,0.024176880107056098
RF36761-DP-2,1.411764705882353,1.1042590034140614,0.27847244307501184
RF38055,1.3488372093023255,1.3417719846527392,0.005265592612156755
RF39094,1.4920212765957446,1.4529787574977264,0.026870674396682892
RF40386,1.4935064935064934,1.4501224679545097,0.02991749077109307
RF41826,1.2892976588628762,1.3201004306789115,-0.023333657879494596
RF43260,1.2507552870090635,1.2952678996280587,-0.03436556455369366
RF43260-SP-1,1.1993865030674846,1.2512569151659754,-0.041454645700487736
RF43260-SP-2,1.2864864864864864,1.3179490234591513,-0.023872347422123186
RF43777,1.0238095238095237,1.0580965024627798,-0.03240439654932337
RF43795,1.2700096432015429,1.2921925341121667,-0.01716686200006956
RF43801,1.3565365025466893,1.3212227866405437,0.026728055452281074
RF43824,1.445414847161572,1.3744885992805582,0.05160191791924529
RF43824-DP-1,1.0163934426229508,1.1978452456488902,-0.15148184098492967
RF44347,1.340625,1.3479044483246418,-0.005400567031060399
RF44450,1.3963254593175853,1.3358741499001496,0.04525224881546985
RF44450-DP-1,1.0909090909090908,1.2617993738040982,-0.13543379909898345
RF44480,1.1583236321303843,1.1843496514960328,-0.021974945771101706
RF44643,1.297805642633229,1.3041431369807086,-0.004859508260843137
RF44643-SP-2,1.2464788732394365,1.2618864345951075,-0.012209942934060192
RF46058,1.4854368932038835,1.3918980568988089,0.067202361438367
RF46058-DP-1,1.1612903225806452,1.278262296305664,-0.09150858478974333
RF46394,1.2743190661478598,1.2689046682629568,0.004266985550865021
RF46398,1.417047184170472,1.3975965528165906,0.013917200435763943
RF46398-DP-1,1.4333333333333333,1.3996269460603892,0.024082408078681006
RF47806,1.2525204032645223,1.29388172369584,-0.03196684803087979
RF47806-SP-1,1.1856060606060606,1.23716396283773,-0.04167426774492278
RF47807,1.2857142857142858,1.3271869184707452,-0.03124852436327996
RF48182,1.2661962796664528,1.30005272223967,-0.026042361201237152
RF48386,1.0769230769230769,1.0397416261277064,0.03576027915112423
RF48468,1.2418625678119348,1.2371193100692086,0.0038341150316867356
RF48468-DP-1,1.2454545454545454,1.2718002098167127,-0.020715253983142556
RF48473,1.3636363636363635,1.367339210857281,-0.0027080677505004758
RF48474,1.3238007380073802,1.3159054270926234,0.0059999075558192505
RF48474-SP-1,1.365296803652968,1.3097861575556415,0.04238145729141163
RF48732,1.3382917466410749,1.3452712095254904,-0.005188145583578829
RF48732-DP-1,1.2456140350877194,1.2586245666027336,-0.010337102786839858
RF48803,1.2447916666666667,1.2794737899889592,-0.02710655239181714
RF48803-DP-1,0.9444444444444444,1.1708592254528332,-0.1933748960476629
RF49147,1.353211009174312,1.3452378247865209,0.005926970117017261
RF49147-DP-1,1.4181818181818182,1.4006822650718467,0.012493592263106201
RF49176,1.2513812154696133,1.2716545688517782,-0.015942500328898768
RF49176-DP-1,1.0666666666666667,1.0235850311535772,0.04208896594016864
RF49214,1.222704266088214,1.2789426058316062,-0.043972528154869406
RF49214-DP-1,1.1333333333333333,1.3179758862348312,-0.14009554714159544
RF49384,1.2402990388038448,1.2756808313339716,-0.02773561510141076
RF49435,1.2876543209876543,1.338310684355114,-0.03785097433625384
RF49435-SP-1,1.3529411764705883,1.3021765497027489,0.03898444245477117
RF49573,1.213653603034134,1.2851692259295433,-0.05564685292217697
RF49573-DP-1,1.25,1.2115437603199173,0.03174151932401359
RF49573-DP-2,1.4857142857142858,1.4016647087777914,0.05996411011145675
RF50162,1.3139050791007494,1.3419249636569281,-0.020880366127045358
RF50185,1.264428980761359,1.25190738866058,0.010002011501965669
RF50186,1.2164591977869985,1.2121694121202833,0.003538932449394183
RF50186-DP-1,1.489795918367347,1.4340308920489115,0.03888690726791766
RF50186-SP-2,1.2151162790697674,1.2700351624363422,-0.043242018009345795
RF50419,1.2725321888412018,1.2805994771804892,-0.006299618641926408
RF50419-DP-1,1.3387096774193548,1.325165234344369,0.010220946583832546
RF50934,1.3017241379310345,1.3391041045725764,-0.027914160306060087
RF51192,1.3253012048192772,1.3408202953047308,-0.01157432546314996
RF51192-SP-1,1.1956521739130435,1.2967420546276163,-0.07795681519992248
RF51195,1.3088372093023255,1.2944888031943522,0.011084225736496478
RF51195-DP-1,1.3282442748091603,1.2915183438353517,0.028436244168817293
RF51492,1.2371937639198218,1.250106100168878,-0.010328992272985338
RF51566,1.2596879718168092,1.2855673905424034,-0.020130736759490397
RF52151,1.3588305967160592,1.3725315678577752,-0.009982263040478001
RF52878,1.3921282798833818,1.3821333362519967,0.007231533578727634
RF52878-SP-1,1.2821782178217822,1.3464890242859997,-0.04776184974721165
RF53656,1.3894195444526083,1.397943022682632,-0.006097157102774475
RF54130,1.3040488922841864,1.2895458247939486,0.011246647626931061
RF54130-SP-1,1.2189054726368158,1.2445827848705073,-0.020631260970207732
RF54225,1.320044296788483,1.2907813436166566,0.022670728327877754
RF54225-SP-1,1.2083333333333333,1.3013926369586284,-0.07150747666958979
RF54400,1.1666666666666667,1.2166273030239911,-0.04106486533151499
RF54400-DP-1,1.2702702702702702,1.292787244520498,-0.017417385842617317
RMOD-1001-0456-07-101-48257,1.4022988505747127,1.3421772956543923,0.04479404853217073
RMOD-1001-0456-07-101-53417,1.3888888888888888,1.3963975232732566,-0.00537714673595735
RMOD-1001-0456-07-103-48366,1.3970588235294117,1.3387085689560068,0.04358697324161409
RMOD-1001-0456-07-106-53485,1.37984496124031,1.3655401590138088,0.010475563191661985
RMOD-1001-0456-07-158-48346,1.1515151515151516,1.3171990787543844,-0.12578503121632345
RMOD-1001-2246-02-101-50245,1.3428571428571427,1.319030709440128,0.018063592641545334
RMOD-1001-2246-02-101-52682,1.1384615384615384,1.2775038214892023,-0.10883903491230307
RMOD-1001-2246-02-103-50369,1.439252336448598,1.3832422944693783,0.04049185179137815
RMOD-1001-2246-02-103-52801,1.4057971014492754,1.3586356915602986,0.03471232956850656
RMOD-1001-2246-02-106-50349,1.3333333333333333,1.3267530868031896,0.004959661745350674
RMOD-1001-2246-02-106-52758,1.25,1.2674424810939562,-0.013761950821548186
RMOD-1001-2607-09-117-47564,1.2260869565217392,1.2944761119868644,-0.052831531483540695
RMOD-1001-2607-09-117-49596,1.27831715210356,1.3441232071721883,-0.04895835048267139
RMOD-1001-2607-09-117-51942,1.0600522193211488,1.0173028643456654,0.04202224968960433
RMOD-1001-2607-09-117-54250,1.3061224489795917,1.347737891183484,-0.030877993767281176
RMOD-1001-3197-07-106-53972,1.3107142857142857,1.286846139118755,0.018547785838543218
RMOD-1001-3218-02-101-47873,1.3310104529616724,1.299497690975563,0.02424995612147063
RMOD-1001-3218-02-101-51273,1.37984496124031,1.3746581335594905,0.003773176438704118
RMOD-1001-3218-02-103-47951,1.2564102564102564,1.2776459059634588,-0.01662091934399379
RMOD-1001-3218-02-103-51355,1.3783783783783783,1.3510125071256274,0.020255823768037473
RMOD-1001-3218-02-106-47929,1.208955223880597,1.251686762154092,-0.03413916290043362
RMOD-1001-3218-02-106-51334,1.4082840236686391,1.3439344631748888,0.04788147209331317
RMOD-1001-3761-07-101-46159,1.296,1.290702403631185,0.004104428994562204
RMOD-1001-3761-07-106-46259,1.1770833333333333,1.265690400975009,-0.07000690498515139
RMOD-1001-3771-02-101-46495,1.3101983002832862,1.2926091196218017,0.013607501598496219
RMOD-1001-3771-02-101-48562,1.2799145299145298,1.2657019452230776,0.01122901386467201
RMOD-1001-3771-02-101-50525,1.3909090909090909,1.390632129172919,0.0001991624746486842
RMOD-1001-3771-02-106-50644,1.3621399176954732,1.3923375463412637,-0.021688439506025392
RMOD-1001-3771-02-108-46621,1.170854271356784,1.2862951265045401,-0.08974678731891217
RMOD-1001-3771-02-108-48636,1.4147727272727273,1.3177669335741224,0.07361377131804359
RMOD-1001-3771-02-108-50688,1.3409090909090908,1.394051022077442,-0.038120506586020064
RMOD-1001-4008-07-101-47227,1.2828282828282829,1.2973138658064014,-0.011165827607272583
RMOD-1001-4008-07-103-47344,1.297872340425532,1.2924895685406979,0.004164654025727854
RMOD-1001-4008-07-106-47300,1.3571428571428572,1.2337292091441956,0.10003301136419562
RMOD-1001-4020-02-101-51602,1.3218390804597702,1.2854279675032032,0.028326062507642025
RMOD-1001-4020-02-103-51715,1.2795698924731183,1.3161582470597482,-0.027799358221830106
RMOD-1001-4020-02-158-51655,1.1666666666666667,1.217648127531272,-0.04186879584660319
RMOD-1001-5708-02-101-48927,1.2559241706161137,1.234019832378366,0.017750394007469694
RMOD-1001-5708-02-101-50941,1.406060606060606,1.3934206893245786,0.009071141854621212
RMOD-1001-5708-02-101-53029,1.3,1.36326512929781,-0.04640706194135291
RMOD-1001-5708-02-103-49012,1.4141104294478528,1.3355800349671454,0.058798718477877765
RMOD-1001-5708-02-103-51024,1.4269662921348314,1.3814307273892878,0.032962611763819316
RMOD-1001-5708-02-106-48989,1.302439024390244,1.2864249677351425,0.012448496458596692
RMOD-1001-5708-02-106-50997,1.3706293706293706,1.358158463309907,0.009182218169941025
RMOD-1001-5708-02-106-53112,1.2551020408163265,1.3043488338130884,-0.03775584546106081
RMOD-1001-5867-02-101-46882,1.3067092651757188,1.2942535240183872,0.009623880426965492
RMOD-1001-5867-02-158-47006,1.2358490566037736,1.2629405352416174,-0.02145111181553827
RMOD-1001-6574-07-101-49213,1.4057692307692307,1.359259605763958,0.034216881608228444
RMOD-1001-6574-07-106-49333,1.2576271186440677,1.3392545842933958,-0.06094992438827118
RMOD-1001-6819-07-101-54608,1.2462311557788945,1.2388822701913202,0.005931867590969198
RMOD-1001-6819-07-158-54790,1.2598039215686274,1.261954105099153,-0.0017038523998909039
RMOD-1001-9477-02-101-49907,1.2285714285714286,1.3704568840300941,-0.10353149895633618
RMOD-1001-9477-02-101-52276,0.8688524590163934,0.8735120754340334,-0.005334346883899332
RMOD-1001-9477-02-103-49996,1.2985781990521328,1.2803883913389855,0.014206476594281536
RMOD-1001-9477-02-103-52432,0.7028985507246377,0.8651687730069578,-0.18755903743305258
RMOD-1001-9477-02-106-49977,1.2311827956989247,1.315181794673834,-0.06386873610559751
RMOD-1001-9477-02-106-52408,0.8742138364779874,0.9111439646008851,-0.04053160593460603
RMOD-1002-0158-01-103-47565,1.4604651162790698,1.4053136800554813,0.039244929446222265
RMOD-1002-0158-01-103-49597,1.4806201550387597,1.4320701305542778,0.033901988072114086
RMOD-1002-0158-01-103-53418,1.4819277108433735,1.4488450396077714,0.022833823032281098
RMOD-1002-0158-01-106-49648,1.3076923076923077,1.28548016383856,0.017279258349207183
RMOD-1002-0158-01-106-53486,1.3181818181818181,1.4532058914584933,-0.09291462006196505
RMOD-1002-0158-01-108-49685,1.3793103448275863,1.365918773087367,0.009804076204290357
RMOD-1002-0158-01-158-47597,1.53125,1.3328896354827875,0.14881979665583045
RMOD-1002-0158-100-101-47670,1.4705882352941178,1.1345237294780135,0.2962163743994366
RMOD-1002-0487-01-103-46160,1.2767527675276753,1.2321861456197152,0.036168741278571837
RMOD-1002-0487-01-103-47874,1.375,1.3878712002713722,-0.00927405963093364
RMOD-1002-0487-01-103-48258,1.2878228782287824,1.3190454244795593,-0.023670561810330448
RMOD-1002-0487-01-103-50247,1.32996632996633,1.3441618313217498,-0.010560857349640074
RMOD-1002-0487-01-103-52684,1.28099173553719,1.277810767299919,0.0024893891323145567
RMOD-1002-0487-01-106-46260,1.2349397590361446,1.2452507307991725,-0.008280237471862795
RMOD-1002-0487-01-106-47930,1.2264150943396226,1.2794544929091392,-0.04145469718811112
RMOD-1002-0487-01-106-48347,1.3287671232876712,1.3209274300729996,0.0059349916098254685
RMOD-1002-0487-01-106-52759,1.3225806451612903,1.2931325632254713,0.022772670624244595
RMOD-1002-0487-01-108-46280,1.2,1.2214965762406589,-0.017598556278248356
RMOD-1002-0487-01-108-47953,1.123456790123457,1.3060845751044905,-0.13982845250769693
RMOD-1002-0487-01-108-48368,1.2857142857142858,1.2508709076681486,0.027855294924950647
RMOD-1002-0487-01-108-50370,1.2839506172839505,1.4108013964240542,-0.08991398751208435
RMOD-1002-0487-01-108-52802,1.4565217391304348,1.3528743899556288,0.0766126921644259
RMOD-1002-0487-01-158-50351,1.3370165745856353,1.3092963778471194,0.0211718272558703
RMOD-1002-2188-01-103-46496,1.2705882352941176,1.2662630698071375,0.0034156926709068003
RMOD-1002-2188-01-103-49215,1.3944723618090453,1.3764718085124616,0.013077313451146155
RMOD-1002-2188-01-103-51274,1.364864864864865,1.3067814805398028,0.044447664119841246
RMOD-1002-2188-01-103-53870,1.4080996884735202,1.3579672315915048,0.03691728026696306
RMOD-1002-2188-01-106-51335,1.3950617283950617,1.3481091695695577,0.03482845446448213
RMOD-1002-2188-01-106-53973,1.3136094674556213,1.291131878864411,0.017409211993882456
RMOD-1002-2188-01-158-46589,1.306930693069307,1.2139766476563851,0.07656987932376813
RMOD-1002-2188-01-158-49334,1.272189349112426,1.3627353893668996,-0.0664443302500125
RMOD-1002-2188-100-101-46622,1.1041666666666667,1.109837309111169,-0.005109435768602788
RMOD-1002-2188-100-101-49352,1.303030303030303,1.2495772086536212,0.04277694407877042
RMOD-1002-2188-100-101-51356,1.0666666666666667,1.055385778261796,0.010688876652715784
RMOD-1002-2253-01-103-48563,1.2960526315789473,1.2710998092736123,0.019630891392859784
RMOD-1002-2253-01-103-50526,1.458267716535433,1.3969739215993142,0.04387611965293314
RMOD-1002-2253-01-145-48618,1.303030303030303,1.3242866547984802,-0.016051171165363698
RMOD-1002-2253-01-145-50648,1.3121019108280254,1.3635937774788571,-0.03776188150846127
RMOD-1002-2734-01-103-47228,1.3669250645994833,1.3278837057738553,0.029401188263603162
RMOD-1002-2734-01-103-49908,1.497142857142857,1.4418569852331118,0.038343519833076156
RMOD-1002-2734-01-103-52277,0.963276836158192,0.9522849827038327,0.011542609254584946
RMOD-1002-2734-01-103-54609,1.4026666666666667,1.3752755363471147,0.019916830915429395
RMOD-1002-2734-01-106-47301,1.2282608695652173,1.263658450774772,-0.028011984716164062
RMOD-1002-2734-01-106-49978,1.25,1.3641658113609023,-0.08368910172804411
RMOD-1002-2734-01-106-52409,0.9090909090909091,0.9521606573493882,-0.04523369866843263
RMOD-1002-2734-01-106-54791,1.1494252873563218,1.331912856883582,-0.13701164350515072
RMOD-1002-2734-01-108-49997,1.4148148148148147,1.3271646913569388,0.06604313995745281
RMOD-1002-2734-01-108-52433,0.9338235294117647,0.8824590565083618,0.05820606919332616
RMOD-1002-4134-01-103-51603,1.3799342105263157,1.4196570303708302,-0.027980574881623643
RMOD-1002-4134-01-106-51656,1.3712737127371273,1.3290554852819332,0.03176558685677322
RMOD-1002-4134-01-107-51716,1.2890173410404624,1.3500222996066051,-0.04518811176964965
RMOD-1002-4223-01-103-51944,1.0626959247648904,1.1054437463813338,-0.03867028218882984
RMOD-1002-4223-01-103-54251,1.3854545454545455,1.3747823654830276,0.007762814129324447
RMOD-1002-4223-01-106-52043,1.12,1.0431791594904212,0.07364108054756846
RMOD-1002-4223-01-106-54333,1.2648648648648648,1.320140830629491,-0.041871264400078156
RMOD-1002-4223-100-101-52062,1.1290322580645162,1.0080984924314818,0.11996225224119539
RMOD-1002-6414-01-103-46883,1.3432835820895523,1.298059339587304,0.03483988838031604
RMOD-1002-6414-01-103-48928,1.27,1.3228961112648425,-0.039985083344351025
RMOD-1002-6414-01-103-50943,1.320754716981132,1.4368726266588088,-0.08081294578468534
RMOD-1002-6414-01-103-53030,1.373134328358209,1.4236198516894245,-0.03546278402292846
RMOD-1002-6414-01-106-47007,1.0689655172413792,1.2123902540016909,-0.11829915020094794
RMOD-1002-6414-01-106-48990,1.22,1.196742616750945,0.019433905773487803
RMOD-1002-6414-01-106-50999,1.3333333333333333,1.3458060602046338,-0.009267848644851417
RMOD-1002-6414-01-106-53113,1.2307692307692308,1.2534062979713179,-0.01806043837399418
RMOD-1003-0281-17-118-46161,1.2714681440443214,1.306368859650224,-0.02671582022802299
RMOD-1003-0281-17-118-50248,1.5170731707317073,1.4044410370340121,0.08019712521043876
RMOD-1003-0281-17-118-52278,1.0199004975124377,0.9571899764282278,0.06551522960804035
RMOD-1003-0281-17-118-54610,1.375,1.3763792510819661,-0.0010020865113172794
RMOD-1003-0281-17-145-46261,1.2682926829268293,1.23836671109215,0.02416567852367968
RMOD-1003-0281-17-147-50371,1.5,1.3181156164172876,0.13798818655762868
RMOD-1003-0281-17-154-50352,1.2876712328767124,1.3283161608399623,-0.030598835700040072
RMOD-1003-0281-17-154-52411,0.9436619718309859,0.9484898731704846,-0.005090092657880074
RMOD-1003-0281-17-154-54793,1.15625,1.242075725012788,-0.06909862521619159
RMOD-1003-0281-17-162-46217,1.42,1.3559049479845788,0.04727105105021723
RMOD-1003-0281-17-162-50314,1.4210526315789473,1.410439926969929,0.007524393209583868
RMOD-1003-0281-17-162-52384,1.0285714285714285,0.9417409549192316,0.09220207871244601
RMOD-1003-0281-17-162-54712,1.6857142857142857,1.418531171920826,0.18835195100553803
RMOD-1003-1963-17-118-48929,1.3265306122448979,1.352469664057994,-0.01917902671122973
RMOD-1003-1963-17-118-50945,1.3170731707317074,1.3461186735440747,-0.021577223006569057
RMOD-1003-1963-17-118-53031,1.5121951219512195,1.3372964642129903,0.13078525399463947
RMOD-1003-1963-17-154-48991,1.38,1.3033492573368977,0.05881059296394642
RMOD-1003-1963-17-154-51001,1.3666666666666667,1.3715290209237228,-0.0035452069791284124
RMOD-1003-1963-17-154-53114,1.4285714285714286,1.3289590243974934,0.07495521106762193
RMOD-1003-1963-17-162-49060,1.2,1.263991819366588,-0.05062676702975466
RMOD-1003-1963-17-162-51064,1.1363636363636365,1.2308665537662884,-0.07677754920993318
RMOD-1003-1963-17-162-53173,2,1.4464800549073387,0.3826668354083318
RMOD-1003-2084-17-118-47566,1.3946360153256705,1.3468975457991936,0.03544328198931468
RMOD-1003-2084-17-118-49598,1.3581395348837209,1.3895797430645733,-0.022625695529724932
RMOD-1003-2084-17-118-51604,1.3881278538812785,1.353970322335822,0.025227681125631563
RMOD-1003-2084-17-118-53871,1.3072916666666667,1.34640396743562,-0.02904945448389251
RMOD-1003-2084-17-154-49651,1.3278688524590163,1.2956807507040367,0.024842617857438798
RMOD-1003-2084-17-154-51657,1.2456140350877194,1.2719567764684847,-0.02071040609878627
RMOD-1003-2084-17-162-47694,1.5,1.4391953664512238,0.04224904760408488
RMOD-1003-2084-17-162-49647,1.5238095238095237,1.4408231600158277,0.05759649490419383
RMOD-1003-2084-17-162-51687,1.5,1.5481983508558583,-0.03113189652295778
RMOD-1003-2084-17-162-53991,1.7,1.4003419314266692,0.21398921352589872
RMOD-1003-3235-19-117-47229,1.2744282744282744,1.3269702270977095,-0.03959542693309137
RMOD-1003-3235-19-162-47318,1.1794871794871795,1.371192612206112,-0.13980926604505084
RMOD-1003-4025-17-118-48259,1.368421052631579,1.3977962304524845,-0.021015350578958425
RMOD-1003-4025-17-145-48348,1.3446153846153845,1.316589431529686,0.021286782663245685
RMOD-1003-4025-17-162-48314,1.5666666666666667,1.3979734412094833,0.12066983569532996
RMOD-1003-4279-100-117-46988,1.145,1.234628866332724,-0.07259579682350448
RMOD-1003-4279-17-162-46924,1.446808510638298,1.497832724828108,-0.03406536213559208
RMOD-1003-4279-18-117-47037,1.2794720072826582,1.2909757410221399,-0.00891088296544873
RMOD-1003-4279-18-117-47875,1.2567382366377342,1.270377254290026,-0.010736194784843112
RMOD-1003-4279-18-117-49909,1.3084745762711865,1.3141032925951401,-0.004283313462245308
RMOD-1003-4279-18-117-51947,1.0275624461670974,1.0482663771478313,-0.019750639181107865
RMOD-1003-4279-18-117-54252,1.309014514896868,1.3303426150325095,-0.016032035578383952
RMOD-1003-4279-18-154-49979,1.3064295485636115,1.3495612414786964,-0.031959789292574925
RMOD-1003-4279-18-154-52044,0.9983922829581994,1.0417187478068786,-0.04159132677595945
RMOD-1003-4279-18-154-54338,1.2910714285714286,1.3204730881960014,-0.02226600442477822
RMOD-1003-4279-18-162-48002,1.2962962962962963,1.2161220835816513,0.06592612188944091
RMOD-1003-4279-18-162-50026,1.380952380952381,1.4011224126357382,-0.014395624180626898
RMOD-1003-4279-18-162-52019,1.125,1.161518890064838,-0.03144063379184436
RMOD-1003-6122-18-110-51357,1.2831858407079646,1.3390372975845568,-0.04171015772102882
RMOD-1003-6122-18-110-52804,1.0952380952380953,1.2183357597232263,-0.1010375534845136
RMOD-1003-6122-18-117-51275,1.2812135355892649,1.3034438733872153,-0.01705507866647249
RMOD-1003-6122-18-117-52685,1.1896551724137931,1.2052005968342874,-0.012898619915495901
RMOD-1003-6122-18-162-51375,1.2857142857142858,1.2937642430920346,-0.006222120777205853
RMOD-1003-6122-18-162-52812,1.4285714285714286,1.307938085706058,0.0922316921448536
RMOD-1003-8220-18-117-46497,1.226379794200187,1.2457620510703546,-0.015558554583930628
RMOD-1003-8220-18-117-48564,1.2061538461538461,1.2277931324101594,-0.01762453762372429
RMOD-1003-8220-18-117-50527,1.2783751493428912,1.3061977322385874,-0.021300437299039854
RMOD-1003-8220-18-117-53419,1.3236245954692556,1.330341602839648,-0.005049084653185876
RMOD-1003-8220-18-154-48619,1.313782991202346,1.329833253389203,-0.012069379484947684
RMOD-1003-8220-18-154-50657,1.246212121212121,1.326439959127888,-0.06048358040156998
RMOD-1003-8220-18-154-53487,1.3085714285714285,1.3530141083322866,-0.0328471665499761
RMOD-1003-8220-18-162-46570,1.2272727272727273,1.137119226484996,0.07928236431847968
RMOD-1003-8220-18-162-48687,1.2,1.3100111114823936,-0.08397723539757329
RMOD-1003-8220-18-162-50645,1.3333333333333333,1.4668990467045302,-0.0910531053048671
RMOD-1003-8692-18-117-49216,1.4115755627009647,1.4216512968005093,-0.007087345625626074
RMOD-1003-8692-18-154-49335,1.4930875576036866,1.4326361325661356,0.04219593772863339
RMOD-1003-8692-18-162-49306,1.7058823529411764,1.4637865629672713,0.16539008903261676
RMOD-1004-0274-00-108-53503,1.3877551020408163,1.3091355153956576,0.060054582371785736
RMOD-1004-0274-00-117-47348,1.4285714285714286,1.451925991126066,-0.016085229341837537
RMOD-1004-0274-00-117-49353,1.4375,1.2414325257982346,0.15793647268561384
RMOD-1004-0274-00-117-53420,1.4915254237288136,1.3999912404228507,0.06538196858882905
RMOD-1004-0274-00-119-47230,1.3777777777777778,1.3358859285502187,0.031358852078801736
RMOD-1004-0274-00-119-49217,1.3529411764705883,1.3976341174365268,-0.03197756867005519
RMOD-1004-0472-00-117-51276,1.3448275862068966,1.4177481785747623,-0.05143409349407291
RMOD-1004-0472-00-117-53872,1.5617977528089888,1.3756157059800518,0.13534451956281823
RMOD-1004-0472-00-147-51359,1.3157894736842106,1.4145734021069547,-0.06983301698986366
RMOD-1004-1691-00-108-49686,1.4588235294117646,1.4331528063987795,0.017912062760069736
RMOD-1004-1691-00-119-49599,1.45,1.4530344052364184,-0.0020883230469168623
RMOD-1004-1793-00-117-47876,1.4814814814814814,1.3440098653556622,0.10228467786539674
RMOD-1004-1793-00-117-52686,1.4102564102564104,1.2851897682106217,0.09731375485498894
RMOD-1004-1793-00-126-47956,1.368421052631579,1.3587291631793512,0.00713305470646497
RMOD-1004-1793-00-127-52807,0.9259259259259259,1.2140164728962208,-0.23730365559456634
RMOD-1004-2698-00-147-50946,1.3333333333333333,1.3481788056852786,-0.011011501063020623
RMOD-1004-3357-00-117-48637,1.1111111111111112,1.469378093657992,-0.243822188511727
RMOD-1004-3357-00-119-48565,1.15,1.26645288611622,-0.09195200815826743
RMOD-1004-5353-00-108-50528,1.319327731092437,1.3729082224911835,-0.039027001602134126
RMOD-1004-5436-00-119-53032,1.5357142857142858,1.451875400257578,0.05774523450279112
RMOD-1004-5436-00-127-46289,1.1,1.2691657133499576,-0.13328890906093382
RMOD-1004-5436-00-127-53132,1.3695652173913044,1.3315147782869465,0.028576805698928398
RMOD-1004-5436-00-19-46163,1.3636363636363635,1.3198583601236982,0.033168713276599204
RMOD-1004-5895-00-117-49910,1.4848484848484849,1.387194518872969,0.07039673574752525
RMOD-1004-5902-00-108-52434,0.9545454545454546,0.9560325303177499,-0.0015554656616141305
RMOD-1004-5902-00-108-54702,1.1369863013698631,1.2047116628874164,-0.056217071357333115
RMOD-1004-5902-00-117-52279,0.9375,0.9757055500289395,-0.039156844016933534
RMOD-1004-5902-00-117-54611,1.2258064516129032,1.2475700718394056,-0.017444807885150904
RMOD-1004-5902-00-119-46498,1.2794117647058822,1.2301371670203844,0.04005618154343704
RMOD-1004-5902-00-119-48260,1.3085106382978724,1.341281976729095,-0.024432847827524085
RMOD-1004-5902-00-119-50249,1.5432098765432098,1.3885783426913008,0.11135960363043473
RMOD-1004-6023-00-108-47671,1.2307692307692308,1.2398445928530013,-0.007319757763259105
RMOD-1004-6023-00-119-47567,1,1.2557281534875229,-0.20364929525334874
RMOD-1004-7399-00-108-54381,1.4171779141104295,1.3261392829969902,0.06864937362212631
RMOD-1004-7399-00-119-54253,1.4444444444444444,1.4249142141497637,0.013706249892618372
RMOD-1004-8233-00-108-51717,1.3,1.4597171105881535,-0.10941648174816532
RMOD-1004-8233-00-147-51605,1.6363636363636365,1.5840456465625075,0.03302808218605491
RMOD-1004-8514-00-101-46886,1.5441176470588236,1.3942088641436146,0.10752247153964967
RMOD-1004-8766-00-117-52063,1.1333333333333333,1.1997861853234861,-0.05538724549677643
RMOD-1004-8766-00-119-51948,1.2517985611510791,1.1627552998925912,0.07657953592360611
RMOD-1004-8821-00-117-48930,1.4496644295302012,1.346157497235608,0.07689065544496021
RMOD-1005-0014-08-101-47231,1.3367875647668395,1.354997763684943,-0.013439283374594435
RMOD-1005-0014-08-106-47303,1.3658536585365855,1.3439312978742397,0.01631211409171085
RMOD-1005-0014-100-108-47349,1.125,1.2309273503821812,-0.08605491652232167
RMOD-1005-0186-04-101-51718,1.2005420054200542,1.2353028336636918,-0.028139519554523318
RMOD-1005-0186-04-101-54254,1.3640922768304915,1.332626780725002,0.023611634225428668
RMOD-1005-0186-04-106-51658,1.314176245210728,1.3267920324937927,-0.009508488877003951
RMOD-1005-0186-04-106-54341,1.3361823361823362,1.351641577986372,-0.011437382554527864
RMOD-1005-0186-04-107-51606,1.2364217252396166,1.2993021343574032,-0.04839552514772505
RMOD-1005-0186-04-107-54372,1.1956521739130435,1.3355123917631615,-0.1047240135791423
RMOD-1005-0273-01-103-48931,1.286764705882353,1.3466854438455143,-0.044494977083924914
RMOD-1005-0273-01-106-48993,1.3202614379084967,1.3474035541963771,-0.020144014169584556
RMOD-1005-0406-100-130-47877,1.362962962962963,1.3738067058125503,-0.007893208559623055
RMOD-1005-0934-01-102-49600,1.3685092127303182,1.3570766887835288,0.008424375749197743
RMOD-1005-0934-01-103-49687,1.2971246006389776,1.3195770607185608,-0.017014891170779478
RMOD-1005-0934-01-158-49654,1.3154761904761905,1.3580782179068072,-0.03136934741231534
RMOD-1005-1968-04-103-51949,1.0866141732283465,1.0981288944614966,-0.0104857647323785
RMOD-1005-1968-04-106-52045,1.1223628691983123,1.0564200301360016,0.06242104199200127
RMOD-1005-1999-01-103-49218,1.2678571428571428,1.3420989892485464,-0.05531771276645714
RMOD-1005-1999-01-106-49336,1.2976190476190477,1.319135962882602,-0.016311370373479406
RMOD-1005-1999-100-101-49355,0.7857142857142857,1.0990353066407466,-0.2850873116025193
RMOD-1005-2031-09-117-46499,1.2470023980815348,1.2445122297629132,0.0020009191224228395
RMOD-1005-3694-02-101-46887,1.0454545454545454,1.142097003937515,-0.08461843271612057
RMOD-1005-3694-02-103-46961,1.1733333333333333,1.203564374656777,-0.02511792635276755
RMOD-1005-3694-02-106-47008,1.4049586776859504,1.3571269861249808,0.03524481647627087
RMOD-1005-4634-04-101-50948,1.4079885877318117,1.404324770036798,0.0026089532657873615
RMOD-1005-4634-04-101-52435,0.9389312977099237,0.970937551481423,-0.03296427635604915
RMOD-1005-4634-04-106-51004,1.2837837837837838,1.3782417426686635,-0.06853511685256508
RMOD-1005-4634-04-106-52413,1.0714285714285714,1.064978960851531,0.0060560920113232886
RMOD-1005-4634-04-106-53974,1.5625,1.4319583674430507,0.0911630083143049
RMOD-1005-4634-04-108-51025,1.3271028037383177,1.357422180524688,-0.022335996288679216
RMOD-1005-4634-04-108-52280,0.9975786924939467,0.9232372222559919,0.08052260940725109
RMOD-1005-4634-04-108-53874,1.415966386554622,1.3462556862872934,0.05178117424304207
RMOD-1005-4726-00-117-47568,1.4,1.3920901823911294,0.0056819721228722475
RMOD-1005-5000-01-103-49911,1.3884297520661157,1.3889134289207405,-0.00034824118231813195
RMOD-1005-5000-01-103-53421,1.3431372549019607,1.338767058621979,0.0032643440483812736
RMOD-1005-5000-01-106-49980,1.4346289752650176,1.3580584992250466,0.05638231054381282
RMOD-1005-5000-01-106-53488,1.2857142857142858,1.3774948314274436,-0.06662859534510879
RMOD-1005-5015-04-101-52687,1.185430463576159,1.2154169911001298,-0.024671802141607913
RMOD-1005-5015-04-101-54612,1.3067484662576687,1.2895080595986428,0.01336975486945935
RMOD-1005-5015-04-106-52760,1.1194029850746268,1.1930284867653247,-0.06171311289499859
RMOD-1005-5015-04-106-54794,1.1746031746031746,1.306819443077426,-0.10117409040295233
RMOD-1005-5131-09-117-46164,1.2081911262798635,1.2243713922490242,-0.013215161732454073
RMOD-1005-5292-08-101-48261,1.2298850574712643,1.2696432060453369,-0.031314426277214036
RMOD-1005-5292-08-103-48369,1.3365384615384615,1.3162784173966424,0.015391913955324021
RMOD-1005-5292-08-158-48349,1.1919191919191918,1.2955228396979765,-0.07997052973835461
RMOD-1005-5446-04-103-50251,1.2964601769911503,1.3489609434177663,-0.03891941177599878
RMOD-1005-5446-04-158-50353,1.2834645669291338,1.2975100656357315,-0.01082496319573134
RMOD-1005-5894-01-102-50689,1.2666666666666666,1.3388498319089186,-0.05391431026983351
RMOD-1005-5894-01-103-50529,1.2743362831858407,1.3613372507823844,-0.06390846026327623
RMOD-1005-5894-01-106-50664,1.3863636363636365,1.3801504833494729,0.004501793890681283
RMOD-1005-6031-04-101-53033,1.4042179261862917,1.3876795032721936,0.01191804222451931
RMOD-1005-6031-04-106-53115,1.2769230769230768,1.3212115583805266,-0.033521112630695016
RMOD-1005-6769-00-130-48638,1.4285714285714286,1.0622574523031412,0.3448448165499438
RMOD-1005-6769-17-118-48566,1.2763819095477387,1.2980953651796698,-0.01672716521018147
RMOD-1005-9565-04-101-51277,1.2619808306709266,1.3254341867449346,-0.04787363771704112
RMOD-1005-9565-04-106-51336,1.3312693498452013,1.3651662454591216,-0.024829866491842822
RMOD-1006-0273-01-103-51278,1.4195804195804196,1.3703393403203517,0.0359334931218982
RMOD-1006-0273-01-103-53422,1.236220472440945,1.3404889994573337,-0.07778394828946711
RMOD-1006-0273-01-106-51338,1.297872340425532,1.335187766968056,-0.027947699541361115
RMOD-1006-0273-01-106-53489,1.2941176470588236,1.347204965533899,-0.039405524647867396
RMOD-1006-0457-01-103-48567,1.2439024390243902,1.2699828390918722,-0.02053602557821277
RMOD-1006-0457-01-106-48620,1.3703703703703705,1.2840898897153707,0.06719193208049035
RMOD-1006-0542-01-103-53875,1.1965811965811965,1.2791854250541763,-0.06457564857689135
RMOD-1006-0542-01-106-53975,1.4067796610169492,1.2969063207431806,0.08471956572068118
RMOD-1006-1289-01-103-50252,1.3709677419354838,1.2817014956962813,0.06964667400244307
RMOD-1006-1289-01-106-50354,1.4264705882352942,1.3753987742609015,0.03713236839391332
RMOD-1006-1869-01-103-50949,1.4027777777777777,1.379812656650381,0.016643651597707976
RMOD-1006-1870-01-103-47570,1.2669491525423728,1.3233946548080873,-0.04265205550032991
RMOD-1006-1870-01-106-47599,1.396039603960396,1.258823754382997,0.10900322551082953
RMOD-1006-1870-01-106-47672,1.2916666666666667,1.2787663389921489,0.010088103886660926
RMOD-1006-2184-01-103-46500,1.3225806451612903,1.2685002550239064,0.0426333301260271
RMOD-1006-2184-01-106-46590,1.1533333333333333,1.2377005506531444,-0.0681644823340265
RMOD-1006-2184-100-101-46623,0.9444444444444444,1.1391971804005818,-0.17095612533701632
RMOD-1006-4845-01-103-48932,1.302771855010661,1.3392977829412036,-0.027272447095618157
RMOD-1006-4845-01-107-49013,1.256198347107438,1.2475551180445061,0.006928134026238153
RMOD-1006-4845-01-158-48994,1.374384236453202,1.3284886355004424,0.0345472288782287
RMOD-1006-4969-01-102-49601,1.3298969072164948,1.3272074741530817,0.002026384808546444
RMOD-1006-4969-01-106-49657,1.481012658227848,1.3916175617845037,0.06423826408795175
RMOD-1006-5000-01-103-51950,1.0310077519379846,1.0634642168915558,-0.030519564681207312
RMOD-1006-5000-01-106-52046,1.180327868852459,1.0938157388466312,0.07909205082114656
RMOD-1006-5096-01-103-49219,1.392156862745098,1.4172279034371384,-0.01769019691980156
RMOD-1006-5096-01-106-49337,1.2921348314606742,1.280793997421243,0.00885453403300196
RMOD-1006-5146-01-103-49912,1.3472222222222223,1.3529692222932634,-0.004247694608529251
RMOD-1006-5146-01-106-49981,1.4195804195804196,1.3980174662244502,0.015423951328879415
RMOD-1006-5189-01-103-51607,1.2908163265306123,1.3319251447759748,-0.030864210655229374
RMOD-1006-5189-01-106-51661,1.403973509933775,1.3801577498674302,0.017255824610362236
RMOD-1006-5283-01-103-46165,1.3401015228426396,1.2537147572629463,0.06890464125052564
RMOD-1006-5894-01-103-53034,1.3655913978494623,1.2891568125274495,0.059290370713054985
RMOD-1006-5894-01-106-53116,1.2297297297297298,1.3126198708266064,-0.06314862584296965
RMOD-1006-5967-01-103-54255,1.4593301435406698,1.428692469924447,0.021444554556827145
RMOD-1006-5967-01-106-54342,1.3571428571428572,1.3804384322898422,-0.016875490135654037
RMOD-1006-5967-01-108-54374,1.2727272727272727,1.342367107869753,-0.05187838314437998
RMOD-1006-6124-01-103-47232,1.3406113537117903,1.3135823679909953,0.020576544249854223
RMOD-1006-6124-01-106-47304,1.36986301369863,1.3282776910441656,0.03130770239901737
RMOD-1006-6195-01-103-54613,1.2813455657492354,1.2991697391480703,-0.013719664845736723
RMOD-1006-6195-01-145-54795,1.3584905660377358,1.2966941931477536,0.04765685943265496
RMOD-1006-6523-01-103-47878,1.3333333333333333,1.3405243308466201,-0.0053643170420825115
RMOD-1006-6523-01-106-47931,1.2777777777777777,1.3119218033335704,-0.026025960898761857
RMOD-1006-6523-01-107-47959,1.4411764705882353,1.360617405093096,0.05920772819279607
RMOD-1006-6846-01-103-50530,1.382746051032807,1.3639841413563278,0.013755225671335358
RMOD-1006-6846-01-103-52688,1.385321100917431,1.3093389650821303,0.05803091320247611
RMOD-1006-6846-01-106-50671,1.3341836734693877,1.357255013456975,-0.016998529943775043
RMOD-1006-6846-01-106-52761,1.25,1.2803741736007472,-0.023722888376705664
RMOD-1006-6846-01-108-50690,1.3312883435582823,1.3764251223231785,-0.032792760051278846
RMOD-1006-7390-01-103-52281,0.8551724137931035,0.8801925356226332,-0.02842573734374032
RMOD-1006-7390-01-106-52414,0.979381443298969,0.9582556563539829,0.022046086349614358
RMOD-1006-7390-01-107-52436,1.1304347826086956,0.9526477678688352,0.1866240815717095
RMOD-1006-7952-01-103-48262,1.3481848184818481,1.3421451518917438,0.004500009988928078
RMOD-1006-7952-01-106-48350,1.4081632653061225,1.3311110608257288,0.057885631596056086
RMOD-1006-7952-01-108-48370,1.3442622950819672,1.3816911893898376,-0.02708918938999627
RMOD-1006-8495-01-103-46888,1.0595238095238095,1.177482572699855,-0.1001787762391908
RMOD-1006-8495-01-106-47010,1.1121495327102804,1.1855181384876297,-0.06188737514463161
RMOD-1007-0212-17-118-51279,1.441340782122905,1.4332266893436068,0.0056614161874242175
RMOD-1007-0212-17-119-51362,1.144578313253012,1.2977676426438345,-0.11804064484050669
RMOD-1007-0212-17-162-51376,1.6666666666666667,1.3970671182393373,0.19297537312816715
RMOD-1007-0340-17-118-48568,1.3202614379084967,1.2946522770573776,0.01978072514523066
RMOD-1007-0340-17-162-48688,1.4333333333333333,1.2574241617198798,0.13989644621815467
RMOD-1007-0384-17-118-49913,1.396694214876033,1.4163628384111637,-0.013886712501716358
RMOD-1007-0384-17-162-50055,1.5,1.3889046589253111,0.07998773735891329
RMOD-1007-1435-18-117-46166,1.1883202099737533,1.2235159496403114,-0.02876606527026071
RMOD-1007-1435-18-162-46218,1.4375,1.284957864620825,0.11871372562413796
RMOD-1007-1564-46-117-47571,1.1666666666666667,1.2495185345571658,-0.0663070339487698
RMOD-1007-1564-46-158-47601,1.3963963963963963,1.3368377787016996,0.04455186608545603
RMOD-1007-1623-19-117-48933,1.353125,1.3220974082762746,0.02346846119619772
RMOD-1007-1623-19-162-49061,1.4615384615384615,1.321164914287991,0.10624982977702002
RMOD-1007-2097-46-117-47879,1.2277397260273972,1.237494847415638,-0.007882959196648831
RMOD-1007-2097-46-162-48003,1.76,1.4328619119798223,0.22831096652444516
RMOD-1007-2275-17-118-47386,1.3464566929133859,1.3388209557526431,0.005703329581101535
RMOD-1007-2275-17-119-51608,1.3046448087431695,1.3121023695122438,-0.0056836729681745135
RMOD-1007-2275-17-154-51681,1.440909090909091,1.3677402291137977,0.053496168525145826
RMOD-1007-2275-17-162-51689,1.7,1.4215155680472793,0.19590670564042556
RMOD-1007-2275-18-162-47327,1.7241379310344827,1.379887788591474,0.24947691057865184
RMOD-1007-2756-18-117-49220,1.3221343873517786,1.3301431497507679,-0.006020977817680628
RMOD-1007-2756-18-162-49307,1.5161290322580645,1.4125984562153209,0.07329087440752691
RMOD-1007-4268-18-117-53423,1.2936170212765958,1.3042828073308956,-0.008177510271814903
RMOD-1007-4268-18-145-53490,1.330396475770925,1.3216592511276384,0.006610799747235996
RMOD-1007-4268-18-162-53560,1.375,1.3990362073471854,-0.017180547022983883
RMOD-1007-4268-19-117-50950,1.3695652173913044,1.3599424013951615,0.0070758996750677206
RMOD-1007-4268-19-145-51007,1.3286713286713288,1.3881832709182198,-0.042870378496584816
RMOD-1007-4268-19-147-51026,1.1784232365145229,1.2582345469677239,-0.0634311866937225
RMOD-1007-4268-19-162-51065,1.1666666666666667,1.2963418833950324,-0.10003164935838926
RMOD-1007-4480-17-118-51951,1.183574879227053,1.0528389737294832,0.12417464470797723
RMOD-1007-4480-17-118-54256,1.3137254901960784,1.4003452557847718,-0.06185600674610092
RMOD-1007-4480-17-162-52020,1.24,1.1285245150895264,0.09877985229379815
RMOD-1007-4480-17-162-54383,1.1904761904761905,1.3569048616863628,-0.12265316155130779
RMOD-1007-4720-19-117-46501,1.271186440677966,1.3138677539946375,-0.032485243044366174
RMOD-1007-4720-19-154-46592,1.3369565217391304,1.2992262138836055,0.029040599283124635
RMOD-1007-4720-19-162-46571,1.2,1.249359434682294,-0.03950779360372447
RMOD-1007-5117-19-117-46890,1.311572700296736,1.3016635142653061,0.007612709369842596
RMOD-1007-5117-19-154-47012,1.3113553113553114,1.3419850855269597,-0.022824228452301365
RMOD-1007-5117-19-162-46925,1.5,1.5276833022811611,-0.018121100256724643
RMOD-1007-6158-34-117-50254,1.2534381139489195,1.298632730077412,-0.03480169187311222
RMOD-1007-6158-34-119-50372,1.3421052631578947,1.269154528782078,0.05747978888419736
RMOD-1007-6158-34-145-50355,1.33402489626556,1.3507260660146467,-0.012364586846512648
RMOD-1007-6158-34-162-50315,1.28125,1.3047445251438659,-0.018006992703246016
RMOD-1007-6416-17-118-53876,1.4242424242424243,1.4220408436146945,0.0015481838215938293
RMOD-1007-6416-17-162-53992,1.5454545454545454,1.3930121521282468,0.10943364212106621
RMOD-1007-6766-17-118-48263,1.4630434782608697,1.3882622307654138,0.053866802566706395
RMOD-1007-6766-17-162-48316,1.5689655172413792,1.5220774444069565,0.03080531349223925
RMOD-1007-6874-17-118-52689,1.2705882352941176,1.2595736752781401,0.008744673084363441
RMOD-1007-6874-17-162-52813,1.5714285714285714,1.3625985707781345,0.1532586376713878
RMOD-1007-7338-18-117-50531,1.377326565143824,1.3711326927033134,0.004517339914271057
RMOD-1007-7338-18-162-50646,1.3269230769230769,1.3499392361809304,-0.01704977427203891
RMOD-1007-7345-18-117-53035,1.426356589147287,1.3921585999175559,0.02456472217443917
RMOD-1007-7345-18-145-53117,1.3725490196078431,1.3490256690804536,0.01743728904982511
RMOD-1007-7345-18-162-53174,1.4285714285714286,1.420917129263024,0.005386872429621992
RMOD-1007-7378-18-117-54614,1.3297812675266405,1.2916331113138062,0.029534823688463163
RMOD-1007-7378-18-162-54703,1.3255813953488371,1.308773296172267,0.012842636097273985
RMOD-1007-8348-17-118-49602,1.4526315789473685,1.3830640147633595,0.0502995981685721
RMOD-1007-8348-17-162-49649,1.4285714285714286,1.4251703080014315,0.002386466060162684
RMOD-1007-8782-19-117-52282,0.8927680798004988,0.9178888199719794,-0.027367955273981392
RMOD-1007-8782-19-154-52415,0.986159169550173,0.9640176988122259,0.02296790895564249
RMOD-1007-8782-19-162-52385,1.0769230769230769,0.9740205858161505,0.10564714196538527
RMOD-1008-0004-00-117-49914,1.3333333333333333,1.358334982158843,-0.01840609949231653
RMOD-1008-0004-00-119-54387,1.3636363636363635,1.3664008944979533,-0.002023220910291723
RMOD-1008-0004-00-127-49998,1.3636363636363635,1.2878182159623865,0.058873330672154056
RMOD-1008-0004-00-127-52064,1.4,1.259850352822427,0.1112430907874078
RMOD-1008-0004-00-127-54257,1.3571428571428572,1.3490572063367299,0.0059935566617543845
RMOD-1008-0004-00-135-51952,0.9298245614035088,1.0205130847711281,-0.08886561546436045
RMOD-1008-0622-00-127-50532,1.46,1.3987714877475372,0.043773062854648215
RMOD-1008-2713-00-117-46290,1,1.2952808060655636,-0.22796663448019727
RMOD-1008-2713-00-119-46167,1.3636363636363635,1.3190646331399887,0.03379040675988221
RMOD-1008-2883-00-117-47351,1.5,1.3749714929979593,0.09093170850359322
RMOD-1008-2883-00-117-51609,1.5,1.3307731952721762,0.12716427211566472
RMOD-1008-2883-00-119-47234,1.3548387096774193,1.3480045498992586,0.0050698343552857406
RMOD-1008-2883-00-119-49603,1.5609756097560976,1.425408575785413,0.09510749147554831
RMOD-1008-2883-00-154-49688,1.39,1.3246467351531899,0.04933637256823209
RMOD-1008-2883-00-154-51719,1.4444444444444444,1.3412983673173877,0.0769001734739676
RMOD-1008-3862-00-117-46624,1.25,1.286766362226909,-0.028572679008549984
RMOD-1008-3862-00-119-46519,1.1538461538461537,1.401317565743536,-0.17659909355812164
RMOD-1008-3862-00-119-48569,1.4444444444444444,1.3714424041748383,0.053230117464196036
RMOD-1008-3862-00-119-50959,1.4615384615384615,1.3014594769894319,0.12299959190379739
RMOD-1008-3862-00-154-48639,0.9833333333333333,1.141447093292482,-0.13852044557148302
RMOD-1008-3862-00-154-51027,1.3035714285714286,1.2598818485648065,0.034677521591719884
RMOD-1008-5054-00-101-47880,1.5555555555555556,1.4815807694677112,0.049929634355622365
RMOD-1008-5054-00-101-53877,1.5813953488372092,1.4184742660989706,0.11485656570019942
RMOD-1008-5054-00-107-47960,1.5588235294117647,1.482734109841017,0.051316968474480085
RMOD-1008-5054-00-107-53993,1.3396226415094339,1.433853777341817,-0.06571879038256989
RMOD-1008-5242-00-117-53424,1.4827586206896552,1.3245267754000918,0.11946292685685211
RMOD-1008-6866-00-119-48264,1.3333333333333333,1.425541709781727,-0.06468304351649745
RMOD-1008-7339-00-119-49221,1.2,1.3584005844514924,-0.11660815393086188
RMOD-1008-7418-00-108-52809,1.2692307692307692,1.3756433044450291,-0.07735474368276707
RMOD-1008-7418-00-117-52690,1.4,1.336926886494443,0.0471776834939277
RMOD-1008-8514-00-101-51280,1.6511627906976745,1.405337882128274,0.17492228146381272
RMOD-1008-8514-00-101-53036,1.6666666666666667,1.4713363011964176,0.13275711699046377
RMOD-1008-8514-00-107-51363,1.4666666666666666,1.43544228978913,0.02175244320140779
RMOD-1008-8514-00-107-53161,1.4210526315789473,1.5567484252252062,-0.08716616728012971
RMOD-1008-9462-00-127-47573,1.2608695652173914,1.1532515839849022,0.09331700274855037
RMOD-1008-9465-00-117-50255,1.25,1.3613850070033637,-0.08181741860705571
RMOD-1008-9465-00-127-50373,1.2222222222222223,1.2034248426783294,0.015619903194002305
RMOD-1008-9465-00-127-52437,1.3333333333333333,0.9573631027305772,0.39271435208900285
RMOD-1008-9465-00-135-52338,0.8518518518518519,0.8942905297497449,-0.04745513508878252
RMOD-1008-9465-00-135-54615,1.5555555555555556,1.206276001961956,0.2895519375545159
RMOD-1008-9468-00-119-46893,1.28,1.3834021808232135,-0.0747448444541865
RMOD-1008-9468-00-119-48935,1.3461538461538463,1.3691753117900352,-0.016814110974650243
RMOD-1008-9468-00-127-46963,1.3846153846153846,1.2569022175061844,0.1016094691618854
RMOD-1008-9468-00-127-49015,1.4242424242424243,1.3124441771317257,0.08518323983502873
RMOD-1009-0037-33-119-46520,1.18,1.1922057063532339,-0.010237919755114344
RMOD-1009-0073-00-108-50533,1.3111111111111111,1.3675043271282756,-0.04123805307116557
RMOD-1009-0183-00-135-53425,1.5,1.4826493630315871,0.01170245467406783
RMOD-1009-0491-00-117-50960,1.8333333333333333,1.488698826415371,0.23150048942256873
RMOD-1009-0622-00-127-47235,1.4130434782608696,1.4232797768461305,-0.007192049484426533
RMOD-1009-0622-00-127-48570,1.3658536585365855,1.271744724794708,0.07399986169163708
RMOD-1009-0622-00-135-52691,1.1095890410958904,1.1563415137278592,-0.0404313709029146
RMOD-1009-0914-00-119-50256,1.5294117647058822,1.4197616755284825,0.07723133471438737
RMOD-1009-0914-00-145-52284,0.8947368421052632,1.051294045049829,-0.14891856724742059
RMOD-1009-1633-00-127-54616,1.2391304347826086,1.213822410229413,0.020849857722113008
RMOD-1009-1793-00-117-49605,1.6779661016949152,1.4736261305758933,0.13866473108695887
RMOD-1009-1793-00-127-49689,1.1875,1.348220412381772,-0.11920930057559553
RMOD-1009-2076-100-106-53037,2,1.7916666666666667,0.11627906976744184
RMOD-1009-2076-100-135-53269,1.2444444444444445,1.383074254978377,-0.10023309307865025
RMOD-1009-2283-00-117-46965,1.4230769230769231,1.4340664420887548,-0.007663186787792875
RMOD-1009-2283-00-119-46895,1.3870967741935485,1.3367143705034943,0.03769122618998755
RMOD-1009-5114-00-117-47574,1.40625,1.323350202475137,0.06264388471759852
RMOD-1009-5171-00-117-48936,1.1666666666666667,1.387171102882232,-0.15895979649331382
RMOD-1009-5483-00-117-47961,1.4666666666666666,1.368219355413905,0.07195287134567696
RMOD-1009-5483-00-119-47881,1.4545454545454546,1.370581923035664,0.06126122787598276
RMOD-1009-5892--00-119-48265,1.4776119402985075,1.316396860713078,0.12246692801903292
RMOD-1009-5892-00-117-46291,1,1.1739964553805022,-0.14820867182610753
RMOD-1009-5892-00-119-46168,1.3333333333333333,1.3248109826743992,0.006432880441351818
RMOD-1009-7339-00-147-51282,1.2,1.2867968899650812,-0.06745189597671197
RMOD-1009-7339-00-147-54259,1.3636363636363635,1.3576128327952415,0.0044368546728599245
RMOD-1009-7391-00-117-51720,1.2,1.3351167456995927,-0.10120219533969843
RMOD-1009-7391-00-117-53878,1.3043478260869565,1.2660831863962902,0.03022284799435715
RMOD-1009-7391-00-135-51610,1.1287128712871286,1.1465428578415828,-0.0155510859733754
RMOD-1009-8232-00-108-52065,1.4516129032258065,1.1083938569221687,0.3096544104427841
RMOD-1009-8232-00-119-51953,1,1.2292165405271585,-0.18647368707620648
RMOD-1009-8514-00-101-49222,1.5277777777777777,1.3584287070873131,0.12466540923857239
RMOD-1009-8514-00-107-49356,1.6363636363636365,1.3949081956869434,0.17309772888515051
RMOD-1009-9462-00-127-49915,1.3548387096774193,1.3434789585625697,0.00845547378501843
RMOD-1010-0373-03-101-48938,1.3514705882352942,1.3542172018391838,-0.002028192818817831
RMOD-1010-0373-03-101-51954,1.050251256281407,1.0636651732330284,-0.01261103333001834
RMOD-1010-0373-03-106-48995,1.5,1.4646205491911188,0.0241560524522344
RMOD-1010-0373-03-106-52047,1.0648148148148149,1.105054242066462,-0.03641398378454164
RMOD-1010-0449-03-101-46522,1.303448275862069,1.3150176262698572,-0.008797867174302088
RMOD-1010-0449-03-101-48571,1.2346938775510203,1.2651954672320573,-0.024108203412842588
RMOD-1010-0449-03-158-46593,1.2543859649122806,1.238924918086424,0.012479405813983435
RMOD-1010-0449-03-158-48621,1.286764705882353,1.285336483434895,0.0011111661933387307
RMOD-1010-0625-03-101-54260,1.389261744966443,1.3467991625440463,0.03152851858192918
RMOD-1010-0625-03-106-51339,1.4127906976744187,1.3881416404929419,0.01775687470388365
RMOD-1010-0625-03-106-54346,1.4516129032258065,1.396860025912325,0.03919711087567346
RMOD-1010-0625-03-108-51283,1.42,1.3753049915845683,0.032498252161461405
RMOD-1010-1015-04-101-49916,1.3112033195020747,1.301599264143188,0.0073786576433023665
RMOD-1010-1015-04-106-49983,1.1764705882352942,1.2969796369697448,-0.09291514322923933
RMOD-1010-1988-03-101-49223,1.25,1.3734668372001504,-0.08989429803186288
RMOD-1010-1988-03-101-52692,1.216867469879518,1.1649625876528387,0.04455497779654638
RMOD-1010-1988-03-158-49338,1.2914572864321607,1.315005956215242,-0.01790765256368676
RMOD-1010-1988-03-158-52762,1.1981132075471699,1.2425025079397678,-0.03572572297355059
RMOD-1010-2075-03-101-47576,1.2224489795918367,1.2285593352581736,-0.004973594266859616
RMOD-1010-2075-03-101-49606,1.2383561643835617,1.281030694091339,-0.033312651995467846
RMOD-1010-2075-03-101-51611,1.2254901960784315,1.255479521898615,-0.023886750279153768
RMOD-1010-2075-03-101-53879,1.2326869806094183,1.2813470798927806,-0.03797573666569254
RMOD-1010-2075-03-106-47602,1.3636363636363635,1.2730804161225469,0.0711313648116787
RMOD-1010-2075-03-106-49660,1.2555555555555555,1.373666469362735,-0.08598223545630601
RMOD-1010-2075-03-106-51685,1.3658536585365855,1.312386342806259,0.040740530426427446
RMOD-1010-2075-03-106-53976,1.1944444444444444,1.2734642984787599,-0.06205109489815308
RMOD-1010-6432-03-101-48266,1.3656957928802589,1.3511872066919368,0.010737658050983923
RMOD-1010-6432-03-101-50257,1.4063926940639269,1.3253493700454002,0.061148649443090175
RMOD-1010-6432-03-101-52285,0.95625,0.9099290903477805,0.05090606525670638
RMOD-1010-6432-03-106-50356,1.425,1.3767463453425703,0.03504905229686517
RMOD-1010-6432-03-106-52416,0.8053097345132744,0.9424556457806988,-0.14551975138715134
RMOD-1010-6432-03-107-48371,1.2708333333333333,1.2498652514293027,0.016776273986377488
RMOD-1010-6432-03-107-50375,1.4285714285714286,1.3370575307904726,0.06844424841379326
RMOD-1010-6432-03-107-52438,0.6818181818181818,0.8675407492001547,-0.21407935886954388
RMOD-1010-6432-03-158-48351,1.1257861635220126,1.2752502537496244,-0.11720373298350029
RMOD-1010-6491-03-101-46900,1.3046875,1.3659457494699023,-0.04484676605471005
RMOD-1010-6491-03-101-50534,1.5068493150684932,1.417226730855799,0.06323800014594361
RMOD-1010-6491-03-101-53038,1.368421052631579,1.3375748962202503,0.023061255484455145
RMOD-1010-6491-03-106-47016,1.381578947368421,1.3790777707051476,0.001813658893214276
RMOD-1010-6491-03-106-50672,1.2586206896551724,1.5023617923805506,-0.16223861919382343
RMOD-1010-6491-03-106-53118,1.3673469387755102,1.276136707085927,0.07147371530269875
RMOD-1010-6491-03-107-46966,1.3064516129032258,1.4041397526638923,-0.0695715220478128
RMOD-1010-6491-03-107-50691,1.5217391304347827,1.5028448206050726,0.01257236247592286
RMOD-1010-6491-03-107-53176,1.3225806451612903,1.4615309730423476,-0.09507176409119533
RMOD-1010-7470-03-101-54617,1.1179775280898876,1.2036484942435746,-0.07117606723508296
RMOD-1010-7470-03-145-54796,1.2159090909090908,1.2842887063388082,-0.05324318051869403
RMOD-1010-8572-03-101-47236,1.2768240343347639,1.3189839086292432,-0.031963903440106356
RMOD-1010-8572-03-106-47291,1.3790849673202614,1.333668168968977,0.034054046882137756
RMOD-1010-8572-03-107-47352,1.295774647887324,1.2889282508053446,0.00531169758883121
RMOD-1010-8828-03-101-46169,1.1666666666666667,1.2373469737784635,-0.05712246331032078
RMOD-1010-8828-03-101-47882,1.2885572139303483,1.2655555430951855,0.018175157116302687
RMOD-1010-8828-03-101-50961,1.3244444444444445,1.2917973037368735,0.025272649674318304
RMOD-1010-8828-03-101-53426,1.2584269662921348,1.2416612582227105,0.01350264249479971
RMOD-1010-8828-03-145-53491,1.2466216216216217,1.3146558441728162,-0.05175059530047721
RMOD-1010-8828-03-158-46262,1.138095238095238,1.1761838656208128,-0.03238322564939344
RMOD-1010-8828-03-158-47932,1.1980676328502415,1.2632375766110744,-0.051589617794355225
RMOD-1010-8828-03-158-51008,1.2152317880794703,1.3276972461114942,-0.08470715621457259
RMOD-1011-0395-100-127-48572,1.2222222222222223,1.235110951475331,-0.010435280520922574
RMOD-1011-0395-100-127-50535,1.4666666666666666,1.3050111151279373,0.12387293078563655
RMOD-1011-0506-100-127-47237,1.1518987341772151,1.1850124255960457,-0.027943750380655108
RMOD-1011-0506-100-127-51284,1.2843137254901962,1.3246556262684839,-0.030454632870831277
RMOD-1011-0591-26-127-52286,0.9176470588235294,0.9265973936041315,-0.009659356741538505
RMOD-1011-1541-100-152-46170,0.9259259259259259,1.1685817543476846,-0.20764985206979547
RMOD-1011-1541-100-152-49224,1.48,1.3674313336654746,0.08232125706288951
RMOD-1011-1541-39-127-46281,0.9333333333333333,1.0695819032101628,-0.1273848869992127
RMOD-1011-1541-39-127-49357,1.253968253968254,1.2717261156052844,-0.013963589659066189
RMOD-1011-1641-100-152-46903,1.25,1.5034247297475007,-0.16856496020925726
RMOD-1011-1641-100-152-48947,1.1428571428571428,1.2951329436371264,-0.11757542075359995
RMOD-1011-1779-26-152-47883,1.37012987012987,1.3337610276576939,0.027267885114356627
RMOD-1011-4356-100-126-53427,1.5568862275449102,1.369291597482001,0.13700122779390322
RMOD-1011-4356-26-127-48372,1.3125,1.4154063992738382,-0.07270448920298334
RMOD-1011-4356-26-152-48267,1.4666666666666666,1.3734471923560907,0.06787263087316964
RMOD-1011-5670-26-152-50258,1.2972972972972974,1.3016085514505604,-0.0033122509440020043
RMOD-1011-6627-100-126-47673,1.2325581395348837,1.3193438431137485,-0.06577944334362773
RMOD-1011-6627-100-126-49690,1.3658536585365855,1.3731260015745275,-0.005296194981089131
RMOD-1011-6627-100-126-53880,1.4466666666666668,1.3048464363208823,0.10868729560672108
RMOD-1011-6627-26-127-47579,1.236220472440945,1.2785127715683884,-0.03307929343213545
RMOD-1011-6627-26-127-49607,1.275229357798165,1.3735700578060341,-0.07159496485016992
RMOD-1011-6627-26-127-51722,1.126984126984127,1.2719261540292295,-0.11395475011340295
RMOD-1011-6627-26-152-51612,1.2448979591836735,1.333035334619328,-0.06611780884324703
RMOD-1011-8242-00-126-46524,1.1428571428571428,1.130600933485124,0.010840438044075196
RMOD-1011-8242-100-127-46625,1.0918367346938775,1.198007895258985,-0.08862308920105688
RMOD-1011-8242-27-126-52066,0.8125,0.8960875772133611,-0.09328058924028426
RMOD-1011-8242-27-152-51955,1.0192307692307692,1.0424313802759761,-0.022256247734085632
RMOD-1011-8290-100-127-49917,1.3674418604651162,1.2889908593253003,0.06086234093303022
RMOD-1011-8290-100-127-54261,1.4042553191489362,1.3288680661179164,0.056730427160652575
RMOD-1011-8291-100-127-52693,1.1865671641791045,1.2843068825830455,-0.07610308698756107
RMOD-1011-8387-100-126-54618,1.37012987012987,1.3503602431526782,0.014640261424637258
RMOD-1011-8387-26-127-50962,1.209205020920502,1.3083943996039444,-0.07580999942637112
RMOD-1011-8387-26-152-51028,1.3181818181818181,1.3088077685407982,0.007162281479633492
RMOD-1011-9285-100-126-53039,1.5178571428571428,1.369974788782029,0.1079453105896846
RMOD-1012-0045-01-103-53881,1.3611111111111112,1.3150102393920984,0.03505742414623647
RMOD-1012-0045-01-106-53977,1.2919708029197081,1.3450644162472474,-0.039472914966906525
RMOD-1012-0293-02-101-48573,1.141065830721003,1.1736303345236123,-0.027746815027431482
RMOD-1012-0293-02-103-48640,1.1136363636363635,1.2231423499159175,-0.08952840712864019
RMOD-1012-0293-02-106-48622,1.3408071748878925,1.3470985825985327,-0.004670339492529374
RMOD-1012-0600-01-103-50536,1.4609929078014185,1.4329561081066693,0.019565707237044094
RMOD-1012-0600-01-106-50673,1.3859649122807018,1.4315583184577132,-0.03184879413514308
RMOD-1012-1289-01-103-47580,1.1920529801324504,1.3114055074264102,-0.09101115300955631
RMOD-1012-1289-01-106-47604,1.3047210300429184,1.300571779552779,0.0031903279429654763
RMOD-1012-1968-02-101-49918,1.2764423076923077,1.3239112296149134,-0.03585506404112382
RMOD-1012-1968-02-103-49999,1.3312101910828025,1.346949196341879,-0.011684928653449833
RMOD-1012-1968-02-106-49984,1.36328125,1.3379835616369486,0.018907323743275972
RMOD-1012-2486-01-103-50260,1.4303482587064678,1.3813010337876233,0.03550799117579273
RMOD-1012-2486-01-106-50357,1.4744525547445255,1.4718700059626468,0.001754603851846115
RMOD-1012-3035-02-101-46525,1.1391304347826088,1.1482858842383075,-0.007973144650969766
RMOD-1012-3035-02-103-46626,1,1.118854126166773,-0.10622843799483561
RMOD-1012-3035-02-106-46594,1.0784313725490196,1.2550713127334336,-0.1407409590134826
RMOD-1012-5015-04-101-48268,1.263157894736842,1.2737930920923661,-0.008349234598261424
RMOD-1012-5015-04-106-48352,1.326241134751773,1.3292717618828878,-0.002279915377741859
RMOD-1012-5096-01-103-47238,1.3359375,1.3453002373174965,-0.006959589434225921
RMOD-1012-5096-01-106-47299,1.2448979591836735,1.4078162003709893,-0.11572408468121287
RMOD-1012-5146-01-103-47884,1.244047619047619,1.326142298334534,-0.0619048795819388
RMOD-1012-5146-01-106-47933,1.3677130044843049,1.2859072635909827,0.06361713881674036
RMOD-1012-6031-04-103-49608,1.3343151693667157,1.329376883962004,0.003714736929977258
RMOD-1012-6031-04-106-49662,1.2359550561797752,1.296860913845885,-0.0469640630046374
RMOD-1012-6195-04-101-49016,1.0149253731343284,1.1274137965320437,-0.09977563139969803
RMOD-1012-6195-04-145-48997,1.3626373626373627,1.294197071938774,0.05288243358182032
RMOD-1012-6195-05-104-48948,1.1272727272727272,1.240559992748739,-0.09131945745324122
RMOD-1012-6195-05-104-51285,1.2613333333333334,1.301030609107524,-0.0305121766515718
RMOD-1012-6195-05-145-51340,1.2612612612612613,1.3139787139295807,-0.04012047692208254
RMOD-1012-6374-05-103-54262,1.2941176470588236,1.3051579769449138,-0.008458998896005876
RMOD-1012-6374-05-106-54349,1.2755102040816326,1.3555374431274971,-0.05903727665480463
RMOD-1012-6406-05-103-46171,1.2516411378555798,1.3004649241495634,-0.0375433319171693
RMOD-1012-6406-05-106-46263,1.1155378486055776,1.1879229386777863,-0.060934163080289205
RMOD-1012-6406-05-107-46282,1.1196581196581197,1.2274857844236629,-0.08784432873588921
RMOD-1012-6407-05-101-46906,1.289537712895377,1.3275706709389263,-0.028648537419593945
RMOD-1012-6407-05-103-46968,1.3125,1.3060551227956732,0.004934613472156624
RMOD-1012-6407-05-106-47018,1.453125,1.4027994596226319,0.03587507824597136
RMOD-1012-6681-05-103-49226,1.4035087719298245,1.378715485187771,0.017982888426524735
RMOD-1012-6681-05-103-51956,1.078125,1.0166185844335005,0.06050097500506868
RMOD-1012-6681-05-106-49339,1.3109243697478992,1.3076625390173047,0.0024943979301004227
RMOD-1012-6681-05-106-52048,1.153061224489796,1.0621538601789533,0.0855877549562607
RMOD-1012-7242-05-103-52287,0.7663316582914573,0.895586960064258,-0.14432468039008373
RMOD-1012-7242-05-145-52417,0.9383116883116883,0.9614041348538315,-0.024019499922011578
RMOD-1012-7952-01-103-54619,1.3692528735632183,1.406878691358662,-0.026744180593926914
RMOD-1012-7952-01-106-54682,1.4205607476635513,1.3538963288829424,0.04923893902246679
RMOD-1012-7960-01-102-52811,1.2972972972972974,1.2611583592519047,0.028655353057192245
RMOD-1012-7960-01-103-52694,1.214975845410628,1.2491768491319426,-0.02737883250484585
RMOD-1012-7960-01-106-52763,1.2753623188405796,1.2936430750274022,-0.014131220998833238
RMOD-1012-8061-01-103-50963,1.4477272727272728,1.4643802469839022,-0.011372028741120088
RMOD-1012-8061-01-103-53040,1.4634146341463414,1.4332471763741907,0.021048328766617885
RMOD-1012-8061-01-106-51012,1.361842105263158,1.3866900141573533,-0.017918863365648963
RMOD-1012-8061-01-106-53119,1.4393939393939394,1.3993491647251026,0.028616713882630984
RMOD-1012-8968-05-103-51613,1.3147632311977715,1.3245547308551242,-0.0073922952591255475
RMOD-1012-8968-05-145-51688,1.3516483516483517,1.377404549490821,-0.018699079984882072
RMOD-1012-9564-04-103-53428,1.4198047419804742,1.4068325938360475,0.009220818597225788
RMOD-1012-9564-04-106-53492,1.3556485355648535,1.3969376199465053,-0.029556856220418037
RMOD-1013-0157-18-117-49919,1.3136756481952212,1.2988622137287849,0.011404931416019615
RMOD-1013-0157-18-162-50056,1.5,1.3015147532001314,0.15250326307238393
RMOD-1013-0273-01-103-49227,1.3416666666666666,1.3551496210654828,-0.009949421222001376
RMOD-1013-0273-01-106-49340,1.1076923076923078,1.2375510139663344,-0.10493200264757685
RMOD-1013-0293-01-102-50537,1.308411214953271,1.4127854284545431,-0.07387831966489622
RMOD-1013-0293-01-103-50692,1.4190476190476191,1.351367466105193,0.05008271594512226
RMOD-1013-0293-01-106-50674,1.2792792792792793,1.262853874801517,0.013006575666043574
RMOD-1013-0298-01-103-53882,1.4400656814449917,1.4009544587672,0.027917554659277588
RMOD-1013-0298-01-106-53978,1.3602941176470589,1.3716543598555049,-0.008282146392654455
RMOD-1013-0934-01-102-47593,1.32,1.2642966408331162,0.044058773366808524
RMOD-1013-0934-01-103-47674,1.2626582278481013,1.2422778394914589,0.016405660399597455
RMOD-1013-0934-01-103-52288,0.8348082595870207,0.9060113296326898,-0.07858960226748601
RMOD-1013-0934-01-106-52418,0.9771863117870723,0.9710921243031001,0.006275601800751485
RMOD-1013-0934-01-158-47605,1.3632478632478633,1.2997917029434518,0.04882025339961116
RMOD-1013-0934-02-101-46175,1.2181303116147308,1.2256060932074566,-0.00609966092218206
RMOD-1013-0934-02-158-46264,1.2604166666666667,1.276882343679506,-0.012895218650601281
RMOD-1013-1289-01-103-48949,1.2533333333333334,1.2851468517748565,-0.024754772886528165
RMOD-1013-1289-01-106-48998,1.2836879432624113,1.3730120433222839,-0.0650570404639238
RMOD-1013-1970-01-103-53041,1.351063829787234,1.3017423026717725,0.03788885635369699
RMOD-1013-1970-01-106-53120,1.2272727272727273,1.3664132300940581,-0.10182900732873679
RMOD-1013-2248-01-102-50262,1.4233870967741935,1.430901446982647,-0.005251479914496704
RMOD-1013-2248-01-103-50379,1.256140350877193,1.3392275994180605,-0.06204117102796547
RMOD-1013-2248-01-106-50358,1.3003412969283277,1.3339717615210953,-0.02521077699157559
RMOD-1013-2248-02-101-46528,1.1996587030716723,1.2463847150974905,-0.03748923703879292
RMOD-1013-2248-02-103-46627,1.3333333333333333,1.255512882381033,0.06198299678511976
RMOD-1013-2248-02-158-46596,1.337837837837838,1.2817009734756568,0.043798721795421436
RMOD-1013-2594-01-103-48574,1.3577981651376148,1.274885567605452,0.06503532523934119
RMOD-1013-2752-01-103-49609,1.3662691652470187,1.358546143480319,0.005684769563229386
RMOD-1013-2752-01-106-49665,1.4428571428571428,1.3981153777635587,0.032001482713932994
RMOD-1013-2752-01-108-49691,1.3636363636363635,1.2784740220210369,0.06661249282226356
RMOD-1013-3202-01-102-48269,1.3821138211382114,1.3749178559787598,0.005233741876403908
RMOD-1013-3202-01-103-48373,1.3415637860082306,1.3504746000175765,-0.0065982833066464686
RMOD-1013-3202-01-106-48353,1.3157894736842106,1.3527061392774042,-0.02729097216407561
RMOD-1013-3281-00-117-46909,1.2769230769230768,1.302139453049336,-0.01936534221984254
RMOD-1013-3281-100-130-46969,1.3513513513513513,1.3496249244306726,0.001279190158263388
RMOD-1013-4245-19-117-52695,1.3135011441647597,1.3062561410979665,0.0055463877556996
RMOD-1013-4245-19-162-52815,1.1764705882352942,1.3005278509988107,-0.09538993160987685
RMOD-1013-4401-10-117-47239,1.3846153846153846,1.3485349305658896,0.026755298088092072
RMOD-1013-4478-17-118-51286,1.4141414141414141,1.4251182300984064,-0.007702389686106481
RMOD-1013-4835-01-103-51957,1.029490616621984,1.0291941015038193,0.00028810417561797586
RMOD-1013-4835-01-106-52049,1.115,1.08554032697942,0.027138257592468573
RMOD-1013-4835-01-108-52077,1.05,1.0199821558709101,0.029429773801737946
RMOD-1013-4957-01-102-47885,1.3333333333333333,1.3711825046283317,-0.02760330675693501
RMOD-1013-4957-01-103-47963,1.3812154696132597,1.3320928125198572,0.03687630218534066
RMOD-1013-4957-01-106-47934,1.2337662337662338,1.2525684343204144,-0.015010916800232033
RMOD-1013-5146-01-103-51614,1.3157894736842106,1.2975963209622292,0.014020656831463807
RMOD-1013-5146-01-106-51690,1.2222222222222223,1.2581547117081153,-0.028559674856766915
RMOD-1013-6124-01-103-53429,1.496212121212121,1.3921716817131105,0.07473247794480775
RMOD-1013-6124-01-106-53493,1.4573643410852712,1.4894252878824883,-0.021525716702982756
RMOD-1013-7529-17-118-54263,1.3714285714285714,1.3139729490668064,0.043726640188879395
RMOD-1013-7529-17-145-54352,1.345724907063197,1.35661463674309,-0.00802713562492352
RMOD-1013-7529-17-162-54377,1.5625,1.4392365489692474,0.08564502556513842
RMOD-1013-8243-01-103-50965,1.3743139407244787,1.3673982500790833,0.005057554114169305
RMOD-1013-8243-01-103-54620,1.2919954904171365,1.2904944620890166,0.0011631420143329851
RMOD-1013-8243-01-106-54684,1.2778993435448578,1.3251991736439368,-0.03569261967543902
RMOD-1014-0273-01-103-46529,1.3542857142857143,1.3129503365552195,0.03148281894572347
RMOD-1014-0273-01-106-46599,1.2125435540069687,1.2706426811069225,-0.04572420552514467
RMOD-1014-0298-01-103-47598,1.4212860310421287,1.3563122681269908,0.04790472256426903
RMOD-1014-0298-01-103-49610,1.4285714285714286,1.4072341788738714,0.015162543674594575
RMOD-1014-0298-01-103-51615,1.4341372912801484,1.391085912834135,0.03094803710455407
RMOD-1014-0298-01-106-47607,1.393063583815029,1.270816324077273,0.09619585255683472
RMOD-1014-0298-01-106-49667,1.4153846153846155,1.3561154990001694,0.04370506526040274
RMOD-1014-0298-01-106-51695,1.3392857142857142,1.3454076628678315,-0.004550255473547593
RMOD-1014-1872-01-103-46910,1.2391304347826086,1.2271550974252605,0.009758617620929888
RMOD-1014-1872-01-103-48950,1.4027777777777777,1.3326440607900398,0.052627493755654564
RMOD-1014-1872-01-103-50966,1.4260089686098654,1.3729146085717863,0.03867273296284024
RMOD-1014-1872-01-106-47019,1.2828947368421053,1.2643626242309076,0.014657276524976615
RMOD-1014-1872-01-106-49001,1.2252252252252251,1.2724426092170904,-0.03710767279391658
RMOD-1014-1872-01-106-51013,1.3253012048192772,1.290395551192969,0.027050351804171813
RMOD-1014-1971-01-103-52289,0.9587628865979382,0.9825014551566482,-0.02416135715028045
RMOD-1014-1971-01-106-52420,0.9866666666666667,1.0009733681043302,-0.014292789292444263
RMOD-1014-1999-01-103-46176,1.0795454545454546,1.2095057282692023,-0.10744907666516001
RMOD-1014-2752-01-103-47886,1.3572496263079223,1.3567141072999058,0.0003947176528460439
RMOD-1014-2752-01-103-51958,1.11482254697286,1.0837763862457048,0.028646278993678553
RMOD-1014-2752-01-103-54264,1.4256756756756757,1.3929248215307022,0.023512291287180354
RMOD-1014-2752-01-106-47935,1.3548387096774193,1.3783517774480951,-0.017058829360824257
RMOD-1014-2752-01-106-52050,1.2518518518518518,1.1058471530481684,0.13202972797934565
RMOD-1014-2752-01-106-54355,1.463855421686747,1.4129244395481324,0.036046500940208004
RMOD-1014-2752-01-108-52068,1.1692307692307693,1.0509500627881418,0.11254645737289537
RMOD-1014-2752-01-108-54379,1.3488372093023255,1.2719112434990683,0.06048060837298008
RMOD-1014-3202-01-103-49920,1.4213483146067416,1.3737270554329717,0.03466573580641952
RMOD-1014-3202-01-106-49985,1.2459893048128343,1.3080456200805999,-0.04744201143683502
RMOD-1014-4874-01-103-48270,1.2806652806652807,1.3020859936131397,-0.016451073932850502
RMOD-1014-4874-01-103-50538,1.4314814814814816,1.377477303988352,0.039205130521399845
RMOD-1014-4874-01-103-53042,1.4313725490196079,1.3998266469332759,0.02253557764130454
RMOD-1014-4874-01-106-48354,1.202247191011236,1.3257531968233576,-0.09315912351413136
RMOD-1014-4874-01-106-50676,1.4936708860759493,1.404397666640184,0.06356690954161048
RMOD-1014-4874-01-106-53122,1.4324324324324325,1.3644142808679605,0.049851538875130164
RMOD-1014-4957-01-102-50263,1.42,1.4232740758277904,-0.0023003832384751455
RMOD-1014-4957-01-103-50380,1.274390243902439,1.3440903624396747,-0.0518567207123799
RMOD-1014-4957-01-106-50359,1.4883720930232558,1.3288879382562238,0.1200132457943055
RMOD-1014-5096-01-103-52696,1.2135922330097086,1.2981897807205935,-0.06516577850730476
RMOD-1014-5096-01-106-52764,1.4077669902912622,1.3282615713008223,0.05985674863165458
RMOD-1014-5146-01-103-54621,1.318407960199005,1.3061492245483473,0.009385402081371508
RMOD-1014-5146-01-106-54685,1.2392638036809815,1.274689928276739,-0.027791954584320044
RMOD-1014-5189-01-103-53883,1.386178861788618,1.3709537277571267,0.01110550540345323
RMOD-1014-5189-01-106-53980,1.4203821656050954,1.3778879977791811,0.03084007400776012
RMOD-1014-5967-01-103-48575,1.4131147540983606,1.3685984235841282,0.03252694855343452
RMOD-1014-5967-01-106-48623,1.4594594594594594,1.4049672648878606,0.03878538378326435
RMOD-1014-5967-01-108-48641,1.3473684210526315,1.2813107062068796,0.05155479816547048
RMOD-1014-6521-01-103-47240,1.337837837837838,1.3099774522600776,0.0212678359690035
RMOD-1014-6521-01-103-49228,1.3473193473193472,1.379586128476973,-0.0233887399210424
RMOD-1014-6521-01-103-51287,1.4027777777777777,1.3782263052712942,0.017813817957603728
RMOD-1014-6521-01-103-53430,1.3708133971291867,1.3948071284962518,-0.017202185791043934
RMOD-1014-6521-01-106-47302,1.3116883116883118,1.3132761872290315,-0.001209094900342489
RMOD-1014-6521-01-107-47353,1.1897810218978102,1.2498073699348882,-0.04802847981301728
RMOD-1014-6521-01-107-49358,1.2408759124087592,1.383692497273969,-0.10321410656383168
RMOD-1014-6521-01-107-51364,1.2755102040816326,1.33536853896843,-0.04482532959256158
RMOD-1014-6521-01-107-53561,1.2523364485981308,1.3792620713503096,-0.09202429718662353
RMOD-1014-6521-01-158-49341,1.3122362869198312,1.3790185068752747,-0.04842735584946267
RMOD-1014-6521-01-158-51341,1.3576642335766422,1.3801092483580233,-0.016263215979521073
RMOD-1014-6521-01-158-53494,1.194915254237288,1.3631307949255163,-0.12340381518372179
RMOD-1015-0296-17-118-52697,1.2745098039215685,1.2860898494747124,-0.009004071961125737
RMOD-1015-0296-17-154-52765,1.3162393162393162,1.3569054493277537,-0.029969761790391902
RMOD-1015-0296-17-162-52817,1.0769230769230769,1.3764161340717924,-0.217589034111899
RMOD-1015-0418-17-118-47603,1.2304964539007093,1.2335154166116202,-0.002447446274489118
RMOD-1015-0418-17-118-49921,1.2131782945736433,1.270272063890012,-0.044946095359704175
RMOD-1015-0418-17-154-49986,1.2826086956521738,1.3244518855598981,-0.03159283501645316
RMOD-1015-0418-17-162-47695,1.3137254901960784,1.1766850123424366,0.11646317953930097
RMOD-1015-0418-17-162-50057,1.2439024390243902,1.3097395199765247,-0.05026730884116137
RMOD-1015-0503-17-118-51959,1.082262210796915,1.0641352015997214,0.017034498219721916
RMOD-1015-0503-17-118-54265,1.352017937219731,1.3502453591580938,0.0013127821914842297
RMOD-1015-0503-17-162-52021,1.1538461538461537,1.1249668755454463,0.025671225463154368
RMOD-1015-0503-17-162-54388,1.35,1.2548127799530717,0.0758577068767885
RMOD-1015-1479-17-119-52290,0.8823529411764706,0.9398929825985923,-0.06121977979135085
RMOD-1015-1479-17-162-52387,1.1333333333333333,1.1157537127431107,0.01575582531292019
RMOD-1015-1963-17-118-46912,1.4,1.3818814527351326,0.013111506221467506
RMOD-1015-1963-17-162-46927,1.5625,1.1928287905243757,0.3099113740481685
RMOD-1015-2085-19-117-48576,1.2485955056179776,1.2305717582454385,0.014646644741983517
RMOD-1015-2085-19-145-48624,1.2794612794612794,1.3155437786880442,-0.02742782095989904
RMOD-1015-2085-19-154-48642,1.3137254901960784,1.321200649868944,-0.005657853463519658
RMOD-1015-2085-19-162-48689,1.5,1.3054166268848955,0.1490584454860493
RMOD-1015-3857-17-118-49229,1.4734848484848484,1.392985197138501,0.057789308538031436
RMOD-1015-3857-17-162-49321,1.2647058823529411,1.3847200113925435,-0.08667032183561085
RMOD-1015-4277-17-118-46530,1.4,1.280066358953083,0.09369329973252816
RMOD-1015-4277-17-118-48271,1.3090128755364807,1.345923728717747,-0.02742417894395177
RMOD-1015-4277-17-118-50266,1.402542372881356,1.3692895935437726,0.024284694409693053
RMOD-1015-4277-17-154-48356,1.3738317757009346,1.3532475834694417,0.015210958055967394
RMOD-1015-4277-17-154-50360,1.4852941176470589,1.4451984705869396,0.027744041995723334
RMOD-1015-4277-17-162-46746,1.12,1.2230028650883034,-0.08422127864832618
RMOD-1015-4277-17-162-48317,1.4193548387096775,1.4815716441563862,-0.04199378794275943
RMOD-1015-4277-17-162-50316,1.3548387096774193,1.4197386800434597,-0.045712616890915214
RMOD-1015-4340-17-118-51616,1.3345724907063197,1.315730223232429,0.01432076814926364
RMOD-1015-4340-17-118-53884,1.2967741935483872,1.291100140937211,0.004394742461306889
RMOD-1015-4340-17-162-51691,1.2352941176470589,1.2557061861162229,-0.01625544947922608
RMOD-1015-4340-17-162-53994,1.3396226415094339,1.2745030689954961,0.051094088431864026
RMOD-1015-4371-17-118-50967,1.3664596273291925,1.3571165906222882,0.0068844760807325045
RMOD-1015-4371-17-118-54622,1.2438356164383562,1.2128517050770045,0.025546331205746675
RMOD-1015-4371-17-162-51066,1.5454545454545454,1.240170685012507,0.24616277753651294
RMOD-1015-4371-17-162-54704,1.1967213114754098,1.2263088560438387,-0.024127318678819898
RMOD-1015-4478-17-118-53431,1.3906976744186046,1.356971304277279,0.024854151325836904
RMOD-1015-4478-17-162-53504,1.6176470588235294,1.5107311082156551,0.07077099956864874
RMOD-1015-5897-17-118-47887,1.2483870967741935,1.2636265408233565,-0.012060085442042956
RMOD-1015-5897-17-162-48004,1.588235294117647,1.4294903159042331,0.11105005500719245
RMOD-1015-5992-17-118-49611,1.3387096774193548,1.314827177823719,0.018163983828783925
RMOD-1015-5992-17-162-49650,1.1282051282051282,1.2745139286282805,-0.11479576420213777
RMOD-1015-6158-19-117-47241,1.2552238805970148,1.2706761068925723,-0.012160633391734788
RMOD-1015-6158-19-145-47305,1.251572327044025,1.26562485864721,-0.01110323608703867
RMOD-1015-6158-19-162-47328,1.45,1.2975093318734412,0.11752568122680196
RMOD-1015-6769-17-118-46177,1.2488479262672811,1.328083432325709,-0.05966154243764077
RMOD-1015-6769-17-118-50539,1.3298969072164948,1.3553716506877291,-0.018795393468874932
RMOD-1015-6769-17-118-53043,1.4477611940298507,1.4446268375971951,0.00216966510041372
RMOD-1015-6769-17-162-46219,1.2272727272727273,1.408339082429919,-0.1285673013098405
RMOD-1015-6769-17-162-50647,1.3461538461538463,1.3195963020645232,0.020125506602112653
RMOD-1015-6769-17-162-53162,1.2,1.434471611136293,-0.16345503760130897
RMOD-1015-7529-17-118-48951,1.4020100502512562,1.3152928782186986,0.06592993352932819
RMOD-1015-7529-17-118-51288,1.3565217391304347,1.371245583499165,-0.010737569218752019
RMOD-1015-7529-17-154-49018,1.4230769230769231,1.3860819345341802,0.026690333104424813
RMOD-1015-7529-17-154-51343,1.3096446700507614,1.3546680152991193,-0.03323570405433729
RMOD-1015-7529-17-158-49002,1.2686567164179106,1.2628851564153718,0.0045701384430876235
RMOD-1015-7529-17-162-49063,1.5862068965517242,1.3543133121180662,0.1712259507151932
RMOD-1015-7529-17-162-51378,1.4333333333333333,1.3076208340777842,0.0961383422314539
RMOD-1016-0004-00-127-47242,1.1111111111111112,1.4151691359169292,-0.2148563144071186
RMOD-1016-0037-00-119-50968,1.0740740740740742,1.1704119749513024,-0.08231110321751178
RMOD-1016-0037-00-127-53505,1.5555555555555556,1.3711118622224117,0.13452125856032082
RMOD-1016-0037-00-135-53432,1.4782608695652173,1.3754698933951743,0.07473153477486627
RMOD-1016-0183-00-117-50268,1.8,1.4292808479934977,0.25937460263805945
RMOD-1016-0407-00-135-51617,0.956989247311828,1.0762729098683883,-0.11083031214745231
RMOD-1016-0409-00-119-48275,1.1538461538461537,1.269318237855697,-0.09097173629570954
RMOD-1016-0409-00-127-48376,1.2727272727272727,1.2169164516127882,0.04586249207208759
RMOD-1016-0472-00-117-46292,1.4516129032258065,1.353556220030732,0.07244374614365712
RMOD-1016-0472-00-119-46178,1.3650793650793651,1.357527145108865,0.005563218384037727
RMOD-1016-0491-00-117-49612,1.55,1.2921250871229497,0.19957426370478992
RMOD-1016-0499-00-108-52069,1.1818181818181819,1.1007307918270917,0.07366686804181599
RMOD-1016-0499-00-119-48577,1.4736842105263157,1.3676183635684709,0.0775551497283875
RMOD-1016-0499-00-119-51960,0.75,1.1978794486987987,-0.3738935910331457
RMOD-1016-0993-00-117-53044,1.3333333333333333,1.3975875931865243,-0.04597512182165986
RMOD-1016-1633-00-127-48952,1.3888888888888888,1.2959861293307569,0.07168499527545613
RMOD-1016-5114-00-108-54392,1.3333333333333333,1.341032615393344,-0.005741308579398363
RMOD-1016-5114-00-117-51289,1.4056603773584906,1.3743613357602198,0.02277351725771437
RMOD-1016-5114-00-117-54266,1.5609756097560976,1.489235242700001,0.04817262243004028
RMOD-1016-5242-00-119-46531,1,1.198114096638935,-0.16535495007921508
RMOD-1016-5242-100-161-46628,1.3386243386243386,1.2745424143013069,0.05027837724659867
RMOD-1016-5692-00-117-49922,1.3896103896103895,1.3805348081374054,0.006573960627062281
RMOD-1016-5892-00-119-50542,1.3333333333333333,1.3462309079152626,-0.009580506959168011
RMOD-1016-5892-00-119-52698,1.375,1.306416706177642,0.052497257190641244
RMOD-1016-6023-00-108-54705,1.4583333333333333,1.4778808742185063,-0.013226736488832103
RMOD-1016-6023-00-119-54623,1.6666666666666667,1.543887577309914,0.07952592608503539
RMOD-1016-6607-00-108-52439,0.9879518072289156,0.9674428499527913,0.021199140886849488
RMOD-1016-6607-00-117-52291,1.4666666666666666,0.9885628778921813,0.48363518342293066
RMOD-1016-6852-00-117-47606,1.43,1.3598587207274735,0.051579828259661786
RMOD-1016-6897-00-117-46970,1.3846153846153846,1.33349528148425,0.03833542108543142
RMOD-1016-6897-00-117-53885,1.5135135135135136,1.3916147936083156,0.0875951595693567
RMOD-1016-6897-00-119-46916,1.4666666666666666,1.4846245481716798,-0.012095907700790942
RMOD-1016-8232-00-119-47888,1.6875,1.555430025470026,0.08490897846083723
RMOD-1016-9474-00-117-49230,1.3125,1.325765465315444,-0.010005891435924341
RMOD-1017-0931-15-148-49231,1.5076923076923077,1.432501851400576,0.05248890688568175
RMOD-1017-0931-15-148-49323,1.7083333333333333,1.3953101276238542,0.22433952102285848
RMOD-1017-0931-15-148-49359,1.2173913043478262,1.2668314446903828,-0.039026612853488296
RMOD-1017-0932-15-148-53045,1.4179104477611941,1.3596104344534194,0.04287993959917791
RMOD-1017-0932-15-148-53163,1.1875,1.2063098488462616,-0.015592883423982351
RMOD-1017-0932-15-148-53184,1.4285714285714286,1.4123171746258312,0.011508926066769343
RMOD-1017-0932-15-163-53177,1.5217391304347827,1.2455457780645793,0.22174484248934845
RMOD-1017-1067-17-162-47609,1.5,1.293844406086296,0.15933569210017828
RMOD-1017-1314-17-162-47243,1.1363636363636365,0.9981557696787289,0.13846322476239514
RMOD-1017-1445-15-148-54624,1.2646822204344328,1.181554033170806,0.07035496044183853
RMOD-1017-1445-15-148-54706,1.3265306122448979,1.335138004895993,-0.006446818695544199
RMOD-1017-1445-15-14854717,1.4634146341463414,1.291737565734017,0.13290398372425627
RMOD-1017-1445-15-163-54713,1.2352941176470589,1.2170414372925322,0.014997583315759622
RMOD-1017-1877-15-148-47889,1.3125,1.2556783805145084,0.04525173035328467
RMOD-1017-1877-15-148-47966,1,1.1037347645341995,-0.09398522894037675
RMOD-1017-1877-15-148-48005,1.509433962264151,1.4677327713005581,0.028411977833431745
RMOD-1017-1877-15-148-50543,1.268796992481203,1.1961150307159711,0.060765026689553414
RMOD-1017-1877-15-148-50649,1.543859649122807,1.3734231272112958,0.12409614963858862
RMOD-1017-1877-15-148-50693,1.2972972972972974,1.2733575760045728,0.01880047030296117
RMOD-1017-1877-15-163-50662,1.273972602739726,1.267336279397216,0.005236434441588278
RMOD-1017-1937-100-126-46536,1.0769230769230769,1.0860510705207034,-0.008404755398150776
RMOD-1017-1938-15-148-48953,1.2696629213483146,1.2183274372604993,0.04213603216820516
RMOD-1017-1938-15-148-49019,1.2456140350877194,1.1840220158825914,0.05201931921782399
RMOD-1017-1938-15-148-49064,1.353846153846154,1.3447014095516747,0.006800576120112867
RMOD-1017-2518-15-148-51290,1.4038461538461537,1.3113828082623327,0.07050827950561667
RMOD-1017-2518-15-148-51365,0.9230769230769231,1.1911047337491651,-0.22502455332251758
RMOD-1017-2518-15-148-51380,1.5714285714285714,1.532738316927084,0.025242570159696776
RMOD-1017-2518-15-148-53886,1.2585365853658537,1.215127825987421,0.035723615614808635
RMOD-1017-2518-15-148-53932,1.4615384615384615,1.4428391406733425,0.012960087051971936
RMOD-1017-2518-15-148-53995,1,1.1743571944335764,-0.14847032509361302
RMOD-1017-2518-15-163-51397,1.1428571428571428,1.211976943633349,-0.05703062351086807
RMOD-1017-2518-15-163-53926,1.7142857142857142,1.1918354886901872,0.4383576681121433
RMOD-1017-2645-100-126-46179,1.1894736842105262,1.3007599233697476,-0.08555478775124259
RMOD-1017-2645-100-126-48277,1.3368421052631578,1.2768765266265574,0.046962707345734156
RMOD-1017-2954-17-162-46918,1.4193548387096775,1.2895197949441213,0.10068480086510201
RMOD-1017-3323-15-148-52699,1.3846153846153846,1.2963966686810637,0.06804916895079138
RMOD-1017-3323-15-148-52814,1.3333333333333333,1.1160477349026854,0.19469202941359343
RMOD-1017-3323-15-148-52818,1.4,1.1250956400358487,0.24433865902759333
RMOD-1017-3323-15-163-52827,1.4444444444444444,1.266788180679156,0.14024149141495967
RMOD-1017-3471-15-148-48578,1.25,1.221803621261678,0.023077668332006862
RMOD-1017-3471-15-148-48643,1.108433734939759,1.2896687565874307,-0.1405283494090641
RMOD-1017-3471-15-148-48690,1.4725274725274726,1.3120729000079638,0.12229089749398425
RMOD-1017-3471-15-148-49923,1.2685714285714285,1.1800974916715974,0.07497171845904749
RMOD-1017-3471-15-148-50000,1.3,1.283173707470894,0.013113027824011692
RMOD-1017-3471-15-148-50058,1.6,1.3615347201792514,0.17514447210670747
RMOD-1017-3471-15-148-53433,1.297872340425532,1.2036787642989084,0.07825474613360583
RMOD-1017-3471-15-148-53506,1.236842105263158,1.3858274837758544,-0.10750643947886496
RMOD-1017-3471-15-148-53567,1.4722222222222223,1.3301507779345008,0.10680852625469606
RMOD-1017-3471-15-163-50072,1.1875,1.1643708279303584,0.019864094423211576
RMOD-1017-3471-15-163-53562,1.2837837837837838,1.208371221153313,0.06240843981578292
RMOD-1017-4106-15-148-50269,1.5106382978723405,1.332605847854,0.13359723004745927
RMOD-1017-4106-15-148-50318,0.7777777777777778,1.2954934266579803,-0.3996281557489394
RMOD-1017-4106-15-148-50382,1.5,1.4913650786749941,0.005789944694613247
RMOD-1017-4106-15-148-52292,1.0222222222222221,0.9049303042739154,0.12961431106279253
RMOD-1017-4106-15-148-52388,1.8181818181818181,0.9165378763342414,0.9837497883380073
RMOD-1017-4106-15-148-52440,1.1,0.8322224721067155,0.32176195292518806
RMOD-1017-4106-15-148-54267,1.3333333333333333,1.2483307056132362,0.06809303603434147
RMOD-1017-4106-15-148-54385,1.7333333333333334,1.383217674019311,0.25311682021577053
RMOD-1017-4106-15-148-54393,1.5,1.424672280495847,0.05287371737024027
RMOD-1017-4106-15-163-50412,1.1764705882352942,1.3676274601980627,-0.13977261902527516
RMOD-1017-4106-15-163-52397,0.5,0.7753220397351417,-0.355106685512506
RMOD-1017-4106-15-163-54380,1.875,1.31380022379492,0.4271576195839357
RMOD-1017-5914-15-148-51961,1.0235849056603774,0.9250853593638669,0.10647617033334456
RMOD-1017-5914-15-148-52022,1.1,1.0052109933708269,0.09429762234425243
RMOD-1017-5914-15-148-52070,1.4545454545454546,1.0157688985206428,0.43196494464817947
RMOD-1017-5914-15-163-52033,1.2962962962962963,0.9468245716802753,0.36909870642228215
RMOD-1017-5918-15-148-50969,1.2774725274725274,1.1822346699294315,0.08055748995144985
RMOD-1017-5918-15-148-51029,1.1153846153846154,1.3344130620848154,-0.16413841629967385
RMOD-1017-5918-15-148-51067,1.4666666666666666,1.379879859624436,0.06289446609203475
RMOD-1017-5918-15-163-51078,1.3736263736263736,1.213736292665112,0.13173378923207135
RMOD-1017-7618-15-148-49613,1.3405797101449275,1.2189446514158742,0.09978718770189232
RMOD-1017-7618-15-148-49652,1.171875,1.1019608609554687,0.06344521073453668
RMOD-1017-7618-15-148-49692,1.5555555555555556,1.3212191327837663,0.17736378240152328
RMOD-1017-7618-15-163-49669,1.2033898305084745,1.2332231767537312,-0.024191360337378898
RMOD-1017-9502-15-148-51618,1.2320185614849188,1.095562572197277,0.12455335071730644
RMOD-1017-9502-15-148-51692,1.4328358208955223,1.36190296055363,0.052083637671994865
RMOD-1017-9502-15-148-51725,1.4857142857142858,1.263938633114612,0.17546394009111932
RMOD-1017-9502-15-163-51787,1.290909090909091,1.0610380328120705,0.2166473311873589
RMOD-1018-0083-00-117-47244,1.5,1.3887745047720137,0.08008895241509739
RMOD-1018-0083-00-117-50544,1.5510204081632653,1.3978824152869207,0.10954998160193075
RMOD-1018-0083-00-117-52700,1.173913043478261,1.3143196014854623,-0.10682832231103612
RMOD-1018-0407-00-118-49232,1.5294117647058822,1.4320496014334057,0.06798798252171045
RMOD-1018-0407-00-135-54268,1.2666666666666666,1.314017730373969,-0.036035330888439576
RMOD-1018-0407-44-117-46294,1.1136363636363635,1.2204097788555877,-0.08748980634959214
RMOD-1018-0407-44-118-46181,1.0212765957446808,1.1911472737040045,-0.14261097826391522
RMOD-1018-0940-00-101-47610,1.3473684210526315,1.3516283913016878,-0.003151731849131756
RMOD-1018-1072-00-117-49614,1.3333333333333333,1.3577338072849767,-0.017971471153418794
RMOD-1018-1072-00-117-53046,1.7,1.4188402621744314,0.1981616573205216
RMOD-1018-1263-00-117-51291,1.5636363636363637,1.4586451010103014,0.07197862081279549
RMOD-1018-2262-00-117-50270,1.3333333333333333,1.293636641858844,0.03068612173619978
RMOD-1018-4700-00-08-48579,1.1142857142857143,1.151541708938534,-0.0323531439318524
RMOD-1018-5362-00-117-48957,1.4166666666666667,1.367939136196935,0.03562112463950773
RMOD-1018-6161-00-117-46537,1.2857142857142858,1.1368887850565816,0.1309059449032186
RMOD-1018-6607-00-108-50001,1.4558823529411764,1.436383168551173,0.01357519693695064
RMOD-1018-6607-00-117-49924,1.105263157894737,1.209901652625712,-0.08648512422798171
RMOD-1018-6852-00-117-51962,1.0869565217391304,1.122892564391645,-0.032003099666069845
RMOD-1018-6852-00-117-53434,1.3880597014925373,1.3777465943191867,0.007485489142832424
RMOD-1018-6866-00-119-50970,1.763157894736842,1.4954170257767414,0.17904093931325438
RMOD-1018-7383-00-117-48279,1.4545454545454546,1.3490849895959653,0.07817184666851373
RMOD-1018-7391-00-117-46971,1.5,1.4050206692506892,0.06759995267540364
RMOD-1018-7391-00-119-46921,1.375,1.3704484771770007,0.0033211922219615886
RMOD-1018-8753-00-117-54625,1.525,1.320465223900406,0.15489599604557291
RMOD-1018-8753-00-147-51619,1.4183006535947713,1.3771997413328998,0.0298438280434854
RMOD-1018-9462-00-127-52293,0.9857142857142858,0.9515533470859415,0.035900182299772654
RMOD-1018-9465-00-117-47890,0.875,1.2108596191469094,-0.2773728794288587
RMOD-1018-9465-00-127-47969,1.5416666666666667,1.3486346211759594,0.14313146233958496
RMOD-1018-9468-00-117-53887,1.4,1.3600006404320748,0.029411279949998592
RMOD-1018-9468-00-135-53996,1.4761904761904763,1.3131877038788726,0.12412754995354325
RMOD-1019-0836-09-117-47253,1.2233009708737863,1.2656376854227855,-0.03345089596858564
RMOD-1019-0838-100-130-47611,1.3289473684210527,1.2814853568017746,0.037036717873803804
RMOD-1019-4137-09-117-46539,1.2639296187683284,1.2416179928020494,0.017969799161758893
RMOD-1019-4137-09-145-46601,1.359375,1.2946195571843955,0.050018897409859875
RMOD-1019-4142-02-101-48958,1.2222222222222223,1.2306400540177043,-0.006840206255273595
RMOD-1019-4142-02-103-49020,1.2813559322033898,1.3314869070448123,-0.03765037010591887
RMOD-1019-4142-02-106-49003,1.384,1.3000173259369745,0.06460119598982716
RMOD-1019-4935-00-107-48644,1.24,1.1849769592827057,0.046433848596179494
RMOD-1019-4935-00-107-50694,1.3,1.250691501005743,0.03942498925962612
RMOD-1019-4935-00-107-52816,1.5,1.5176779443431379,-0.011648020852532692
RMOD-1019-4935-100-130-46182,1.2222222222222223,1.3117285060273332,-0.06823537294023385
RMOD-1019-4935-100-130-48580,1.3296703296703296,1.2786144937947759,0.039930593719476715
RMOD-1019-4935-100-130-50545,1.5238095238095237,1.4611892582316426,0.04285568431680464
RMOD-1019-4935-100-130-52701,1.4537037037037037,1.3671406896599618,0.06331682956877827
RMOD-1019-4935-30-106-46265,1.1946902654867257,1.24612432989292,-0.0412752268552643
RMOD-1019-4935-30-107-46283,1.183673469387755,1.229799655793603,-0.03750707376485829
RMOD-1019-5020-100-130-49233,1.496,1.4748295251580343,0.01435452334038212
RMOD-1019-5020-100-130-51620,1.4503311258278146,1.3565770521074783,0.06911076195390953
RMOD-1019-5020-100-130-53888,1.5343915343915344,1.4762130663296575,0.039410617199404196
RMOD-1019-5365-00-117-47891,1.4523809523809523,1.3368008420334265,0.08646023155679305
RMOD-1019-5365-00-117-51366,1.2916666666666667,1.4644099740657743,-0.11796102898664684
RMOD-1019-5365-100-130-51292,1.408450704225352,1.4731828999302168,-0.04394036593007622
RMOD-1019-5365-100-130-53435,1.4166666666666667,1.3481034447409155,0.050859021385356584
RMOD-1019-5431-10-117-46923,1.3647058823529412,1.3097103881464875,0.04199057646956872
RMOD-1019-5431-10-117-49615,1.3175965665236051,1.3673118183546702,-0.03635984942402459
RMOD-1019-5431-10-154-49671,1.353846153846154,1.3289767969012292,0.018713161134876533
RMOD-1019-5528-02-101-49925,1.233009708737864,1.2289052720720433,0.0033399129771007896
RMOD-1019-5528-02-101-54269,1.272189349112426,1.2774513472727256,-0.00411913782198714
RMOD-1019-5528-02-103-50006,1.2650602409638554,1.3114293368091594,-0.03535767772141252
RMOD-1019-5528-02-106-49987,1.3217391304347825,1.2936914758220877,0.021680327293547297
RMOD-1019-5528-02-106-54356,1.3442622950819672,1.3392213099452086,0.003764116579779264
RMOD-1019-7177-02-101-50971,1.1779661016949152,1.2086112724997455,-0.025355688385602648
RMOD-1019-7177-02-101-53047,1.2376237623762376,1.256115103918589,-0.01472105660115508
RMOD-1019-7177-02-103-51030,1.3246445497630333,1.3399095927516829,-0.011392591762329873
RMOD-1019-7177-02-103-53178,1.3529411764705883,1.4057088035917722,-0.037538092516996246
RMOD-1019-7177-02-106-51014,1.3350785340314135,1.3855859321344945,-0.036452014221358575
RMOD-1019-7177-02-106-53123,1.2526315789473683,1.3843577155360014,-0.09515325057268931
RMOD-1019-7566-02-101-48281,1.2,1.3016138118672949,-0.0780675580889233
RMOD-1019-7566-02-101-50272,1.3143939393939394,1.316142926364064,-0.0013288731300303835
RMOD-1019-7566-02-101-52294,1.021097046413502,0.9339487818072626,0.09331161012662914
RMOD-1019-7566-02-101-54626,1.2659574468085106,1.25716214193113,0.006996157921101531
RMOD-1019-7566-02-103-48377,1.3650793650793651,1.3228457534107405,0.031926331214151116
RMOD-1019-7566-02-106-50361,1.3612903225806452,1.3629082226133844,-0.00118709389663596
RMOD-1019-7566-02-106-52421,1.1865671641791045,1.0113239928465763,0.17328093921639387
RMOD-1019-7566-02-106-54686,1.3858695652173914,1.3626822617008947,0.017015928194114904
RMOD-1019-7566-02-158-48357,1.2702702702702702,1.325278859889395,-0.041507181080150723
RMOD-1019-7762-00-117-51963,0.9629629629629629,1.0941282675315795,-0.11988110394454354
RMOD-1020-1643-100-126-51621,1.2291666666666667,1.0326514712123516,0.19030156924446429
RMOD-1020-1937-100-126-51964,1.0789473684210527,0.9629787554920428,0.12042696920115814
RMOD-1020-2045-46-162-46541,1.3846153846153846,1.3997472716331256,-0.010810442230822281
RMOD-1020-4374-100-126-47612,1.3513513513513513,1.1378552311861065,0.18763030156542437
RMOD-1020-4374-100-126-49616,1.273972602739726,1.1618607565426173,0.09649335823229221
RMOD-1020-5139-100-126-47892,1.1590909090909092,1.1531645368893841,0.005139225159933369
RMOD-1020-5139-100-126-51293,0.9782608695652174,0.9928079493723846,-0.014652461048849652
RMOD-1020-5953-19-162-47254,1.2380952380952381,1.2121195831178189,0.021429944156668546
RMOD-1020-5953-19-162-48581,1.456140350877193,1.1949477069147194,0.21858081525329398
RMOD-1020-5953-19-162-50546,1.36,1.3164787912669782,0.0330587997480285
RMOD-1020-5953-19-162-54270,1.5826771653543308,1.3073169852658688,0.21063000266340293
RMOD-1020-6311-100-126-46926,1.3448275862068966,1.2192995616267648,0.10295093062500138
RMOD-1020-6311-100-126-49234,1.4230769230769231,1.4203227897331625,0.0019390897362689952
RMOD-1020-6311-100-126-52295,0.9696969696969697,0.9278339547904362,0.04511908051046576
RMOD-1020-6356-17-162-46183,1.1818181818181819,1.0960453211566967,0.07825667333807496
RMOD-1020-7449-100-126-52702,0.9512195121951219,1.0766150895406261,-0.11647206003680333
RMOD-1020-8383-17-162-50972,0.42857142857142855,0.6423383282481705,-0.3327948688033949
RMOD-1020-8632-17-162-53436,0.918918918918919,0.9990567090881876,-0.08021345479217912
RMOD-1021-1446-01-103-51294,1.4602803738317758,1.42110782669254,0.027564795860990365
RMOD-1021-1446-01-103-53444,1.398611111111111,1.3788542532152588,0.014328459915021963
RMOD-1021-1446-01-106-51344,1.5522388059701493,1.4965509956769685,0.0372107669261148
RMOD-1021-3448-01-103-46928,1.3300248138957815,1.3491100587803488,-0.014146544057214383
RMOD-1021-3448-01-103-48959,1.3410041841004183,1.338227444481498,0.002074938479531774
RMOD-1021-3448-01-103-50973,1.3707865168539326,1.4024759821228225,-0.02259537109571319
RMOD-1021-3448-01-103-53048,1.3333333333333333,1.3877581647439614,-0.039217806670710065
RMOD-1021-3448-01-106-47024,1.353846153846154,1.3107253747947165,0.032898408683200264
RMOD-1021-3448-01-106-49004,1.326086956521739,1.3173378817872916,0.006641481168504049
RMOD-1021-3448-01-106-51015,1.419889502762431,1.4533824283738992,-0.023044812540455317
RMOD-1021-3448-01-106-53124,1.3516483516483517,1.3501136885466947,0.001136691757646524
RMOD-1021-3453-01-103-46184,1.328358208955224,1.2268189341657425,0.08276630883475056
RMOD-1021-3453-01-103-47893,1.2835249042145593,1.2652272596710432,0.014461943025376733
RMOD-1021-3453-01-103-48284,1.2317880794701987,1.251467199828692,-0.015724839101805443
RMOD-1021-3453-01-103-50273,1.2912087912087913,1.3284999905531567,-0.02807015401546098
RMOD-1021-3453-01-103-52296,0.8260869565217391,0.9027262730931305,-0.0848976249564466
RMOD-1021-3453-01-106-46266,1.2702702702702702,1.2294981909277045,0.03316156106891199
RMOD-1021-3453-01-106-47936,1.2600896860986548,1.2677632510428893,-0.006052837497791619
RMOD-1021-3453-01-106-48358,1.1388888888888888,1.2561420551976985,-0.09334387446358983
RMOD-1021-3453-01-106-50362,1.2483660130718954,1.258545353032339,-0.008088178893130404
RMOD-1021-3453-01-106-52423,1.0828025477707006,0.9762859897246774,0.10910384781416571
RMOD-1021-4177-01-103-49235,1.3952095808383234,1.3916338215692454,0.002569468500733807
RMOD-1021-4177-01-103-51622,1.3241379310344827,1.2812331805165864,0.0334870741488269
RMOD-1021-4177-01-103-53889,1.3121387283236994,1.211035453619015,0.08348498336902588
RMOD-1021-4177-01-106-49343,1.364864864864865,1.278704107366104,0.06738130972006973
RMOD-1021-4177-01-106-51697,1.1833333333333333,1.1978869697363748,-0.012149423752596977
RMOD-1021-4177-01-106-53981,1.4090909090909092,1.2351875673324995,0.14079103964264283
RMOD-1021-4928-01-103-47256,1.4202898550724639,1.3387871685100892,0.06087800098433682
RMOD-1021-4928-01-103-49926,1.4548494983277591,1.3820971476118231,0.052639100544883854
RMOD-1021-4928-01-103-51965,1.1801242236024845,1.1410222591024761,0.0342692389986905
RMOD-1021-4928-01-103-54271,1.4963235294117647,1.3744190518503039,0.08869527630408469
RMOD-1021-4928-01-106-47306,1.3333333333333333,1.2926518710620187,0.03147132122888707
RMOD-1021-4928-01-106-49988,1.087719298245614,1.3541348441714873,-0.19674225729630102
RMOD-1021-4928-01-106-54359,0.96875,1.2504567217192364,-0.22528306404073029
RMOD-1021-4928-01-107-47354,1.1666666666666667,1.1785641856844669,-0.010094926659332204
RMOD-1021-4928-01-107-50014,1.5121951219512195,1.4183277082894745,0.06618175271704341
RMOD-1021-4928-01-107-52071,1.0638297872340425,1.019536463449544,0.0434445705204447
RMOD-1021-4928-01-158-52052,1.225,1.0720061290175233,0.14271734726245766
RMOD-1021-7573-01-103-50547,1.2893081761006289,1.2832379568871064,0.004730392505102987
RMOD-1021-7573-01-106-50677,1.2413793103448276,1.2983414872398717,-0.04387303144424615
RMOD-1021-7581-01-103-47613,1.3563218390804597,1.3139209270767027,0.032270520341047826
RMOD-1021-7581-01-103-49617,1.2868217054263567,1.3841046844467397,-0.07028585345715332
RMOD-1021-7581-01-103-54627,1.446969696969697,1.3477170954051414,0.07364498224660343
RMOD-1021-7581-01-106-47659,1.2698412698412698,1.3081952652643505,-0.0293182496844846
RMOD-1021-7581-01-106-49673,1.48,1.3428057471953674,0.10216984332334111
RMOD-1021-7581-01-106-54690,1.4166666666666667,1.3683832451046236,0.03528501370853254
RMOD-1021-9028-01-103-46543,1.4047619047619047,1.3138347686903753,0.06920743630659532
RMOD-1021-9028-01-103-52703,1.297029702970297,1.3179749601817432,-0.015891999350699293
RMOD-1021-9028-01-10348582,1.328358208955224,1.273497636756297,0.043078660388142787
RMOD-1021-9028-01-106-52766,1.394736842105263,1.3847576888942579,0.007206425565308594
RMOD-1021-9028-01-158-46604,1.2666666666666666,1.2947501447950243,-0.02169026838209287
RMOD-1022-0185-100-126-53890,1.432,1.3004492015506843,0.10115796779485997
RMOD-1022-0358-26-152-49927,1.2025862068965518,1.3235740460402396,-0.09140995134019847
RMOD-1022-0445-100-127-52704,1.2727272727272727,1.2353760479856701,0.03023470044000387
RMOD-1022-0462-26-152-52297,0.9212962962962963,0.8966083659240032,0.027534798146625628
RMOD-1022-2163-27-126-50695,1.25,1.3239661678744021,-0.055867113276129365
RMOD-1022-2163-27-152-50548,1.1041666666666667,1.183897779538686,-0.06734628128374998
RMOD-1022-2166-100-152-46629,1.183673469387755,1.2974752296805099,-0.08771016023232858
RMOD-1022-2166-100-152-48681,1.4615384615384615,1.389455332715692,0.05187869456867178
RMOD-1022-2166-39-127-46544,1.3857142857142857,1.245443788497011,0.1126269194264895
RMOD-1022-2166-39-127-48583,1.12987012987013,1.1602428399789952,-0.026177890577989138
RMOD-1022-3860-27-152-53049,1.46875,1.4973295906819744,-0.01908704059535582
RMOD-1022-5086-27-126-51368,1.1554054054054055,1.2687484651048302,-0.08933453936439628
RMOD-1022-5086-27-126-54272,1.1620111731843576,1.2743781785757808,-0.08817398734573623
RMOD-1022-5086-27-152-51295,1.2962962962962963,1.3524385221784496,-0.041511850602807265
RMOD-1022-5352-26-152-49618,1.394736842105263,1.3574766258047306,0.027448145767109633
RMOD-1022-5352-39-126-47614,1.2415458937198067,1.238958916998411,0.002088024619624207
RMOD-1022-6061-27-126-53445,1.375,1.345829395868706,0.021674815709063155
RMOD-1022-6088-27-152-51966,0.9642857142857143,1.008719525778284,-0.04404971883367337
RMOD-1022-6089-100-127-47258,1.3015873015873016,1.2506851040848412,0.04069945131369157
RMOD-1022-7334-100-127-47894,1.3583333333333334,1.3933897386329188,-0.025159081000538985
RMOD-1022-7334-100-127-51623,1.314516129032258,1.2582140879893466,0.044747584358146186
RMOD-1022-7335-100-127-49021,1.12,1.2870085296555207,-0.12976489728488594
RMOD-1022-7335-27-126-48960,1.032258064516129,1.2572352891069891,-0.1789459988437493
RMOD-1022-8505-100-127-49360,1.36986301369863,1.310961490266988,0.04493001805846042
RMOD-1022-8505-27-152-49236,1.3801652892561984,1.4081443546726116,-0.019869458215395985
RMOD-1022-8763-26-152-50274,1.303030303030303,1.3616665188899797,-0.04306209710397846
RMOD-1022-9166-100-152-46929,1.4722222222222223,1.3657426008942786,0.07796463349552218
RMOD-1022-9166-39-127-46973,1.1827956989247312,1.2496284565104525,-0.05348210281026233
RMOD-1022-9167-39-126-50974,1.3044925124792013,1.316469340905484,-0.00909768883644857
RMOD-1022-9167-39-127-51031,1.2684989429175475,1.320255513720998,-0.039201934978162045
RMOD-1022-9171-26-127-48378,1.0880503144654088,1.2008529749516135,-0.0939354465859985
RMOD-1022-9171-26-152-48286,1.3409090909090908,1.3339631651339838,0.005206984687923688
RMOD-1022-9186-39-127-46185,1.2162162162162162,1.2038209712789187,0.01029658498483288
RMOD-1022-9286-100-126-54746,1.3580786026200873,1.3221539471588197,0.027171310525877956
RMOD-1023-0535-17-118-48961,1.2635135135135136,1.3272772713721035,-0.048041022952704404
RMOD-1023-1740-17-119-52298,0.9785522788203753,0.946226147009767,0.03416321976809078
RMOD-1023-1740-17-162-53364,1.15625,1.0332749001115031,0.11901489126971576
RMOD-1023-1800-18-110-51032,1.3076923076923077,1.314340619545541,-0.005058286835517567
RMOD-1023-1800-18-117-50975,1.3995253164556962,1.3921900178490423,0.005268891826984312
RMOD-1023-1800-18-117-54273,1.3547351524879614,1.3897447029466532,-0.025191353767682334
RMOD-1023-1800-18-162-51068,1.4102564102564104,1.3935648849373152,0.011977573128821861
RMOD-1023-1800-18-162-54394,1.4666666666666666,1.4598397777824608,0.004676464491586874
RMOD-1023-2085-19-117-50550,1.337620578778135,1.3413686467057495,-0.0027942116709073206
RMOD-1023-2085-19-147-50696,1.175531914893617,1.241799276102489,-0.0533639876299965
RMOD-1023-2085-19-154-50678,1.3596059113300492,1.3971731378812924,-0.026888025207964517
RMOD-1023-2085-19-162-50650,1.4193548387096775,1.4064118766304898,0.009202824787143182
RMOD-1023-2086-19-117-46186,1.3243847874720358,1.2773318175703208,0.0368369199408316
RMOD-1023-2086-19-162-46220,1.4722222222222223,1.2943274443307369,0.13744186501698574
RMOD-1023-4245-19-117-47616,1.2280701754385965,1.2757892185362252,-0.037403547862223774
RMOD-1023-4245-19-162-47696,1.457142857142857,1.2965118323208804,0.12389476194323024
RMOD-1023-4339-18-117-53446,1.3518367346938776,1.3590420186830272,-0.0053017374666104455
RMOD-1023-4339-18-145-53495,1.4329896907216495,1.4019741800779297,0.02212274026472838
RMOD-1023-4339-18-162-53563,1.5,1.397692109401567,0.07319773068064084
RMOD-1023-4365-18-117-47259,1.3247767857142858,1.301419514659784,0.01794753405139149
RMOD-1023-4365-18-162-47329,1.1176470588235294,1.1818520791871645,-0.05432576673029432
RMOD-1023-4518-17-118-48288,1.4007782101167314,1.4307729756960745,-0.02096402859772384
RMOD-1023-5347-19-117-50275,1.3718459495351925,1.35751404476833,0.010557463344188278
RMOD-1023-5347-19-117-52705,1.2990196078431373,1.2725672285258143,0.020786626218534998
RMOD-1023-5347-19-154-50364,1.2826086956521738,1.374066283496176,-0.06655980788008087
RMOD-1023-5347-19-154-52767,1.372093023255814,1.3935623610493566,-0.015406083282398675
RMOD-1023-5347-19-162-50320,1.2857142857142858,1.4145594873805758,-0.09108503588271177
RMOD-1023-5347-19-162-52819,1.173913043478261,1.24669297898919,-0.058378395272538186
RMOD-1023-5897-17-118-51624,1.2819767441860466,1.2855969278389352,-0.0028159554324496128
RMOD-1023-5897-17-162-51693,1.4848484848484849,1.3104081991569918,0.1331190432139493
RMOD-1023-5950-17-118-53050,1.3856502242152466,1.44175098739832,-0.03891154830024335
RMOD-1023-5950-17-145-53125,1.3013698630136987,1.3831193076103765,-0.059105128637034876
RMOD-1023-5950-17-162-53179,1.3125,1.3839798474792966,-0.05164804069183959
RMOD-1023-5992-17-118-47895,1.226775956284153,1.2846754413054169,-0.04506934838143206
RMOD-1023-5992-17-162-48006,1.4242424242424243,1.3438275695990332,0.059840158412127975
RMOD-1023-6160-17-118-49237,1.401360544217687,1.3755641884348724,0.01875329119476854
RMOD-1023-6160-17-145-49344,1.4193548387096775,1.4300280285082265,-0.007463622800235048
RMOD-1023-6160-17-154-49361,1.1176470588235294,1.3289953738606834,-0.15902863109537757
RMOD-1023-6160-17-162-49308,1.4736842105263157,1.4690905511573686,0.0031268728570394977
RMOD-1023-6171-17-118-48584,1.1371841155234657,1.2007022951358124,-0.052900856331887014
RMOD-1023-6171-17-118-53892,1.3053435114503817,1.3652886835761726,-0.043906591219062485
RMOD-1023-6171-17-162-48692,1.2459016393442623,1.2518004635713635,-0.0047122719624757
RMOD-1023-6171-17-162-53997,1.4210526315789473,1.4034012948119277,0.012577540602444204
RMOD-1023-6247-19-117-51296,1.439102564102564,1.4113827785297228,0.01964016140378133
RMOD-1023-6247-19-162-51381,1.35,1.4371745369088846,-0.06065688938267855
RMOD-1023-6388-19-117-51976,1.0763546798029557,1.0773823322457765,-0.0009538419297062672
RMOD-1023-6388-19-162-52023,1.2647058823529411,1.127647037840504,0.12154410016002104
RMOD-1023-7235-17-118-46545,1.2923832923832923,1.3148811639778635,-0.017110193841783472
RMOD-1023-7235-17-162-46572,1.4444444444444444,1.279391292621325,0.1290091254919712
RMOD-1023-7342-18-117-54747,1.2730885391829598,1.309248845817434,-0.02761912431696467
RMOD-1023-7342-18-162-54707,1.5,1.3515990212951485,0.1097966011862368
RMOD-1023-7343-18-117-49928,1.3795309168443497,1.3567147121483454,0.01681724572727239
RMOD-1023-7343-18-162-50059,1.4285714285714286,1.4152221354972725,0.009432648585209868
RMOD-1023-7417-19-117-49619,1.3972972972972972,1.4144127442333472,-0.012100744288278453
RMOD-1023-7417-19-162-49653,1.6388888888888888,1.372341956697939,0.19422778039396382
RMOD-1023-9492-18-117-46931,1.2838611217092712,1.2828262676195115,0.0008066985498200729
RMOD-1023-9492-18-158-47025,1.2142857142857142,1.249425946993168,-0.028125102405645586
RMOD-1023-9492-18-162-46989,1.4166666666666667,1.2682618115791715,0.11701436858901348
RMOD-1024-0262-07-106-49345,1.4137931034482758,1.3894817715893972,0.017496690029311868
RMOD-1024-0262-08-101-49238,1.423529411764706,1.449049454918876,-0.01761157500010846
RMOD-1024-0293-01-103-52706,1.4108108108108108,1.3137903195327136,0.07384777451595559
RMOD-1024-0293-01-106-52768,1.287037037037037,1.265011268257822,0.017411519827447153
RMOD-1024-2248-01-103-52299,0.8636363636363636,0.9061974116066661,-0.04696664040878551
RMOD-1024-2248-01-106-52424,0.9497206703910615,0.9371150804237335,0.013451485554611065
RMOD-1024-3223-08-103-53893,1.3346456692913387,1.367317919113107,-0.023895137601181227
RMOD-1024-3223-08-106-53982,1.1538461538461537,1.4025580010266254,-0.17732731694405712
RMOD-1024-3225-01-103-51625,1.3410138248847927,1.2869381082224018,0.04201889455047958
RMOD-1024-3225-01-108-51729,1.2606060606060605,1.2708869812142507,-0.008089563242175468
RMOD-1024-4477-09-117-47896,1.2166910688140555,1.2701005865829036,-0.04205140784364314
RMOD-1024-4477-09-145-47937,1.2285714285714286,1.3134834217895694,-0.0646464141149582
RMOD-1024-4781-01-103-53447,1.354679802955665,1.3576252130215318,-0.0021695310588047967
RMOD-1024-4781-01-106-53496,1.2738095238095237,1.3748320038685518,-0.07347987228604447
RMOD-1024-4782-02-101-54748,1.3446475195822454,1.3564512811657103,-0.008701942891248593
RMOD-1024-4782-02-106-54694,1.311764705882353,1.3551137428276672,-0.031989223911831455
RMOD-1024-4835-02-101-46547,1.1837455830388692,1.1537230261825415,0.026022326134607088
RMOD-1024-4835-02-103-46630,1.193798449612403,1.1631451605723746,0.02635379493385348
RMOD-1024-4835-02-158-46637,1.1044776119402986,1.2056780755638918,-0.08393655460331906
RMOD-1024-4973-02-101-49929,1.13,1.213503624179365,-0.06881201054165353
RMOD-1024-4973-02-106-49989,1.2436974789915967,1.301837027136392,-0.04465962093018894
RMOD-1024-5653-01-103-51297,1.2955665024630543,1.3115429114646737,-0.012181384887954394
RMOD-1024-5653-01-106-51345,1.3140495867768596,1.313180498212497,0.0006618195789120929
RMOD-1024-5968-02-101-48962,1.19,1.2159851294267825,-0.021369611188446047
RMOD-1024-5968-02-101-53051,1.2571428571428571,1.295039878526885,-0.029263208038918465
RMOD-1024-5968-02-103-49022,1.2876712328767124,1.3192089470228403,-0.023906534455592987
RMOD-1024-5968-02-145-49006,1.2568493150684932,1.2732265975263357,-0.012862818362152306
RMOD-1024-5968-02-145-53127,1.317948717948718,1.338101704051866,-0.015060877691227215
RMOD-1024-6002-09-117-48290,1.2541436464088398,1.2954602748109203,-0.03189339666020319
RMOD-1024-6577--07-101-50276,1.3586206896551725,1.3542494370087972,0.003227804662064626
RMOD-1024-6577-07-103-50383,1.6764705882352942,1.3981002673312197,0.19910612093326097
RMOD-1024-6577-07-106-50365,1.2717391304347827,1.3427401572923852,-0.052877711649568226
RMOD-1024-6846-01-106-48625,1.2139639639639639,1.2874773051348825,-0.0570987471994443
RMOD-1024-6846-01-108-48585,1.1756007393715342,1.2063534982806128,-0.02549232787313982
RMOD-1024-7094-02-101-46933,1.2741935483870968,1.2429520366167284,0.025134929466310352
RMOD-1024-7094-02-101-49620,1.183673469387755,1.1845031057662694,-0.0007004087827845451
RMOD-1024-7094-02-106-49675,1.4230769230769231,1.3160269256015829,0.08134331858476629
RMOD-1024-7094-02-158-47026,1.303030303030303,1.339150191734305,-0.026972246225215324
RMOD-1024-7100-07-101-46188,1.298780487804878,1.274396409619593,0.019133825237756197
RMOD-1024-7100-07-158-46268,1.2670454545454546,1.2721590464133654,-0.004019616794242564
RMOD-1024-7951-01-103-50976,1.4184782608695652,1.340858959117367,0.05788774518335016
RMOD-1024-7951-01-106-51016,1.4541984732824427,1.393223610550842,0.04376530965298042
RMOD-1024-8552-01-106-50679,1.1851851851851851,1.3387949608026577,-0.11473734224797028
RMOD-1024-8552-02-103-50551,1.219435736677116,1.3141058859701191,-0.07204149247312308
RMOD-1024-8557-01-103-47617,1.1691542288557213,1.1715985061825942,-0.0020862755576882552
RMOD-1024-8557-01-103-51978,0.9560439560439561,0.9833978654827461,-0.02781570959111468
RMOD-1024-8557-01-103-54274,1.3087557603686637,1.3333025911566196,-0.0184105475761972
RMOD-1024-8557-01-106-52053,1.015625,1.0654836019475487,-0.046794340012755176
RMOD-1024-8557-01-106-54362,1.0514285714285714,1.2306432613832756,-0.14562684051368557
RMOD-1024-8557-01-158-47660,1.1875,1.2548183443870842,-0.053647880339178444
RMOD-1024-8607-01-103-47412,1.206896551724138,1.2424820891703487,-0.028640684446383013
RMOD-1024-8607-01-104-47261,1.3265306122448979,1.258572837850737,0.05399590103200724
RMOD-1024-8607-01-106-47307,1.1693121693121693,1.2799489448794161,-0.08643842866534801
RMOD-1025-0932-15-148-51626,1.218978102189781,1.140817364777157,0.06851292750780646
RMOD-1025-0932-15-148-51694,0.92,1.2539870704073737,-0.2663401228681518
RMOD-1025-0932-15-148-51731,0.75,0.9031891793749227,-0.16960918362744515
RMOD-1025-0932-15-148-54708,1.5454545454545454,1.2123033124155944,0.2748084820251171
RMOD-1025-0932-15-148-54718,1.4137931034482758,1.393927077593875,0.01425184012401326
RMOD-1025-0932-15-148-54749,1.3134796238244515,1.1972816929092813,0.0970514554789692
RMOD-1025-0932-15-163-51788,1.3333333333333333,1.2144320935805164,0.09790686558872119
RMOD-1025-0932-15-163-54714,1.4827586206896552,1.2817750103825074,0.15680100538640573
RMOD-1025-1877-15-148-49239,1.304259634888438,1.2606149922277639,0.034621706809582875
RMOD-1025-1877-15-148-52707,1.1543408360128617,1.1721511751950728,-0.01519457520421541
RMOD-1025-1877-15-148-52820,1.2682926829268293,1.3373480756806986,-0.051636065441467593
RMOD-1025-1877-15-148-52830,1.2972972972972974,1.2643383346401373,0.026068151027423214
RMOD-1025-1877-15-163-52828,1.4285714285714286,1.2085671361404973,0.18203729511750977
RMOD-1025-2518-15-148-49930,1.3333333333333333,1.3220306311142316,0.008549501012374838
RMOD-1025-2518-15-148-50016,1.5,1.351337359652669,0.11001149290029355
RMOD-1025-2518-15-148-50061,1.4,1.2846467837004465,0.08979372210568015
RMOD-1025-2518-15-163-50073,1.6153846153846154,1.4430815907373697,0.11939936435555554
RMOD-1025-2918-15-148-52390,1.0731707317073171,0.8768536215521996,0.22388812149466686
RMOD-1025-3471-15-148-51298,1.2830882352941178,1.182917147099398,0.0846814068426911
RMOD-1025-3471-15-148-51369,1.1071428571428572,1.360506597589207,-0.18622749856215748
RMOD-1025-3471-15-148-51382,1.4150943396226414,1.4600592971850401,-0.0307966653471472
RMOD-1025-3471-15-163-51398,1.309090909090909,1.196954850261526,0.09368445167742312
RMOD-1025-3567-15-148-54357,1.4615384615384615,1.3200223391743486,0.10720736927272667
RMOD-1025-3597-15-148-54275,1.284366576819407,1.204141525209312,0.06662427125926906
RMOD-1025-3597-15-148-54386,1.5909090909090908,1.3831288231254917,0.15022481225868245
RMOD-1025-3597-15-163-54382,1.2244897959183674,1.2691832958764453,-0.03521437770516389
RMOD-1025-4456-15-148-48586,1.3039772727272727,1.2911440823538454,0.009939394486501829
RMOD-1025-4456-15-148-48682,1.1363636363636365,1.1553873036825009,-0.016465186399600817
RMOD-1025-4456-15-148-48693,1.3703703703703705,1.3530549621951449,0.012797268890787361
RMOD-1025-4968-15-148-51980,1.0831099195710456,1.0672902633133767,0.014822262323050728
RMOD-1025-4968-15-148-52024,1.2419354838709677,1.1714104197194857,0.06020525595834347
RMOD-1025-4968-15-148-52072,1.4090909090909092,1.0473484167031553,0.34538887596397694
RMOD-1025-4968-15-163-52034,1.2666666666666666,1.048625860271581,0.20793002981884867
RMOD-1025-5666-15-148-53052,1.620253164556962,1.4532784955080136,0.1148951626030772
RMOD-1025-5666-15-148-53164,1.6470588235294117,1.5850533962786553,0.03911882552116608
RMOD-1025-5666-15-148-53185,1.6153846153846154,1.4859788393007305,0.0870845348947098
RMOD-1025-5666-15-163-53180,1.5483870967741935,1.2195650771160664,0.26962236442166754
RMOD-1025-5918-15-148-46940,1.4059405940594059,1.3910377969516268,0.010713437938521642
RMOD-1025-5918-15-148-46974,1.2962962962962963,1.3505587575188789,-0.0401777863573064
RMOD-1025-5918-15-148-46990,1.0555555555555556,1.1275694964566465,-0.063866520979321
RMOD-1025-5918-15-148-48293,1.4910714285714286,1.3814749311769592,0.0793329614031415
RMOD-1025-5918-15-148-48319,1.263157894736842,1.3468694826082126,-0.062152709636915215
RMOD-1025-5918-15-148-48379,1.3636363636363635,1.1984268555516522,0.1378553120028867
RMOD-1025-5918-15-148-49621,1.2836676217765044,1.2226970361412703,0.04986565259669895
RMOD-1025-5918-15-148-49655,1.3584905660377358,1.3122728228472815,0.03521961469123025
RMOD-1025-5918-15-148-49693,1.3181818181818181,1.3784790877307067,-0.04374188196656048
RMOD-1025-5918-15-148-52300,0.9372693726937269,0.8432986780335013,0.11143228029167207
RMOD-1025-5918-15-148-52441,0.8571428571428571,0.6812291968730524,0.25822977211968556
RMOD-1025-5918-15-163-49672,1.2903225806451613,1.2633706961921825,0.021333314548305005
RMOD-1025-5918-15-163-52398,0.8222222222222222,0.9065713915668853,-0.09304194918270803
RMOD-1025-6118-15-148-50977,1.3201970443349753,1.275606921735643,0.03495600552140399
RMOD-1025-6118-15-148-51033,0.9259259259259259,1.2110512469984267,-0.23543621442872853
RMOD-1025-6118-15-148-51069,1.564102564102564,1.4062751284526926,0.1122308376622767
RMOD-1025-6118-15-163-51079,1.2105263157894737,1.3349492060194688,-0.09320421306590188
RMOD-1025-6127-15-148-46189,1.3737373737373737,1.321531139053725,0.0395043545633218
RMOD-1025-6127-15-148-46221,1.0609756097560976,1.118587919256621,-0.05150449822380587
RMOD-1025-6127-15-148-46284,1.3783783783783783,1.4073735059175023,-0.02060229741231434
RMOD-1025-6127-15-148-53894,1.297165991902834,1.2228100356581375,0.060807446844903135
RMOD-1025-6127-15-148-53917,1.3636363636363635,1.3214381488331157,0.03193355272852583
RMOD-1025-6127-15-148-53933,1.542857142857143,1.378355980587476,0.1193459197670792
RMOD-1025-6127-15-163-53928,1.4227642276422765,1.3200802593982575,0.0777861554348418
RMOD-1025-6312-15-148-47262,1.5238095238095237,1.3546239507003999,0.1248948632730491
RMOD-1025-6312-15-148-47330,1.1935483870967742,1.19873818492122,-0.004329383921967023
RMOD-1025-6312-15-148-47388,1.2,1.2262351054105178,-0.021394841245990004
RMOD-1025-7692-15-148-48963,1.3278688524590163,1.3121214329574646,0.012001495521689609
RMOD-1025-7692-15-148-49023,1.2666666666666666,1.3433099787895548,-0.05705556672180068
RMOD-1025-7692-15-148-49066,1.303030303030303,1.3585629532403896,-0.04087602276922997
RMOD-1025-7692-15-148-49309,1.4133333333333333,1.3464193930210628,0.04969769498204468
RMOD-1025-7692-15-148-49362,1.3269230769230769,1.407923962038035,-0.05753214470311707
RMOD-1025-7762-15-148-50552,1.5769230769230769,1.4701756522633904,0.07260861958592835
RMOD-1025-7762-15-148-50651,1.375,1.445914283732397,-0.04904459726986243
RMOD-1025-7762-15-148-50697,1.8571428571428572,1.6340996026887178,0.1364930595951115
RMOD-1025-7762-15-148-53448,1.64,1.4571007132490126,0.12552274876261804
RMOD-1025-7762-15-148-53507,1.3333333333333333,1.3116735050390302,0.016513124806663226
RMOD-1025-7762-15-148-53568,1.6363636363636365,1.5098855989418674,0.08376663603547518
RMOD-1025-7762-15-163-50665,1.6666666666666667,1.2985379215481505,0.28349479750242756
RMOD-1025-7762-15-163-53564,1.6,1.4937581307787042,0.07112387677241383
RMOD-1025-8368-15-148-46549,1.346938775510204,1.2630224257361027,0.06644090244493794
RMOD-1025-8368-15-148-46573,0.918918918918919,1.0140460177760617,-0.09380944965966065
RMOD-1025-8834-15-148-47618,1.275,1.2549660250582995,0.01596375881233092
RMOD-1025-8834-15-148-47675,1.2666666666666666,1.1474910160776044,0.10385758922665289
RMOD-1025-8834-15-148-47697,1.4615384615384615,1.2760827512627357,0.14533204064721494
RMOD-1025-8834-15-148-50278,1.2406417112299466,1.159464418820117,0.07001274993193518
RMOD-1025-8834-15-148-50321,1.2666666666666666,1.2877592810434615,-0.0163793145871981
RMOD-1025-8834-15-148-50384,1.1304347826086956,1.2628683410768122,-0.10486727251012895
RMOD-1025-8834-15-163-50413,1.309090909090909,1.2927525051572044,0.012638462403689488
RMOD-1026-1210-17-118-54276,1.2826086956521738,1.3348108411016426,-0.039108272005331735
RMOD-1026-1210-17-162-54358,1.3157894736842106,1.323644962401169,-0.005934740009668649
RMOD-1026-1739-17-118-47897,1.3036649214659686,1.3275103376165798,-0.01796250882190753
RMOD-1026-1739-17-118-49931,1.2913907284768211,1.3633342557717025,-0.05277027771458609
RMOD-1026-1739-17-118-53053,1.4421052631578948,1.3712001361706325,0.0517102683385664
RMOD-1026-1739-17-162-48007,1.5945945945945945,1.342724118029063,0.18758170288565568
RMOD-1026-1739-17-162-50062,1.411764705882353,1.3761647366036667,0.02586897362778373
RMOD-1026-1739-17-162-53165,1.1,1.4593541497092097,-0.2462419076142789
RMOD-1026-2610-17-118-47263,1.3404255319148937,1.273619417484634,0.05245374992962959
RMOD-1026-2610-17-118-51627,1.3833333333333333,1.3835389729758667,-0.00014863306820411815
RMOD-1026-2610-17-162-47332,1.2857142857142858,1.2782301099230666,0.005855108351085159
RMOD-1026-2610-17-162-51696,1.5,1.3181509490365524,0.13795768314422774
RMOD-1026-3045-17-118-47619,1.36986301369863,1.3208313807340113,0.03712179592323972
RMOD-1026-3045-17-118-49622,1.25,1.3071828901442084,-0.04374513358103993
RMOD-1026-3045-17-118-51981,1.074766355140187,1.0947294830417635,-0.018235672109705225
RMOD-1026-3045-17-162-47698,1.40625,1.3656334082561643,0.029741943554017825
RMOD-1026-3045-17-162-49656,1.263157894736842,1.1508248415678066,0.09761090403297223
RMOD-1026-3045-17-162-52025,1.2692307692307692,0.968200817149457,0.3109168539720861
RMOD-1026-3107-17-118-46943,1.2989690721649485,1.286035216443696,0.010057155166418363
RMOD-1026-3107-17-118-49240,1.4296296296296296,1.4064028893874099,0.016514997528437103
RMOD-1026-3107-17-118-52708,1.36,1.3319522423928385,0.021057630081972034
RMOD-1026-3107-17-162-46991,1.0909090909090908,1.3046849568703185,-0.1638524801221236
RMOD-1026-3107-17-162-49312,1.25,1.4475228217120533,-0.13645575651680142
RMOD-1026-3107-17-162-52821,1.0833333333333333,1.2694761595029262,-0.14662963520518468
RMOD-1026-3625-19-117-46551,1.2287769784172662,1.2506635130687127,-0.017499938570802454
RMOD-1026-3625-19-117-50279,1.2384105960264902,1.3021512517403724,-0.04895027027673682
RMOD-1026-3625-19-118-52301,0.9,0.9436308720129183,-0.04623722401095942
RMOD-1026-3625-19-118-54001,1.2299651567944252,1.3068796715629276,-0.058853555106966104
RMOD-1026-3625-19-154-52425,0.8644859813084113,0.9215116877944355,-0.06188278156570182
RMOD-1026-3625-19-162-46574,1.4736842105263157,1.2861305603118185,0.14582784672267302
RMOD-1026-3625-19-162-50322,1.46875,1.2173919429984081,0.20647258136315805
RMOD-1026-3625-19-162-52391,1.0222222222222221,1.0146496509354201,0.007463237463119166
RMOD-1026-3625-19-162-54002,1.5222222222222221,1.3259511126678816,0.14802288536824948
RMOD-1026-4542-17-118-48296,1.3870967741935485,1.2333220206894153,0.12468337621846293
RMOD-1026-4542-17-118-51299,1.3076923076923077,1.3527881325149411,-0.03333546749763139
RMOD-1026-4542-17-118-53449,1.0980392156862746,1.3073131440657861,-0.16007941886720645
RMOD-1026-4542-17-154-48359,1.1764705882352942,1.287737656926815,-0.08640507489472637
RMOD-1026-4542-17-154-51346,1.2685185185185186,1.191674139854007,0.06448438889000796
RMOD-1026-4542-17-154-53497,1.2115384615384615,1.2783223376839017,-0.05224337725838446
RMOD-1026-4542-17-162-48321,1.4761904761904763,1.1288326593851588,0.3077141805894532
RMOD-1026-4542-17-162-51384,1.6153846153846154,1.5242798885655329,0.059769027658574725
RMOD-1026-5688-17-118-48587,1.2585034013605443,1.3332821297253012,-0.056086200135423536
RMOD-1026-5688-17-154-48626,1.2484848484848485,1.336118297200444,-0.06558809118864173
RMOD-1026-5688-17-162-48694,1.4736842105263157,1.3197961910897902,0.11659983600153923
RMOD-1026-6887-18-110-51034,1.4,1.3824152784070018,0.012720288807326785
RMOD-1026-6887-18-117-46191,1.2821869488536155,1.3069685019868327,-0.018961094391750533
RMOD-1026-6887-18-117-48964,1.3631284916201116,1.3538907975781609,0.006823071741439701
RMOD-1026-6887-18-117-50978,1.4339339339339339,1.4128738813704065,0.014905826232062935
RMOD-1026-6887-18-117-54750,1.4122257053291536,1.3890139029137312,0.016710993580936195
RMOD-1026-6887-18-162-46222,1.25,1.335668679960109,-0.06413916957509813
RMOD-1026-6887-18-162-49067,1.53125,1.3458323992085357,0.13777168754482783
RMOD-1026-6887-18-162-51070,1.5833333333333333,1.4865945927919018,0.06507405651176978
RMOD-1026-6887-18-162-54711,1.4333333333333333,1.4457838499195856,-0.008611603032462112
RMOD-1026-8168-17-118-50553,1.459016393442623,1.4224091048045275,0.025736118051020274
RMOD-1026-8168-17-147-50698,1.3185185185185184,1.317648630721844,0.0006601819152638466
RMOD-1026-8168-17-162-50652,1.435897435897436,1.2986237034358752,0.10570708982006427
RMOD-1027-3409-24-117-53054,1.1788079470198676,1.255037057619071,-0.0607385336842704
RMOD-1027-3409-46-117-48965,1.1580645161290322,1.2243808296907746,-0.054163142670643594
RMOD-1027-3409-46-117-50979,1.2288401253918495,1.2573314689857935,-0.02266016901408341
RMOD-1027-3409-46-154-51017,1.3179916317991631,1.3387877029334654,-0.015533509225350017
RMOD-1027-3409-46-154-53128,1.1857142857142857,1.2555163566526504,-0.055596305510877575
RMOD-1027-3764-24-162-51700,1.6923076923076923,1.3801894555137078,0.2261415891471319
RMOD-1027-3764-46-117-51628,1.3592233009708738,1.3237509576715685,0.02679684051877862
RMOD-1027-3966-03-101-50554,1.3181818181818181,1.279943207980963,0.02987523974690598
RMOD-1027-3966-03-158-50680,1.3012048192771084,1.3488745529908936,-0.035340375877123686
RMOD-1027-4528-24-145-46269,1.4375,1.3286148421128219,0.0819538924569172
RMOD-1027-4528-46-118-46192,1.0769230769230769,1.209377511400589,-0.10952281916017736
RMOD-1027-4561-24-117-54751,1.2408759124087592,1.209012434580059,0.026354962874941545
RMOD-1027-4561-24-145-47661,1.3212435233160622,1.3451509340909802,-0.01777303213269077
RMOD-1027-4561-46-110-50385,1.1129032258064515,1.3083718293060165,-0.14939835841868043
RMOD-1027-4561-46-110-52333,0.734375,0.9031601362556307,-0.18688284555537304
RMOD-1027-4561-46-117-47620,1.2242152466367713,1.2554557000445412,-0.02488375607889759
RMOD-1027-4561-46-117-50280,1.2831541218637992,1.258457184654968,0.019624773500421133
RMOD-1027-6153-03-101-46552,1.167785234899329,1.1281494315538074,0.035133469234594816
RMOD-1027-6153-03-101-53895,1.2008733624454149,1.2543669669744928,-0.04264589704407107
RMOD-1027-6153-03-106-46638,1.0760233918128654,1.173700385895726,-0.0832214040794721
RMOD-1027-6153-03-106-53983,1.1075949367088607,1.3060319704609922,-0.15193887917007787
RMOD-1027-6617-03-101-46949,1.270042194092827,1.2759912358903758,-0.004662290484618858
RMOD-1027-6617-03-106-47028,1.3737373737373737,1.3370426327402676,0.027444705276076675
RMOD-1027-7095-03-101-51300,1.2882882882882882,1.2971826573336864,-0.006856682052533869
RMOD-1027-7095-03-101-54277,1.2098765432098766,1.2933887594978204,-0.06456853415083708
RMOD-1027-7095-03-106-51347,1.6521739130434783,1.4426753667718808,0.145215306989243
RMOD-1027-7095-03-106-54364,1.53125,1.3568453729549703,0.1285368476919424
RMOD-1027-7095-03-107-51370,1.1904761904761905,1.2406132177016755,-0.04041310096499484
RMOD-1027-7641-03-101-49241,1.3097345132743363,1.3463976547492458,-0.027230544665303724
RMOD-1027-7641-03-106-49346,1.4242424242424243,1.4128779835309304,0.008043469318626428
RMOD-1027-7642-03-101-47266,1.2024539877300613,1.2913006449737179,-0.06880400593733516
RMOD-1027-7642-03-101-51982,0.9922480620155039,0.9699176932718803,0.023022952255149942
RMOD-1027-7642-03-106-47308,1.2238805970149254,1.3004291163424924,-0.05886404600264783
RMOD-1027-7642-03-106-52054,0.9913793103448276,1.0448103288811807,-0.051139443264854534
RMOD-1027-7675-03-101-47898,1.2033898305084745,1.2427760351950603,-0.03169211794497129
RMOD-1027-7675-03-101-49932,1.2926829268292683,1.3108500031688664,-0.013859004688317245
RMOD-1027-7675-03-101-53450,1.4371584699453552,1.3124486046861974,0.09502076105218271
RMOD-1027-7675-03-106-49990,1.375,1.3502517002444439,0.01832865661348615
RMOD-1027-7675-03-106-53498,1.4078947368421053,1.4080948479015705,-0.00014211475864955858
RMOD-1027-7675-03-107-47971,1.3695652173913044,1.291487210746929,0.06045588837013649
RMOD-1027-7675-03-107-50017,1.105263157894737,1.2072693333868099,-0.0844933045767926
RMOD-1027-7675-03-158-47938,1.3364928909952607,1.303456936007088,0.0253448764401627
RMOD-1027-7695-03-101-48588,1.1904761904761905,1.220005088514357,-0.024203913832953616
RMOD-1027-7695-03-106-48627,1.2574257425742574,1.3000391626516772,-0.032778566447568935
RMOD-1027-7818-03-06-49677,1.2181818181818183,1.3823645258626116,-0.11876947404906935
RMOD-1027-7818-03-101-48298,1.2976190476190477,1.2961495187763796,0.0011337649101279546
RMOD-1027-7818-03-101-49623,1.28,1.323256113369384,-0.0326891468192364
RMOD-1027-7818-03-101-52709,1.5,1.3387645871937355,0.12043597085596636
RMOD-1027-7818-03-106-48360,1.4454545454545455,1.3597587443787704,0.06302279829421265
RMOD-1027-7818-03-106-52769,1.2222222222222223,1.3961619290253031,-0.12458419269784327
RMOD-1028-2336-27-126-50387,1.0987654320987654,1.2380824321260573,-0.11252643314553312
RMOD-1028-2336-27-126-52442,0.6823529411764706,0.7732797304727195,-0.11758589513352913
RMOD-1028-2336-27-152-50283,1.2658227848101267,1.30149659556862,-0.027409837935770898
RMOD-1028-2336-27-152-52334,0.8454545454545455,0.9051572854573683,-0.06595841514180112
RMOD-1028-2943-100-127-46194,1.2950819672131149,1.260091147303969,0.027768483243462372
RMOD-1028-2943-100-127-49243,1.272,1.3331521520489236,-0.04587034717300553
RMOD-1028-3023-100-127-51371,1.1944444444444444,1.2201549962525489,-0.021071545735639408
RMOD-1028-3023-27-152-51301,1.198237885462555,1.2610697375970652,-0.04982424862104329
RMOD-1028-3769-100-126-53451,1.1272727272727272,1.3119792037483937,-0.14078460691141326
RMOD-1028-3769-26-127-49933,1.2277227722772277,1.2945606732213981,-0.05162979405040191
RMOD-1028-4012-100-127-46554,1.1907894736842106,1.1503127795510941,0.03518755494389314
RMOD-1028-4630-100-152-48966,1.2272727272727273,1.3635204428746392,-0.09992348579289945
RMOD-1028-4630-39-127-49024,1.2459016393442623,1.3437828163677195,-0.07284002729550643
RMOD-1028-4632-100-127-47267,1.2291666666666667,1.2407377877960495,-0.009326000419425329
RMOD-1028-5100-26-152-47899,1.2677595628415301,1.2799789621615456,-0.009546562624263899
RMOD-1028-5100-26-152-49624,1.236842105263158,1.2846207947886632,-0.037192835208125
RMOD-1028-5100-26-152-51983,1.0051546391752577,1.0316140498534205,-0.025648555951639507
RMOD-1028-5120-100-127-46952,1.2804878048780488,1.2429373144186018,0.030211089508574096
RMOD-1028-5144-100-127-48683,1.38,1.278426097707923,0.07945230660903113
RMOD-1028-5144-100-127-50699,1.146341463414634,1.1985792312444428,-0.043583074416842726
RMOD-1028-5144-27-126-52831,0.8928571428571429,1.0274480969362831,-0.13099538018560075
RMOD-1028-5144-27-152-48589,1.2941176470588236,1.2467439100857445,0.03799796942246214
RMOD-1028-5144-27-152-50557,1.3793103448275863,1.3263701606645737,0.03991358199470274
RMOD-1028-5144-27-152-52710,1.0833333333333333,1.1920987532491338,-0.09123859883197938
RMOD-1028-5603-26-152-48303,1.2447257383966244,1.2925094432788464,-0.036969714326422265
RMOD-1028-6736-100-126-53896,1.4285714285714286,1.4188691107984475,0.006838063989934362
RMOD-1028-6736-26-127-47685,1.1666666666666667,1.2718903756547357,-0.08273017156364804
RMOD-1028-6736-26-152-47621,1.255813953488372,1.2438803422731417,0.009593857873356537
RMOD-1028-6739-100-126-54752,1.3764705882352941,1.3490212196904179,0.02034761806873253
RMOD-1028-6739-26-127-51629,1.164835164835165,1.2840072956907371,-0.0928126586628647
RMOD-1028-8563-27-152-54278,1.4684684684684686,1.2902881995176498,0.1380933879868298
RMOD-1028-9972-100-127-50980,1.297872340425532,1.2878616913969947,0.007773077726753508
RMOD-1028-9972-100-127-53055,1.6071428571428572,1.226025824961092,0.3108556316045461
RMOD-1028-9972-27-145-53129,1.415929203539823,1.3661813511834593,0.03641379844137771
RMOD-1029-1744-17-162-54753,1.3846153846153846,1.1265525046391285,0.22907310481629262
RMOD-1029-2127-100-126-50558,1.1755725190839694,1.2399757736246801,-0.051939123255971276
RMOD-1029-2127-100-126-51985,1.0285714285714285,0.970214633369342,0.060148335424942356
RMOD-1029-2127-100-126-53452,1.3137254901960784,1.3272779181942014,-0.010210693489545397
RMOD-1029-2211-100-126-50981,1.3318181818181818,1.2829067132245005,0.0381255067804156
RMOD-1029-2211-100-126-52336,0.9038461538461539,0.9155756986618295,-0.012811114179656746
RMOD-1029-2211-100-126-53897,1.375,1.2312231939252631,0.11677558283836564
RMOD-1029-4375-100-126-47900,1.3299492385786802,1.2455245510860533,0.06778243545581786
RMOD-1029-4375-100-126-49245,1.318840579710145,1.3378398538468816,-0.014201456237161292
RMOD-1029-5272-100-126-46957,1.3085106382978724,1.2903780310660276,0.014052166725796456
RMOD-1029-5272-100-126-48305,1.2825112107623318,1.2720021553306637,0.00826182203200454
RMOD-1029-5272-100-126-49625,1.271186440677966,1.287575365147846,-0.012728516647255161
RMOD-1029-5272-100-126-51302,1.2857142857142858,1.3078283586981232,-0.016909002497736747
RMOD-1029-5272-100-126-52712,1.4244604316546763,1.3357580580519923,0.06640601796708867
RMOD-1029-5272-100-126-54279,1.465986394557823,1.3040846931513532,0.12414968311239849
RMOD-1029-5294-100-126-50286,1.236842105263158,1.1795441093116155,0.04857639108128109
RMOD-1029-5294-100-126-51630,1.1774193548387097,1.1610594281639333,0.01409051619403101
RMOD-1029-5294-100-126-53056,1.4225352112676057,1.357091448277266,0.048223546816551055
RMOD-1029-5669-100-126-47268,1.40625,1.2759131400162138,0.10215182828364777
RMOD-1029-5669-100-126-48590,1.2151898734177216,1.1848486612170186,0.025607668889576107
RMOD-1029-5669-100-126-49934,1.313868613138686,1.2222727725693527,0.07493895194669897
RMOD-1029-5919-100-126-46555,1.1694915254237288,1.1912450685498817,-0.01826118210305272
RMOD-1029-6348-100-126-46195,1.2857142857142858,1.20792331535094,0.06440058683753858
RMOD-1029-6348-100-126-47622,1.2083333333333333,1.2481849751262453,-0.03192767305092836
RMOD-1029-6348-100-126-48967,1.1741573033707866,1.2240802839611027,-0.04078407376088633
RMOD-1030-0477-01-103-50559,1.3654390934844192,1.3434978898048593,0.016331401668778778
RMOD-1030-2334-01-103-48306,1.2054794520547945,1.2531379252594022,-0.03803130704446778
RMOD-1030-2334-01-106-48361,1.2339449541284404,1.2869137748302664,-0.04115957241098933
RMOD-1030-3157-02-101-46959,1.1746031746031746,1.223803546653682,-0.04020283499344224
RMOD-1030-3157-02-106-47029,1.0757575757575757,1.2473412934979973,-0.13755955858659863
RMOD-1030-3205-00-117-54721,1.1818181818181819,1.2045857113212732,-0.01890071357240186
RMOD-1030-3205-07-101-54754,1.2781316348195328,1.2673523991018976,0.008505318430196862
RMOD-1030-3372-02-101-48591,1.1538461538461537,1.187544111324229,-0.02837617327789077
RMOD-1030-3372-02-101-51303,1.1885245901639345,1.1460373176292022,0.03707320161495731
RMOD-1030-3372-02-101-54280,1.2560975609756098,1.2177667990533179,0.03147627440006562
RMOD-1030-3372-02-106-51348,1.2933333333333332,1.2778324040660938,0.012130643437993305
RMOD-1030-3372-02-106-54366,1.5454545454545454,1.458323310629531,0.05974754307904573
RMOD-1030-3444-01-103-47901,1.26875,1.2731930587956972,-0.0034896976267683177
RMOD-1030-3444-01-103-51631,1.3229166666666667,1.3509080285097035,-0.020720405277268483
RMOD-1030-3444-01-103-53898,1.3277777777777777,1.3259480898794687,0.0013799091474806513
RMOD-1030-3444-01-106-47939,1.2397260273972603,1.308289187510012,-0.05240673145303887
RMOD-1030-3444-01-106-51698,1.2748091603053435,1.2872722009966362,-0.009681744608206033
RMOD-1030-3444-01-106-53984,1.3464566929133859,1.320860901999627,0.019378112316754903
RMOD-1030-3934-02-101-47623,1.2053571428571428,1.2255420289547991,-0.016470170439500165
RMOD-1030-3934-02-101-50982,1.2459546925566343,1.2924876938225964,-0.03600266485194803
RMOD-1030-3934-02-101-53453,1.307909604519774,1.3030924273470301,0.003696727163514657
RMOD-1030-3934-02-103-47686,1.1203703703703705,1.1788950004146164,-0.04964363240463576
RMOD-1030-3934-02-106-47662,1.271186440677966,1.243519130826266,0.02224920322159929
RMOD-1030-3934-02-106-51018,1.6170212765957446,1.4786848691841663,0.09355367752420607
RMOD-1030-3934-02-106-53499,1.2340425531914894,1.398486524812301,-0.11758709769683529
RMOD-1030-4767-01-103-51988,1.081419624217119,1.0264441732958827,0.053559124160364124
RMOD-1030-4767-01-106-52055,1.144578313253012,1.0497962274394286,0.09028617491298085
RMOD-1030-4771-01-103-46556,1.2461538461538462,1.2448929089958838,0.0010128880555513309
RMOD-1030-4794-01-106-46270,1.305263157894737,1.327266284269865,-0.016577778427659062
RMOD-1030-4794-01-108-46196,1.3194444444444444,1.2691010688737423,0.039668531376606087
RMOD-1030-5576-02-103-47270,1.15625,1.2371009772619004,-0.06535519634043896
RMOD-1030-5576-02-106-47309,1.2540983606557377,1.222860257276799,0.025545112937518377
RMOD-1030-6135-01-103-49626,1.3383233532934131,1.3326412766001277,0.004263770598327721
RMOD-1030-6135-01-103-49935,1.3754266211604096,1.292329548046321,0.06430021911958184
RMOD-1030-6135-01-106-49679,1.3206106870229009,1.3752457983079174,-0.039727524601230524
RMOD-1030-6135-01-106-49991,1.3482142857142858,1.380739233140778,-0.023556183996095714
RMOD-1030-7075-02-101-50289,1.0763358778625953,1.1419016443569783,-0.05741805068623396
RMOD-1030-7075-02-101-53057,1.2535211267605635,1.237728549801781,0.012759321873371698
RMOD-1030-7075-02-103-53181,1.6666666666666667,1.4965384640627677,0.11368114264302887
RMOD-1030-7695-02-106-48628,1.3203883495145632,1.3349333070497236,-0.010895643593840432
RMOD-1031-1664-18-117-46557,1.1947254335260116,1.211710197511913,-0.014017183333751904
RMOD-1031-1664-18-162-46575,1.15625,1.2014301795898907,-0.03760533101083996
RMOD-1031-1921-17-118-47624,1.2300884955752212,1.214519119240979,0.012819375247029807
RMOD-1031-1921-17-118-50560,1.1590909090909092,1.25017561311482,-0.07285752742926477
RMOD-1031-1921-17-118-53454,1.2186495176848875,1.3150717126950306,-0.07332086461850906
RMOD-1031-1921-17-154-53500,1.131578947368421,1.3766110010695554,-0.17799658255727813
RMOD-1031-1921-17-162-47699,1.6,1.2969507583510724,0.2336628740124418
RMOD-1031-1921-17-162-50653,1.2608695652173914,1.1291975528152955,0.11660671073348805
RMOD-1031-1921-17-162-53565,1.45,1.2443774685611104,0.165241284605268
RMOD-1031-2781-17-118-51632,1.2041884816753927,1.2608881437060595,-0.044968034883738905
RMOD-1031-2781-17-154-51705,1.25,1.25805352654907,-0.0064015770228483815
RMOD-1031-2781-17-162-51701,1.2777777777777777,1.1903802645547001,0.07341982711362527
RMOD-1031-3378-17-118-46197,1.1428571428571428,1.190701017313959,-0.04018126612904438
RMOD-1031-3382-00-117-54722,1.5625,1.344301202846979,0.16231391944819862
RMOD-1031-3382-100-130-54755,1.4356846473029046,1.4167133372188725,0.01339107184610433
RMOD-1031-3710-18-117-46962,1.2160356347438752,1.2400925106321083,-0.019399259072995
RMOD-1031-3710-18-162-46992,1.4838709677419355,1.3356116719817392,0.1110047919394217
RMOD-1031-4010-18-117-47902,1.2403314917127073,1.2458635687034416,-0.004440355372532068
RMOD-1031-4010-18-117-51304,1.3104938271604938,1.3002327504424538,0.007891723012320995
RMOD-1031-4010-18-117-53899,1.2948100588550027,1.281246546175451,0.010586184774537877
RMOD-1031-4010-18-145-47940,1.2769953051643192,1.2933494455514754,-0.012644796379978174
RMOD-1031-4010-18-145-53985,1.3053221288515406,1.3520399314671374,-0.034553567190062306
RMOD-1031-4010-18-162-48008,1.5416666666666667,1.4283023671177861,0.07936995846169581
RMOD-1031-4010-18-162-51386,1,1.2932695483602348,-0.22676598914130297
RMOD-1031-4010-18-162-53929,1.2926829268292683,1.3521185139600125,-0.043957379857681556
RMOD-1031-5050-19-117-47271,1.3313953488372092,1.3086683801359789,0.017366484165277196
RMOD-1031-5050-19-162-47333,1.75,1.3972859829638815,0.25242793625393145
RMOD-1031-5925-18-117-50294,1.2437971952535058,1.2628611196027129,-0.015095820160497486
RMOD-1031-5925-18-117-54281,1.2563160312356454,1.2762768830713065,-0.015639907061253178
RMOD-1031-5925-18-145-50366,1.4444444444444444,1.3276350750786974,0.08798303958549969
RMOD-1031-5925-18-145-54368,1.4621848739495797,1.3246609121928934,0.10381823792854572
RMOD-1031-5925-18-162-50324,1.3220338983050848,1.369000684704117,-0.03430735055416223
RMOD-1031-5931-18-110-51035,0.7777777777777778,0.9360579008637513,-0.16909223557636754
RMOD-1031-5931-18-117-48592,1.2236842105263157,1.2282686073444737,-0.0037324057545274902
RMOD-1031-5931-18-117-50987,1.259927797833935,1.2553778966882512,0.0036243279077055046
RMOD-1031-5931-18-117-53058,1.152,1.1955068858774134,-0.03639199940323434
RMOD-1031-5931-18-154-48629,1.2040816326530612,1.2433254897027073,-0.03156362302121696
RMOD-1031-5931-18-154-51019,1.4615384615384615,1.3616664477574996,0.07334543194880006
RMOD-1031-5931-18-154-53130,1.6538461538461537,1.5258878685269937,0.08385824932384045
RMOD-1031-5931-18-162-48696,2,1.676683573936793,0.19283091400726948
RMOD-1031-5931-18-162-51071,1.1666666666666667,1.1685799584049363,-0.0016372792674634873
RMOD-1031-5931-18-162-53182,1.75,1.2816749813402781,0.3654007649973656
RMOD-1031-5933-18-117-48307,1.318151373074347,1.3068294219105228,0.008663679416761383
RMOD-1031-5933-18-117-51990,0.9704739704739704,1.02768653083916,-0.055671217485425806
RMOD-1031-5933-18-154-52056,1.0763052208835342,1.0537915817089583,0.02136441357603669
RMOD-1031-5933-18-162-48322,1.5,1.5091431813930687,-0.006058524801224374
RMOD-1031-5933-18-162-52026,1.4705882352941178,1.123336434952149,0.3091253782369845
RMOD-1031-6134-17-118-49627,1.4145985401459853,1.3778450037319887,0.026674652311723834
RMOD-1031-6134-17-118-49936,1.3341121495327102,1.318634869148858,0.01173735106356033
RMOD-1031-6134-17-162-49658,1.445945945945946,1.325684923602535,0.0907161424274201
RMOD-1031-6134-17-162-50063,1.1521739130434783,1.2737267444365816,-0.09543085432101117
RMOD-1032-0274-00-117-51305,1.5,1.3520693370552141,0.10941055971802194
RMOD-1032-0991-00-101-52443,1.1904761904761905,0.9637197872718672,0.23529287890438932
RMOD-1032-0991-00-135-52337,0.8863636363636364,0.9529517311410831,-0.06987562181949425
RMOD-1032-1551-00-119-47625,1.7,1.426463204097511,0.1917587464694186
RMOD-1032-1551-00-119-51633,1.2,1.2526266787635307,-0.042013059162589905
RMOD-1032-1551-00-127-47687,1.1136363636363635,1.249219676857263,-0.10853440410256299
RMOD-1032-1551-00-127-51732,1.1538461538461537,1.2917867265730858,-0.10678277604916053
RMOD-1032-1689-00-117-49937,1.4805194805194806,1.4070711548300063,0.05219943955026762
RMOD-1032-2461-00-117-47358,1.2,1.3892907900468432,-0.13624994234681476
RMOD-1032-2461-00-119-47272,1.53125,1.4588807346722965,0.0496060189210461
RMOD-1032-3613-00-108-53059,1.4814814814814814,1.4309053023078933,0.035345580935380205
RMOD-1032-4298-00-108-54723,1.435897435897436,1.352156849841544,0.06193111846876742
RMOD-1032-4298-00-117-54756,1.411764705882353,1.3979326655901516,0.009894639872630728
RMOD-1032-4458-00-117-53900,1.6363636363636365,1.4231383305026173,0.14982753348067934
RMOD-1032-4479-00-117-50561,1.2352941176470589,1.4413537798412115,-0.14296258495041614
RMOD-1032-4543-00-101-50989,1.5339805825242718,1.4959272715991214,0.02543794183554926
RMOD-1032-4543-00-108-46631,1.319327731092437,1.3290301515992693,-0.007300376515278595
RMOD-1032-4543-00-119-46559,1.6666666666666667,1.4196024006886436,0.17403765016047656
RMOD-1032-5056-00-117-53455,1.4761904761904763,1.4259184147455153,0.03525591711636111
RMOD-1032-5056-00-127-53508,1.5,1.3567820144754772,0.10555710791898276
RMOD-1032-5460-00-119-48593,1.300578034682081,1.3226993771849096,-0.016724391713186848
RMOD-1032-5460-00-135-54283,1.4299065420560748,1.3710071262018437,0.04296069271164349
RMOD-1032-6351-00-117-51993,1.25,1.0567424168614807,0.18288050148729074
RMOD-1032-6351-100-161-52073,1.0874125874125875,1.0589989846204102,0.026830623262931397
RMOD-1032-6571-00-101-48308,1.5217391304347827,1.43512598984641,0.06035229046171908
RMOD-1032-6571-00-101-50302,1.4225352112676057,1.3897189109528025,0.023613624349620554
RMOD-1032-6571-00-101-52713,1.2,1.3359296776779437,-0.10174912643172274
RMOD-1032-6571-00-107-48381,1.38,1.2926531235531686,0.0675717830679412
RMOD-1032-6571-00-107-52832,1.565217391304348,1.3893170156101093,0.1266092430437793
RMOD-1032-7863-100-145-46198,1.4074074074074074,1.3573852998875342,0.036851811732466544
RMOD-1032-9386-00-107-49374,1.5185185185185186,1.4519335965567615,0.04585948153528663
RMOD-1032-9386-00-117-49246,1.3333333333333333,1.4629841024223884,-0.08862076414527076
RMOD-1032-9964-00-101-49628,1.1875,1.2964634939567177,-0.08404671204753211
RMOD-1032-9964-00-103-49694,1.8571428571428572,1.592672500916886,0.16605445003521946
RMOD-1032-9965-00-101-46964,1.6444444444444444,1.4768396132481576,0.1134888512555925
RMOD-1032-9965-00-101-48968,1.2592592592592593,1.3658328156379542,-0.07802825877259112
RMOD-1032-9965-00-103-46976,1.5789473684210527,1.45766389963401,0.08320400115382864
RMOD-1032-9965-00-103-49025,1.5555555555555556,1.3955339991266718,0.11466689921494266
RMOD-1032-9966-00-119-47903,1.4,1.2911946656240851,0.08426718083080442
RMOD-1033-1137-09-117-46967,1.3956043956043955,1.3565567767263194,0.02878436018896835
RMOD-1033-1639-05-101-53930,1.0987124463519313,1.2098911427694445,-0.09189148716555184
RMOD-1033-1639-05-103-51634,1.298050139275766,1.3049975971806567,-0.005323732334756803
RMOD-1033-1639-05-103-53901,1.2303664921465969,1.295712428253966,-0.05043243753972926
RMOD-1033-1639-05-106-51709,1.3350253807106598,1.3070626164469579,0.021393591945666923
RMOD-1033-1639-05-106-53986,1.2455089820359282,1.2998537090682374,-0.041808340933430665
RMOD-1033-1671-05-103-50307,1.491139240506329,1.4252087746572837,0.04626021606195874
RMOD-1033-1671-05-103-52339,1.00836820083682,0.9700996524572257,0.03944805905523374
RMOD-1033-1671-05-103-54757,1.2245762711864407,1.2684498382566005,-0.03458833431715447
RMOD-1033-1671-05-106-52428,1.2142857142857142,1.0394323228046536,0.16822008287106338
RMOD-1033-1671-05-106-54695,1.4,1.3933697494964306,0.004758428626691291
RMOD-1033-4734-00-117-47360,1.4615384615384615,1.306068689426305,0.11903644377268341
RMOD-1033-4734-100-130-47274,1.4605809128630705,1.382828974745466,0.056226720395351926
RMOD-1033-4734-100-130-49247,1.4691358024691359,1.4675553891458357,0.0010769019929257606
RMOD-1033-4845-01-103-53456,1.4489795918367347,1.3505767356106,0.07285987802954907
RMOD-1033-4845-01-158-53501,1.421383647798742,1.3646283416764902,0.041590302933710355
RMOD-1033-4873-05-103-51306,1.411764705882353,1.334089852746045,0.05822310467051728
RMOD-1033-4873-05-106-51349,1.309090909090909,1.4344297804928066,-0.08737888260995019
RMOD-1033-4941-08-101-53060,1.35,1.3154853104522313,0.02623722916062321
RMOD-1033-5095-05-103-50991,1.3571428571428572,1.3439817198324273,0.009792646072649625
RMOD-1033-5095-05-106-51020,1.3346613545816732,1.3829083796117245,-0.03488808495295781
RMOD-1033-5271-05-103-46560,1.0476190476190477,1.1760793350189709,-0.10922756958215851
RMOD-1033-5271-05-106-46639,1.4285714285714286,1.28526442879524,0.1115000124219725
RMOD-1033-5818-05-101-46285,1.088235294117647,1.2311103367714522,-0.11605380800269327
RMOD-1033-5818-05-103-46199,1.1965317919075145,1.2431574697762373,-0.03750585022596964
RMOD-1033-6405-05-103-48311,1.474025974025974,1.451672146909186,0.015398674669333978
RMOD-1033-6405-05-103-52714,1.4789915966386555,1.368175538930876,0.08099549696260011
RMOD-1033-6405-05-106-48362,1.5476190476190477,1.4661731407141076,0.05554999245537351
RMOD-1033-6405-05-106-52770,1.6,1.547441503282742,0.033964771272943395
RMOD-1033-6405-05-107-48309,1.0888888888888888,1.2794213621572625,-0.14892081600631735
RMOD-1033-6405-05-107-52833,1.2444444444444445,1.324171493298028,-0.06020900559867248
RMOD-1033-6610-08-101-47904,1.2645429362880887,1.288625938228045,-0.01868890049898586
RMOD-1033-6610-08-103-47975,1.273972602739726,1.2757144117407775,-0.0013653596643740107
RMOD-1033-6610-08-106-47941,1.2525597269624573,1.308723271997069,-0.0429147599315689
RMOD-1033-7242-05-103-47626,1.1276190476190475,1.1959307836605542,-0.05712014188013048
RMOD-1033-7242-05-103-49629,1.2442748091603053,1.2913757792629408,-0.036473481119119744
RMOD-1033-7242-05-145-47663,1.258312020460358,1.288142257618627,-0.02315756429993676
RMOD-1033-7242-05-145-49680,1.2962962962962963,1.3364588130790622,-0.030051443703106417
RMOD-1033-7582-00-107-48684,1.3265306122448979,1.3031419923354437,0.017947867574690024
RMOD-1033-7582-100-130-48594,1.4373464373464373,1.3771124372661008,0.04373934796487311
RMOD-1033-7583-08-101-48969,1.2540983606557377,1.2505426098927404,0.0028433663394344943
RMOD-1033-7583-08-101-49938,1.3943661971830985,1.403404611153891,-0.00644034792173076
RMOD-1033-7583-08-106-49007,1.238532110091743,1.2795791332412598,-0.032078534326784314
RMOD-1033-7583-08-107-49027,1.2828282828282829,1.3086614833074621,-0.0197401702492912
RMOD-1033-7583-08-107-50019,1.218487394957983,1.263639896908198,-0.03573209587691184
RMOD-1033-8382-05-103-51997,0.9174800354924578,0.9802423626980145,-0.06402735649254121
RMOD-1033-8382-05-145-52057,0.9845644983461963,1.03796166822973,-0.05144425995480528
RMOD-1033-8515-08-101-50700,1.402061855670103,1.4020938844329833,-0.000022843522274662575
RMOD-1033-8515-08-103-50562,1.4459016393442623,1.4387649436608798,0.004960293003263949
RMOD-1033-8968-05-103-54284,1.357843137254902,1.327649949047276,0.022741829071204034
RMOD-1033-8968-05-145-54371,1.3623188405797102,1.3484166640877773,0.01031000050814268
RMOD-1034-0055-100-130-53457,1.320754716981132,1.3899256647483245,-0.04976593318730982
RMOD-1034-0068-09-117-48595,1.1902439024390243,1.2218335304295678,-0.025854281457996287
RMOD-1034-0068-09-145-48630,1.5,1.273564573654034,0.17779658058192638
RMOD-1034-0607-02-101-49939,1.295031055900621,1.2891940764234577,0.0045276189085172724
RMOD-1034-0607-02-101-54286,1.2972560975609757,1.3009696212162156,-0.0028544276474099517
RMOD-1034-0607-02-103-46200,1.2932960893854748,1.2898049785408872,0.002706696673273168
RMOD-1034-0607-02-103-50020,1.2355555555555555,1.3277370552111476,-0.06942752655263706
RMOD-1034-0607-02-106-46272,1.445945945945946,1.331477913961789,0.08597065770588674
RMOD-1034-0607-02-106-49992,1.4661016949152543,1.3422937168887439,0.09223613019174426
RMOD-1034-0607-02-106-54373,1.2769230769230768,1.3510755121832172,-0.05488400506964752
RMOD-1034-0778-00-117-49630,1.5066666666666666,1.4651990802340962,0.028301673808002414
RMOD-1034-2330-02-101-49251,1.4180327868852458,1.394790544251344,0.016663607829645377
RMOD-1034-2330-02-103-49363,1.4248927038626609,1.399022654889196,0.018491515404025938
RMOD-1034-2330-02-106-49347,1.510204081632653,1.4417249999646837,0.04749801915736129
RMOD-1034-3816-09-117-51307,1.2802013422818792,1.3412018217240451,-0.04548195391186771
RMOD-1034-3816-09-118-47275,1.2355769230769231,1.2855684196452546,-0.03888668685726293
RMOD-1034-4967-09-117-47627,1.2564102564102564,1.2817855031104268,-0.01979679645197574
RMOD-1034-4967-09-117-50311,1.328018223234624,1.2879609121908018,0.031101340626623175
RMOD-1034-4967-09-117-52340,1.01067615658363,0.957666164465753,0.05535331004144761
RMOD-1034-4967-09-117-54758,1.2238493723849373,1.2356706572886393,-0.009566695489590216
RMOD-1034-5528-02-101-47905,1.3354037267080745,1.2431537443171603,0.07420641478386503
RMOD-1034-5528-02-101-52000,1.0241935483870968,1.0219088349916519,0.0022357311310097217
RMOD-1034-5528-02-106-47944,1.2733333333333334,1.2940652897772462,-0.016020796328971576
RMOD-1034-5528-02-106-52058,1.0980392156862746,1.0725654317713162,0.023750330898590244
RMOD-1034-5663-09-117-50563,1.3356643356643356,1.3343033895696326,0.001019967501650454
RMOD-1034-5945-03-101-53902,1.3333333333333333,1.2844520771343209,0.03805611518653862
RMOD-1034-7177-02-101-48313,1.1178571428571429,1.2260945488769306,-0.08827818875708249
RMOD-1034-7177-02-103-46562,1.231433506044905,1.2560802504505824,-0.019621950426205625
RMOD-1034-7177-02-103-48310,1.3236009732360097,1.3320316151957652,-0.006329160557136171
RMOD-1034-7177-02-106-48363,1.4163090128755365,1.3195337945001784,0.07334046219863244
RMOD-1034-7177-02-158-46640,1.206896551724138,1.245523714979883,-0.03101278826824183
RMOD-1034-8686-09-117-46972,1.229281767955801,1.2780366423074943,-0.038148260181074534
RMOD-1034-8686-09-117-48970,1.2106017191977076,1.2584571847374382,-0.03802709072674171
RMOD-1034-8686-09-117-50992,1.3413897280966767,1.305124694734571,0.027786642539532336
RMOD-1034-8686-09-117-53061,1.2828685258964143,1.3000523026033182,-0.0132177579875008
RMOD-1034-9685-09-117-51635,1.216432865731463,1.2428510283999323,-0.021256097524801953
RMOD-1034-9959-02-101-52715,1.2916666666666667,1.2978217735417898,-0.004742644175498523
RMOD-1034-9959-02-106-52771,1.3908045977011494,1.3317012602641476,0.04438182886849451
RMOD-1035-0540-17-118-53458,1.3832335329341316,1.3844476967086656,-0.0008770022713175951
RMOD-1035-0596-03-101-52341,0.8366336633663366,0.8955856398565745,-0.06582505777971026
RMOD-1035-0596-03-106-52429,0.9659863945578231,0.9821541378169122,-0.016461513154163443
RMOD-1035-1637-03-101-49631,1.203125,1.317153380098813,-0.08657183120940604
RMOD-1035-1637-03-106-49681,1.4615384615384615,1.3588108978103366,0.07560107436116814
RMOD-1035-3485-18-117-49940,1.369022869022869,1.368090227249706,0.0006817107195027372
RMOD-1035-3540-46-117-46201,1.242152466367713,1.253348909333863,-0.0089332211348081
RMOD-1035-3540-46-162-46223,1.4285714285714286,1.1699946289275156,0.2210068262287146
RMOD-1035-3856-18-117-53062,1.428226779252111,1.4258548222908236,0.0016635332883865317
RMOD-1035-3904-17-118-54759,1.3558823529411765,1.3818287675040741,-0.018776866695114025
RMOD-1035-3904-17-145-54696,1.361878453038674,1.3563506543862758,0.00407549377774985
RMOD-1035-3904-17-162-54715,1.45,1.3381370630436384,0.08359602319206783
RMOD-1035-3953-27-152-46975,1.4166666666666667,1.3624722032597099,0.039776564451954766
RMOD-1035-3967-17-118-52002,1.0923694779116466,1.0731800506455418,0.017880901955419137
RMOD-1035-4243-17-118-51636,1.4038461538461537,1.4316517922877887,-0.01942206798568058
RMOD-1035-4268-19-117-48971,1.3421750663129974,1.3257967872042646,0.012353536580270275
RMOD-1035-4268-19-162-49068,1.4166666666666667,1.5079071945424642,-0.060508052621555564
RMOD-1035-4293-17-118-49255,1.4327272727272726,1.3862650159910699,0.03351614316183693
RMOD-1035-4293-17-118-51308,1.418546365914787,1.4195159308386405,-0.0006830250388811798
RMOD-1035-4293-17-118-54289,1.3440860215053763,1.3784623016849367,-0.024938135876143352
RMOD-1035-4293-17-119-47276,1.2767295597484276,1.2680828562801258,0.006818721210116063
RMOD-1035-4480-17-118-47908,1.3706896551724137,1.359708795144065,0.008075891005165925
RMOD-1035-4775-03-101-48315,1.2337662337662338,1.300986691797281,-0.05166882832458786
RMOD-1035-4775-03-101-50995,1.25,1.3292045857354764,-0.05958795702743602
RMOD-1035-4775-03-101-53904,1.161764705882353,1.2056337973920155,-0.03638674662618013
RMOD-1035-4775-03-106-48364,1.1358024691358024,1.2491544274261468,-0.09074295043240044
RMOD-1035-4775-03-106-51021,1.2258064516129032,1.2675886534898018,-0.03296195635852994
RMOD-1035-4775-03-106-53987,1.255813953488372,1.3526863899379054,-0.07161485261486233
RMOD-1035-5069-26-152-46563,1.146341463414634,1.1495219196983404,-0.0027667643645638007
RMOD-1035-5224-18-110-50701,1.2592592592592593,1.3070430967902484,-0.036558731420818225
RMOD-1035-5224-18-117-48596,1.2470167064439142,1.2724356531906182,-0.01997660681934399
RMOD-1035-5224-18-117-50564,1.2999044890162368,1.3521450965045847,-0.0386353562375773
RMOD-1035-5224-18-145-48631,1.3625,1.3377290521754661,0.01851716368441747
RMOD-1035-5224-18-145-50682,1.36875,1.4183254911330139,-0.034953536013380804
RMOD-1035-5224-18-154-48685,1.4038461538461537,1.4039792404531464,-0.00009479243222243472
RMOD-1035-6031-04-103-47628,1.2855361596009975,1.2723718707609621,0.010346258937776076
RMOD-1035-6031-04-158-47664,1.2033195020746887,1.2430723237494021,-0.03197949219463703
RMOD-1035-8782-19-117-50313,1.2493150684931507,1.3365203207058096,-0.06524798079134808
RMOD-1035-9970-19-117-52716,1.3179190751445087,1.2913938078953766,0.020540029762386114
RMOD-1035-9970-19-145-52772,1.3877551020408163,1.3634190674231677,0.017849269677329138
RMOD-1036-3625-19-117-47909,1.160614525139665,1.2451050239464667,-0.06785813018326914
RMOD-1036-3691-03-101-49256,1.3495934959349594,1.393922855084684,-0.03180187410517177
RMOD-1036-3691-03-106-49348,1.25,1.426267573015298,-0.12358660909793218
RMOD-1036-5115-100-127-51309,1.3968253968253967,1.354027058730644,0.0316081852417891
RMOD-1036-5115-27-152-53459,1.1884057971014492,1.3153934809313386,-0.09653969376522853
RMOD-1036-5120-100-127-50565,1.2190476190476192,1.2735632692614969,-0.04280560811516654
RMOD-1036-5350-17-118-52717,1.3928571428571428,1.3363519530073957,0.0422831647924673
RMOD-1036-5519-100-127-46632,1.4545454545454546,1.283435864430571,0.1333214965056322
RMOD-1036-5519-27-152-46564,1.3409090909090908,1.2701960297536983,0.055670982666435
RMOD-1036-5581-26-127-53063,1.2456140350877194,1.296522766901023,-0.039265590325873734
RMOD-1036-5603-100-126-54761,1.3625730994152048,1.192822067655618,0.14231043871716476
RMOD-1036-5603-26-152-50317,1.2575757575757576,1.2770473562031617,-0.015247358316684445
RMOD-1036-5603-26-152-52342,0.9041095890410958,0.8918871232217679,0.013704050099049292
RMOD-1036-5945-03-101-47277,1.462962962962963,1.3695147136662298,0.06823457124207866
RMOD-1036-5945-03-101-49941,1.355421686746988,1.409944643878913,-0.03867028210549195
RMOD-1036-5945-03-106-47312,1.2933333333333332,1.2842235332155618,0.007093624966489687
RMOD-1036-6736-26-127-51036,1.2096774193548387,1.3296689540317956,-0.09024166076309514
RMOD-1036-6736-26-152-50998,1.358974358974359,1.2844508963310448,0.05801970542913382
RMOD-1036-6782-04-101-48597,1.191304347826087,1.2068759302586145,-0.012902388756059424
RMOD-1036-6782-04-106-48632,1.2916666666666667,1.239812721452435,0.04182401447977169
RMOD-1036-6857-04-101-48318,2,1.6713445602780006,0.19664134346261486
RMOD-1036-8362-04-101-46202,1.2077294685990339,1.260332223018028,-0.04173721298105837
RMOD-1036-8362-04-106-46273,1.329268292682927,1.2805488605603406,0.038045742433652885
RMOD-1036-8363-04-101-48972,1.1818181818181819,1.1627836855005955,0.016369765550495963
RMOD-1036-8363-04-106-49008,1.302325581395349,1.2848517405732494,0.01359988882009322
RMOD-1036-8437-04-101-47630,1.1292134831460674,1.1905877528732347,-0.05154955573753661
RMOD-1036-8437-04-101-49632,1.228813559322034,1.254780496821303,-0.0206944063643405
RMOD-1036-8437-04-101-51637,1.2838709677419355,1.232196445771361,0.04193691853917492
RMOD-1036-8437-04-101-53905,1.2882882882882882,1.258982184573089,0.023277615898223747
RMOD-1036-8437-04-106-47665,1.4054054054054055,1.332522169878173,0.05469570201139362
RMOD-1036-8437-04-106-49682,1.5,1.4106308210265008,0.06335405241498004
RMOD-1036-8437-04-106-51711,1.3157894736842106,1.3656067178787523,-0.03647993492000745
RMOD-1036-9637-27-152-52005,1.118811881188119,1.0556790761091195,0.059803027745596316
RMOD-1036-9637-27-152-54290,1.2248062015503876,1.254272836137717,-0.023493002270595253
RMOD-1036-9972-27-126-46977,1.0980392156862746,1.2066229324399187,-0.08998976717115459
RMOD-1036-9972-27-145-47030,1.2565217391304349,1.3372609427936866,-0.060376551112439225
RMOD-1037-0068-09-117-51310,1.335483870967742,1.3649583709740258,-0.02159369885050122
RMOD-1037-0778-00-117-52007,0.9622641509433962,1.0419975759542262,-0.07651977974882784
RMOD-1037-0778-100-130-54291,1.5606060606060606,1.4483832761542987,0.07748141413903387
RMOD-1037-2933-09-117-50319,1.2748538011695907,1.3358494195989334,-0.04566054941106734
RMOD-1037-3046-09-117-48973,1.3143939393939394,1.311487221303978,0.0022163525825826813
RMOD-1037-4137-09-117-49257,1.3624595469255663,1.3387792907147216,0.017687946306820024
RMOD-1037-4137-09-154-49349,1.411764705882353,1.4219427887401945,-0.007157870864030413
RMOD-1037-4361-10-117-54762,1.3227272727272728,1.285939039795318,0.02860806911796554
RMOD-1037-4714-10-117-48320,1.2150706436420722,1.2761314822049283,-0.047848391340799656
RMOD-1037-4714-10-117-51638,1.2772277227722773,1.2773568548534633,-0.00010109319153484009
RMOD-1037-4714-10-117-53906,1.188785046728972,1.2768599096476227,-0.06897770245050383
RMOD-1037-4855-09-117-50566,1.4580152671755726,1.386569365663972,0.05152710227186352
RMOD-1037-4855-09-117-52718,1.1547619047619047,1.2574141213277883,-0.08163755665276462
RMOD-1037-4981-00-117-46293,1.4285714285714286,1.2127778265567486,0.17793333394571476
RMOD-1037-4981-100-130-46203,1.3488372093023255,1.388310210674291,-0.028432407302395157
RMOD-1037-5740-09-117-47632,1.2354497354497354,1.2561620732725514,-0.016488587152497014
RMOD-1037-5740-09-117-49633,1.2707736389684814,1.284706514861125,-0.0108451819395885
RMOD-1037-5740-09-117-52343,0.8976034858387799,0.9292824546970361,-0.03408970942917888
RMOD-1037-7120-02-101-49942,1.1746031746031746,1.2111762037281848,-0.030196291020606947
RMOD-1037-7120-02-103-50021,1.3766816143497758,1.3195836427826044,0.043269687283156166
RMOD-1037-7120-02-106-49993,1.34,1.303404560111525,0.028076808236227047
RMOD-1037-7567-10-117-51000,1.3072289156626506,1.3162392161089511,-0.006845488522167376
RMOD-1037-7567-10-117-53064,1.356060606060606,1.3053001922133833,0.038887923368147836
RMOD-1037-7989-02-101-47278,1.35,1.265121990761187,0.0670907705807442
RMOD-1037-7989-02-106-47313,1.3516483516483517,1.303722893414029,0.03676046380440656
RMOD-1037-8441-09-117-53460,1.3487394957983194,1.3471379218993018,0.0011888715126950888
RMOD-1037-9080-02-103-46980,1.3098159509202454,1.3148281868840046,-0.003812084357301293
RMOD-1037-9080-02-158-47031,1.5,1.325518351270327,0.131632767333969
RMOD-1037-9685-09-117-47910,1.1837837837837837,1.270866401552912,-0.0685222440869625
RMOD-1037-9685-09-145-47945,1.3949579831932772,1.3146656359243236,0.06107434854528715
RMOD-1037-9959-02-101-46566,1.3381294964028776,1.2875134453729786,0.03931302714686291
RMOD-1037-9959-02-101-48598,1.2525252525252526,1.2887355061334549,-0.02809750599395111
RMOD-1037-9959-02-106-46642,1.2954545454545454,1.2112437536148257,0.06952423208656522
RMOD-1037-9959-02-106-48633,1.221476510067114,1.3217540998778396,-0.07586705410635275
RMOD-1038-0142-00-119-52344,1.3636363636363635,1.051615575297892,0.296706130707588
RMOD-1038-0142-00-127-52444,0.967741935483871,0.9103527311542169,0.0630406241071979
RMOD-1038-1446-01-103-48974,1.3130193905817173,1.3265758374610632,-0.0102191269405989
RMOD-1038-2755-01-103-46567,1.3523316062176165,1.295059161160939,0.04422380596523201
RMOD-1038-2755-01-103-52010,1.0159574468085106,1.0591732610642386,-0.04080145887775288
RMOD-1038-2755-01-106-46643,1.3434343434343434,1.268827021332452,0.05880023111703836
RMOD-1038-2755-01-106-52059,1.1030927835051547,1.1146318020082442,-0.010352314084614789
RMOD-1038-3420-01-103-46982,1.3712686567164178,1.3352649640211542,0.026963706579133495
RMOD-1038-3420-01-103-49260,1.4835164835164836,1.4048749035534103,0.055977638837566124
RMOD-1038-3420-01-103-51311,1.4377622377622377,1.3865562077622748,0.03693036727490684
RMOD-1038-3420-01-103-54292,1.3781645569620253,1.362608965883212,0.011416034583869417
RMOD-1038-3420-01-106-47032,1.3238636363636365,1.3252302128198183,-0.001031199291234186
RMOD-1038-3420-01-106-49350,1.3793103448275863,1.37524428827651,0.0029566067539694707
RMOD-1038-3420-01-106-51350,1.4259259259259258,1.401338681259025,0.017545540557555084
RMOD-1038-3420-01-106-54375,1.4,1.372710733455096,0.019879837667049705
RMOD-1038-3420-01-107-49364,1.3846153846153846,1.3688018065540717,0.011552861769757117
RMOD-1038-3465-01-103-47911,1.4104347826086956,1.3925319716179538,0.012856301582749863
RMOD-1038-3465-01-103-48323,1.3527918781725887,1.32511787775315,0.02088418010506543
RMOD-1038-3465-01-103-51002,1.4380305602716468,1.4589010180704556,-0.0143056023268886
RMOD-1038-3465-01-106-47946,1.3053435114503817,1.3295555073996912,-0.01821059430355243
RMOD-1038-3465-01-106-51022,1.4541666666666666,1.4325528468649478,0.015087624759546836
RMOD-1038-3601-01-103-54763,1.3083333333333333,1.31815459465955,-0.00745076591623417
RMOD-1038-3601-01-106-54697,1.3940677966101696,1.3535191073216835,0.029957973307612074
RMOD-1038-4177-01-103-47279,1.2383720930232558,1.235723384622383,0.002143447662991571
RMOD-1038-4177-01-106-47314,1.15625,1.2378858992739084,-0.06594783842500551
RMOD-1038-4368-100-101-50323,1.3775510204081634,1.351505290456013,0.019271644836375224
RMOD-1038-4368-100-101-53065,1.443298969072165,1.4327528871664144,0.007360712374209877
RMOD-1038-4969-01-103-49943,1.4142857142857144,1.4000458324966412,0.010171011161598686
RMOD-1038-4969-01-103-52719,1.38,1.301176135720074,0.060578934792947736
RMOD-1038-5315-01-103-53461,1.4459930313588851,1.3720591747079012,0.05388532653245326
RMOD-1038-7480-01-103-46204,1.305084745762712,1.2656421155017739,0.031164125922991115
RMOD-1038-7480-01-103-48599,1.1481481481481481,1.2315886490615893,-0.06775030037587526
RMOD-1038-7480-01-106-46274,1.4210526315789473,1.3210352602362674,0.07571135635304072
RMOD-1038-9028-01-103-50567,1.3805668016194332,1.3601149110964923,0.015036884278000429
RMOD-1038-9569-00-119-49634,1.3846153846153846,1.525055154700223,-0.09208832195478489
RMOD-1038-9569-00-119-51639,2,1.631166348157072,0.22611651611109096
RMOD-1038-9569-00-127-49695,1.5454545454545454,1.535932760091291,0.006199350395188263
RMOD-1038-9569-00-127-51733,1.588235294117647,1.1945256487085114,0.329594970049244
RMOD-1038-9569-00-127-53907,1.2962962962962963,1.2932598685094012,0.0023478868097830397
RMOD-1038-9577-00-119-47634,1.3783783783783783,1.277983299519536,0.07855742629546603
RMOD-1041-2189-17-162-47638,1.3888888888888888,1.2351679912952853,0.12445343360331163
RMOD-1042-5023-100-148-46568,0.8,0.8841134606405989,-0.09513876259688792
RMOD-1042-5023-100-148-49944,1.3529411764705883,1.3398808140884415,0.009747406071361597
RMOD-1042-5023-35-115-46576,1.4577114427860696,1.368558705146784,0.06514352457370376
RMOD-1042-5023-35-148-46633,1.4186046511627908,1.2879158765237462,0.10147306747377827
RMOD-1042-5023-35-148-50064,1.6046511627906976,1.4835070515526392,0.08166062379768868
RMOD-1042-5023-35-163-50024,1.0526315789473684,1.2034314950605214,-0.12530826784250737
RMOD-1042-5274-100-148-48600,1,0.9097674559507287,0.09918198706610815
RMOD-1042-5274-100-148-51312,0.5,0.7428526403916463,-0.32691899737155095
RMOD-1042-5274-100-148-52720,0.4230769230769231,0.7201763283955276,-0.41253703239664763
RMOD-1042-5274-100-148-54293,1.507936507936508,1.2059794969526754,0.2503832044797043
RMOD-1042-5274-35-148-48697,1.3636363636363635,1.2513762822340775,0.08970929287701424
RMOD-1042-5274-35-148-51388,1.6829268292682926,1.5568653145876108,0.08097136823558393
RMOD-1042-5274-35-148-52822,1.2142857142857142,1.210338220526547,0.0032614798840691073
RMOD-1042-5274-35-148-54384,1.6666666666666667,1.4851737612472853,0.12220314562180201
RMOD-1042-5274-35-163-48686,1.4,1.3061331623661778,0.07186620808537914
RMOD-1042-5274-35-163-51372,1.5517241379310345,1.3541387347944975,0.1459122304529028
RMOD-1042-5274-35-163-52834,1.4583333333333333,1.5133463408512497,-0.036351895156380265
RMOD-1042-5274-35-163-54360,1.5,1.333209422618339,0.1251045593827973
RMOD-1042-5299-100-148-47912,0.72,0.9152374044962273,-0.21331886517869258
RMOD-1042-5299-100-148-50568,0.5789473684210527,0.7238087704433472,-0.20013767163053864
RMOD-1042-5299-100-148-52012,0.6216216216216216,0.5506123462468187,0.12896419024896355
RMOD-1042-5299-35-115-48009,1.4523809523809523,1.4124826512337565,0.02824693182061111
RMOD-1042-5299-35-148-47978,1.4642857142857142,1.3811395203119798,0.06020115473558585
RMOD-1042-5299-35-148-50654,1.3333333333333333,1.5435397087831408,-0.13618462437582834
RMOD-1042-5299-35-148-52027,1.3076923076923077,1.1959718744419385,0.0934139302418795
RMOD-1042-5299-35-163-50702,1.5185185185185186,1.3422746608877743,0.13130238003165262
RMOD-1042-5299-35-163-52074,1.2083333333333333,1.0242841416142454,0.1796856792384105
RMOD-1042-5351-100-148-54764,1.3584905660377358,1.0501583160971202,0.29360549282371307
RMOD-1042-5351-35-148-54716,1.6956521739130435,1.3049109810214299,0.299438964476916
RMOD-1042-5351-35-163-54724,1.7297297297297298,1.3944630476938351,0.24042708237436572
RMOD-1042-6404-100-148-48325,1.125,0.9869700553091582,0.13985221126856318
RMOD-1042-6404-100-148-49635,1.3333333333333333,1.114051311543305,0.19683296408156914
RMOD-1042-6404-100-148-51003,0.4642857142857143,0.5777838542287553,-0.1964370224476799
RMOD-1042-6404-100-148-52346,0.43243243243243246,0.678124458909467,-0.36231111155044726
RMOD-1042-6404-35-115-48324,1.3611111111111112,1.454118791192873,-0.06396154196278825
RMOD-1042-6404-35-148-48312,1.3333333333333333,1.4419691238509393,-0.07533849977833229
RMOD-1042-6404-35-148-49659,1.1333333333333333,1.0352412942986495,0.0947528267804838
RMOD-1042-6404-35-148-51072,0.9375,1.2212016680387359,-0.23231352811232564
RMOD-1042-6404-35-148-52392,1.6666666666666667,1.1783559537699995,0.41440000479853256
RMOD-1042-6404-35-163-49696,1.6666666666666667,1.7093332149045886,-0.02496093088573348
RMOD-1042-6404-35-163-51037,1,1.067040315197851,-0.06282828703189192
RMOD-1042-6404-35-163-52382,0.7222222222222222,0.8287748819667254,-0.1285664684861687
RMOD-1042-6624-00-148-46205,0.85,1.0891174906547412,-0.21955160274856278
RMOD-1042-6624-100-148-47640,0.8125,1.001617393799251,-0.18881201042436646
RMOD-1042-6624-35-115-46224,1.453551912568306,1.3503722239071616,0.07640833159512472
RMOD-1042-6624-35-115-47700,1.4755244755244756,1.3894410042663008,0.0619554705769112
RMOD-1042-6624-35-148-46286,1,0.961416148319729,0.04013231080807622
RMOD-1042-6624-35-148-47688,1.2962962962962963,1.4083651777653687,-0.0795737378617174
RMOD-1042-6626-100-148-53066,1.3846153846153846,1.0452822268508901,0.3246330503358883
RMOD-1042-6626-35-148-53183,1.5,1.5900341314030173,-0.05662402436831515
RMOD-1042-6626-48-163-53166,1.1176470588235294,1.139968831103287,-0.019581037367621623
RMOD-1042-7763-100-148-50326,0.9545454545454546,1.0187026959989298,-0.06297935767271468
RMOD-1042-7763-100-148-51640,0.6976744186046512,0.6004327764808703,0.16195258808773394
RMOD-1042-7763-100-148-53462,0.8333333333333334,0.9867620790055719,-0.15548707123692795
RMOD-1042-7763-35-148-50325,0.9130434782608695,1.0389343955864514,-0.12117311531929764
RMOD-1042-7763-35-148-51702,1.8,1.693371491274992,0.06296817282823386
RMOD-1042-7763-35-148-53566,1.5,1.5075969243160114,-0.005039095127802873
RMOD-1042-7763-35-163-50388,1.1,1.2317131185703922,-0.10693489951886448
RMOD-1042-7763-35-163-51735,1.2222222222222223,1.1904339932900418,0.026703058809943947
RMOD-1042-7763-35-163-53551,1.6666666666666667,1.3332822524988244,0.25004789011705264
RMOD-1042-8083-100-148-46983,0.6428571428571429,1.0060870962678872,-0.3610323149538023
RMOD-1042-8083-100-148-48975,0.7391304347826086,0.8103613091543657,-0.08790014227861931
RMOD-1042-8083-100-148-53908,1.2452830188679245,1.062828233482301,0.17166911796068884
RMOD-1042-8083-35-115-46993,1.5432098765432098,1.4100891979499626,0.0944058565846635
RMOD-1042-8083-35-148-46978,1.9411764705882353,1.4004244101916747,0.3861344150110524
RMOD-1042-8083-35-148-49069,1,1.466425403671261,-0.31806964234494595
RMOD-1042-8083-35-148-53931,1.875,1.5177219747863273,0.2354041327391152
RMOD-1042-8083-35-163-49028,1.631578947368421,1.259968233170299,0.2949365741254324
RMOD-1042-8083-35-163-53918,1.375,1.331072200753281,0.03300181554528714
RMOD-1042-9690-100-148-47280,1,1.0247827299903767,-0.024183399334422262
RMOD-1042-9690-100-148-49263,0.8461538461538461,0.9480244471053629,-0.107455668746267
RMOD-1042-9690-35-148-47362,1.441860465116279,1.2541614801756227,0.14966093912752965
RMOD-1042-9690-35-148-49313,1.4444444444444444,1.4278597339901542,0.011615083792540615
RMOD-1042-9690-35-15-47334,1.4910714285714286,1.4030983669761832,0.06269914046356995
RMOD-1042-9690-35-163-49365,1.5454545454545454,1.34159316555033,0.15195469471595757
RMOD-1043-3366-17-162-48601,1.15,1.145264679182955,0.004134695588816406
RMOD-1043-3366-17-162-50329,1,1.2323478082300763,-0.1885407728876306
RMOD-1043-3366-17-162-52348,0.5714285714285714,0.7913022580520762,-0.27786308504257395
RMOD-1043-3824-100-126-47582,1.6176470588235294,1.3542530082448456,0.19449397488882125
RMOD-1043-3824-100-126-49265,1.2727272727272727,1.3724579492642166,-0.07266574293981842
RMOD-1043-3824-100-126-51005,1.0736842105263158,1.2107103294518233,-0.11317828517044959
RMOD-1043-3824-100-126-54765,1.2976190476190477,1.142605160325347,0.13566706389594962
RMOD-1043-4061-17-162-52721,1,1.1449126195097825,-0.12657089898426466
RMOD-1043-4061-17-162-54294,1.6144578313253013,1.3439093583323558,0.2013145241645362
RMOD-1043-4449-17-162-47913,1.275,1.2144747733282881,0.04983654498301493
RMOD-1043-4449-17-162-49636,1.5454545454545454,1.3330240846564267,0.15935980695567875
RMOD-1043-4450-100-126-47281,1.54,1.3164685284438769,0.16979628963887716
RMOD-1043-4450-100-126-48976,1.2857142857142858,1.298068456870268,-0.009517349482298543
RMOD-1043-4450-100-126-50569,1.0388349514563107,1.1004960553235164,-0.056030281588859476
RMOD-1043-4450-100-126-52014,1.265625,1.0782887664344591,0.17373475398895155
RMOD-1043-4450-100-126-53909,1.2987012987012987,1.3145224831316993,-0.012035689486807666
RMOD-1043-7156-17-162-46533,1.5869565217391304,1.3117379806237228,0.20981213106640628
RMOD-1043-7156-17-162-51641,1.1414141414141414,1.0053543768218154,0.13533512931275649
RMOD-1043-7156-17-162-53463,1.32,1.240639007657628,0.06396783581084442
RMOD-1043-8910-100-126-53067,1.5,1.2356952039851312,0.2138915771158476
RMOD-1044-3942-100-126-46535,1.2727272727272727,1.2502401954338047,0.017986205671195465
RMOD-1044-3942-100-126-52722,1.25,1.211778626367852,0.03154154793661568
RMOD-1044-3942-100-126-54295,1.4230769230769231,1.3394639744313848,0.06242269313815085
RMOD-1044-6345-100-126-49266,1.25,1.2696118480324772,-0.015447121151925036
RMOD-1044-9094-100-126-50570,1.5,1.3669221942103922,0.09735580148837997
RMOD-1044-9265-17-162-48602,1.0526315789473684,1.296829044482672,-0.1883035135388399
RMOD-1044-9284-17-162-49945,1.3333333333333333,1.3925391900591295,-0.042516474328655796
RMOD-1045-0140-19-162-50595,1.3846153846153846,1.5172216055761827,-0.08740069379017268
RMOD-1045-0203-17-162-53910,1.2142857142857142,1.1298887804367403,0.0746949038792577
RMOD-1045-0244-17-162-53068,1.4,1.3081180229906804,0.07023982193843259
RMOD-1045-0602-100-126-53464,1.5384615384615385,1.3737164275446456,0.11992657845065957
RMOD-1045-3801-100-126-48605,1.4285714285714286,1.2217032348881405,0.16932769577403062
RMOD-1045-4374-100-126-46209,0.8918918918918919,1.0183961626214264,-0.1242191156768534
RMOD-1045-4466-17-162-47282,1.28,1.236012264523103,0.03558842961309039
RMOD-1045-4472-17-162-48327,1.0909090909090908,1.1860877904452478,-0.08024591459661479
RMOD-1045-4987-17-162-49946,0.85,0.8952951369852726,-0.050592408150227364
RMOD-1045-6394-100-126-52350,0.9565217391304348,0.8841259328650174,0.0818840434086332
RMOD-1045-6394-100-126-52723,1.11864406779661,1.2528552988992225,-0.10712428739418856
RMOD-1045-7048-17-162-51313,0.8857142857142857,1.0440586612441187,-0.1516623360426388
RMOD-1045-7614-100-126-47914,1.46875,1.335621069499354,0.09967567414202905
RMOD-1045-7618-15-148-47583,1.278688524590164,1.4187883035761872,-0.09874607693965953
RMOD-1045-7618-15-148-47689,1,1.0654606211818416,-0.061438799220219664
RMOD-1045-7618-15-148-47701,1.4210526315789473,1.2143449574003031,0.17022154447873583
RMOD-1047-0333-03-101-47584,1.3118279569892473,1.2745608571226241,0.029239168658258707
RMOD-1047-0333-03-101-51314,1.125,1.3162361976859638,-0.14529018273632843
RMOD-1047-0333-03-101-52351,0.8852459016393442,0.9129489951524832,-0.03034462347867728
RMOD-1047-0333-03-106-51351,1.4766355140186915,1.3815111453391034,0.06885530312261001
RMOD-1047-0333-03-158-47666,1.2077922077922079,1.2480943938189755,-0.032290975928070065
RMOD-1047-1327-03-101-46896,1.3921052631578947,1.3662530698791915,0.01892196537277613
RMOD-1047-1327-03-101-47915,1.3508005822416302,1.3423040171719802,0.006329836580204029
RMOD-1047-1327-03-101-49947,1.3912448700410396,1.4180661405180766,-0.018913977078133914
RMOD-1047-1327-03-101-53465,1.465211459754434,1.4151098110636529,0.03540477798901187
RMOD-1047-1327-03-101-54766,1.3431372549019607,1.3271391102040253,0.012054610232589802
RMOD-1047-1327-03-106-46955,1.4646464646464648,1.395432263975277,0.04960054490499721
RMOD-1047-1327-03-106-47947,1.4086021505376345,1.4276338037098852,-0.013330906793321051
RMOD-1047-1327-03-106-49994,1.3177570093457944,1.4175366151825914,-0.07038943810558607
RMOD-1047-1327-03-106-54699,1.4137931034482758,1.408992166061855,0.0034073556277034456
RMOD-1047-2013--03-101-50332,1.329153605015674,1.2581943320741786,0.05639770513392528
RMOD-1047-2013-03-101-46210,1.2072727272727273,1.2305127633278656,-0.018886464852495122
RMOD-1047-2013-03-101-48329,1.3403508771929824,1.327335122772146,0.00980592933731228
RMOD-1047-2013-03-101-49637,1.3192488262910798,1.3503018355968086,-0.022997087382321424
RMOD-1047-2013-03-101-51642,1.1653333333333333,1.253919472430396,-0.07064739087699257
RMOD-1047-2013-03-106-49683,1.3898305084745763,1.403903200983158,-0.010023976367264265
RMOD-1047-2013-03-106-50367,1.28,1.3379003765073725,-0.04327704627643736
RMOD-1047-2013-03-106-51712,1.1868131868131868,1.2270123340349437,-0.0327618118471269
RMOD-1047-2013-03-158-46275,1.2422680412371134,1.2180857235098905,0.019852722399160916
RMOD-1047-2163-03-101-53912,1.2677725118483412,1.2719291834590627,-0.0032680055342525494
RMOD-1047-3013-03-101-48977,1.3967611336032388,1.3336282434746705,0.04733919698947009
RMOD-1047-3013-03-106-49009,1.35,1.3578832022250724,-0.0058055083177660505
RMOD-1047-3195-03-101-46538,1.17351598173516,1.215863035195909,-0.034828802451359886
RMOD-1047-3195-03-101-50596,1.1571428571428573,1.2625170990563894,-0.08346361565501914
RMOD-1047-3195-03-106-46644,1.2739130434782608,1.2876296754666092,-0.010652621828848297
RMOD-1047-3195-03-106-50683,1.24375,1.3780168384627471,-0.09743483150215282
RMOD-1047-4710-03-101-47285,1.2679127725856698,1.2810463812431954,-0.010252250698979393
RMOD-1047-4710-03-101-48606,1.15625,1.2095588088983373,-0.04407293676517532
RMOD-1047-4710-03-101-49267,1.324742268041237,1.3236495420374619,0.0008255402726111694
RMOD-1047-4710-03-101-51006,1.2594594594594595,1.308678330829858,-0.0376096021542498
RMOD-1047-4710-03-101-52724,1.1287128712871286,1.2293954702721828,-0.08189602241072469
RMOD-1047-4710-03-101-54296,1.3043478260869565,1.2664839815859426,0.029896820687459025
RMOD-1047-4710-03-106-48634,1.2973977695167287,1.2708414428481645,0.02089664829394211
RMOD-1047-4710-03-106-49351,1.2300884955752212,1.3061883969431582,-0.058261045302524406
RMOD-1047-4710-03-106-52773,1.3053435114503817,1.3223835433040028,-0.012885846878467722
RMOD-1047-4710-03-158-47315,1.29,1.2878002284788068,0.001708162083331688
RMOD-1047-9270-03-101-52016,1.0841346153846154,1.045850076045848,0.03660614481524327
RMOD-1047-9270-03-101-53088,1.3892857142857142,1.3610764825994615,0.02072567709962736
RMOD-1047-9270-03-106-52060,1.1123595505617978,1.1007574627854095,0.010540094588166182
RMOD-1047-9270-03-106-53131,1.375,1.4047144361353463,-0.02115336425038583
RMOD-1048-0623-07-101-50597,1.3173076923076923,1.4681457162502576,-0.10274049930671436
RMOD-1048-0623-07-101-52036,1.1791044776119404,1.0490455543911343,0.12397833695248073
RMOD-1048-0623-07-101-53913,1.34375,1.4174146680384698,-0.05197114838695216
RMOD-1048-0623-07-103-47920,1.4634146341463414,1.4235672662995644,0.027991208276625157
RMOD-1048-0623-07-103-48978,1.3333333333333333,1.3651584769614866,-0.02331241695761821
RMOD-1048-0623-07-103-52075,1.056338028169014,1.1157368692169178,-0.05323732027390371
RMOD-1048-0623-07-106-47950,1.4,1.3999687767482265,0.000022302820100073006
RMOD-1048-0623-07-106-49010,1.4105263157894736,1.3824703758210828,0.0202940623242851
RMOD-1048-0623-07-106-50684,1.495049504950495,1.3731311410236262,0.08878857982638322
RMOD-1048-0623-07-106-53988,1.2616822429906542,1.3445452976301537,-0.061629053915513876
RMOD-1048-0724-07-101-46634,1.221311475409836,1.2196867104048192,0.0013321166748447855
RMOD-1048-0724-07-101-49948,1.3828571428571428,1.358171685930529,0.018175505484566923
RMOD-1048-0724-07-101-51315,1.3907563025210083,1.3932476890092798,-0.00178818634182909
RMOD-1048-0724-07-101-52749,1.2549019607843137,1.300710506032069,-0.035218094291786906
RMOD-1048-0724-07-101-54767,1.3632286995515694,1.2901960454129875,0.05660585799982387
RMOD-1048-0724-07-103-46542,1.3831168831168832,1.2953056302741777,0.06779191782260563
RMOD-1048-0724-07-103-50025,1.4244604316546763,1.4148948682135003,0.006760617807069824
RMOD-1048-0724-07-158-51353,1.3583333333333334,1.3803697980062941,-0.015964174748526516
RMOD-1048-1200-07-101-54297,1.439252336448598,1.3867019691294469,0.037895934735090675
RMOD-1048-1200-07-104-49320,1.3085106382978724,1.3519063786456262,-0.03209966387704222
RMOD-1048-1200-07-108-49366,1.1891891891891893,1.2594751769989763,-0.055805774574502864
RMOD-1048-1203-07-104-47586,1.2318840579710144,1.3077086422290911,-0.057982781339448564
RMOD-1048-1203-07-158-47667,1.1470588235294117,1.259803239480682,-0.08949367045424172
RMOD-1048-2380-07-101-49638,1.4375,1.4597142986572138,-0.01521825104929686
RMOD-1048-2380-07-108-49697,1.2765957446808511,1.444326707104052,-0.11613090140769466
RMOD-1048-3357-07-101-47286,1.3125,1.3300185219959126,-0.01317163761721396
RMOD-1048-3357-07-103-47363,1.2512820512820513,1.2850726295608201,-0.026294683663379392
RMOD-1048-3357-07-158-47316,1.2907488986784141,1.2972513078216623,-0.0050124514070962745
RMOD-1048-4866-07-101-48607,1.3106060606060606,1.3756370122552748,-0.047273336694103496
RMOD-1048-4866-07-101-50983,1.3953488372093024,1.4146397865086542,-0.013636651169667724
RMOD-1048-4866-07-103-51038,1.3934426229508197,1.437741682345836,-0.030811556720493405
RMOD-1048-4867-07-101-46287,1.1388888888888888,1.1965562231237161,-0.048194420889209444
RMOD-1048-4867-07-101-48337,1.2835365853658536,1.266631602244963,0.013346408767101803
RMOD-1048-4867-07-101-50335,1.314176245210728,1.3190926695818073,-0.0037271258376699867
RMOD-1048-4867-07-101-52352,0.934640522875817,0.8916042825192858,0.048268319477929644
RMOD-1048-4867-07-101-53466,1.3578947368421053,1.3099451336577614,0.03660428360877521
RMOD-1048-4867-07-103-46211,1.3067092651757188,1.2359098547217762,0.057285254408689035
RMOD-1048-4867-07-103-52383,0.9625,0.9568165076843356,0.005940002362019747
RMOD-1048-4867-07-158-46276,1.1615384615384616,1.201695223736532,-0.033416761092889824
RMOD-1048-8405-07-101-46899,1.2594142259414225,1.3627936064679478,-0.07585842789097108
RMOD-1048-9963-07-101-51736,1.3113207547169812,1.314853645152606,-0.00268690773961755
RMOD-1048-9963-07-101-53089,1.4065040650406504,1.3846287986003833,0.015798650484793564
RMOD-1048-9963-07-103-51643,1.3818181818181818,1.305949608012139,0.05809456455331885
RMOD-1048-9963-07-106-51713,1.4054054054054055,1.3327900338439964,0.054483729407830195
RMOD-1049-1098-01-103-46902,1.3514851485148516,1.345110192555133,0.004739355924148425
RMOD-1049-1098-01-103-49639,1.2873563218390804,1.2527841539213802,0.02759626852677277
RMOD-1049-1098-01-103-53467,1.336021505376344,1.3292143499257447,0.005121187151628126
RMOD-1049-1098-01-106-46956,1.352,1.2808088225254273,0.05558298492526137
RMOD-1049-1098-01-106-49684,1.2613636363636365,1.2884850223635744,-0.02104905026384163
RMOD-1049-1098-01-106-53502,1.2848837209302326,1.3636552329874467,-0.05776497618437204
RMOD-1049-1208-01-103-46548,1.22979797979798,1.3065735650764876,-0.05876101226188002
RMOD-1049-1208-01-103-54768,1.3784860557768925,1.370469968575858,0.0058491520316672485
RMOD-1049-1208-01-106-54700,1.32,1.2036876335655573,0.09663002525821662
RMOD-1049-1258-01-103-54298,1.25,1.1540191343498765,0.0831709482045937
RMOD-1049-1258-01-106-54378,1.1129032258064515,1.2409991709119952,-0.10322000860919778
RMOD-1049-1319-01-103-47287,1.2333333333333334,1.2680448735990406,-0.027374063007081784
RMOD-1049-1319-01-103-53090,1.323943661971831,1.4058067814888133,-0.05823212734134453
RMOD-1049-1319-01-106-47317,1.4074074074074074,1.3522323359338544,0.040802952279239024
RMOD-1049-2723-01-103-46212,1.2223684210526315,1.2453656634201118,-0.018466256974135176
RMOD-1049-2723-01-103-47588,1.2452830188679245,1.2631450812588514,-0.014140942838589465
RMOD-1049-2723-01-103-49949,1.309090909090909,1.3050781456258937,0.003074730412477189
RMOD-1049-2723-01-103-51316,1.3144963144963144,1.327790707124019,-0.01001241577936629
RMOD-1049-2723-01-103-52750,1.2384937238493723,1.2605353600353544,-0.01748593247345609
RMOD-1049-2723-01-103-53914,1.2497938994229183,1.2760938944236973,-0.020609764779617845
RMOD-1049-2723-01-106-46278,1.2,1.244310094035533,-0.03561017004356759
RMOD-1049-2723-01-106-47668,1.2208588957055215,1.256905118368497,-0.028678555076428247
RMOD-1049-2723-01-106-53989,1.2429245283018868,1.3002062457018138,-0.044055870050837886
RMOD-1049-2723-01-145-51354,1.2764227642276422,1.3553221662684414,-0.05821449984694782
RMOD-1049-2723-01-145-52774,1.211340206185567,1.2375331779168,-0.02116547030708693
RMOD-1049-3361-01-103-50598,1.491103202846975,1.4653517846946629,0.017573539965816565
RMOD-1049-3361-01-106-50685,1.4292035398230087,1.4216557620684687,0.005309145825539652
RMOD-1049-3368-01-103-47980,1.3413043478260869,1.3456937053746492,-0.0032617805456258697
RMOD-1049-3368-01-108-47921,1.318452380952381,1.3682279750471762,-0.036379605593928166
RMOD-1049-3368-01-108-50336,1.372093023255814,1.3829798394096167,-0.00787199917422532
RMOD-1049-3368-01-108-52037,1.048780487804878,1.1029197853445791,-0.049087248464571354
RMOD-1049-3640-01-103-48339,1.2626050420168067,1.3329864695866918,-0.052799806431424345
RMOD-1049-3640-01-103-48979,1.247978436657682,1.2890504252958177,-0.0318622047921131
RMOD-1049-3640-01-106-49011,1.2552301255230125,1.2804519012967894,-0.01969755814196017
RMOD-1049-7774-01-103-52399,0.9174311926605505,1.0038942853291986,-0.08612768688118877
RMOD-1049-8149-01-103-48608,1.2517241379310344,1.292010184538149,-0.031180904832817102
RMOD-1049-8149-01-103-49322,1.3925233644859814,1.3631567106066487,0.02154312387624424
RMOD-1049-8149-01-103-50984,1.353448275862069,1.4077743441716368,-0.03859004004049693
RMOD-1049-9205-01-103-51644,1.3632075471698113,1.3267490140341107,0.02747960070069677
RMOD-1050-0968-19-117-53915,1.307820299500832,1.3556930129299583,-0.03531235535813715
RMOD-1050-0968-19-162-53919,1.4324324324324325,1.4491145271507522,-0.011511922905859007
RMOD-1050-1326-34-119-50337,1.3426470588235293,1.370328440068799,-0.020200544946640475
RMOD-1050-1329-100-119-47690,1.5833333333333333,1.3677897822116047,0.15758529119380627
RMOD-1050-1329-19-117-47590,1.325925925925926,1.3723428545911918,-0.033823128462379115
RMOD-1050-1329-19-117-48980,1.3724696356275303,1.338088375473033,0.025694311963769367
RMOD-1050-1329-19-117-51317,1.371841155234657,1.3959741008794377,-0.017287531072086137
RMOD-1050-1329-19-117-52751,1.140625,1.2592534279151026,-0.09420536429391435
RMOD-1050-1329-19-117-54299,1.2893890675241158,1.3607005648103767,-0.052407928041242946
RMOD-1050-1329-19-162-47702,1.4285714285714286,1.3883160870934503,0.028995804235227185
RMOD-1050-1329-19-162-49070,1.3333333333333333,1.3821709740383332,-0.03533400832627054
RMOD-1050-1329-19-162-51389,1.36,1.548799570642439,-0.12190058301999995
RMOD-1050-1329-19-162-52823,1.5,1.5506732669319343,-0.03267823597178099
RMOD-1050-1329-19-162-54361,1.32,1.4314990080116978,-0.07788968583818034
RMOD-1050-1335-19-117-50599,1.4210526315789473,1.4091789592687263,0.00842595060912843
RMOD-1050-1335-19-117-53468,1.3585858585858586,1.3993184768917495,-0.029108897637347475
RMOD-1050-1335-19-162-50655,1.5217391304347827,1.3857429907281595,0.09813951116228403
RMOD-1050-1336-34-117-48609,1.2087682672233822,1.250593082794088,-0.03344398441518692
RMOD-1050-1336-34-117-49640,1.3738819320214668,1.389061236206536,-0.010927742988871447
RMOD-1050-1336-34-117-50985,1.4323232323232322,1.4140125415026483,0.012949454324588716
RMOD-1050-1336-34-117-52401,0.94824016563147,0.9469159768735114,0.0013984226587144821
RMOD-1050-1336-34-117-54770,1.2377260981912144,1.317121178130724,-0.06027925240120113
RMOD-1050-1336-34-145-48635,1.2214285714285715,1.314553073115044,-0.07084118822665664
RMOD-1050-1336-34-154-54701,1.1717171717171717,1.2648017345946507,-0.07359616952716397
RMOD-1050-1444-34-117-49969,1.2949756888168558,1.3358941698236404,-0.030630031877589836
RMOD-1050-1444-34-119-47288,1.1542857142857144,1.3131615281489994,-0.12098725896061902
RMOD-1050-1444-34-145-49995,1.2687813021702838,1.3259999346927296,-0.043151308703272995
RMOD-1050-1444-34-162-47335,1.3333333333333333,1.3617252297750175,-0.020849945217197074
RMOD-1050-1444-34-162-50065,1.2142857142857142,1.271889639375765,-0.04529003406169929
RMOD-1050-3108-19-117-47922,1.3363533408833521,1.3256711144457747,0.008057976311902415
RMOD-1050-3108-19-117-49324,1.404494382022472,1.3783567839062163,0.018962868265633315
RMOD-1050-3108-19-117-52038,1.0714285714285714,1.0862168871192823,-0.013614514620492013
RMOD-1050-3108-19-117-53091,1.3959044368600682,1.3859765003910056,0.007163134776283497
RMOD-1050-3108-19-162-48010,1.7297297297297298,1.343920822608859,0.2870771109654562
RMOD-1050-3108-19-162-49314,1.5454545454545454,1.4808498238603487,0.04362678818151999
RMOD-1050-3108-19-162-52028,1.1176470588235294,1.019402117672681,0.09637506087896286
RMOD-1050-3108-19-162-53167,1.5384615384615385,1.292970594985378,0.18986583641442878
RMOD-1050-4984-19-117-46550,1.1917293233082706,1.2397697625452064,-0.03874948453195881
RMOD-1050-4984-19-162-46577,1.3333333333333333,1.3278438341499585,0.0041341451774628
RMOD-1050-7028-34-117-48340,1.2800608828006088,1.3236777316213495,-0.03295125979592872
RMOD-1050-7028-34-117-51645,1.4382470119521913,1.3705736893759375,0.04937590959233096
RMOD-1050-7028-34-162-48326,1.5,1.3732033038301896,0.09233643395420343
RMOD-1050-7028-34-162-51703,1.5348837209302326,1.488695310278279,0.031026100729315553
RMOD-1050-7760-19-117-46213,1.3374741200828157,1.29505237593671,0.03275677874836691
RMOD-1050-7760-19-162-46225,1.0526315789473684,1.2849638241941257,-0.18080839388024494
RMOD-1050-8296-19-117-46905,1.2466666666666666,1.2838879271316965,-0.028991051071089236
RMOD-1050-8296-19-162-46998,1.3181818181818181,1.2808797513077437,0.02912222387463781
RMOD-1051-0584-100-127-48610,1.244343891402715,1.2072388675409353,0.030735445038611253
RMOD-1051-0584-100-127-49325,1.2301587301587302,1.3427971421279994,-0.0838834165157406
RMOD-1051-0584-100-127-51318,1.4316239316239316,1.4307280822749948,0.0006261492732513307
RMOD-1051-0584-100-127-52402,0.8493975903614458,0.8947939466526691,-0.05073386611637942
RMOD-1051-0584-27-152-53469,1.1551724137931034,1.28197288710868,-0.09891041736581363
RMOD-1051-1445-100-127-48341,1.2419354838709677,1.3088739471206354,-0.05114202433085646
RMOD-1051-1445-100-127-49641,1.1153846153846154,1.1225745501376758,-0.006404861710234355
RMOD-1051-1445-100-127-50338,1.3333333333333333,1.4050977666376678,-0.05107433447571652
RMOD-1051-1445-100-127-52752,1.5714285714285714,1.4058569604301265,0.11777272913155246
RMOD-1051-1445-27-152-52835,0.8,1.1974239116003393,-0.3318990941722453
RMOD-1051-2038-28-152-46907,1.106280193236715,1.2745439424657503,-0.13201879011210083
RMOD-1051-2038-28-152-47923,1.2145214521452146,1.2209659697539734,-0.005278212307635033
RMOD-1051-2038-28-152-49970,1.231578947368421,1.2857659170349105,-0.04214372845677028
RMOD-1051-2038-28-152-50986,1.088235294117647,1.2865491625488688,-0.15414402667545846
RMOD-1051-2038-28-152-52039,0.9598393574297188,1.027138880657883,-0.06552134720580205
RMOD-1051-2038-39-126-54300,1.2307692307692308,1.2652983967152704,-0.027289346161883832
RMOD-1051-3260-100-152-46553,1.375,1.4235127473193985,-0.03407960161280765
RMOD-1051-3260-39-127-53950,1.2621082621082622,1.334593649142236,-0.054312701907851535
RMOD-1051-3260-39-145-46645,1.1945205479452055,1.2779179639070504,-0.06526038315234983
RMOD-1051-4865-100-152-48982,1.3333333333333333,1.3568425184879815,-0.017326391850430722
RMOD-1051-5001-41-127-46230,1.1751152073732718,1.1623507814776703,0.010981560901412557
RMOD-1051-5001-45-127-54771,1.3468869123252858,1.3343363965307298,0.009405810878866383
RMOD-1051-5038-100-152-47691,1.125,1.2850325186517353,-0.12453577347571132
RMOD-1051-5038-39-126-47591,1.2638888888888888,1.3259223658448436,-0.04678515013692275
RMOD-1051-7093-27-152-50601,1.7272727272727273,1.4552158184844846,0.18695296280628182
RMOD-1051-7094-27-126-51686,1.0943396226415094,1.181140531887186,-0.07348906154883117
RMOD-1051-7094-27-126-53092,1.5217391304347827,1.3449784420236652,0.13142269265309703
RMOD-1051-7094-27-152-51646,1.2280701754385965,1.240975450562011,-0.010399299291190656
RMOD-1051-9261-100-152-47289,1.3846153846153846,1.3798086678945474,0.003483611048894053
RMOD-1052-1199-08-101-46911,1.231372549019608,1.278945334726203,-0.03719688747821237
RMOD-1052-1338-08-101-48612,1.3208955223880596,1.3478514118283502,-0.019999155102508714
RMOD-1052-1338-08-101-49328,1.378698224852071,1.368997038221503,0.007086345959645746
RMOD-1052-1338-08-101-54772,1.328502415458937,1.2897453744499576,0.030050149259506664
RMOD-1052-1338-08-103-50988,1.3982683982683983,1.3921744813087122,0.004377265236148675
RMOD-1052-1338-08-103-52040,1.0687830687830688,1.0500930115177716,0.017798477906526777
RMOD-1052-1338-08-103-53470,1.368421052631579,1.369889904503189,-0.0010722408178800436
RMOD-1052-1338-08-106-51023,1.2666666666666666,1.3551480134261724,-0.06529275465327333
RMOD-1052-2406-07-101-52753,1.3333333333333333,1.356007553384859,-0.01672130807452099
RMOD-1052-2406-08-101-46558,1.1944444444444444,1.3105862258328025,-0.08861819169094087
RMOD-1052-2406-08-101-47592,1.2672413793103448,1.3245563682043817,-0.04327108326219087
RMOD-1052-2406-08-101-48983,1.3308823529411764,1.3985268005292748,-0.04836835987876542
RMOD-1052-2406-08-101-51319,1.2741935483870968,1.3898149630714993,-0.08319194839353183
RMOD-1052-2406-08-101-54301,1.3093922651933703,1.3464975761371452,-0.02755690882877282
RMOD-1052-2406-08-106-46646,1.2763157894736843,1.2427866205307116,0.02697902309943956
RMOD-1052-2406-08-106-47669,1.2790697674418605,1.2983386074093073,-0.014841151497370753
RMOD-1052-2406-08-107-46635,1.0555555555555556,1.073618579334496,-0.016824432928626454
RMOD-1052-2406-08-107-47692,1.0930232558139534,1.205962193611298,-0.09365047958853889
RMOD-1052-2406-08-107-49031,1.3414634146341464,1.2707384876417107,0.05565655536544711
RMOD-1052-2406-08-107-51374,1.4631578947368422,1.4774868224815554,-0.009698176340176556
RMOD-1052-2406-08-107-52836,1.4285714285714286,1.1281333971993033,0.26631427818553277
RMOD-1052-2654-08-101-47924,1.3672316384180792,1.3138073882628818,0.04066368528025621
RMOD-1052-2654-08-101-49642,1.2446043165467626,1.3324349043108497,-0.06591735737327742
RMOD-1052-2654-08-107-47990,1.226027397260274,1.2872924100742922,-0.047592149487219126
RMOD-1052-2654-08-107-49698,1.2628205128205128,1.3173485830509968,-0.041392286697721326
RMOD-1052-7088-07-101-51647,1.2028985507246377,1.244499563621129,-0.033427904767957095
RMOD-1052-7088-08-101-46214,1.2708333333333333,1.3569872793716165,-0.06348913313187321
RMOD-1052-7088-08-101-50339,1.3333333333333333,1.389843637882382,-0.040659469172481755
RMOD-1052-7088-08-101-53093,1.48,1.32391291530226,0.11789830199073492
RMOD-1052-7088-08-103-46288,1.2083333333333333,1.2662799052654299,-0.04576126628176258
RMOD-1052-7088-08-103-50389,1.3695652173913044,1.247413176060685,0.0979242833688625
RMOD-1052-7088-08-106-46279,1.1818181818181819,1.2417856977982766,-0.04829135662169326
RMOD-1052-7088-08-106-50368,1.2972972972972974,1.3366162979364185,-0.02941681969599297
RMOD-1052-7092-08-101-48342,1.402116402116402,1.4019771639535712,0.0000993155711883631
RMOD-1052-7092-08-101-50602,1.3597122302158273,1.409285769655586,-0.035176357064808705
RMOD-1052-7092-08-101-52404,1.034965034965035,0.9668260827623347,0.07047694866487197
RMOD-1052-7092-08-101-53951,1.5086705202312138,1.4441211308480706,0.044698043678120136
RMOD-1052-7092-08-106-50687,1.3766233766233766,1.3803730248850206,-0.0027164021565520002
RMOD-1052-7092-08-106-52430,1.2365591397849462,1.006164814399184,0.22898268960372947
RMOD-1052-7775-08-103-47364,1.309278350515464,1.395008239896326,-0.06145475483874807
RMOD-1052-7775-08-107-47290,1.3037974683544304,1.3910676165767613,-0.06273609361785848
RMOD-1052-7775-08-107-49972,1.4057971014492754,1.4003571819254648,0.0038846657081665903
RMOD-1053-0589-00-108-47693,1.3414634146341464,1.3575641837970116,-0.011860042681615668
RMOD-1053-0589-00-119-47595,1.75,1.4774638967383384,0.1844621069004222
RMOD-1053-0589-00-119-50604,1.6176470588235294,1.4241172245633165,0.13589459555870187
RMOD-1053-1650-00-108-54725,1.2076923076923076,1.2743669855424924,-0.05231984083595942
RMOD-1053-1650-00-117-54774,1.2121212121212122,1.2718602636875442,-0.04696982307877817
RMOD-1053-1650-00-119-46565,1.2763157894736843,1.3301425766553059,-0.040466930482724095
RMOD-1053-1650-00-119-48343,1.4714285714285715,1.3493218191279241,0.09049490682627925
RMOD-1053-2337-00-119-48984,1.125,1.263952513169285,-0.10993491584653758
RMOD-1053-5627-00-108-52076,1.1734693877551021,1.099442042935077,0.06733173912687684
RMOD-1053-5627-00-108-53920,1.2708333333333333,1.3386678081122667,-0.050673120222850976
RMOD-1053-5627-00-117-52041,1.2424242424242424,1.1043434055433967,0.1250343291658471
RMOD-1053-5627-00-117-53954,1.3793103448275863,1.3629818041034212,0.011980013727994177
RMOD-1053-5632-00-108-53168,1.625,1.4452596743427506,0.12436541948005875
RMOD-1053-5632-00-117-48613,1.4137931034482758,1.441578270850572,-0.01927413028076652
RMOD-1053-5632-00-117-49330,1.375,1.4709268510722064,-0.06521524235027887
RMOD-1053-5632-00-117-50340,1.3928571428571428,1.429258131557157,-0.025468449607738752
RMOD-1053-5632-00-117-51648,1.25,1.3414725257052054,-0.06818814694480513
RMOD-1053-5632-00-117-53094,1.4285714285714286,1.2696235988804152,0.1251928759288794
RMOD-1053-5747-00-117-49643,1.267605633802817,1.4074153795876074,-0.09933794088974401
RMOD-1053-5747-00-154-49699,1.3645833333333333,1.3769373104795497,-0.008972069426976259
RMOD-1053-5748-00-108-51320,1.4313725490196079,1.414274457795383,0.012089655674668576
RMOD-1053-5748-00-108-52405,1,0.9426946989641954,0.060788822827549494
RMOD-1053-5748-00-108-53471,1.4724409448818898,1.42319575527174,0.034601838452467115
RMOD-1053-7096-00-103-46215,1.5,1.3685922848474106,0.09601670023095354
RMOD-1053-7096-00-103-49973,1.375,1.32665477106254,0.03644145409339572
RMOD-1053-9264-00-108-46979,1.2575757575757576,1.347329956188984,-0.06661634605609335
RMOD-1053-9264-00-108-54363,1.3461538461538463,1.3939995364554132,-0.0343226012995862
RMOD-1053-9264-00-119-46913,1.2,1.323083932481812,-0.09302806077535375
RMOD-1053-9264-00-119-47925,1.4722222222222223,1.3101571582610185,0.1236989493507128
RMOD-1053-9264-00-119-50990,1.40625,1.4448527192622649,-0.026717407765945334
RMOD-1053-9264-00-119-52754,1.1538461538461537,1.379562786101997,-0.1636146136513391
RMOD-1053-9264-00-119-54303,1.1481481481481481,1.307640325754407,-0.12196945479961707
RMOD-1054-2035-01-103-40499,1.4557823129251701,1.437417586697819,0.012776194195272428
RMOD-1055-3286-117-162-54727,1.4074074074074074,1.3090493737931328,0.07513699298390097
RMOD-1055-3286-17-118-40500,1.1760299625468165,1.2290705134322817,-0.043155010478076794
RMOD-1055-3286-17-162-48330,1.4634146341463414,1.2353663898466893,0.1845996832793495
RMOD-1055-3286-19-162-46226,1.15625,1.2095854877239642,-0.0440940208569498
RMOD-1055-3286-19-162-46578,1.2424242424242424,1.22181449243636,0.016868149883199957
RMOD-1055-3286-19-162-47000,1.2857142857142858,1.3309702339629892,-0.034002224162409056
RMOD-1055-3286-19-162-47337,1.2222222222222223,1.1802605472801673,0.03555289129908901
RMOD-1055-3286-19-162-47703,1.3,1.1781902491420926,0.1033871659917438
RMOD-1055-3286-19-162-48011,1.2105263157894737,1.0139921379393477,0.19382219101769982
RMOD-1055-3286-19-162-48698,1.5185185185185186,1.2119445366174175,0.252960405891808
RMOD-1055-3286-19-162-49071,1.3333333333333333,1.2266819054815667,0.0869430187036937
RMOD-1055-3286-19-162-49315,1.394736842105263,1.3731912267733581,0.015690178404745403
RMOD-1055-3286-19-162-49661,1.3461538461538463,1.4582219495570419,-0.07685256927948336
RMOD-1055-3286-19-162-50066,1.358974358974359,1.2579255331585777,0.08032973586445413
RMOD-1055-3286-19-162-50327,1.3478260869565217,1.3517032997455336,-0.002868390415072475
RMOD-1055-3286-19-162-50656,1.3793103448275863,1.3631555454881905,0.011851031522312594
RMOD-1055-3286-19-162-51073,1.4210526315789473,1.4099543319152803,0.007871389457409839
RMOD-1055-3286-19-162-51391,1.3181818181818181,1.195131198202686,0.10295992621076544
RMOD-1055-3286-19-162-51704,1.2682926829268293,1.252159328828071,0.012884425909167607
RMOD-1055-3286-19-162-52029,0.9583333333333334,1.1821523815495822,-0.18933180841108133
RMOD-1055-3286-19-162-52393,0.85,0.8748073468804533,-0.028357497189427816
RMOD-1055-3286-19-162-52824,1.0909090909090908,0.9682027800244626,0.12673616872028393
RMOD-1055-3286-19-162-53169,1.368421052631579,1.3334566775268673,0.02622085568581012
RMOD-1055-3286-19-162-53552,1.4074074074074074,1.3023427320656797,0.08067359901113114
RMOD-1055-3286-19-162-53921,1.2058823529411764,1.1845381642450492,0.018018996213372995
RMOD-1055-3286-19-162-54365,1.3636363636363635,1.275899880806577,0.06876439456544414
RMOD-1056-0215-117-162-54728,1.5,1.3917488153409538,0.07778069107429175
RMOD-1056-0215-17-124-40501,1.2264150943396226,1.2227677093237954,0.002982892816039584
RMOD-1056-0215-17-162-46227,1.0476190476190477,1.2365701456871772,-0.15280257147331266
RMOD-1056-0215-17-162-46579,1.2608695652173914,1.3285123327073187,-0.05091617580401464
RMOD-1056-0215-17-162-47001,1.4285714285714286,1.3009015694511337,0.09813952271128423
RMOD-1056-0215-17-162-47338,1.1333333333333333,1.3003390372527626,-0.12843243118522663
RMOD-1056-0215-17-162-47704,1.3548387096774193,1.2387639668740842,0.09370206585540242
RMOD-1056-0215-17-162-48012,1.1428571428571428,1.2956816629368784,-0.11794912627946996
RMOD-1056-0215-17-162-48331,1.5625,1.378418030785987,0.13354582216909017
RMOD-1056-0215-17-162-48700,1.3225806451612903,1.2727790971737938,0.03912819443537452
RMOD-1056-0215-17-162-49072,1.4333333333333333,1.2637059227604732,0.13423013022074115
RMOD-1056-0215-17-162-49316,1.24,1.3735744496063276,-0.09724587527426021
RMOD-1056-0215-17-162-49663,1.4838709677419355,1.3377318900935253,0.10924392154409435
RMOD-1056-0215-17-162-50067,1.4,1.3966136637843036,0.002424676418044447
RMOD-1056-0215-17-162-50328,1.35,1.3484459911484712,0.0011524442667556478
RMOD-1056-0215-17-162-50658,1.3846153846153846,1.3348991864491793,0.03724341034205736
RMOD-1056-0215-17-162-51074,1.4761904761904763,1.3020430814153339,0.133749333843733
RMOD-1056-0215-17-162-51392,1.3235294117647058,1.2173386797960766,0.08723187205915295
RMOD-1056-0215-17-162-51706,1.5,1.28994321102965,0.16284188883220674
RMOD-1056-0215-17-162-52030,1.21875,1.0178908898086103,0.1973287237389032
RMOD-1056-0215-17-162-52394,0.84,1.0009517936380816,-0.16079874641423308
RMOD-1056-0215-17-162-52825,1.25,1.1941926138632393,0.04673231561550417
RMOD-1056-0215-17-162-53170,1.53125,1.528619839152091,0.0017206114826875396
RMOD-1056-0215-17-162-53553,1.3142857142857143,1.3597314068782282,-0.03342255122050275
RMOD-1056-0215-17-162-53922,1.4864864864864864,1.3359944527685534,0.1126442055250092
RMOD-1056-0215-17-162-54367,1.435897435897436,1.412226816652933,0.016761202212972837
RMOD-1057-3261-02-101-40502,1.1640625,1.2132718894872918,-0.04055924307954328
RMOD-1058-1597-01-103-40503,1.276243093922652,1.3296926289005957,-0.04019691003486758
RMOD-1059-5509-02-101-40504,1.1506572295247726,1.1375477833853846,0.011524303709136152
RMOD-1060-2245-00-108-40505,1.3353658536585367,1.138505300481869,0.17291140681852513
RMOD-1061-2237-01-103-40506,1.2363636363636363,1.2601510358658705,-0.01887662575771276
RMOD-1062-1010-10-117-47390,1.2215189873417722,1.2172088780669983,0.003540977520323896
RMOD-1062-2237-09-117-42153,1.0682926829268293,1.2283337939296737,-0.13029122197382714
RMOD-1063-2556-100-126-40508,1.411214953271028,1.3102078334795155,0.07709244076435429
RMOD-1064-2759-00-119-47292,1.39,1.2234249510699933,0.13615469325218688
RMOD-1064-2759-00-119-51650,1.3744075829383886,1.329265694568238,0.03396001909521429
RMOD-1064-3558-18-117-46738,1.1159695817490494,1.128684041196838,-0.011264852681274973
RMOD-1064-4281-19-117-48614,1.2176759410801965,1.1731178244335148,0.03798264395837503
RMOD-1064-4281-19-162-48701,1.3658536585365855,1.3232277223294018,0.032213605782189125
RMOD-1064-4281-19-162-49073,1.3389830508474576,1.314893444126741,0.018320577099473878
RMOD-1064-4281-19-162-49317,1.3103448275862069,1.3023240463210888,0.006158821445227725
RMOD-1064-4281-19-162-49664,1.3846153846153846,1.262945583769356,0.09633811813403392
RMOD-1064-4281-19-162-50068,1.4722222222222223,1.2393878428388438,0.18786240378965346
RMOD-1064-4656-00-101-50344,1.3624454148471616,1.3303235027027671,0.02414594050179031
RMOD-1064-8092-27-126-53095,1.1395348837209303,1.0812867286041412,0.05386929625223735
RMOD-1065-0252-17-118-53096,1.3395061728395061,1.2934920212917909,0.03557358745959771
RMOD-1065-0841-09-117-48514,1.0845070422535212,1.2322304029502205,-0.11988290529353784
RMOD-1065-3383-01-103-47293,1.112994350282486,1.109584208918352,0.003073350663000074
RMOD-1065-4690-100-130-48615,1.4077669902912622,1.336691366545973,0.05317280078568132
RMOD-1065-4969-01-103-50346,1.2150943396226415,1.2288088317877148,-0.011160802079458576
RMOD-1065-5404-17-118-51651,1.334140435835351,1.3184565893809335,0.01189561080792334
RMOD-1065-5404-17-118-52136,1.2642487046632125,1.2074266874705886,0.047060428415458544
RMOD-1065-5404-17-154-51714,1.173913043478261,1.292295137721426,-0.09160608191399411
RMOD-1065-5404-17-154-52061,1.025,0.9670336038656415,0.05994248380060663
RMOD-1065-5404-17-154-52431,1.2058823529411764,0.9359944380496785,0.2883435028245045
RMOD-1065-5404-17-154-52775,1.2439024390243902,1.3206263030004506,-0.05809657417979974
RMOD-1066-0034-03-101-48616,1.1754385964912282,1.2424917381419336,-0.05396667003273525
RMOD-1066-0207-100-130-51652,1.2741935483870968,1.3703398149082642,-0.07016235350908473
RMOD-1066-0915-01-103-46745,1.35,1.2733237943452476,0.06021736654515286
RMOD-1066-4371-17-118-47294,1.2209737827715357,1.1927445701755268,0.02366744171541657
RMOD-1066-4371-17-162-47339,1.0857142857142856,1.2326743796692636,-0.11922053088700402
RMOD-1066-4371-17-162-47706,1.2592592592592593,1.2788243591267463,-0.015299286198182216
RMOD-1066-4371-17-162-48013,1.3617021276595744,1.2842124801210295,0.06034020751086455
RMOD-1066-4371-17-162-48332,1.2727272727272727,1.1997221433488752,0.0608516978561493
RMOD-1066-8165-100-126-53097,1.3055555555555556,1.293609449740852,0.009234708216685261
RMOD-1066-8680-34-117-50347,1.2529411764705882,1.328515582915747,-0.056886353022139624
RMOD-1066-8680-34-162-50331,1.553191489361702,1.503030698540308,0.03337309801463717
RMOD-1066-8680-34-162-50659,1.5555555555555556,1.5170234936319564,0.025399779295011582
RMOD-1066-8680-34-162-51075,1.6129032258064515,1.477823370470997,0.0914046008708087
RMOD-1066-8680-34-162-51393,1.5384615384615385,1.5221579611030256,0.01071083144793894
RMOD-1067-4284-00-117-37906,1.1058823529411765,1.2355299003056184,-0.10493274774845396
RMOD-1068-4292-17-118-37907,1.2484548825710755,1.2628073063175136,-0.011365489948178653
RMOD-1068-4292-17-11851564,1.2984869325997248,1.3342132607070976,-0.026777074669786072
RMOD-1068-4292-18-117-53013,1.1839430894308942,1.2184575822063974,-0.028326380236400217
RMOD-1068-4292-18-162-46228,1.15625,1.259609774906147,-0.08205698063421929
RMOD-1068-4292-18-162-46580,1.2,1.2971755248053463,-0.07491316552548155
RMOD-1068-4292-18-162-47002,1.368421052631579,1.3283683980073386,0.03015176714857315
RMOD-1068-4292-18-162-47340,1.4642857142857142,1.2938571742434335,0.13172129307234903
RMOD-1068-4292-18-162-47708,1.2380952380952381,1.272491886178866,-0.027030937059187687
RMOD-1068-4292-18-162-48014,1.3055555555555556,1.2042038317734294,0.08416492383425278
RMOD-1068-4292-18-162-48333,1.1818181818181819,1.2348946552060815,-0.04298056774651937
RMOD-1068-4292-18-162-48703,1.2857142857142858,1.0837602121707,0.18634571676984257
RMOD-1068-4292-18-162-49074,1.1428571428571428,1.2343179636151251,-0.07409826596876856
RMOD-1068-4292-18-162-51707,1.1578947368421053,1.261393820932496,-0.0820513644294516
RMOD-1068-4292-18-162-53014,1.2727272727272727,1.0172883530589423,0.2510978513616484
RMOD-1068-4292-18-162-53171,1.8181818181818181,1.451432508199008,0.2526809258515825
RMOD-1068-4292-18-162-53554,1.5555555555555556,1.3308572909653629,0.16883723455217603
RMOD-1068-4292-18-162-53923,1.1428571428571428,1.498853823989387,-0.23751260825736453
RMOD-1068-4292-18-162-54369,1.4666666666666666,1.4253470577289162,0.028989156510125458
RMOD-1068-4292-18-162-54729,1.2105263157894737,1.390912686035902,-0.1296892120241775
RMOD-1068-4292-18-16251565,1.6875,1.4176469737629742,0.19035276851805571
RMOD-1069-0473-00-127-37915,1.236220472440945,1.1645330294398917,0.06155896070679323
RMOD-1070-5673-01-103-37923,1.407079646017699,1.2821217465271166,0.09746180487855849
RMOD-1070-5673-01-10352674,1.3737373737373737,1.2533171867219906,0.09608117425592666
RMOD-1071-2191-17-118-37930,1.2735042735042734,1.243701495000418,0.02396296749956517
RMOD-1071-2191-17-11852676,1.2258064516129032,1.2141570883773893,0.009594609583083002
RMOD-1071-2191-17-162-46229,1.3157894736842106,1.1396640306903538,0.15454154755342087
RMOD-1071-2191-17-162-46581,1.32,1.3789778157255697,-0.04276922736029487
RMOD-1071-2191-17-162-47003,1.4090909090909092,1.342124437621529,0.04989587372990223
RMOD-1071-2191-17-162-47341,1.4444444444444444,1.1385383870194827,0.26868312997840715
RMOD-1071-2191-17-162-47709,1.3333333333333333,1.3833689462431467,-0.036169391430750486
RMOD-1071-2191-17-162-48015,1.35,1.393461580480818,-0.031189651074428282
RMOD-1071-2191-17-162-48335,1.6923076923076923,1.2545232935308408,0.3489647430496987
RMOD-1071-2191-17-162-48704,1.3636363636363635,1.2794570123268645,0.06579302821312272
RMOD-1071-2191-17-162-49076,1.4074074074074074,1.307748553045603,0.07620643443245245
RMOD-1071-2191-17-162-49319,1.25,1.520121143797926,-0.17769711637787333
RMOD-1071-2191-17-162-49668,1.1428571428571428,1.4943722863795803,-0.23522595187712836
RMOD-1071-2191-17-162-50071,1.5,1.3331691303556985,0.12513856332676254
RMOD-1071-2191-17-162-50334,1.368421052631579,1.4674817338578539,-0.06750385980332085
RMOD-1071-2191-17-162-52677,1,1.2926874086439575,-0.22641777639885086
RMOD-1071-2191-17-162-53172,1.5,1.385207115199924,0.0828705567134691
RMOD-1071-2191-17-162-53555,1.5714285714285714,1.421264773499298,0.10565504804537929
RMOD-1071-2191-17-162-53924,1.4666666666666666,1.4588019955772809,0.005391184762037371
RMOD-1071-2191-17-162-54376,1.2413793103448276,1.3554530981530566,-0.08415915531394358
RMOD-1071-2191-17-162-54730,1.5833333333333333,1.4495464747105775,0.09229566692538649
RMOD-1072-1661-01-103-37931,1.235042735042735,1.3317868703113973,-0.07264235548893916
RMOD-1073-6103-100-126-37932,1.4262295081967213,1.293698822735859,0.10244322954595564
RMOD-1074-2237-100-127-42154,1.25,1.2623000012477945,-0.009744118858936779
RMOD-1074-6020-100-127-47794,1.24,1.183312016771738,0.04790620092147457
RMOD-1074-6020-27-152-37933,1.1,1.1819469111631409,-0.06933214206930649
RMOD-1075-6754-03-101-37934,1.0276243093922652,1.145657750858445,-0.10302679083499133
RMOD-1076-7236-04-101-37935,1.305489260143198,1.3475193790838627,-0.031190734317483093
RMOD-1080-0138-34-162-50994,1.3529411764705883,1.2708489531392344,0.06459636538911306
RMOD-1080-0386-100-126-50636,1.1914893617021276,1.2888471415327716,-0.0755386552006938
RMOD-1080-2518-15-148-47927,1.411764705882353,1.488280860904172,-0.051412443062214375
RMOD-1080-2518-15-148-48001,0.8666666666666667,0.9158028624233386,-0.05365368222004774
RMOD-1080-2518-15-148-48016,1.2222222222222223,1.4190464486257304,-0.13870175045652788
RMOD-1080-5054-17-162-46919,1,1.2299329060620157,-0.18694751959943245
RMOD-1080-5054-17-162-49974,0.9583333333333334,0.977870282180883,-0.01997908025589823
RMOD-1080-6058-100-126-54304,1.3658536585365855,1.4105056733052577,-0.031656742410711924
RMOD-1080-6122-15-148-47295,1.3620689655172413,1.357243766096916,0.0035551457599996006
RMOD-1080-6122-15-148-47342,1.3043478260869565,1.3243681386279578,-0.015116878726592065
RMOD-1080-6122-15-148-47389,1,1.088024367472207,-0.08090293756629086
RMOD-1080-6398-100-126-54775,1.205128205128205,1.2948163047904169,-0.06926704531785222
RMOD-1080-6803-17-162-48344,1.434782608695652,1.3951722689902124,0.028391002735532078
RMOD-1080-6803-17-162-51321,1.1428571428571428,1.1996487032543321,-0.04734015903416444
RMOD-1080-8386-100-126-49644,0.7368421052631579,0.9311292790998072,-0.20865757118547645
RMOD-1080-8386-100-126-52406,2,1.1994449907338967,0.6674378695568797
RMOD-1081-2504-100-130-46216,1.3909090909090909,1.2447555271613213,0.11741547682144016
RMOD-1081-2504-100-130-47596,1.5,1.3024289960914164,0.15169426087832294
RMOD-1081-2504-100-130-48986,1.368421052631579,1.3935676587165027,-0.018044768711182768
RMOD-1081-2504-100-130-49976,1.2941176470588236,1.3644553030117057,-0.05154998906716013
RMOD-1081-2504-100-130-50348,1.4567901234567902,1.4573712129160956,-0.00039872439784416347
RMOD-1081-2504-100-130-51654,1.2884615384615385,1.3614177690276668,-0.053588422470961405
RMOD-1081-2504-100-130-53098,1.5223880597014925,1.4181623631015938,0.07349348657931642
RMOD-1081-2504-100-130-54776,1.325358851674641,1.3335189829003755,-0.006119246392718214
RMOD-1081-2505-100-130-47297,1.3508771929824561,1.391743835476526,-0.029363623859758103
RMOD-1081-2505-100-130-48617,1.5,1.3739599066511543,0.09173491361625818
RMOD-1081-2505-100-130-51322,1.6835443037974684,1.5374843190298575,0.09499933297516416
RMOD-1081-2505-100-130-52756,1.4556962025316456,1.434160654413336,0.01501613368909438
RMOD-1081-2505-100-130-54309,1.5393258426966292,1.4313320753297625,0.07544983391920868
RMOD-1081-2607-02-101-46920,1.2962962962962963,1.2641127239659975,0.025459416490427378
RMOD-1081-2607-02-101-48345,1.2498543972044263,1.2618718575100154,-0.009523518758317029
RMOD-1081-2607-02-101-49645,1.2676691729323308,1.2660647835681391,0.0012672253308161352
RMOD-1081-2607-02-101-50996,1.3342119135477069,1.2976168446229883,0.02820175237117173
RMOD-1081-2607-02-101-52407,0.9045317220543807,0.8935494181025354,0.012290650891101595
RMOD-1081-2607-02-101-53957,1.2723330442324372,1.251610839980514,0.01655642759713216
RMOD-1081-2607-02-103-46981,1.3177842565597668,1.2639431076576921,0.04259776296565421
RMOD-1081-2607-02-106-53990,1.2110726643598615,1.3231623679590134,-0.08471349118857652
RMOD-1081-2609-100-130-46569,1.4523809523809523,1.3763785827154185,0.05521908769867023
RMOD-1081-2609-100-130-47928,1.462686567164179,1.4259211829452703,0.025783601968075942
RMOD-1081-2609-100-130-49331,1.4857142857142858,1.3212265615190983,0.12449622872103427
RMOD-1081-2609-100-130-50639,1.3392857142857142,1.43546376651516,-0.06700137925663896
RMOD-1081-2609-100-130-52042,1.173913043478261,1.0765417279082046,0.09044825021251657
RMOD-1081-2609-100-130-53472,1.3142857142857143,1.419648219330669,-0.07421733328741864
RMOD-1084-1826--100-12651438,1.3389830508474576,1.4504631976895916,-0.07685830775969227
RMOD-1084-1826-100-126-47298,1.2835820895522387,1.2260824661017726,0.046897027761339416
RMOD-1084-1826-100-126-52757,1.2758620689655173,1.2780657116602137,-0.0017242014041937148
RMOD-1084-2785-17-162-46922,1.3703703703703705,1.3283762045638046,0.031613157223299826
RMOD-1084-2785-17-162-48988,1.1794871794871795,1.096376370662495,0.07580499821832531
RMOD-1084-2785-17-162-50641,0.92,1.084188205415335,-0.15143884114883643
RMOD-1085-7844-17-162-53473,1.5038167938931297,1.3730917960233247,0.09520484955805864
RMOD-1085-7846-17-162-54310,1.450381679389313,1.3430449430694156,0.0799204351825995
RMOD-1085-8438-17-162-53099,1.3225806451612903,1.3152426428783188,0.005579200402834106
RMOD-1085-8438-17-162-54777,1.3846153846153846,1.2195499945329937,0.1353494246421607
RMOD-1085-8538-17-162-53960,1.3396226415094339,1.2749564460707057,0.050720317261051084
RMOD-1086-2125-01-103-54311,1.3103975535168195,1.2824263120284953,0.02181118807838578
RMOD-1086-4652-03-101-54778,1.0078125,1.199089978357744,-0.15951886998481535
RMOD-1086-7803-03-101-53474,1.139240506329114,1.234947952448252,-0.07749917389587191
RMOD-1086-7805-01-103-53961,1.2942583732057416,1.2926734533598077,0.0012260790548568323
RMOD-1086-8469-46-117-53100,1.3388429752066116,1.329613114917673,0.006941763875057738
RMOD-1087-3795-100-126-54312,1.4307692307692308,1.3568529636246587,0.054476254337179064
RMOD-1087-4491-27-126-54779,1.0126582278481013,1.234606013270834,-0.1797721564912259
RMOD-1087-7807-100-126-53475,1.4146341463414633,1.355912575611774,0.043307785314399716
RMOD-1087-8182-100-126-53962,1.4328358208955223,1.3331005452396274,0.07481451868881162
RMOD-1087-9435-39-126-53101,1.4224137931034482,1.3691461502219986,0.038905739078923585
RMOD-1088-5694-09-117-53476,1.2844444444444445,1.3193848296200308,-0.026482330546159782
RMOD-1088-7170-03-101-54313,1.2287390029325513,1.3345283468614957,-0.07927096054402782
RMOD-1088-8467-03-101-53963,1.2653061224489797,1.3204941253858546,-0.04179344828266374
RMOD-1088-8470-01-103-54780,1.375,1.3779993174227276,-0.0021765739538516238
RMOD-1088-8473-100-126-53103,1.375,1.4002734209818655,-0.01804891859201596
RMOD-1089-4347-39-126-53964,1.1592356687898089,1.29011092849774,-0.10144496633349798
RMOD-1089-8466-27-126-53477,1.0298507462686568,1.1795678433483352,-0.1269253802771444
RMOD-1089-8474-39-126-54314,1.325,1.356432640634852,-0.023173019944536577
RMOD-1089-8555-27-126-53104,1.088235294117647,1.240025739288301,-0.12240910842525932
RMOD-1089-9435-39-126-54781,1.3333333333333333,1.3454944200133991,-0.009038377639607464
RMOD-1090-2289-17-162-54318,1.3333333333333333,1.4347182406530132,-0.070665378362747
RMOD-1090-2745-17-162-54782,1.4587155963302751,1.3650977631491041,0.0685795814104968
RMOD-1090-6024-19-117-53965,1.3281677301731996,1.3315472891933922,-0.0025380690927166993
RMOD-1090-8924-34-117-53478,1.3964497041420119,1.4450204572085104,-0.03361250204050914
RMOD-1090-8924-34-162-53556,1.5,1.3951560862577095,0.07514851906177622
RMOD-1090-9146-19-117-53106,1.4126984126984128,1.3848627374455098,0.02009995250810781
RMOD-1091-8903-01-103-53107,1.4565217391304348,1.4636366642101184,-0.004861127938143861
RMOD-1091-9146-04-101-54783,1.1401869158878504,1.2433978306714892,-0.08300715365403233
RMOD-1091-9375-01-103-53479,1.4583333333333333,1.442344742589062,0.011085138158836383
RMOD-1091-9444-01-103-53966,1.3454038997214484,1.3644281157884068,-0.013942996224440618
RMOD-1091-9572-100-101-54319,1.411764705882353,1.3199109123067672,0.06959090399143353
RMOD-1092-9176-100-126-53108,1.1851851851851851,1.4171745992328535,-0.16369854086662927
RMOD-1092-9214-100-127-54785,1.25,1.255102740029581,-0.004065595482215967
RMOD-1092-9384-39-126-54320,1.0820895522388059,1.2291148143294657,-0.11961881866249258
RMOD-1092-9573-100-126-53967,1.2096774193548387,1.273288407886659,-0.04995803632375695
RMOD-1092-9604-100-127-53480,1.391304347826087,1.4045808281849357,-0.009452272231285752
RMOD-1093-1973-09-117-53481,1.1375,1.2951600652629014,-0.12173017798452446
RMOD-1093-3497-24-117-54786,1.2323049001814883,1.2548514646764115,-0.017967516578336507
RMOD-1093-6597-09-117-53109,1.1206896551724137,1.2650217848390737,-0.1140945803435478
RMOD-1093-9447-08-101-53968,1.3888888888888888,1.4251501873324293,-0.025443843579330938
RMOD-1093-9448-07-101-54321,1.0547945205479452,1.235782681053423,-0.14645630116065178
RMOD-1094-3052-46-117-53482,1.1992409867172675,1.2403434350405833,-0.03313795773182049
RMOD-1094-8925-03-101-53969,1.2751322751322751,1.2942360974943896,-0.014760693508007572
RMOD-1094-9383-34-117-54787,1.3057553956834533,1.3051834880552493,0.0004381817832035395
RMOD-1094-9446-04-101-54323,1.3506944444444444,1.3488866067089846,0.0013402444108112643
RMOD-1094-9571-03-101-53111,1.25,1.1855119171662438,0.05439682376867494
RMOD-1097-1194-19-117-53483,1.376996805111821,1.3750430989984759,0.0014208326377320724
RMOD-1097-1194-19-162-53559,1.434782608695652,1.4570362380130635,-0.015273216092249187
RMOD-1097-1566-39-127-54324,1.1178861788617886,1.2697155739884234,-0.11957748509747668
RMOD-1097-1600-01-103-54788,1.341948310139165,1.2941746223454949,0.03691440627006548
RMOD-1097-1649-34-117-53970,1.2370129870129871,1.201052429482238,0.029940872394930595
RMOD-1097-1649-34-162-53925,1.25,1.353400816457999,-0.0764007345056954
RMOD-1098-1192-39-127-53971,1.2010309278350515,1.2655457596072193,-0.050977873603077706
RMOD-1098-1195-100-126-53484,1.4539877300613497,1.3808884656359377,0.05293640018330348
RMOD-1098-1200-17-162-54325,1.3333333333333333,1.2582179784337315,0.05969979461993358
RMOD-1098-1492-39-126-54789,1.130813953488372,1.2365994175921011,-0.08554545845550687
RMOD-4023-0535-17-162-49065,1.5,1.2923904315973902,0.16063997637773064
RP0001,1.303030303030303,1.2637566346844213,0.031076923568982062
RP0001-SP-1,1.4487179487179487,1.24800604157337,0.1608260701138431
RP0001-SP-2,1.4411764705882353,1.3316811155498616,0.08222340450713839
RP0014,1.3589181286549707,1.3338132070701554,0.018821917080848793
RP0034,1.2377049180327868,1.2405551968298234,-0.0022975832146124864
RP0045,1.375235404896422,1.3411461810889291,0.025417977762733024
RP0125,1.2946564885496183,1.2686432640015295,0.020504759128297856
RP0125-SP-1,1.2142857142857142,1.2526064373250878,-0.030592787884123007
RP0293,1.272604588394062,1.2478781889743424,0.019814754066695306
RP0406,1.3399153737658673,1.3309997089658887,0.006698472388777299
RP0456,1.3411880216003926,1.301773580582821,0.030277493417807166
RP0456-SP-1,1.3577981651376148,1.2880964618550803,0.05411217664719925
RP0456-SP-4,1.2941176470588236,1.3140322358732233,-0.015155327449912881
RP0934,1.3072360616844603,1.2876567991458143,0.015205342410830491
RP0934-SP-1,1.6,1.5068151283187428,0.06184227243937346
RP0934-SP-2,1.3660531697341514,1.339890586164329,0.01952591042878904
RP151010,1.2874432677760967,1.2907002283451565,-0.002523405898235187
RP151010-SP-1,1.1932773109243697,1.2449517936574777,-0.04150721577844896
RP151479,1.3547361729179912,1.330118088609576,0.01850819451237551
RP151479-SP-1,1.3434343434343434,1.3058697834398283,0.02876593093039137
RP151479-SP-2,1.75,1.498363446570215,0.16794093182517655
RP151968,1.3494698017519595,1.3354658743469758,0.01048617390678852
RP151968-SP-1,1.3189964157706093,1.3268694293428134,-0.005933525483440727
RP151968-SP-2,1.302325581395349,1.3451303771049539,-0.03182204226309382
RP151968-SP-3,1.3025210084033614,1.2900386415767726,0.00967596351325728
RP152073,1.382262996941896,1.359663553730866,0.01662134956035133
RP152073-SP-1,1.3114754098360655,1.3169016145484274,-0.004120432880038938
RP152073-SP-2,1.3103448275862069,1.2444020824838284,0.052991509762468914
RP152184,1.3517679057116954,1.3318270372289822,0.014972566200640136
RP152184-SP-1,1.2238805970149254,1.2898912095026356,-0.051175333238500875
RP152184-SP-2,1.2142857142857142,1.2598095169271797,-0.03613546494910047
RP152246,1.3541666666666667,1.3290289081047315,0.018914380574146517
RP152248,1.328088578088578,1.3623623539697864,-0.025157606404300537
RP152248-SP-1,1.2439024390243902,1.2351307291595832,0.00710184732491892
RP152248-SP-2,1.2410714285714286,1.3319465085481152,-0.06822727443892973
RP152607,1.298750678978816,1.2771482723364196,0.0169145643542834
RP152607-SP-1,1.2375886524822695,1.2388591689974369,-0.0010255536278553912
RP152607-SP-2,1.3478260869565217,1.3429897030855091,0.0036012069637623156
RP152933,1.3214659685863874,1.2883493244352917,0.02570470874862396
RP152933-SP-1,1.3237410071942446,1.3100418070675528,0.010457070952076375
RP153035,1.2890961262553802,1.2599721347353336,0.023114790174438404
RP153035-SP-1,1.3483870967741935,1.2832568413592749,0.05075387351602223
RP153035-SP-2,1.4047619047619047,1.3807002526769754,0.01742713672882812
RP153130,1.3945981554677207,1.3423014644244595,0.03896046635521211
RP153130-SP-1,1.3888888888888888,1.3410249062529234,0.03569209073805091
RP153130-SP-2,1.4545454545454546,1.3896216707538158,0.04672047447016303
RP153157,1.3631578947368421,1.3267206258870823,0.027464160983701413
RP153157-SP-1,1.2222222222222223,1.2696759169352219,-0.037374651342166554
RP153157-SP-2,1.3333333333333333,1.2429767862437286,0.07269367223072742
RP153197,1.3985915492957746,1.3631673691300452,0.025986669698774056
RP153197-SP-1,1.3837535014005602,1.2982781986429779,0.06583743210578841
RP153197-SP-2,1,1.6803177646897685,-0.4048744701662863
RP153202,1.3561241610738255,1.3389943364519465,0.012793052334537425
RP153205,1.3399477806788511,1.31635115378549,0.0179257843361198
RP153218,1.3271028037383177,1.3240846779191333,0.002279405440992921
RP153218-SP-1,1.2833333333333334,1.272284427795896,0.008684304622495809
RP153218-SP-2,1.1666666666666667,1.27948426609747,-0.08817427648008991
RP153223,1.3970303421562298,1.3937360986538205,0.0023636063567493704
RP153225,1.2399380804953561,1.255742687314203,-0.012585864109350253
RP153261,1.3746031746031746,1.354980791026461,0.01448166919167071
RP153261-SP-1,1.1984126984126984,1.2075049965380813,-0.007529822362185357
RP153281,1.2963620230700976,1.282592987426195,0.010735311808879766
RP153372,1.3655737704918032,1.318143971682657,0.03598225977440106
RP153372-SP-1,1.1496062992125984,1.1910430884709875,-0.03479033601679671
RP153372-SP-2,1.3484848484848484,1.32299723070965,0.019265057540239106
RP153761,1.3044397463002113,1.2719411154932387,0.025550420857627598
RP153771,1.445906432748538,1.3987014562388298,0.033749143749835175
RP153934,1.3504273504273505,1.3296726317075138,0.01560889366669449
RP153934-SP-1,1.3012048192771084,1.2289064192102281,0.05883149354313222
RP153934-SP-2,1.3235294117647058,1.3378623024845004,-0.01071327796080157
RP154008,1.3578708946772367,1.324462442405659,0.025224159781304767
RP154020,1.3485714285714285,1.3213991228462338,0.020563284215496358
RP154094,1.3053297199638663,1.2624741628103797,0.03394569046711138
RP154094-SP-1,1.184782608695652,1.2299359228244566,-0.0367119240042304
RP154094-SP-2,1.1953125,1.29959727024258,-0.08024391296475597
RP154137,1.418103448275862,1.3929497671567068,0.0180578522730932
RP154142,1.2846270928462709,1.2525898393763946,0.025576810910286518
RP154284,1.29800629590766,1.3243777088700615,-0.019912305066581815
RP154284-AP-1,1.2142857142857142,1.3089076424522137,-0.07229075994179923
RP154401,1.4005285013212534,1.3377352530549946,0.04693996672574574
RP154477,1.2540010325245226,1.2901255042422197,-0.02800074225252669
RP154690,1.2666666666666666,1.2495002474849963,0.013738628076483295
RP154726,1.4193548387096775,1.3841421651192218,0.02544007001435622
RP154734,1.4523355576739752,1.4321657847644838,0.01408340649110551
RP154768,1.5128205128205128,1.3823057306536284,0.09441817339870973
RP154835,1.287058003832085,1.2420138796250093,0.03626700550292994
RP154835-SP-1,1.3083700440528634,1.298327849551933,0.007734713927915804
RP154835-SP-2,1.2668213457076567,1.2929217327451232,-0.02018713614013623
RP154855,1.3558453656264555,1.3005636666539917,0.042505953679829345
RP154855-SP-1,1.3309608540925266,1.3178090362656827,0.009980063472711187
RP154941,1.349780701754386,1.3343644805808514,0.011553231068338832
RP154941-SP-1,1.32,1.2459799256984083,0.0594071162583949
RP154957,1.3194753773818362,1.296457051148662,0.01775479273515468
RP154973,1.2587209302325582,1.257631732265368,0.0008660706781213889
RP154981,1.29449423815621,1.3202241751854356,-0.019489066715212666
RP155020,1.3885145973692654,1.340741707128509,0.03563168803264305
RP155020-DP-1,1.3958333333333333,1.4140805120930129,-0.012903917848829938
RP155131,1.32996632996633,1.2878492881838026,0.03270339329994365
RP155189,1.3413533834586466,1.3320476134603352,0.006986064089809396
RP155189-SP-1,1.488,1.4069280518251368,0.057623378871217046
RP155189-SP-2,1.3986928104575163,1.4180362746170552,-0.013641022099214362
RP155308,1.2218614718614718,1.2265056452904564,-0.0037865079927004164
RP155393,1.3754901960784314,1.3562302046990389,0.01420112257687589
RP155393-SP-1,1.0405405405405406,1.2186021826079925,-0.14611958242711587
RP155393-SP-2,1.146341463414634,1.350119602749682,-0.15093339798935523
RP155404,1.3188661114670084,1.2968044775455345,0.017012305481262535
RP155404-SP-1,1.2280701754385965,1.375773331977442,-0.10736009566819205
RP155404-SP-2,1.3837837837837839,1.2986842081715753,0.06552753554462698
RP155431,1.387164283222881,1.3353696216359177,0.038786760420318256
RP155458,1.4766734279918865,1.4863437590004853,-0.006506120101787083
RP155509,1.3353658536585367,1.3055014264788625,0.02287582883783057
RP155509-SP-1,1.1809815950920246,1.265013900488485,-0.06642796997251288
RP155708,1.3602094240837697,1.32761197143218,0.024553448863845917
RP155708-SP-2,1.1977401129943503,1.270530946233282,-0.05729166491751614
RP155708-SV-3,1.6153846153846154,1.594177435168467,0.013302898252293582
RP155867,1.3498542274052479,1.328549138215668,0.0160363576903102
RP155894,1.3042291950886766,1.3499966465115516,-0.033901900083337155
RP155968,1.3689320388349515,1.3964638753587493,-0.019715394726358415
RP155968-SP-1,1.2536231884057971,1.3349496695290717,-0.060921009218245725
RP155968-SP-2,1.2589928057553956,1.2305084498248609,0.023148443990440803
RP155998,1.4839034205231387,1.4015130379920633,0.0587867399714781
RP156001,1.3944805194805194,1.370908315545559,0.017194588192121163
RP156001-SP-1,1.2792207792207793,1.300971480896866,-0.016718815128131892
RP156040,1.364570737605804,1.3526958371284628,0.008778692261336207
RP156040-SP-1,1.457142857142857,1.368638942223144,0.06466564130927921
RP156040-SP-2,1.2727272727272727,1.3223393113859332,-0.03751838747549785
RP156416,1.3519938650306749,1.325689795651289,0.019841798183611425
RP156574,1.4398158298618724,1.4050931541210605,0.02471200976175303
RP156577,1.3086269744835966,1.2777785576282077,0.02414222454370285
RP156597,1.2761194029850746,1.2500003622715283,0.02089522651504061
RP156610,1.378926539698244,1.3453163656013178,0.024983100597236296
RP156819,1.288268156424581,1.2721168651655927,0.012696389538775499
RP156819-SP-1,1.2147887323943662,1.2686304462474431,-0.04244081798000232
RP156819-SP-2,1.131979695431472,1.251406267844319,-0.09543389343779762
RP157042,1.3683138053998982,1.3492298522906303,0.014144330617106071
RP157042-AP-1,1.4207920792079207,1.3743732395503243,0.0337745514259169
RP157075,1.302367941712204,1.2902094376741886,0.009423666951261067
RP157075-SP-1,1.288,1.2703205415920122,0.013917320730586047
RP157075-SP-2,1.1987951807228916,1.1179215646001361,0.07234283574418998
RP157076,1.344060253337898,1.3377108589785633,0.004746462448681044
RP157076-SP-1,1.2859569648924123,1.283561711947303,0.0018660987803034157
RP157076-SP-2,1.35,1.458365472049217,-0.07430611470590265
RP157094,1.4661654135338347,1.3725984800919786,0.06816773790656239
RP157094-SP-1,1.1363636363636365,1.3036749565914068,-0.12833821757627617
RP157094-SP-2,2,1.6672754724332748,0.19956181990798227
RP157100,1.3360459550023935,1.3070952249933325,0.022148906564331217
RP157100-SP-1,1.3492063492063493,1.3213872539894942,0.021052946539982464
RP157100-SP-2,2,1.0229427959620678,0.9551435406698565
RP157120,1.3032928942807627,1.2968142137210916,0.004995843268158717
RP157566,1.337467362924282,1.316575628248442,0.01586823743929866
RP157566-SP-1,1.2926829268292683,1.303659500639142,-0.008419816527622692
RP157567,1.3154859967051071,1.3125542593996269,0.0022336122750623577
RP157567-SP-1,1.1802721088435375,1.2569933841110241,-0.06103554420992108
RP157582,1.3170028818443804,1.3125234986012813,0.0034128023215376224
RP157583,1.3613728129205922,1.3589285779887987,0.0017986485613621372
RP157762,1.0849134377576257,1.0589859389115783,0.024483326825562646
RP158243,1.298313047191971,1.2761813239712607,0.01734214629613917
RP158243-SP-1,1.326086956521739,1.3017285711981759,0.018712338242021342
RP158243-SP-2,1.6491228070175439,1.4657126866472339,0.1251337469076932
RP158441,1.3390357698289268,1.3356181832463094,0.0025588050728022615
RP158441-SP-1,1.3430232558139534,1.3084725090212805,0.026405405199163345
RP158515,1.4251626898047722,1.4110281415457344,0.010017197986961435
RP158686,1.299554565701559,1.272239385693761,0.021470157515130595
RP158686-SP-1,1.23240589198036,1.2715883479552261,-0.030813789728313612
RP158686-SP-2,1.2727272727272727,1.2843874522700505,-0.009078397271920835
RP158845,1.2838709677419355,1.3293821564688408,-0.03423484248336395
RP159477,1.2799558255107675,1.2538219951174459,0.020843333818588494
RP159477-SP-1,1.2425742574257426,1.2020249068129545,0.033734201665005736
RP159477-SP-2,1.1717171717171717,1.26588594964422,-0.07438962250391878
RP159941,1.2570863546473303,1.309940752649521,-0.0403486935537245
RP159944,1.4137675795706883,1.3790243965961095,0.025194030693246994
RP159944-SP-1,1.3486842105263157,1.2940818757425077,0.04219387954296083
RP159944-SP-2,1,1.5499720531430454,-0.3548270770610398
RP159959,1.3974255832662912,1.3598517209666274,0.027630852482177337
RP159959-SP-1,1.3114754098360655,1.3017721945781924,0.007453850449630428
RP159959-SP-2,1.3277310924369747,1.3601158977018017,-0.023810327722474045
RP160055,1.3628129994672349,1.3300856055584436,0.024605479355631843
RP160262,1.4329501915708813,1.4049271617156742,0.019946251036235818
RP160503,1.316860465116279,1.3106287949281452,0.004754717897431426
RP160607,1.3942133815551536,1.3232912809385993,0.05359523004356981
RP160607-SP-1,1.3232104121475055,1.2852581915030064,0.029528868903855976
RP160778,1.3864097363083163,1.3512312427560114,0.02603439917549122
RP160836,1.2946990116801438,1.263401489628483,0.024772427695066268
RP160838,1.2961608775137112,1.2958773089704123,0.00021882360416070057
RP160841,1.180672268907563,1.1611807106625693,0.016785981773562053
RP161199,1.3178621659634318,1.3422853247169872,-0.018195206565865485
RP161200,1.38013698630137,1.3338613869677554,0.034692959692619985
RP161200-SP-1,1.2857142857142858,1.407050932330502,-0.08623472244550967
RP161200-SP-2,1.28,1.2660443640596784,0.01102302283908263
RP161203,1.318796992481203,1.2942188888790334,0.01899068528002812
RP161338,1.3935656836461126,1.3891931179260175,0.003147557861950201
RP161338-SP-1,1.4602510460251046,1.3809351905135163,0.05743633449017538
RP161973,1.3366935483870968,1.3427319248690754,-0.004497082679081554
RP162189,1.3851318944844124,1.3560871423991385,0.02141805727461521
RP162189-SP-1,1.4821428571428572,1.3912342025753333,0.06534388990670403
RP162309,1.3480268681780017,1.3679861472179127,-0.014590264002674491
RP23759,1.0660869565217392,1.038221794752582,0.026839314980666273
RP23816,1.3302752293577982,1.3108427415282196,0.014824423413996701
RP23816-SP-1,1.2188295165394403,1.258825183915741,-0.0317722173716678
RP24935,1.398262128892107,1.3707152041398158,0.020096752898847603
RP24935-DP-1,1.3643410852713178,1.4274625468727251,-0.04421934693816898
RP24967,1.3299435028248587,1.2898264078957375,0.031102708615316166
RP24967-SP-1,1.2886904761904763,1.2763466218860497,0.009671239844068369
RP25365,1.3413881748071979,1.319102066935911,0.01689490785429082
RP25365-DP-1,1.35,1.2751546930861515,0.05869508014961422
RP25528,1.3733333333333333,1.3657458597929324,0.005555553023277149
RP25528-SP-1,1.27,1.2950469428598275,-0.01934056753534874
RP25663,1.355140186915888,1.3158156845982232,0.029886026422972778
RP26002,1.3260135135135136,1.2964654254945096,0.02279126572753265
RP27177,1.3530782029950084,1.3128040397319944,0.030677970240886587
RP27177-SP-1,1.204225352112676,1.2502535182581984,-0.036815066283234166
RP27775,1.469283276450512,1.437747980848882,0.021933813172883676
RP27989,1.3307291666666667,1.3219848325256527,0.006614549521198221
RP28405,1.3730631704410012,1.35773689663577,0.011288102903594277
RP28745,1.39312567132116,1.3538904369927351,0.028979622912157055
RP28745-SP-1,1.391025641025641,1.407774173641056,-0.011897172805846234
RP28745-SP-2,1.3395638629283488,1.2914596864978214,0.037247911749360485
RP28745-SP-3,1.3442622950819672,1.3968719907762188,-0.03766250310811747
RP29080,1.3430034129692834,1.3325097795291356,0.00787508924989333
RP29678,1.3194374686087393,1.251833304726166,0.05400412629009055
RP29678-SP-1,1.2666666666666666,1.2720680508477193,-0.00424614404665935
RP29685,1.317507418397626,1.2537989049501068,0.05081238561941048
RP29685-SP-1,1.2158730158730158,1.2436251416658173,-0.022315507191843942
RP29963,1.4415954415954415,1.3745350863049917,0.04878766352245023
RP29963-SP-1,1.3203125,1.3770134544270691,-0.041176761377876736
RP30068,1.3397203521491454,1.2793084591701602,0.047222304008035954
RP30068-SP-1,1.2696629213483146,1.2811155934435297,-0.008939608692476675
RP30623,1.4453125,1.419800743015813,0.017968547424476622
RP30623-SP-1,1.314516129032258,1.354129430996094,-0.029253704304097794
RP30623-SP-2,1.6666666666666667,1.5062650978622705,0.10648960068984015
RP30724,1.3881000676132522,1.3836880923593635,0.0031885619875253735
RP30724-SP-1,1.2843137254901962,1.3509351148678574,-0.049315017904600134
RP32330,1.3442732752846618,1.3067083781650644,0.02874772806794712
RP32330-SP-1,1.3049645390070923,1.293787524526127,0.008638987676944154
RP32330-SP-2,0,1.1062124248496994,-1
RP32380,1.374685666387259,1.3393588198510538,0.02637593900351054
RP32380-SP-1,1.3333333333333333,1.290208711016918,0.03342453197547024
RP32406,1.3954545454545455,1.4062149988519619,-0.007652068429224057
RP32406-SP-1,1.4188034188034189,1.3555673724055122,0.046649135767919514
RP32654,1.2705479452054795,1.3322012801561753,-0.04627929417953125
RP32654-SP-1,1.3142857142857143,1.2780413524537595,0.028359302899211958
RP33046,1.3232217573221758,1.3058440943205452,0.013307609290581057
RP33382,1.2517686225551394,1.2703846994385708,-0.014653889401894271
RP33382-AP-1,1.1,1.3411747445721371,-0.17982350588407248
RP33382-DP-2,1.4150943396226414,1.3328559017171395,0.06170092190727661
RP34361,1.3916211293260474,1.3655433207293644,0.019097020358720185
RP34361-SP-1,1.3708609271523178,1.333206241810392,0.028243706158166182
RP34714,1.3365079365079364,1.3351106325182978,0.0010465829239958424
RP34714-SP-1,1.2682926829268293,1.2579188498067355,0.008246822218847871
RP34715,1.3781074578989574,1.3446206892105,0.024904249173883786
RP34715-SP-1,1.2638888888888888,1.2882979886626305,-0.01894678093775526
RP34866,1.4101123595505618,1.413463325887248,-0.0023707486959966273
RP34866-SP-1,1.3870967741935485,1.3794289330917375,0.005558706880697928
RP34866-SP-2,0,1.3516302803259181,-1
RP34867,1.3676092544987146,1.3495444207130383,0.013385875639522649
RP34867-SP-1,1.3368794326241136,1.3459682446347105,-0.006752619942429372
RP35656,1.3988235294117648,1.415113451311811,-0.01151138934121887
RP35740,1.3470378763353836,1.309889705812912,0.02835976980170063
RP35740-SP-1,1.25,1.2399085853129124,0.008138837658375309
RP37026,1.243073047858942,1.2355507963739072,0.006088176631111608
RP37029,1.319408740359897,1.3078969701210255,0.008801740887744769
RP37088,1.4307116104868913,1.395586872162273,0.02516843560601667
RP37088-SP-1,1.2330827067669172,1.3511882625723006,-0.08740866027102834
RP37092,1.3951612903225807,1.4119249751515117,-0.011872928890667378
RP37957,1.3615462354724608,1.325211972425908,0.027417699056883738
RP37957-SP-1,1.375,1.390918332046175,-0.01144447641491475
RP37957-SP-3,1.3618290258449304,1.31579376137534,0.03498668698768692
RP39494,1.2995921394141638,1.2657845025802592,0.026708840853232774
RP41137,1.3514056224899598,1.3386714088532297,0.009512576090378255
RP41517,1.2944550669216062,1.2607774360623578,0.026711796940489307
RP41709,1.2873769024171888,1.2765462428948742,0.00848434561818423
RP41714,1.3795379537953796,1.3525780098071525,0.019932265490602674
RP41880,1.331591779867642,1.3223222712387563,0.0070100223149096585
RP42031,1.3005657708628007,1.2985361973284348,0.0015629703188415611
RP42122,1.2522935779816513,1.2585599831557428,-0.004979027823829862
RP42128,1.3322062552831784,1.3542628297571662,-0.01628677535064793
RP42504,1.2728494623655915,1.2682168942793954,0.0036528200397678567
RP42504-DP-1,1.416,1.341640453738115,0.05542434715254929
RP42505,1.2857142857142858,1.3360004079863506,-0.03763930158364037
RP42505-DP-1,1.4507042253521127,1.4360780321180873,0.010184817890747322
RP42607,1.3405172413793103,1.3070220606326723,0.025627096707476094
RP42607-SP-1,1.332857142857143,1.3107712395240818,0.016849548317126706
RP42607-SP-2,1.288702928870293,1.2513123125571834,0.02988112235281859
RP42609,1.412037037037037,1.352646179094052,0.04390716423918217
RP42609-DP-1,1.6222222222222222,1.3129674947764138,0.23553875375907274
RP43357,1.3273118279569893,1.3407525915345986,-0.010024790302456399
RP43493,1.585139318885449,1.4964175550906895,0.05928944330607133
RP43694,1.2655502392344498,1.280282235164643,-0.011506834606901162
RP44448,1.4454545454545455,1.3872140045665489,0.041983818427636654
RP44781,1.342281879194631,1.4045669921143185,-0.044344707849021
RP44782,1.4460562103354488,1.4187697248537192,0.019232497708211893
RP45057,1.5074257425742574,1.4531366797717422,0.03735991497444191
RP45367,1.297242497972425,1.3181210708461724,-0.01583964730974552
RP45576,1.1061343719571568,1.131764123295644,-0.022645841841897663
RP45694,1.3210332103321034,1.3384957595294833,-0.013046398595628395
RP46317,1.3148602256007846,1.320012111543827,-0.0039029080854544596
RP46317-SP-1,1.2485549132947977,1.2481674082678618,0.00031045917748606655
RP46447,1.4513457556935818,1.4189403173028692,0.022837774073760198
RP46813,1.2998704663212435,1.2972041545478081,0.002055429566801603
RP47729,1.5170068027210883,1.3753490598819889,0.10299766580802006
RP49408,1.3293216630196936,1.3094621020043038,0.015166197620375632
RP49408-SP-1,1.2420382165605095,1.2991580336038582,-0.04396679662203873
RP49414,1.2104733131923464,1.1953024025264556,0.01269211091170308
RP49432,1.284458309699376,1.2754842420353862,0.007035812257209173
RP49447,1.4367726920093096,1.3932013140080062,0.0312742871853573
RP49448,1.3696450428396574,1.3293984179777074,0.030274313793131613
RP49448-SP-1,1.1636363636363636,1.341337701367538,-0.13248068517719447
RP50207,1.1849529780564263,1.218245328933573,-0.02732811699453852
RP52874,1.3513215859030836,1.3206141181791553,0.023252415146270966
RP53827,1.4233890214797136,1.4057067728461297,0.012578902638266998
RP54213,1.5865384615384615,1.4603192434832297,0.08643261986616513
RRTH29604,1.6666666666666667,1.524594308268392,0.09318699251844786
RRTH29606,1.1935483870967742,1.3966913032534354,-0.1454458230558625
RRTH29608,1.3354430379746836,1.3597423814266592,-0.017870549439284567
RRTH29623,1.3554006968641115,1.3190206393842647,0.027581113133172463
RRTH29626,1.2935779816513762,1.2738513606856863,0.015485810648325105
RRTH29628,1.0442176870748299,1.219837752048168,-0.14397001951977895
RRTH29629,1.2884615384615385,1.3481447132592794,-0.04427059959568491
RRTH29630,1.375,1.319089262840725,0.04238586328787819
RRTH29635,1.2705882352941176,1.3065137309596535,-0.027497220131891043
RRTH29967,1.2150537634408602,1.2785342181220687,-0.04965096262691315
RRTH29969,1.2878787878787878,1.3117129678243935,-0.018170270882613027
RRTH29973,1.1920529801324504,1.3790636939759895,-0.13560701703658595
RRTH29974,1.2714285714285714,1.3168209597111111,-0.03447119211445271
RRTH30419,1.1191709844559585,0.9699717899812655,0.15381807596443053
RRTH31113,1.25,1.264170983660796,-0.011209704892734984
RRTH32749,1.1323529411764706,1.2904711222995113,-0.12252748503297572
RRTH33325,1.1791044776119404,1.2450084855221926,-0.05293458532743267
RRTH34066,1.3015873015873016,1.3657291849701532,-0.04696530182464642
RRTH35339,1.3366336633663367,1.3172894993679376,0.014684823653176249
RRTH35743,1.2347826086956522,1.323685421795893,-0.0671630975429367
RRTH36040,1.3359375,1.3342254179827688,0.0012832029686704605
RRTH36041,1.2361111111111112,1.2705116073661755,-0.027076097578028535
RRTH36353,1.2598039215686274,1.3091841659601686,-0.03771833304699734
RRTH36356,1.065040650406504,1.2406872643451783,-0.14157202946012237
RRTH36689,1.3450704225352113,1.2570229685071364,0.07004442737640804
RRTH36692,1.1,1.287514533715451,-0.14564071224449027
RRTH37112,1.1948051948051948,1.3371042627633953,-0.10642331486110945
RRTH37231,0.859375,1.2265690515590495,-0.2993667996859385
RRTH37232,1.4464285714285714,1.4134998204452416,0.02329590036520668
RRTH37233,1.426605504587156,1.3339439460776992,0.06946435701583797
RRTH37729,1.118279569892473,1.3049398553277702,-0.14304129395175258
RRTH37761,1.3181818181818181,1.4375116137737727,-0.08301136105515594
RRTH37964,1.0326797385620916,1.2545439158220018,-0.17684847414411997
RRTH38397,1.1390134529147982,1.2983230829531358,-0.12270414978371613
RRTH38909,1.0909090909090908,1.2510215908720654,-0.12798540099644717
RRTH39497,1.08300395256917,1.272689007732293,-0.14904273865074724
RRTH39498,1.2209302325581395,1.3039547620053744,-0.06367132654168917
RRTH39499,1.4161073825503356,1.3695399842856142,0.034002218846507004
RRTH40248,1.3333333333333333,1.374532656425173,-0.029973331589653984
RRTH41323,1.4639175257731958,1.332678964467835,0.09847725131443563
RRTH41822,1.2011173184357542,1.2792757188142192,-0.0610958210407615
RRTH42461,1.2935323383084578,1.2780533565725185,0.012111373642060386
RRTH42837,1.2960893854748603,1.3997342057468363,-0.07404607235176885
RRTH44178,1.3222222222222222,1.3800849091672542,-0.0419269035989579
RRTH44492,1.3027522935779816,1.2923777390045144,0.00802749402156877
RRTH44494,1.4727272727272727,1.381305820593989,0.06618480192458076
RRTH44775,1.2682926829268293,1.2579311557067105,0.008236958893269142
RRTH44776,1.1724137931034482,1.3658289853910015,-0.14161010957911657
RRTH46484,1.2820512820512822,1.3918143488267494,-0.07886329586125751
RRTH46867,1.0748663101604279,1.2510760579832518,-0.14084655101375376
RRTH47179,1.282442748091603,1.4671672565081362,-0.12590555548259585
RRTH47180,1.2840909090909092,1.4229450764241984,-0.09758223956347212
RRTH47528,0.875,1.188188498533038,-0.2635848595738024
RRTH47530,1.3885714285714286,1.3313905133384196,0.04294826698864607
RRTH47531,1.3507462686567164,1.3717180961971385,-0.015288729950099
RRTH47541,0.9882352941176471,1.2393418169646895,-0.20261280577301521
RRTH48400,1.346072186836518,1.3266263598742987,0.0146581038568101
RRTH48691,1.2153846153846153,1.2528473295078766,-0.02990205848782601
RRTH48695,1.25,1.0405538198179731,0.20128337063686508
RRTH48869,1.1857142857142857,1.3113094974457489,-0.09577846570630766
RRTH49200,1.3764044943820224,1.3612801958978142,0.011110349309264134
RRTH49556,1.4423480083857443,1.3702304482230323,0.05263170166466291
RRTH49895,1.2258064516129032,1.312617388369039,-0.06613575100052627
RRTH50907,1.2397260273972603,1.2962293409554064,-0.043590521964654405
RRTH51271,1.1464435146443515,1.300068788429511,-0.11816703481570356
RRTH53027,1.03125,0.9213055274604596,0.1193355181994813
RRTH54322,1.2484472049689441,1.335922232187046,-0.06547913127764637
RRTH54945,0.5476190476190477,1.0589454156729237,-0.48286376283988686
RRTH55274,1.4098360655737705,1.3404130384152848,0.051792264898110396
RRTH55366,1.3544303797468353,1.2983872039590316,0.04316368462113407
RRTH55476,1.0481927710843373,1.3735318796586373,-0.23686316524022455
RRTH55477,1.4135593220338982,1.3741415250674816,0.028685398299480802
RRTH55479,1.353846153846154,1.3213102019763496,0.02462400715678914
RRTH55480,1.3396226415094339,1.3672334689185162,-0.02019466904282441
RRTH56108,1.353448275862069,1.3949076786611538,-0.029721969011510585
RRTH56142,1.3272727272727274,1.3483006469624277,-0.015595868575064453
RRTH56986,1.1830985915492958,1.257046276901742,-0.0588265417998024
RRTH57020,1.0344827586206897,1.239653814139812,-0.16550673516984193
RRTH57334,1.1981132075471699,1.3721008574435094,-0.12680383439196474
RRTH57335,1.2571428571428571,1.5120260583703,-0.16857064057623616
RRTH57352,1.2972972972972974,1.437655147127218,-0.09762970633840085
RRTH58386,1.1839080459770115,1.3774884427995449,-0.1405314126840218
RS0192,1.3072799097065462,1.312485428700197,-0.00396615374145981
RS0192-SP-1,1.2258064516129032,1.289830953202859,-0.049637901331932244
RS0391,1.414985590778098,1.3542158144554548,0.0448745138507185
RS0391-DP-1,0.9714285714285714,1.2344797913901056,-0.21308669594770857
RS0395,1.2896634615384615,1.334117847035714,-0.03332118342920465
RS0445,1.2509293680297398,1.2706713306465311,-0.01553663968065322
RS151675,1.265625,1.2716060549876476,-0.004703543966457224
RS152163,1.3098837209302325,1.2884415563809337,0.016641938039880566
RS152163-SP-1,1.2258064516129032,1.0747851751055149,0.14051298808858448
RS152163-SP-2,0.9393939393939394,1.1307703102335214,-0.16924424802067883
RS152518,1.3500488440247476,1.3375668960797353,0.009331830790366924
RS152518-SP-1,1.4786324786324787,1.343942585276979,0.10021997578694242
RS152518-SP-2,1.4,1.334541846250479,0.049049157906461804
RS152518-SP-3,1.0454545454545454,1.2998898332808742,-0.19573603955663188
RS152518-SP-4,1.5,1.4601103622224998,0.027319604606313774
RS152943,1.3151458137347132,1.3287800097532938,-0.01026068718561779
RS153023,1.286024844720497,1.2919717383150153,-0.004602959506122217
RS153023-SP-1,1.191860465116279,1.2969662761726812,-0.08103974096116595
RS153860,1.3981693363844394,1.3984443756481748,-0.00019667515456811557
RS154012,1.1347517730496455,1.176772492217329,-0.035708447848323166
RS154632,1.2073959938366718,1.233418758478127,-0.02109807756901949
RS155086,1.2245311708058795,1.2805800938975895,-0.043768385405022925
RS155120,1.3377437325905293,1.3158005429609483,0.016676683823372063
RS155144,1.2627073301230605,1.244036471488426,0.015008288794214897
RS155144-SP-1,1.5384615384615385,1.3728106221338894,0.12066552637111894
RS155292,1.365996649916248,1.3419312319746604,0.017933421153165208
RS155688,1.2761254019292605,1.2692507886666813,0.00541627653412835
RS156020,1.1818181818181819,1.2478059008717368,-0.0528829996776381
RS156020-DP-1,1.2432432432432432,1.185863573124284,0.04838640077946432
RS156061,1.3142644873699851,1.3347624555851114,-0.01535701587151761
RS156088,0.972972972972973,1.0132589736853388,-0.03975883930821844
RS156089,1.292850990525409,1.3022339328491457,-0.007205266340439831
RS156661,1.4093264248704662,1.4002396835158932,0.006489418534230573
RS156663,1.4620253164556962,1.4243355997572165,0.026461261450534623
RS156706,1.3233185387504267,1.3197516267916398,0.002702714576270804
RS156706-DP-1,1.3988095238095237,1.3281370339438479,0.05321174551982555
RS157334,1.288273615635179,1.3114131562164726,-0.01764473726041671
RS157335,1.1981032665964173,1.2571889378672625,-0.0469982430573086
RS157335-DP-2,1.3636363636363635,1.377563099885705,-0.010109690257017356
RS157335-SP-1,1,1.1584096626986287,-0.1367475322413988
RS157500,1.3649459783913565,1.3602784381674282,0.003431312364412964
RS157512,1.4829545454545454,1.4016320411270278,0.05801986679908344
RS158006,1.3238866396761133,1.2835493538742129,0.03142636134726584
RS158087,1.1790055248618785,1.2353577954508161,-0.04561615330914981
RS158092,1.10919185687847,1.106832133756987,0.0021319611615115974
RS158242,0.9767441860465116,1.0265361017781485,-0.04850478774724831
RS158290,1.2660637791527845,1.284389941121011,-0.01426837861423269
RS158290-DP-2,1.3235294117647058,1.2757278358509172,0.03747004225388317
RS158291,1.2414248021108178,1.2451716745218793,-0.003009121141869908
RS158387,1.3329621380846326,1.3096219247840817,0.017822100301504218
RS158387-DP-1,1.3214285714285714,1.3417476060529003,-0.015143708498279063
RS158505,1.3265094584089143,1.3414583640243456,-0.011143771596894725
RS158563,1.2465604634322955,1.2689177616806029,-0.017619186147017518
RS158910,1.3851674641148326,1.3548695011122773,0.02236227398851498
RS158910-DP-1,1.36,1.3543407617586436,0.004178592567802397
RS159194,1.4210526315789473,1.4013229302808856,0.014079339509635469
RS159196,1.46875,1.484748848648691,-0.01077545785824452
RS160242,1.3626016260162601,1.3124220772554325,0.03823430711083775
RS160506,1.30609057782405,1.3024534578832796,0.002792514326524387
RS162195,1.2800740283775447,1.2824871611930568,-0.0018816038776304778
RS162195-SP-1,1.3035714285714286,1.2953123529720683,0.00637612663880649
RS23953,1.2623490669593853,1.3007371606920892,-0.02951256786749945
RS25519,1.247191011235955,1.2331501682719637,0.011386158251648348
RS25833,1.2625,1.325719877227039,-0.04768720625904299
RS26313,1.2741116751269035,1.3088335464417598,-0.026528867180438898
RS29436,1.4166666666666667,1.411851512079199,0.003410524794053238
RS29637,1.3106278210915059,1.2945995983304603,0.012380834029081855
RS29972,1.234375,1.2414758164702917,-0.005719657504469455
RS29972-SP-1,1.2173913043478262,1.2560980725256994,-0.030815084446426777
RS29972-SP-2,1.1071428571428572,1.3446697921556416,-0.17664331897573515
RS30584,1.3158295281582952,1.35332114288046,-0.02770341313250002
RS30584-DP-1,1.295774647887324,1.31783483609803,-0.016739721554200226
RS30930,1.2895927601809956,1.3431840984791654,-0.03989872896712321
RS31445,1.2377622377622377,1.2721376052054874,-0.027021736722967926
RS32336,1.214824120603015,1.235917767283491,-0.01706719268777801
RS32336-SP-1,1.221311475409836,1.2297322503629744,-0.006847649112766363
RS33943,1.4391304347826086,1.378248497890604,0.04417341066228908
RS35115,1.2687679083094556,1.276948789934729,-0.00640658551835227
RS35115-SP-1,1.2244897959183674,1.2609104875692345,-0.028884438673421275
RS36037,1.2645641699518178,1.252474210254426,0.009652861191397966
RS36037-DP-1,1.4050632911392404,1.2852330160933716,0.09323622529563402
RS37093,1.408223201174743,1.4183053879537058,-0.007108614875607988
RS37094,1.34,1.3620361723952061,-0.016178845203835057
RS43778,0.8037447988904299,0.8548720612029046,-0.05980691688594042
RS44436,1.1331114808652247,1.1865973671316674,-0.04507500837940759
RS44491,1.2747747747747749,1.3118079180413114,-0.02823061422119766
RS44491-SP-1,1.1518987341772151,1.3262974588156613,-0.1314929192386286
RS45001,1.3925558312655086,1.4035223570334359,-0.007813573979046917
RS47837,1.2014475271411338,1.2713530431181033,-0.05498513285146989
RS47837-SP-1,1.1333333333333333,1.2251691733573213,-0.07495768096444255
RS48065,1.3192315552830574,1.33820928937585,-0.01418143951283124
RS48466,1.2192513368983957,1.2649369879718053,-0.03611693824105944
RS48466-SP-1,1.0142857142857142,1.2314448600049348,-0.17634500152800203
RS48471,1.2611324903793293,1.2848511001454201,-0.018460201157477596
RS48471-SP-1,1.1666666666666667,1.2921939199581276,-0.09714273635920578
RS48515,1.1960985626283367,1.2452096075101637,-0.03943998230147461
RS48515-SP-1,1.0602409638554218,1.238195208027891,-0.1437206694216676
RS48555,1.2822822822822824,1.3403964740377465,-0.043355971819594386
RS49604,1.2312539382482672,1.2344381319269213,-0.0025794680156903116
RS49604-DP-1,1.2624113475177305,1.2754539682653885,-0.010225865513120769
RS50472,1.2865090403337969,1.355034228728909,-0.05057081728436641
RS51653,1.2677902621722847,1.2969182403985056,-0.022459378948414543
RS51653-SP-1,1.1521739130434783,1.2396072928816324,-0.07053312798354361
RS52871,1.1775205016883743,1.185283298508769,-0.006549317644280572
RS52882,1.297391304347826,1.3347817978970378,-0.028012438893099012
RS53222,1.2758056982718355,1.303189016373009,-0.021012545192704124
RS53222-DP-1,1.263779527559055,1.2730997521920635,-0.007320891090396131
RS53592,1.18356940509915,1.2317888689365764,-0.03914588372523198
RS53592-DP-1,1.411764705882353,1.2366084693455814,0.14164243645320074
RS54874,1.2533434266969468,1.2824515899834272,-0.022697280360389094
RT0186,1.3667927887825506,1.3543834398967955,0.009162360170839712
RT0186-SP-1,1.3664233576642335,1.3556547598190618,0.00794346626025133
RT0186-SP-2,1.3333333333333333,1.3396850063750463,-0.004741169014721991
RT0373,1.1422018348623852,1.1126932034464907,0.0265200068846414
RT0449,1.4225352112676057,1.3698950190224086,0.03842644254795702
RT0449-SP-1,1.4044117647058822,1.3238266630854714,0.060872849797865225
RT0449-SP-2,1.2420091324200913,1.259016950926237,-0.01350880819645306
RT0596,1.3435270132517838,1.3233375837609047,0.015256446834602144
RT0596-SP-1,1.6153846153846154,1.5028079873263027,0.07491085288853294
RT0596-SP-4,1.2016460905349795,1.2311163084876005,-0.023937801610982246
RT0625,1.4405405405405405,1.3809479445946762,0.04315339776500804
RT151015,1.3595730486991326,1.3469699875993721,0.009356601272328513
RT151564,1.362669245647969,1.316418367308138,0.03513387498110232
RT151988,1.2595596755504055,1.2858617550965439,-0.020454826844246154
RT152045,1.3247524752475248,1.3291188058922727,-0.0032851319426007164
RT152097,1.2936170212765958,1.284260014928989,0.007285912695899288
RT153052,1.2709832134292567,1.2788495273907634,-0.0061510864202737325
RT153409,1.2891640866873064,1.2602007660050585,0.02298310036270168
RT153409-SP-1,1.1485714285714286,1.2110635336798137,-0.05160101296956976
RT153409-SP-2,1.1585365853658536,1.2112644067256415,-0.04353122329609649
RT153497,1.2198534310459694,1.2290619353789205,-0.0074923029245976824
RT153540,1.222503160556258,1.2461732114449084,-0.018994190110382503
RT153625,1.3036534238370932,1.302022695725135,0.0012524575165333562
RT153625-SP-1,1.4785992217898833,1.3722780625627147,0.0774778538896228
RT153625-SP-2,1.27831715210356,1.2790128638072291,-0.0005439442583855536
RT153625-SP-3,1.3888888888888888,1.3716303182826486,0.012582523422090208
RT153764,1.3581677704194262,1.3340055689081258,0.01811251922364665
RT153764-SP-1,1.3233333333333333,1.3237864678201117,-0.00034230179699945573
RT153764-SP-2,1.3076923076923077,1.3998958709769684,-0.06586458692839281
RT153966,1.3601570166830226,1.3034937513120002,0.043470300731391465
RT153966-SP-1,1.4576271186440677,1.2623752466428788,0.15467023178760497
RT153966-SP-2,1.6666666666666667,1.467018043101173,0.13609145743255513
RT154528,1.27981345769487,1.247610867676413,0.025811405505333784
RT154561,1.28021327014218,1.2686996045851426,0.009075170761799312
RT154561-SP-1,1.1758241758241759,1.2840545173096611,-0.08428796443335485
RT154629,1.3787393162393162,1.383089310333768,-0.003145128851731127
RT154629-SP-1,1.3198198198198199,1.3595132117121553,-0.0291967680419567
RT154629-SP-2,1.2819383259911894,1.324241156389529,-0.031944959718421706
RT154634,1.3571778539931407,1.324458292816004,0.024704108354797416
RT154775,1.2651685393258427,1.2832169823284703,-0.014064996996749235
RT155945,1.4006550218340612,1.356205244994216,0.03277511055491811
RT155945-SP-1,1.2307692307692308,1.2904452410973424,-0.046244511915411124
RT156153,1.2946298984034834,1.2799226145582823,0.011490760205277617
RT156153-SP-1,1.263157894736842,1.2750904294790952,-0.009358187048057354
RT156153-SP-2,1.3333333333333333,1.3857382082700296,-0.03781729811875434
RT156432,1.3663118346900438,1.36961692202599,-0.0024131472697175305
RT156432-SP-1,0.8,0.942474795834347,-0.1511709347179072
RT156432-SP-2,1.3275109170305677,1.3493205638597188,-0.01616342877541621
RT156491,1.315489749430524,1.3061761521074406,0.007130429772474578
RT156491-SP-1,1.2758620689655173,1.2722226432101134,0.002860683053259372
RT156491-SP-2,1.4375,1.3995372425785289,0.027125221299240332
RT156617,1.38058748403576,1.3455815114729714,0.02601549758547761
RT156617-SP-1,1.2758620689655173,1.2828077256656936,-0.005414417578886832
RT156617-SP-2,1.3631284916201116,1.3963047630748264,-0.023760050335756677
RT156754,1.2227848101265824,1.2255553841055615,-0.002260668114155595
RT156754-SP-1,1.0357142857142858,1.2258073887304286,-0.15507583390651836
RT157095,1.3263414634146342,1.2885285556481894,0.02934580502752082
RT157641,1.4366925064599483,1.4100917270025108,0.0188645738061195
RT157642,1.0573188062529606,1.0548810281737109,0.0023109507272780494
RT157675,1.332129963898917,1.2909279959493054,0.03191655001587668
RT157675-SP-1,1.1442307692307692,1.2283643020106885,-0.06849232971212416
RT157675-SP-2,1.4019607843137254,1.3865060857058715,0.011146506147490909
RT157695,1.2478176527643066,1.2392540816406301,0.00691026259307459
RT157818,1.3601123595505618,1.341750439357066,0.013685048765323504
RT157818-SP-1,1.368421052631579,1.3246890144864538,0.03301306017252581
RT157818-SP-2,1.3076923076923077,1.348761101898254,-0.030449272408691108
RT158572,1.4058452922646132,1.3653239270854465,0.0296789387304357
RT158572-SP-1,1.3208791208791208,1.3353163339487615,-0.010811829903216497
RT158572-SP-2,1.3508771929824561,1.37820810199631,-0.019830756309054842
RT158572-SP-3,1.3229813664596273,1.348301450106626,-0.01877924528301611
RT158580,1.2947826086956522,1.2515032126443952,0.0345819296458767
RT158580-SP-1,1.2666666666666666,1.5054977673210028,-0.1586392924908353
RT158580-SP-2,1.2127659574468086,1.12888190141335,0.07430720248808709
RT158828,1.2423714036617262,1.2298945323342314,0.010144667692614906
RT158828-SP-1,1.1418439716312057,1.2345400701222962,-0.07508553244602889
RT158828-SP-2,1.1381818181818182,1.2671815951955392,-0.10180054500698066
RT161327,1.398717263495457,1.3745297504175964,0.01759693674910423
RT161637,1.4516806722689075,1.436074463639605,0.010867269786101419
RT161638,1.3602739726027397,1.3446651172980444,0.011607987077153936
RT161638-SP-1,1.2781954887218046,1.2895838233194472,-0.008831015395593722
RT161638-SP-2,1.163265306122449,1.255173728167296,-0.07322366616057563
RT162075,1.3181988742964352,1.2907572290406286,0.021260113550712223
RT162075-SP-1,1.2573839662447257,1.2514455778165785,0.00474522307115266
RT162163,1.393765903307888,1.3502553716219952,0.032223927858643364
RT162163-SP-1,1.2942857142857143,1.2527034132970383,0.033194050999856284
RT23691,1.414977973568282,1.3948824183503352,0.014406630231753148
RT25834,1.3664383561643836,1.3833435261495202,-0.012220514764103019
RT27652,1.25,1.2497982012464197,0.00016146506962400053
RT29270,1.3440467494521549,1.3340464781093595,0.007496194103347786
RT29270-SP-1,1.2151029748283753,1.2932321509737963,-0.060413883220108766
RT30333,1.4067321178120618,1.3825946802039164,0.017458072097156885
RT30333-SP-1,1.3902439024390243,1.3180911374042876,0.05474034608625544
RT30333-SP-2,1.4,1.2867115787222643,0.08804492253830021
RT32013,1.3498492029297717,1.3299480784219893,0.014963835679506765
RT32013-SP-1,1.2166666666666666,1.2377377482042615,-0.017023865974973407
RT34710,1.3264020163831127,1.3038395110921828,0.017304664492051147
RT34710-SP-1,1.1384615384615384,1.2385970337761831,-0.08084590273024939
RT34710-SP-3,1.1666666666666667,1.461192775113868,-0.20156553841723557
RT35741,1.322265625,1.3093653115024513,0.009852340965674555
RT35741-SP-1,1.224755700325733,1.2997394010322074,-0.05769133462209819
RT38664,1.277139208173691,1.3295920227357294,-0.03945030781255221
RT39263,1.3369098712446352,1.324571828788471,0.009314740196044724
RT40433,1.5180722891566265,1.3650184526642055,0.11212583697582601
RT41431,1.2104890148830616,1.2015059481010069,0.007476506293000451
RT41512,1.478405315614618,1.457372311444548,0.014432142016765681
RT41516,1.2409727339719971,1.2110211714908714,0.024732484605742178
RT42011,1.2915129151291513,1.2979474792485457,-0.004957491903385569
RT42119,1.2547864506627393,1.23892489183485,0.01280267991419426
RT42123,0.8436363636363636,0.8546596202843103,-0.012897832524578323
RT43013,1.3852385238523852,1.3563179446698095,0.021322861130187443
RT43195,1.353846153846154,1.3445170099430892,0.006938658145693166
RT44035,1.226923076923077,1.2554244931850638,-0.02270261287453257
RT44652,1.3241379310344827,1.3514274054944497,-0.02019307463280462
RT44652-SP-1,1.1611570247933884,1.2182874394891348,-0.04689403571270734
RT46318,1.3957894736842105,1.3729462147454534,0.016638130972226328
RT47039,1.3174839029222387,1.3019741989310896,0.011912451109924005
RT47170,1.34575260804769,1.3234945797128037,0.01681761956268568
RT47170-SP-1,1.25,1.3170481050379013,-0.050907863411694954
RT47470,1.3034072471606273,1.2794978672192694,0.018686533642545244
RT47470-SP-1,1.1729323308270676,1.1972740913529882,-0.020330984109422245
RT47470-SP-2,1.2687747035573123,1.3104342849300854,-0.031790668064668126
RT47803,1.2901134521880064,1.2488341631841373,0.033054259901586835
RT47803-SP-1,1.1219512195121952,1.1396134821330146,-0.015498467592504395
RT48467,1.3355072463768116,1.336819364693704,-0.000981522523944789
RT48467-SP-1,1.0136986301369864,1.1772345909739246,-0.1389153547566464
RT48469,1.3738707435719248,1.3804664530467314,-0.00477788464924267
RT48925,1.3738892686261108,1.3326722691618575,0.030928083684201857
RT49571,1.4648033126293996,1.406431429001226,0.04150354039629667
RT52888,1.3279132791327912,1.3173890907520531,0.007988671270027226
RT52888-SP-1,1.2885906040268456,1.2720228113076995,0.013024760697580406
RV-155353,1.3634583100167879,1.3659387293595768,-0.0018159082025237527
RV0004,1.323030303030303,1.3065230414260047,0.01263449712014375
RV0037,1.3147440794499619,1.317702238339867,-0.002244937288436444
RV0073,1.3805601317957166,1.3895085054352037,-0.006439956002057268
RV0073-AP-1,1.375,1.3160001134197281,0.04483273669859811
RV0083,1.2872048325096102,1.2790883725382998,0.006345503677125608
RV0083-AP-1,1.4047619047619047,1.2323927340225482,0.13986545520821192
RV0183,1.3350253807106598,1.3334391842229538,0.001189552929352633
RV0274,1.3146019582801192,1.295139737728996,0.01502712022816155
RV0274-AP-1,1.3015873015873016,1.3164225452660747,-0.011269363117580644
RV0407,1.3198275862068964,1.296442952348985,0.0180375340199439
RV0407-AP-1,1.1,1.3251299118151578,-0.16989270999609074
RV0409,1.3283093053735255,1.2954586649687612,0.025358308445570188
RV0409-AP-1,1.4545454545454546,1.2473860543840247,0.16607480854331658
RV0409-AP-2,1.3333333333333333,1.3734794836826847,-0.029229523139077562
RV0472,1.2962825278810408,1.3046836194522016,-0.0064391791587665725
RV0473,1.1627384960718294,1.2335174366035484,-0.05737976491569219
RV0473-AP-1,1.2247191011235956,1.3299660878214057,-0.07913509048205392
RV0491,1.3135964912280702,1.328623077179821,-0.011309893836592644
RV0622,1.354346930366708,1.3203433271080267,0.02575360708124297
RV0622-AP-1,1.2307692307692308,1.1995863656809573,0.025994681150424803
RV0622-AP-2,1.3076923076923077,1.2944718773769741,0.010212991526801218
RV0914,0.9441860465116279,0.9410541075304425,0.003328117858604873
RV150993,1.359002169197397,1.3398220726679853,0.014315405695040084
RV151263,1.3909991742361685,1.3783716072604808,0.009161221044581058
RV151691,1.4166933162775823,1.3995483048087511,0.012250389221952762
RV151793,1.2437779195915764,1.2860377557361389,-0.032860494146513486
RV152051,1.3624031007751938,1.3250070580184263,0.028223278155735887
RV152076,1.2612282309807517,1.3087147769055494,-0.0362848702886045
RV152076-AP-1,1.6363636363636365,1.3843692747842873,0.18202828260444814
RV152076-AP-2,1.40625,1.3923226680297667,0.010002948519068022
RV152229,1.1986503584985237,1.2331106006242432,-0.02794578370202505
RV152229-AP-1,1.1666666666666667,1.184484953884392,-0.015043067587555359
RV152245,1.2115384615384615,1.2259295819142937,-0.011738945358803043
RV152245-AP-1,1.1071428571428572,1.211731240902074,-0.0863131858194528
RV152283,1.3446735395189005,1.3236792422769894,0.015860562416765367
RV152283-AP-1,1.4605263157894737,1.3978535334051063,0.044835013745466945
RV152283-AP-2,1.4375,1.4354302780868844,0.0014418825802351432
RV152698,1.3693227091633466,1.3504710172853784,0.013959345766533016
RV152713,1.2148351648351647,1.2092433396696303,0.004624234826930751
RV152759,1.2313611037410455,1.2358226750138466,-0.003610203440191029
RV152759-AP-1,1.1764705882352942,1.220474501607649,-0.036054758468441195
RV152883,1.261822871883061,1.2796959365445237,-0.01396664953842397
RV152883-AP-1,1.5714285714285714,1.4574927440977068,0.07817248339126315
RV153200,1.2913284920973942,1.2812000758942872,0.007905413364916791
RV153200-AP-1,1.4583333333333333,1.3549992396821204,0.07626136651962612
RV153357,1.3169070512820513,1.2876275060181235,0.02273914243605457
RV153613,1.4402061855670103,1.4276870269403328,0.008768839661944083
RV153862,1.233640081799591,1.2214185795633228,0.010005990117358143
RV153862-AP-1,1.096774193548387,1.2498407172220263,-0.12246882467859932
RV154295,1.3415116739216462,1.33866933535849,0.0021232566460447355
RV154295-AP-1,1.3571428571428572,1.4030311547382104,-0.03270654214653956
RV154298,1.4078947368421053,1.3784945610004633,0.021327741634543873
RV154458,1.217231897341888,1.2794908224549117,-0.04865914160569729
RV154479,1.308964316797215,1.335291750592076,-0.019716615326341502
RV154543,1.5054347826086956,1.4676640870601814,0.02573524547035233
RV154553,1.3110687022900764,1.3367035953037616,-0.019177694369752807
RV154553-AP-1,1.2608695652173914,1.3500195722513115,-0.06603608485857171
RV154625,1.312280701754386,1.2399645420705259,0.05832115131542759
RV154656,1.2776162790697674,1.2418438846175714,0.028805870766285713
RV154691,1.337323177366703,1.33215800139989,0.003877299810822299
RV154691-AP-2,1.475,1.3868365367693927,0.06357163291643753
RV154700,1.1985065339141256,1.235504663087653,-0.029945762471721538
RV155054,1.3677277716794731,1.3530855763703664,0.010821337219766969
RV155054-AP-1,1.6666666666666667,1.467018043101173,0.13609145743255513
RV155054-AP-3,1.4390243902439024,1.4214397384702095,0.012371014611296971
RV155056,1.3237354085603112,1.3535320615923563,-0.022013998690944114
RV155114,1.2806770098730607,1.2884394368995722,-0.006024673573474693
RV155114-AP-1,1.4482758620689655,1.363872936158686,0.06188474283242118
RV155171,1.2728,1.283668140270312,-0.008466471924763463
RV155435,1.3090443061149761,1.286052845288605,0.017877539722103375
RV155435-AP-1,1.2962962962962963,1.427526333746337,-0.09192827785225266
RV155435-AP-2,1.4051724137931034,1.2987979306352317,0.08190225796390416
RV155436,1.368926855312333,1.3710655435439434,-0.001559873079504337
RV155460,1.3096330275229358,1.2752590538000341,0.026954502789432233
RV155460-AP-1,1.2238805970149254,1.3606358702910502,-0.1005083551463859
RV155460-AP-2,1.3463687150837989,1.2574615059649208,0.07070372229856425
RV155483,1.2370661427635887,1.2225674382915483,0.011859226753414331
RV155483-AP-1,1.4216867469879517,1.3019992836557646,0.09192590567033787
RV155692,1.3562632696390657,1.3682981542190324,-0.00879551327527428
RV155707,1.2962813257881973,1.3047926292287206,-0.006523108155166879
RV155707-AP-1,1.3076923076923077,1.3580007881277836,-0.037045987657219226
RV155724,1.3226837060702876,1.341232273466049,-0.01382949677152312
RV155724-AP-1,1.543859649122807,1.3739859074539178,0.12363572344324547
RV155892,1.2778730703259005,1.2936129360936302,-0.012167368869439366
RV155892-AP-1,1.4878048780487805,1.2621142579302147,0.17881948381494706
RV155895,1.2864357864357865,1.2993277229675726,-0.009922005283118152
RV155902,1.2887740029542099,1.2718004491687789,0.013346082552907035
RV155902-AP-1,1.475,1.3983946133014347,0.05478095093466462
RV155902-AP-2,1.3304347826086957,1.3395560677936993,-0.006809185075789204
RV156023,1.33276740237691,1.3249564426853813,0.005895257715565094
RV156023-AP-1,1.5714285714285714,1.2178688307965808,0.29031019736397656
RV156161,1.2926239419588876,1.3127465284183015,-0.015328615253440536
RV156571,1.3796133567662565,1.3701667453552453,0.00689449765368666
RV156571-AP-1,1.391304347826087,1.3620107918554543,0.02150757992947061
RV156571-AP-2,1.4583333333333333,1.50137865541116,-0.028670530197486
RV156607,1.0216284987277353,0.9907147048004035,0.03120352789510683
RV156702,1.265260821309656,1.2641442813105896,0.0008832377882599385
RV156702-DP-1,1.146341463414634,1.3464446681692048,-0.1486159880796707
RV156852,1.362874251497006,1.349000014612705,0.010284830788741095
RV156866,1.4462564862861378,1.4345432645073537,0.008165122703919891
RV156897,1.334441489361702,1.346451540954329,-0.00891978004950289
RV156897-AP-1,1.375,1.3759713109175509,-0.0007059092801166011
RV157123,1.2760882528324389,1.2846363354978474,-0.006654087564863853
RV157123-AP-1,1.1818181818181819,1.452663652345088,-0.18644747535995032
RV157339,1.3309748427672956,1.3276451019837259,0.002508005172914496
RV157383,1.3138977635782747,1.3101104646003598,0.0028908241558625036
RV157387,1.2320601851851851,1.2621412345327105,-0.023833346478583706
RV157387-AP-1,1.4814814814814814,1.339831165781513,0.10572251140116218
RV157391,1.264367816091954,1.2869381812518577,-0.017538033674584508
RV157391-AP-1,1.65,1.3292019668857358,0.24134634247185205
RV157399,1.3091981764548137,1.2967234133377306,0.00962021892160747
RV157418,1.2757756189282357,1.2816584251842837,-0.004589995384458367
RV157418-AP-1,1.3214285714285714,1.4666358048379262,-0.09900701519106936
RV157418-AP-2,1.2840909090909092,1.3116015769975153,-0.020974866445024443
RV157863,1.2249056603773585,1.2383448716703955,-0.010852559412556029
RV157929,1.2817246447819697,1.3002691042382541,-0.014262016528608146
RV157929-AP-1,1.4269662921348314,1.393296761378701,0.02416536928056412
RV158232,1.3452830188679246,1.3350288987845407,0.007680822559511302
RV158232-AP-1,1.4375,1.4295908643174613,0.005532446995815787
RV158233,1.338487023743788,1.3215314980889623,0.012830209252934655
RV158514,1.3433511733223549,1.3174186826197574,0.019684319832955044
RV158571,1.2903225806451613,1.3324858584259633,-0.03164257054901032
RV158753,1.3099236641221375,1.324817815904869,-0.011242415073168921
RV158766,1.2856540084388186,1.305767885527439,-0.01540386872089139
RV158766-AP-1,1.457142857142857,1.3452773638951274,0.08315422250459448
RV158766-AP-2,1.3115942028985508,1.3290670805746823,-0.01314672369176162
RV158821,1.3646470261256254,1.358395148166097,0.004602400095413239
RV158899,1.2663387210119466,1.2667894043475267,-0.0003557681600693252
RV159386,1.231647634584013,1.281815607696954,-0.03913821364921444
RV159386-AP-1,1.375,1.3527035667990202,0.016482867161902393
RV159462,1.313447927199191,1.304307178171422,0.007008125985003
RV159462-AP-1,1.358974358974359,1.299380816616562,0.04586303075719678
RV159464,1.3616652211621856,1.3069557104847465,0.041860263694128985
RV159464-AP-1,0.8181818181818182,1.380012359308799,-0.40711993435216953
RV159464-DP-2,1.6363636363636365,1.3051512837729717,0.253773150062103
RV159465,1.2551908908238447,1.2615663955740315,-0.005053641863443814
RV159468,1.2822040208488459,1.2824413913878068,-0.00018509269940514272
RV159468-AP-1,1.5185185185185186,1.3588420119329867,0.11750925065849849
RV159474,1.1866197183098592,1.2153539970545415,-0.023642723695582513
RV159474-AP-1,1.7391304347826086,1.4856653679868614,0.17060710457241313
RV159569,1.3987068965517242,1.3143176125555547,0.06420767947565076
RV159569-AP-1,0.9285714285714286,1.0902333620043174,-0.1482819541824374
RV159577,1.264554794520548,1.2771075476112212,-0.009829049334296625
RV159964,1.3333333333333333,1.3723456192975778,-0.028427449627603685
RV159965,1.274406332453826,1.3032390663573041,-0.022123902396564143
RV159966,1.3450624290578888,1.3526829583476818,-0.005633640346220936
RV160142,0.9656903765690377,0.9573187592596869,0.008744858730048044
RV160981,1.4213197969543148,1.359966414112512,0.04511389561178292
RV161072,1.3374028856825748,1.3566291072301764,-0.01417205442897762
RV161076,1.372093023255814,1.3161470242419544,0.04250740835438349
RV161180,1.3192546583850933,1.3402841056518138,-0.01569029072122985
RV161181,1.3983739837398375,1.4320689703204412,-0.0235288853253095
RV161331,1.3333333333333333,1.4330485843541314,-0.06958260320653353
RV161633,1.2666961521450686,1.2710682391274315,-0.0034396949335814275
RV162262,1.3219373219373218,1.335420608792054,-0.010096659259233864
RV162461,1.264554794520548,1.2767221888128246,-0.009530181584445296
RV25242,1.334166146158651,1.301968588225964,0.024729903796341768
RV25242-AP-1,1.3235294117647058,1.2294421844071042,0.07652838706114107
RV25362,1.299520766773163,1.3165281218767526,-0.012918337877466102
RV26340,1.3049738219895288,1.275210506474796,0.02333992338018831
RV26340-AP-1,1.302325581395349,1.284709112203847,0.013712418651161906
RV26351,1.2870071105365224,1.2999976273828528,-0.009992723504029022
RV26351-AP-1,1.2903225806451613,1.245572666321965,0.035927180752398424
RV27170,1.335,1.3400023509519357,-0.0037330911758340912
RV28631,1.3567251461988303,1.3245745038481975,0.024272430321758298
RV29076,1.37816544738323,1.3698029313812563,0.006104904443109405
RV29076-AP-1,1.4848484848484849,1.4156146028003682,0.048907295750664215
RV29264,1.3876967095851216,1.3540231286152393,0.02486928048586612
RV29264-AP-1,1.4509803921568627,1.3659337338452977,0.06226265316117985
RV29273,1.3354297693920336,1.3616942749613796,-0.019288107508633745
RV29273-AP-1,1.3333333333333333,1.3374869196988037,-0.0031055155039615423
RV29273-AP-2,1.2095238095238094,1.2706223842523425,-0.048085548850522075
RV30589,1.45375,1.429406314665539,0.017030626690744066
RV30589-AP-1,1.4090909090909092,1.353468419863227,0.04109625936695527
RV30629,1.3212435233160622,1.348979664972033,-0.02056083006747611
RV30629-AP-1,1.5,1.393740645426939,0.07624040736826698
RV30940,1.3464912280701755,1.3358475964211247,0.007967699068041956
RV30941,1.3460317460317461,1.3559947309995817,-0.007347362596675788
RV30941-AP-1,1.4356435643564356,1.397552084360219,0.027255857168038577
RV30941-AP-2,1.5714285714285714,1.4229967585008172,0.10430931204940541
RV30991,1.0098360655737706,0.9592883681135755,0.052692911892172845
RV30992,1.3926605504587155,1.3323092009211508,0.045298305750525625
RV31551,1.2665330661322645,1.2835122926245852,-0.013228721368613305
RV31551-AP-1,1.4074074074074074,1.304464672989451,0.07891569357876271
RV31551-AP-2,0.8333333333333334,1.1180236092721432,-0.2546370877839952
RV31650,1.2891278375149342,1.335298765661608,-0.034577226710605924
RV31650-AP-1,1.3125,1.3925489517765572,-0.057483761468086314
RV31650-AP-2,1.3312101910828025,1.3687934558858152,-0.02745722127864103
RV31689,1.3282828282828283,1.34755378265504,-0.01430069405782286
RV32337,1.3717277486910995,1.3749585849709278,-0.002349769887721176
RV32650,1.365979381443299,1.3502739916903306,0.011631261395554038
RV35627,1.3023121387283236,1.3251349383822184,-0.017223000460434457
RV35632,1.3597560975609757,1.3575829662431176,0.0016007355512654975
RV35632-AP-1,1.1666666666666667,1.2854016047098595,-0.09237186075397319
RV35747,1.3225574712643677,1.3449421138554443,-0.016643573251571397
RV35748,1.2861990950226245,1.319884571378941,-0.025521532023913274
RV35748-AP-1,1.2531645569620253,1.3089307242583548,-0.04260436878959095
RV37095,1.372443487621098,1.3809086156487473,-0.006130114572188705
RV37096,1.3958333333333333,1.4039735185903088,-0.0057979621048328545
RV37958,1.3506743737957612,1.3933250569164346,-0.030610719952932963
RV39616,1.2934322033898304,1.3235480886754263,-0.02275390334758065
RV41515,1.328695652173913,1.2928664107853864,0.027713026720805
RV44742,1.3948126801152738,1.4395853631956228,-0.031101096346910384
RV44745,1.4277777777777778,1.3935365263580746,0.0245714775121042
RV44788,1.234718826405868,1.1555222324571603,0.06853749043001955
RV45049,1.3793103448275863,1.39413998796711,-0.010637126305477973
RV49857,1.3410852713178294,1.3672221935790467,-0.019116806605367742
RV49863,1.3699604743083005,1.402355635302853,-0.023100531833037175
RV50159,1.3270440251572326,1.325565193403382,0.0011156235553029248
RV50405,1.4168350168350168,1.4121982271082312,0.0032833844695305814
RV50407,1.3217455621301775,1.3199352542778808,0.0013715126150541934
RV50434,1.3657587548638133,1.3594180176119572,0.004664302789655794
RV50438,1.4911971830985915,1.4395193992234483,0.035899331334486195
RV50457,1.2662337662337662,1.3242654296155631,-0.04382177627233197
RV50458,1.513793103448276,1.4777073489201225,0.024420095463776326
RV50501,1.4425059476605868,1.4035219720793999,0.027775821367035602
RV50509,1.3648293963254594,1.38725917667,-0.01616841374831013
RV50510,1.3604519774011299,1.3727333990419281,-0.008946691068615231
RV50515,1.302325581395349,1.3319551164334107,-0.02224514525489496
RV50519,1.3325,1.3229711088367875,0.007202644940289549
RV50910,1.3031624863685933,1.3353657723370738,-0.024115704202991806
RV50911,1.325088339222615,1.3562094749352467,-0.022947145177641404
RV50912,1.3606823720552397,1.3798414622586237,-0.01388499383981634
RV50915,1.4892395982783357,1.4168793645581454,0.05107014438223234
RV50922,1.33926453143535,1.3719057720481214,-0.023792625760325592
RV51887,1.3471760797342194,1.341152330059165,0.004491473145924019
RV52149,1.332012678288431,1.3199197547903825,0.00916186264669494
RV52591,1.335020708697653,1.353164841068367,-0.01340866376367611
RV52680,1.3134328358208955,1.3286826492856207,-0.01147739339632703
RV52885,1.2623152709359606,1.2763131076817666,-0.010967400288813933
RV53224,1.391089108910891,1.3783962924158915,0.009208394251230212
RV53670,1.314900153609831,1.3259156754458772,-0.008307860024614144
RV53765,1.3195792880258899,1.3226375051635915,-0.0023122111128425216
RV53774,1.3736526946107785,1.38100499602447,-0.005323877491288376
RV54493,1.2549691569568198,1.2932799628126777,-0.029622979522962667
rrth55478,1.3623188405797102,1.3795632249323446,-0.0124998869504368
